sa2_code,sa2_name,metro_code,metro_name,longitude,latitude,renter_dwellings
102011028,Avoca Beach - Copacabana,1GSYD,Greater Sydney,151.430094,-33.475421,494
102011029,Box Head - MacMasters Beach,1GSYD,Greater Sydney,151.384769,-33.508535,504
102011030,Calga - Kulnura,1GSYD,Greater Sydney,151.175312,-33.339629,346
102011031,Erina - Green Point,1GSYD,Greater Sydney,151.402502,-33.423274,964
102011032,Gosford - Springfield,1GSYD,Greater Sydney,151.347965,-33.425228,4439
102011033,Kariong,1GSYD,Greater Sydney,151.294488,-33.439662,475
102011034,Kincumber - Picketts Valley,1GSYD,Greater Sydney,151.402836,-33.470506,535
102011035,Narara,1GSYD,Greater Sydney,151.334232,-33.396079,506
102011036,Niagara Park - Lisarow,1GSYD,Greater Sydney,151.372983,-33.384263,501
102011037,Point Clare - Koolewong,1GSYD,Greater Sydney,151.316215,-33.448052,604
102011038,Saratoga - Davistown,1GSYD,Greater Sydney,151.357439,-33.47757,404
102011039,Terrigal - North Avoca,1GSYD,Greater Sydney,151.427625,-33.445191,1271
102011040,Umina - Booker Bay - Patonga,1GSYD,Greater Sydney,151.298204,-33.529005,3458
102011041,Wamberal - Forresters Beach,1GSYD,Greater Sydney,151.450003,-33.409761,587
102011042,Woy Woy - Blackwall,1GSYD,Greater Sydney,151.305754,-33.485149,2172
102011043,Wyoming,1GSYD,Greater Sydney,151.364043,-33.404719,1066
102021044,Bateau Bay - Killarney Vale,1GSYD,Greater Sydney,151.467512,-33.379517,2084
102021045,Blue Haven - San Remo,1GSYD,Greater Sydney,151.524072,-33.203989,1240
102021046,Budgewoi - Buff Point - Halekulani,1GSYD,Greater Sydney,151.544726,-33.22676,951
102021047,Chittaway Bay - Tumbi Umbi,1GSYD,Greater Sydney,151.428284,-33.354309,1015
102021048,Gorokan - Kanwal - Charmhaven,1GSYD,Greater Sydney,151.494703,-33.257992,2808
102021049,Jilliby - Yarramalong,1GSYD,Greater Sydney,151.324231,-33.173004,96
102021050,Lake Munmorah - Mannering Park,1GSYD,Greater Sydney,151.575949,-33.180532,800
102021051,Ourimbah - Fountaindale,1GSYD,Greater Sydney,151.335075,-33.316484,351
102021052,Summerland Point - Gwandalan,1GSYD,Greater Sydney,151.576871,-33.140844,491
102021053,The Entrance,1GSYD,Greater Sydney,151.5303,-33.304763,3042
102021054,Toukley - Norah Head,1GSYD,Greater Sydney,151.554552,-33.272993,1436
102021055,Tuggerah - Kangy Angy,1GSYD,Greater Sydney,151.412197,-33.304804,542
102021056,Warnervale - Wadalba,1GSYD,Greater Sydney,151.458356,-33.241985,1986
102021057,Wyong,1GSYD,Greater Sydney,151.435395,-33.276594,1381
115011290,Baulkham Hills - East,1GSYD,Greater Sydney,150.988237,-33.759828,2099
115011291,Baulkham Hills (West) - Bella Vista,1GSYD,Greater Sydney,150.964676,-33.74249,1209
115011294,Glenhaven,1GSYD,Greater Sydney,150.998763,-33.70209,138
115011296,West Pennant Hills,1GSYD,Greater Sydney,151.030314,-33.750034,443
115011553,Castle Hill - Central,1GSYD,Greater Sydney,150.988069,-33.733725,820
115011554,Castle Hill - East,1GSYD,Greater Sydney,151.024403,-33.722252,264
115011555,Castle Hill - North,1GSYD,Greater Sydney,150.999548,-33.719936,724
115011556,Castle Hill - South,1GSYD,Greater Sydney,151.009754,-33.74159,1027
115011557,Castle Hill - West,1GSYD,Greater Sydney,150.974939,-33.718834,224
115011558,Cherrybrook,1GSYD,Greater Sydney,151.046065,-33.722044,883
115011621,Kellyville - East,1GSYD,Greater Sydney,150.966097,-33.706425,868
115011622,Kellyville - West,1GSYD,Greater Sydney,150.947512,-33.718779,947
115021297,Dural - Kenthurst - Wisemans Ferry,1GSYD,Greater Sydney,150.982394,-33.546537,891
115021298,Galston - Laughtondale,1GSYD,Greater Sydney,151.078655,-33.549542,222
115031299,Bilpin - Colo - St Albans,1GSYD,Greater Sydney,150.782972,-33.270778,85
115031300,Kurrajong Heights - Ebenezer,1GSYD,Greater Sydney,150.748563,-33.527119,865
115041301,Pitt Town - McGraths Hill,1GSYD,Greater Sydney,150.879994,-33.60225,566
115041623,Box Hill - Nelson,1GSYD,Greater Sydney,150.906616,-33.644351,604
115041624,North Kellyville,1GSYD,Greater Sydney,150.948431,-33.682708,1410
115041625,Rouse Hill - Beaumont Hills,1GSYD,Greater Sydney,150.930485,-33.684785,1093
116011303,Blacktown (East) - Kings Park,1GSYD,Greater Sydney,150.911516,-33.756952,2933
116011304,Blacktown (North) - Marayong,1GSYD,Greater Sydney,150.88905,-33.748457,2726
116011306,Doonside - Woodcroft,1GSYD,Greater Sydney,150.871956,-33.765026,2512
116011307,Lalor Park - Kings Langley,1GSYD,Greater Sydney,150.939148,-33.762003,2655
116011560,Blacktown - South,1GSYD,Greater Sydney,150.907892,-33.78719,1482
116011561,Blacktown - West,1GSYD,Greater Sydney,150.892255,-33.777825,1988
116011626,Seven Hills - Prospect,1GSYD,Greater Sydney,150.920659,-33.792674,1498
116011627,Toongabbie - West,1GSYD,Greater Sydney,150.937578,-33.792709,1393
116021309,Glenwood,1GSYD,Greater Sydney,150.934928,-33.73573,878
116021562,Acacia Gardens,1GSYD,Greater Sydney,150.913814,-33.733478,230
116021563,Quakers Hill,1GSYD,Greater Sydney,150.891021,-33.724271,2308
116021628,Kellyville Ridge - The Ponds,1GSYD,Greater Sydney,150.913645,-33.704968,1340
116021629,Marsden Park - Shanes Park,1GSYD,Greater Sydney,150.807495,-33.705182,853
116021630,Riverstone,1GSYD,Greater Sydney,150.853452,-33.674515,1479
116021631,Schofields (West) - Colebee,1GSYD,Greater Sydney,150.860831,-33.712601,658
116021632,Schofields - East,1GSYD,Greater Sydney,150.89356,-33.693737,2950
116021633,Stanhope Gardens - Parklea,1GSYD,Greater Sydney,150.924012,-33.718293,739
116031313,Bidwill - Hebersham - Emerton,1GSYD,Greater Sydney,150.8182,-33.740493,2878
116031314,Glendenning - Dean Park,1GSYD,Greater Sydney,150.855791,-33.74417,725
116031315,Hassall Grove - Plumpton,1GSYD,Greater Sydney,150.8377,-33.743574,1628
116031316,Lethbridge Park - Tregear,1GSYD,Greater Sydney,150.788268,-33.731845,3156
116031317,Mount Druitt - Whalan,1GSYD,Greater Sydney,150.812865,-33.76497,3523
116031318,Prospect Reservoir,1GSYD,Greater Sydney,150.863275,-33.808666,12
116031319,Rooty Hill - Minchinbury,1GSYD,Greater Sydney,150.843243,-33.78004,1917
117011320,Banksmeadow,1GSYD,Greater Sydney,151.213546,-33.957146,122
117011321,Botany,1GSYD,Greater Sydney,151.200778,-33.949135,1788
117011323,Pagewood - Hillsdale - Daceyville,1GSYD,Greater Sydney,151.222973,-33.94097,2932
117011324,Port Botany Industrial,1GSYD,Greater Sydney,151.22241,-33.972161,6
117011325,Sydney Airport,1GSYD,Greater Sydney,151.178731,-33.944537,0
117011634,Eastlakes,1GSYD,Greater Sydney,151.210614,-33.930881,1551
117011635,Mascot,1GSYD,Greater Sydney,151.191977,-33.928081,4663
117021327,Petersham - Stanmore,1GSYD,Greater Sydney,151.162113,-33.894685,4010
117021328,Sydenham - Tempe - St Peters,1GSYD,Greater Sydney,151.169337,-33.920313,1172
117021636,Marrickville - North,1GSYD,Greater Sydney,151.161503,-33.906334,2142
117021637,Marrickville - South,1GSYD,Greater Sydney,151.149822,-33.916076,2853
117031329,Darlinghurst,1GSYD,Greater Sydney,151.219237,-33.877948,3391
117031330,Erskineville - Alexandria,1GSYD,Greater Sydney,151.191499,-33.908343,4796
117031331,Glebe - Forest Lodge,1GSYD,Greater Sydney,151.184764,-33.879475,5927
117031333,Potts Point - Woolloomooloo,1GSYD,Greater Sydney,151.223987,-33.870162,6572
117031336,Surry Hills,1GSYD,Greater Sydney,151.211882,-33.885516,5166
117031638,Camperdown - Darlington,1GSYD,Greater Sydney,151.185008,-33.889305,1687
117031639,Chippendale,1GSYD,Greater Sydney,151.199518,-33.886267,2882
117031640,Newtown (NSW),1GSYD,Greater Sydney,151.179555,-33.898566,3802
117031641,Pyrmont,1GSYD,Greater Sydney,151.19353,-33.869059,3489
117031642,Redfern,1GSYD,Greater Sydney,151.202258,-33.894009,3885
117031643,Rosebery - Beaconsfield,1GSYD,Greater Sydney,151.2055,-33.916777,2860
117031644,Sydney (North) - Millers Point,1GSYD,Greater Sydney,151.209301,-33.86513,2643
117031645,Sydney (South) - Haymarket,1GSYD,Greater Sydney,151.20395,-33.877959,5773
117031646,Ultimo,1GSYD,Greater Sydney,151.197845,-33.880074,2020
117031647,Waterloo,1GSYD,Greater Sydney,151.207344,-33.899989,5916
117031648,Zetland,1GSYD,Greater Sydney,151.208651,-33.907561,4323
118011339,Bondi - Tamarama - Bronte,1GSYD,Greater Sydney,151.264951,-33.900009,3856
118011340,Bondi Beach - North Bondi,1GSYD,Greater Sydney,151.275372,-33.887109,4915
118011341,Bondi Junction - Waverly,1GSYD,Greater Sydney,151.250794,-33.897241,3409
118011342,Centennial Park,1GSYD,Greater Sydney,151.234364,-33.898036,0
118011344,Dover Heights,1GSYD,Greater Sydney,151.279656,-33.871061,1419
118011345,Paddington - Moore Park,1GSYD,Greater Sydney,151.225021,-33.890223,3072
118011346,Rose Bay - Vaucluse - Watsons Bay,1GSYD,Greater Sydney,151.274158,-33.859987,1123
118011347,Woollahra,1GSYD,Greater Sydney,151.24374,-33.886729,1077
118011649,Bellevue Hill,1GSYD,Greater Sydney,151.254802,-33.878472,2015
118011650,Double Bay - Darling Point,1GSYD,Greater Sydney,151.239062,-33.875551,2034
118021564,Kensington (NSW),1GSYD,Greater Sydney,151.220922,-33.913264,2410
118021565,Kingsford,1GSYD,Greater Sydney,151.229151,-33.925173,2622
118021566,Maroubra - North,1GSYD,Greater Sydney,151.250252,-33.939109,1154
118021567,Maroubra - South,1GSYD,Greater Sydney,151.24886,-33.948315,2371
118021568,Maroubra - West,1GSYD,Greater Sydney,151.234487,-33.943846,1610
118021569,Randwick - North,1GSYD,Greater Sydney,151.243944,-33.908018,3354
118021570,Randwick - South,1GSYD,Greater Sydney,151.239408,-33.919807,2641
118021651,Coogee - Clovelly,1GSYD,Greater Sydney,151.25706,-33.91752,4115
118021652,Malabar - La Perouse,1GSYD,Greater Sydney,151.246974,-33.976581,1303
118021653,Matraville - Chifley,1GSYD,Greater Sydney,151.236575,-33.962752,1562
118021654,South Coogee,1GSYD,Greater Sydney,151.254511,-33.932455,958
119011354,Bass Hill - Georges Hall,1GSYD,Greater Sydney,150.988051,-33.901037,2226
119011355,Chullora,1GSYD,Greater Sydney,151.043879,-33.892641,180
119011356,Condell Park,1GSYD,Greater Sydney,151.000033,-33.926653,973
119011358,Padstow,1GSYD,Greater Sydney,151.032337,-33.957978,1708
119011360,Revesby,1GSYD,Greater Sydney,151.016194,-33.951926,1953
119011361,Yagoona - Birrong,1GSYD,Greater Sydney,151.020137,-33.902359,2424
119011571,Bankstown - North,1GSYD,Greater Sydney,151.031272,-33.913373,2867
119011572,Bankstown - South,1GSYD,Greater Sydney,151.032018,-33.927842,2762
119011655,Greenacre - North,1GSYD,Greater Sydney,151.060743,-33.899739,1413
119011656,Greenacre - South,1GSYD,Greater Sydney,151.055118,-33.911368,1073
119011657,Panania (North) - Milperra,1GSYD,Greater Sydney,150.984498,-33.944504,921
119011658,Panania (South) - Picnic Point,1GSYD,Greater Sydney,151.003058,-33.968073,1287
119021362,Belmore - Belfield,1GSYD,Greater Sydney,151.088031,-33.913288,2739
119021366,Punchbowl,1GSYD,Greater Sydney,151.051773,-33.930881,2394
119021367,Roselands,1GSYD,Greater Sydney,151.075615,-33.935025,1377
119021573,Lakemba,1GSYD,Greater Sydney,151.076339,-33.91891,2889
119021574,Wiley Park,1GSYD,Greater Sydney,151.067392,-33.924156,1703
119021659,Campsie - North,1GSYD,Greater Sydney,151.101925,-33.907177,1985
119021660,Campsie - South,1GSYD,Greater Sydney,151.103399,-33.914566,1872
119021661,Canterbury - South,1GSYD,Greater Sydney,151.108409,-33.919981,1923
119021662,Earlwood,1GSYD,Greater Sydney,151.127551,-33.924619,1262
119021663,Kingsgrove - North,1GSYD,Greater Sydney,151.097906,-33.935613,498
119031370,Narwee - Beverly Hills,1GSYD,Greater Sydney,151.07665,-33.948785,1776
119031371,Oatley - Hurstville Grove,1GSYD,Greater Sydney,151.085639,-33.979455,882
119031372,Peakhurst - Lugarno,1GSYD,Greater Sydney,151.052076,-33.970985,1408
119031373,Riverwood,1GSYD,Greater Sydney,151.052534,-33.948473,2458
119031374,South Hurstville - Blakehurst,1GSYD,Greater Sydney,151.105864,-33.98429,2485
119031664,Hurstville - Central,1GSYD,Greater Sydney,151.107469,-33.965209,2514
119031665,Hurstville - North,1GSYD,Greater Sydney,151.097393,-33.956739,1155
119031666,Mortdale - Oatley,1GSYD,Greater Sydney,151.070178,-33.974372,1610
119031667,Penshurst,1GSYD,Greater Sydney,151.08306,-33.960539,1538
119041377,Kingsgrove (South) - Bardwell Park,1GSYD,Greater Sydney,151.110182,-33.941792,1202
119041378,Kogarah,1GSYD,Greater Sydney,151.137485,-33.968285,2270
119041379,Kogarah Bay - Carlton - Allawah,1GSYD,Greater Sydney,151.123876,-33.976615,2151
119041380,Monterey - Brighton-le-Sands - Kyeemagh,1GSYD,Greater Sydney,151.152952,-33.961173,2140
119041381,Rockdale - Banksia,1GSYD,Greater Sydney,151.141447,-33.951099,3068
119041382,Sans Souci - Ramsgate,1GSYD,Greater Sydney,151.13693,-33.992282,1937
119041668,Arncliffe - Bardwell Valley,1GSYD,Greater Sydney,151.143738,-33.937682,2124
119041669,Bexley - North,1GSYD,Greater Sydney,151.11688,-33.950908,748
119041670,Bexley - South,1GSYD,Greater Sydney,151.124618,-33.959754,1940
119041671,Wolli Creek,1GSYD,Greater Sydney,151.153174,-33.931523,2932
120011383,Concord - Mortlake - Cabarita,1GSYD,Greater Sydney,151.105851,-33.854149,2575
120011385,Drummoyne - Rodd Point,1GSYD,Greater Sydney,151.14861,-33.855702,2287
120011386,Five Dock - Abbotsford,1GSYD,Greater Sydney,151.129298,-33.861179,3081
120011672,Concord West - North Strathfield,1GSYD,Greater Sydney,151.089383,-33.847315,1596
120011673,Rhodes,1GSYD,Greater Sydney,151.0878,-33.82933,3006
120021387,Balmain,1GSYD,Greater Sydney,151.181822,-33.856433,2562
120021389,Lilyfield - Rozelle,1GSYD,Greater Sydney,151.166846,-33.867458,2208
120021674,Annandale (NSW),1GSYD,Greater Sydney,151.17155,-33.880553,1598
120021675,Leichhardt,1GSYD,Greater Sydney,151.156109,-33.881561,2721
120031392,Canterbury (North) - Ashbury,1GSYD,Greater Sydney,151.116996,-33.905992,1667
120031393,Croydon Park - Enfield,1GSYD,Greater Sydney,151.102752,-33.89456,1988
120031394,Dulwich Hill - Lewisham,1GSYD,Greater Sydney,151.141281,-33.901954,3577
120031395,Haberfield - Summer Hill,1GSYD,Greater Sydney,151.139227,-33.882644,1895
120031396,Homebush,1GSYD,Greater Sydney,151.075281,-33.862853,4437
120031576,Strathfield South,1GSYD,Greater Sydney,151.077106,-33.895155,433
120031676,Ashfield - North,1GSYD,Greater Sydney,151.127911,-33.882836,2575
120031677,Ashfield - South,1GSYD,Greater Sydney,151.125286,-33.894648,2178
120031678,Burwood (NSW),1GSYD,Greater Sydney,151.102136,-33.878169,3749
120031679,Croydon,1GSYD,Greater Sydney,151.114665,-33.878198,1199
120031680,Strathfield - East,1GSYD,Greater Sydney,151.091152,-33.878591,3249
120031681,Strathfield - West,1GSYD,Greater Sydney,151.075425,-33.878816,597
121011399,Chatswood (West) - Lane Cove North,1GSYD,Greater Sydney,151.165469,-33.801299,3092
121011401,St Leonards - Naremburn,1GSYD,Greater Sydney,151.194114,-33.817869,2965
121011682,Artarmon,1GSYD,Greater Sydney,151.18619,-33.808179,1814
121011683,Castle Cove - Northbridge,1GSYD,Greater Sydney,151.21656,-33.798853,674
121011684,Chatswood - East,1GSYD,Greater Sydney,151.188984,-33.792812,3912
121011685,Greenwich - Riverview,1GSYD,Greater Sydney,151.17396,-33.827537,1202
121011686,Lane Cove,1GSYD,Greater Sydney,151.159612,-33.815691,2382
121011687,Willoughby,1GSYD,Greater Sydney,151.201358,-33.801657,1318
121021403,Asquith - Mount Colah,1GSYD,Greater Sydney,151.12108,-33.659791,1583
121021404,Berowra - Brooklyn - Cowan,1GSYD,Greater Sydney,151.176835,-33.58382,490
121021406,Normanhurst - Thornleigh - Westleigh,1GSYD,Greater Sydney,151.081588,-33.719133,1134
121021577,Hornsby - East,1GSYD,Greater Sydney,151.107322,-33.701156,2625
121021578,Hornsby - West,1GSYD,Greater Sydney,151.091589,-33.696518,1063
121021579,Wahroonga (West) - Waitara,1GSYD,Greater Sydney,151.108959,-33.710743,1851
121031407,Gordon - Killara,1GSYD,Greater Sydney,151.162668,-33.76053,2220
121031408,Lindfield - Roseville,1GSYD,Greater Sydney,151.175935,-33.777722,2037
121031409,Pymble,1GSYD,Greater Sydney,151.136617,-33.751669,990
121031410,St Ives,1GSYD,Greater Sydney,151.170819,-33.720798,1127
121031411,Turramurra,1GSYD,Greater Sydney,151.149509,-33.711177,1048
121031412,Wahroonga (East) - Warrawee,1GSYD,Greater Sydney,151.120702,-33.716333,956
121041413,Cremorne - Cammeray,1GSYD,Greater Sydney,151.222024,-33.826581,3665
121041414,Crows Nest - Waverton,1GSYD,Greater Sydney,151.19949,-33.831958,4249
121041416,Neutral Bay - Kirribilli,1GSYD,Greater Sydney,151.217632,-33.838999,4617
121041417,North Sydney - Lavender Bay,1GSYD,Greater Sydney,151.207084,-33.839184,3598
121041688,Mosman - North,1GSYD,Greater Sydney,151.243213,-33.819232,1801
121041689,Mosman - South,1GSYD,Greater Sydney,151.245572,-33.835185,2053
122011418,Balgowlah - Clontarf - Seaforth,1GSYD,Greater Sydney,151.253801,-33.797887,1502
122011419,Manly - Fairlight,1GSYD,Greater Sydney,151.288252,-33.802949,4485
122021420,Avalon - Palm Beach,1GSYD,Greater Sydney,151.328869,-33.610501,724
122021421,Bayview - Elanora Heights,1GSYD,Greater Sydney,151.266177,-33.633241,425
122021422,Newport - Bilgola,1GSYD,Greater Sydney,151.316073,-33.652224,962
122021690,Mona Vale - Warriewood (North),1GSYD,Greater Sydney,151.299982,-33.677187,1054
122021691,North Narrabeen - Warriewood (South),1GSYD,Greater Sydney,151.295621,-33.697299,688
122031424,Beacon Hill - Narraweena,1GSYD,Greater Sydney,151.264352,-33.75145,1161
122031425,Cromer,1GSYD,Greater Sydney,151.267557,-33.731893,382
122031427,Forestville - Killarney Heights,1GSYD,Greater Sydney,151.215722,-33.766427,747
122031429,Freshwater - Brookvale,1GSYD,Greater Sydney,151.278364,-33.770978,3032
122031430,Manly Vale - Allambie Heights,1GSYD,Greater Sydney,151.251197,-33.77369,1616
122031432,Terrey Hills - Duffys Forest,1GSYD,Greater Sydney,151.212178,-33.669655,189
122031692,Belrose,1GSYD,Greater Sydney,151.211032,-33.722076,333
122031693,Collaroy - Collaroy Plateau,1GSYD,Greater Sydney,151.297394,-33.736117,1270
122031694,Dee Why (South) - North Curl Curl,1GSYD,Greater Sydney,151.291915,-33.760695,1072
122031695,Dee Why - North,1GSYD,Greater Sydney,151.287403,-33.750944,3749
122031696,Frenchs Forest - Oxford Falls,1GSYD,Greater Sydney,151.225643,-33.740603,743
122031697,Narrabeen - Wheeler Heights,1GSYD,Greater Sydney,151.289435,-33.720121,1489
123011433,Camden - Ellis Lane,1GSYD,Greater Sydney,150.682176,-34.065307,767
123011698,Currans Hill,1GSYD,Greater Sydney,150.767094,-34.040762,638
123011699,Elderslie - Narellan,1GSYD,Greater Sydney,150.718781,-34.043342,1275
123011700,Harrington Park,1GSYD,Greater Sydney,150.739821,-34.025191,451
123011701,Mount Annan,1GSYD,Greater Sydney,150.758098,-34.063605,1200
123011702,Spring Farm,1GSYD,Greater Sydney,150.725405,-34.070729,814
123021436,Bradbury - Wedderburn,1GSYD,Greater Sydney,150.822046,-34.126937,2477
123021437,Campbelltown - Woodbine,1GSYD,Greater Sydney,150.808422,-34.064776,3489
123021438,Claymore - Eagle Vale - Raby,1GSYD,Greater Sydney,150.806542,-34.024688,1717
123021439,Holsworthy Military Area,1GSYD,Greater Sydney,150.900127,-34.101049,0
123021441,Leumeah - Minto Heights,1GSYD,Greater Sydney,150.860799,-34.053988,1796
123021443,Minto - St Andrews,1GSYD,Greater Sydney,150.844746,-34.02819,2118
123021444,Rosemeadow - Glen Alpine,1GSYD,Greater Sydney,150.774452,-34.12026,2103
123021703,Denham Court - Bardia,1GSYD,Greater Sydney,150.836322,-33.980815,1023
123021704,Glenfield,1GSYD,Greater Sydney,150.893581,-33.971408,1094
123021705,Ingleburn,1GSYD,Greater Sydney,150.864464,-34.001915,1820
123021706,Macquarie Fields,1GSYD,Greater Sydney,150.894045,-33.996315,1976
123031445,Bargo,1GSYD,Greater Sydney,150.599287,-34.272552,324
123031446,Douglas Park - Appin,1GSYD,Greater Sydney,150.729539,-34.181389,417
123031447,Picton - Tahmoor - Buxton,1GSYD,Greater Sydney,150.544072,-34.193382,1523
123031448,The Oaks - Oakdale,1GSYD,Greater Sydney,150.550512,-34.057955,325
124011449,Blackheath - Megalong Valley,1GSYD,Greater Sydney,150.245445,-33.673851,532
124011450,Blaxland - Warrimoo - Lapstone,1GSYD,Greater Sydney,150.62089,-33.742169,997
124011451,Blue Mountains - North,1GSYD,Greater Sydney,150.445247,-33.602462,0
124011452,Katoomba - Leura,1GSYD,Greater Sydney,150.309346,-33.702629,1745
124011453,Lawson - Hazelbrook - Linden,1GSYD,Greater Sydney,150.462246,-33.724099,648
124011454,Springwood - Winmalee,1GSYD,Greater Sydney,150.594781,-33.690398,1116
124011455,Wentworth Falls,1GSYD,Greater Sydney,150.379846,-33.721746,452
124021456,Blue Mountains - South,1GSYD,Greater Sydney,150.28797,-33.993454,0
124031457,Cambridge Park,1GSYD,Greater Sydney,150.733779,-33.746091,1472
124031459,Emu Plains - Leonay,1GSYD,Greater Sydney,150.65838,-33.74615,938
124031460,Glenmore Park - Regentville,1GSYD,Greater Sydney,150.677628,-33.78642,1500
124031461,Jamisontown - South Penrith,1GSYD,Greater Sydney,150.689281,-33.770794,2104
124031462,Kingswood - Werrington,1GSYD,Greater Sydney,150.740418,-33.766036,3600
124031463,Mulgoa - Luddenham - Orchard Hills,1GSYD,Greater Sydney,150.689655,-33.835249,681
124031464,Penrith,1GSYD,Greater Sydney,150.696976,-33.747816,4770
124031465,Warragamba - Silverdale,1GSYD,Greater Sydney,150.598866,-33.918242,238
124031707,Cranebrook - Castlereagh,1GSYD,Greater Sydney,150.688233,-33.694629,1420
124031708,Jordan Springs - Llandilo,1GSYD,Greater Sydney,150.746579,-33.712745,1324
124041466,Richmond - Clarendon,1GSYD,Greater Sydney,150.749253,-33.589854,1996
124041467,Windsor - Bligh Park,1GSYD,Greater Sydney,150.808493,-33.635671,2085
124041468,Yarramundi - Londonderry,1GSYD,Greater Sydney,150.726828,-33.65177,373
124051469,Erskine Park,1GSYD,Greater Sydney,150.797894,-33.812904,385
124051470,St Clair,1GSYD,Greater Sydney,150.784795,-33.797429,1353
124051580,Colyton - Oxley Park,1GSYD,Greater Sydney,150.796154,-33.779397,1551
124051581,St Marys - North St Marys,1GSYD,Greater Sydney,150.774963,-33.759601,3243
125011475,Rookwood Cemetery,1GSYD,Greater Sydney,151.055737,-33.874244,4
125011582,Auburn - Central,1GSYD,Greater Sydney,151.025221,-33.852419,2611
125011583,Auburn - North,1GSYD,Greater Sydney,151.032819,-33.842232,2047
125011584,Auburn - South,1GSYD,Greater Sydney,151.020702,-33.869221,814
125011585,Berala,1GSYD,Greater Sydney,151.033765,-33.874353,1096
125011586,Lidcombe,1GSYD,Greater Sydney,151.046581,-33.862967,2891
125011587,Regents Park,1GSYD,Greater Sydney,151.026269,-33.883457,727
125011709,Silverwater - Newington,1GSYD,Greater Sydney,151.049038,-33.834753,1003
125011710,Wentworth Point - Sydney Olympic Park,1GSYD,Greater Sydney,151.068678,-33.84013,5656
125021477,Ermington - Rydalmere,1GSYD,Greater Sydney,151.050154,-33.811112,3469
125021478,Oatlands - Dundas Valley,1GSYD,Greater Sydney,151.039475,-33.79442,2351
125021711,Carlingford - East,1GSYD,Greater Sydney,151.057341,-33.771459,932
125021712,Carlingford - West,1GSYD,Greater Sydney,151.040866,-33.775353,2156
125031479,Chester Hill - Sefton,1GSYD,Greater Sydney,150.998395,-33.882094,2235
125031480,Fairfield - East,1GSYD,Greater Sydney,150.972933,-33.874399,2037
125031481,Granville - Clyde,1GSYD,Greater Sydney,151.007418,-33.838067,3311
125031483,Guildford - South Granville,1GSYD,Greater Sydney,151.001931,-33.859492,2880
125031484,Guildford West - Merrylands West,1GSYD,Greater Sydney,150.969853,-33.845384,2855
125031486,Smithfield Industrial,1GSYD,Greater Sydney,150.944032,-33.843086,7
125031487,Yennora Industrial,1GSYD,Greater Sydney,150.966332,-33.859995,4
125031713,Greystanes - South,1GSYD,Greater Sydney,150.946266,-33.827618,1023
125031714,Merrylands - Holroyd,1GSYD,Greater Sydney,150.983938,-33.833348,3838
125031715,Pemulwuy - Greystanes (North),1GSYD,Greater Sydney,150.927274,-33.820375,734
125031716,South Wentworthville,1GSYD,Greater Sydney,150.969431,-33.823011,823
125041489,North Parramatta,1GSYD,Greater Sydney,151.011922,-33.798785,5368
125041490,North Rocks,1GSYD,Greater Sydney,151.017261,-33.772102,492
125041491,Northmead,1GSYD,Greater Sydney,150.99389,-33.790101,4008
125041493,Toongabbie - Constitution Hill,1GSYD,Greater Sydney,150.967238,-33.791784,2378
125041494,Winston Hills,1GSYD,Greater Sydney,150.978824,-33.77636,476
125041588,Pendle Hill - Girraween,1GSYD,Greater Sydney,150.947799,-33.804376,1834
125041589,Wentworthville - Westmead,1GSYD,Greater Sydney,150.977086,-33.813258,4115
125041717,Parramatta - North,1GSYD,Greater Sydney,151.00328,-33.814357,3727
125041718,Parramatta - South,1GSYD,Greater Sydney,150.998636,-33.823736,2432
125041719,Rosehill - Harris Park,1GSYD,Greater Sydney,151.028911,-33.824335,2376
126011496,Pennant Hills - Cheltenham,1GSYD,Greater Sydney,151.068515,-33.744457,1403
126011720,Epping (East) - North Epping,1GSYD,Greater Sydney,151.091319,-33.765078,1884
126011721,Epping (NSW) - West,1GSYD,Greater Sydney,151.071732,-33.77273,2577
126021498,Gladesville - Huntleys Point,1GSYD,Greater Sydney,151.128309,-33.830305,2251
126021499,Hunters Hill - Woolwich,1GSYD,Greater Sydney,151.149214,-33.831883,672
126021500,Macquarie Park - Marsfield,1GSYD,Greater Sydney,151.118638,-33.778622,5000
126021501,North Ryde - East Ryde,1GSYD,Greater Sydney,151.131251,-33.798769,1898
126021503,West Ryde - Meadowbank,1GSYD,Greater Sydney,151.083675,-33.809577,3775
126021590,Putney,1GSYD,Greater Sydney,151.106239,-33.826117,207
126021722,Denistone,1GSYD,Greater Sydney,151.089863,-33.798724,393
126021723,Eastwood,1GSYD,Greater Sydney,151.083806,-33.788759,2573
126021724,Ryde - North,1GSYD,Greater Sydney,151.113752,-33.807758,3089
126021725,Ryde - South,1GSYD,Greater Sydney,151.106242,-33.819491,2524
127011504,Ashcroft - Busby - Miller,1GSYD,Greater Sydney,150.887313,-33.914912,2875
127011505,Austral - Greendale,1GSYD,Greater Sydney,150.74069,-33.91798,990
127011592,Badgerys Creek,1GSYD,Greater Sydney,150.720944,-33.890242,5
127011593,Cecil Hills,1GSYD,Greater Sydney,150.848098,-33.88869,273
127011594,Green Valley,1GSYD,Greater Sydney,150.867178,-33.902835,996
127011595,Hinchinbrook,1GSYD,Greater Sydney,150.85882,-33.912784,724
127011596,Hoxton Park - Carnes Hill - Horningsea Park,1GSYD,Greater Sydney,150.850139,-33.935783,790
127011597,West Hoxton - Middleton Grange,1GSYD,Greater Sydney,150.835299,-33.928636,947
127011726,Cobbitty - Bringelly,1GSYD,Greater Sydney,150.693105,-33.98203,316
127011727,Gledswood Hills - Gregory Hills,1GSYD,Greater Sydney,150.779703,-34.016956,1180
127011728,Leppington - Catherine Field,1GSYD,Greater Sydney,150.784492,-33.973664,907
127011729,Oran Park,1GSYD,Greater Sydney,150.742629,-33.992501,1838
127021509,Bonnyrigg Heights - Bonnyrigg,1GSYD,Greater Sydney,150.88113,-33.892422,1656
127021510,Bossley Park - Abbotsbury,1GSYD,Greater Sydney,150.872211,-33.866117,1489
127021511,Cabramatta - Lansvale,1GSYD,Greater Sydney,150.946002,-33.898778,3324
127021512,Cabramatta West - Mount Pritchard,1GSYD,Greater Sydney,150.90762,-33.899452,1846
127021513,Canley Vale - Canley Heights,1GSYD,Greater Sydney,150.9363,-33.884434,2541
127021514,Edensor Park,1GSYD,Greater Sydney,150.87764,-33.879699,772
127021515,Fairfield,1GSYD,Greater Sydney,150.951837,-33.871144,3438
127021516,Fairfield - West,1GSYD,Greater Sydney,150.929679,-33.868174,2380
127021517,Greenfield Park - Prairiewood,1GSYD,Greater Sydney,150.899709,-33.867983,793
127021518,Horsley Park - Kemps Creek,1GSYD,Greater Sydney,150.820354,-33.84877,175
127021519,Smithfield - Wetherill Park,1GSYD,Greater Sydney,150.925603,-33.8533,2238
127021520,St Johns Park - Wakeley,1GSYD,Greater Sydney,150.905388,-33.878955,728
127021521,Wetherill Park Industrial,1GSYD,Greater Sydney,150.898743,-33.840366,13
127031522,Casula,1GSYD,Greater Sydney,150.899634,-33.952217,1599
127031523,Chipping Norton - Moorebank,1GSYD,Greater Sydney,150.953028,-33.927269,1416
127031524,Holsworthy - Wattle Grove,1GSYD,Greater Sydney,150.944133,-33.991526,1736
127031599,Lurnea - Cartwright,1GSYD,Greater Sydney,150.895336,-33.932974,1771
127031601,Warwick Farm,1GSYD,Greater Sydney,150.93718,-33.912974,1649
127031730,Edmondson Park,1GSYD,Greater Sydney,150.857687,-33.962669,1074
127031731,Liverpool - East,1GSYD,Greater Sydney,150.923352,-33.925295,4693
127031732,Liverpool - West,1GSYD,Greater Sydney,150.911725,-33.922515,2126
127031733,Prestons,1GSYD,Greater Sydney,150.872139,-33.941425,748
128011529,Gymea - Grays Point,1GSYD,Greater Sydney,151.08488,-34.04554,1265
128011530,Miranda - Yowie Bay,1GSYD,Greater Sydney,151.103346,-34.035718,2498
128011531,Sylvania - Taren Point,1GSYD,Greater Sydney,151.107307,-34.015447,1047
128011602,Caringbah,1GSYD,Greater Sydney,151.124253,-34.036661,2029
128011603,Caringbah South,1GSYD,Greater Sydney,151.12059,-34.054218,513
128011604,Cronulla - Kurnell - Bundeena,1GSYD,Greater Sydney,151.187645,-34.028522,3652
128011605,Lilli Pilli - Port Hacking - Dolans Bay,1GSYD,Greater Sydney,151.120339,-34.06685,70
128011606,Woolooware - Burraneer,1GSYD,Greater Sydney,151.13895,-34.052197,684
128021533,Heathcote - Waterfall,1GSYD,Greater Sydney,150.980627,-34.106586,276
128021534,Illawong - Alfords Point,1GSYD,Greater Sydney,151.033678,-33.994806,228
128021535,Menai - Lucas Heights - Woronora,1GSYD,Greater Sydney,151.001243,-34.022216,752
128021536,Oyster Bay - Como - Jannali,1GSYD,Greater Sydney,151.070183,-34.010439,1107
128021537,Royal National Park,1GSYD,Greater Sydney,151.067707,-34.111439,8
128021538,Sutherland - Kirrawee,1GSYD,Greater Sydney,151.063962,-34.032024,3456
128021607,Engadine,1GSYD,Greater Sydney,151.013621,-34.054847,811
128021608,Loftus - Yarrawarrah,1GSYD,Greater Sydney,151.03834,-34.049512,218
128021609,Woronora Heights,1GSYD,Greater Sydney,151.028496,-34.033601,60
206011106,Brunswick East,2GMEL,Greater Melbourne,144.977775,-37.768875,3240
206011107,Brunswick West,2GMEL,Greater Melbourne,144.942606,-37.763366,3090
206011109,Pascoe Vale South,2GMEL,Greater Melbourne,144.938543,-37.743375,901
206011495,Brunswick - North,2GMEL,Greater Melbourne,144.963028,-37.760604,2618
206011496,Brunswick - South,2GMEL,Greater Melbourne,144.959782,-37.771499,3005
206011497,Coburg - East,2GMEL,Greater Melbourne,144.971848,-37.745659,1939
206011498,Coburg - West,2GMEL,Greater Melbourne,144.955189,-37.743896,1470
206021110,Alphington - Fairfield,2GMEL,Greater Melbourne,145.02473,-37.774432,1388
206021112,Thornbury,2GMEL,Greater Melbourne,145.006286,-37.758151,3326
206021499,Northcote - East,2GMEL,Greater Melbourne,145.006675,-37.774286,2245
206021500,Northcote - West,2GMEL,Greater Melbourne,144.991319,-37.76941,1677
206031113,Ascot Vale,2GMEL,Greater Melbourne,144.913861,-37.77713,2281
206031115,Flemington,2GMEL,Greater Melbourne,144.930854,-37.783997,2483
206031116,Moonee Ponds,2GMEL,Greater Melbourne,144.921349,-37.765647,2678
206031501,Essendon (West) - Aberfeldie,2GMEL,Greater Melbourne,144.899029,-37.750109,1802
206031502,Essendon - East,2GMEL,Greater Melbourne,144.919397,-37.751385,2188
206041117,Carlton,2GMEL,Greater Melbourne,144.967735,-37.800639,5219
206041118,Docklands,2GMEL,Greater Melbourne,144.943157,-37.81783,5146
206041119,East Melbourne,2GMEL,Greater Melbourne,144.98136,-37.817034,1309
206041120,Flemington Racecourse,2GMEL,Greater Melbourne,144.91272,-37.787954,8
206041121,Kensington (Vic.),2GMEL,Greater Melbourne,144.927064,-37.794363,2344
206041124,Parkville,2GMEL,Greater Melbourne,144.951467,-37.787078,1396
206041125,South Yarra - West,2GMEL,Greater Melbourne,144.981677,-37.839576,1634
206041127,West Melbourne - Industrial,2GMEL,Greater Melbourne,144.922053,-37.810177,0
206041503,Melbourne CBD - East,2GMEL,Greater Melbourne,144.968617,-37.812689,3359
206041504,Melbourne CBD - North,2GMEL,Greater Melbourne,144.961218,-37.809197,6913
206041505,Melbourne CBD - West,2GMEL,Greater Melbourne,144.95887,-37.816801,6238
206041506,North Melbourne,2GMEL,Greater Melbourne,144.945152,-37.798646,4453
206041507,Royal Botanic Gardens Victoria,2GMEL,Greater Melbourne,144.976681,-37.827708,0
206041508,Southbank (West) - South Wharf,2GMEL,Greater Melbourne,144.955646,-37.824481,2120
206041509,Southbank - East,2GMEL,Greater Melbourne,144.966226,-37.826477,5952
206041510,West Melbourne - Residential,2GMEL,Greater Melbourne,144.949792,-37.80849,2339
206051128,Albert Park,2GMEL,Greater Melbourne,144.96393,-37.845679,3180
206051129,Elwood,2GMEL,Greater Melbourne,144.985462,-37.88094,3674
206051130,Port Melbourne,2GMEL,Greater Melbourne,144.934894,-37.837938,3114
206051134,St Kilda East,2GMEL,Greater Melbourne,144.998223,-37.867018,3837
206051511,Port Melbourne Industrial,2GMEL,Greater Melbourne,144.919642,-37.831143,481
206051512,South Melbourne,2GMEL,Greater Melbourne,144.959727,-37.83469,3115
206051513,St Kilda - Central,2GMEL,Greater Melbourne,144.986076,-37.864193,3993
206051514,St Kilda - West,2GMEL,Greater Melbourne,144.976182,-37.861383,4021
206061135,Armadale,2GMEL,Greater Melbourne,145.020641,-37.856712,1947
206061136,Prahran - Windsor,2GMEL,Greater Melbourne,144.998012,-37.852768,5371
206061138,Toorak,2GMEL,Greater Melbourne,145.017686,-37.84173,1742
206061515,South Yarra - North,2GMEL,Greater Melbourne,144.996404,-37.836127,4150
206061516,South Yarra - South,2GMEL,Greater Melbourne,144.994814,-37.843221,3011
206071139,Abbotsford,2GMEL,Greater Melbourne,144.999616,-37.804513,2465
206071140,Carlton North - Princes Hill,2GMEL,Greater Melbourne,144.9682,-37.785666,1680
206071141,Collingwood,2GMEL,Greater Melbourne,144.987984,-37.802155,2930
206071142,Fitzroy,2GMEL,Greater Melbourne,144.979109,-37.801002,2726
206071143,Fitzroy North,2GMEL,Greater Melbourne,144.984462,-37.784078,2696
206071145,Clifton Hill - Alphington,2GMEL,Greater Melbourne,145.01287,-37.789883,1567
206071517,Richmond (South) - Cremorne,2GMEL,Greater Melbourne,145.004485,-37.826458,3982
206071518,Richmond - North,2GMEL,Greater Melbourne,145.002816,-37.814828,4047
207011146,Ashburton (Vic.),2GMEL,Greater Melbourne,145.080717,-37.867314,684
207011147,Balwyn,2GMEL,Greater Melbourne,145.080469,-37.80979,1586
207011148,Balwyn North,2GMEL,Greater Melbourne,145.083848,-37.791949,1375
207011149,Camberwell,2GMEL,Greater Melbourne,145.073992,-37.838433,1946
207011150,Glen Iris - East,2GMEL,Greater Melbourne,145.072244,-37.854805,1257
207011152,Hawthorn East,2GMEL,Greater Melbourne,145.049856,-37.831284,2712
207011154,Kew East,2GMEL,Greater Melbourne,145.052346,-37.790562,544
207011155,Surrey Hills (West) - Canterbury,2GMEL,Greater Melbourne,145.084055,-37.824488,1156
207011519,Hawthorn - North,2GMEL,Greater Melbourne,145.028736,-37.81807,1747
207011520,Hawthorn - South,2GMEL,Greater Melbourne,145.033927,-37.829357,2590
207011521,Kew - South,2GMEL,Greater Melbourne,145.046547,-37.808717,1077
207011522,Kew - West,2GMEL,Greater Melbourne,145.023818,-37.799671,1549
207021156,Bulleen,2GMEL,Greater Melbourne,145.087326,-37.76895,871
207021157,Doncaster,2GMEL,Greater Melbourne,145.123843,-37.784801,3048
207021159,Templestowe,2GMEL,Greater Melbourne,145.148674,-37.754067,809
207021160,Templestowe Lower,2GMEL,Greater Melbourne,145.112143,-37.763849,893
207021424,Doncaster East - North,2GMEL,Greater Melbourne,145.169303,-37.769563,909
207021425,Doncaster East - South,2GMEL,Greater Melbourne,145.156696,-37.791492,1697
207031161,Blackburn,2GMEL,Greater Melbourne,145.152666,-37.816459,2031
207031162,Blackburn South,2GMEL,Greater Melbourne,145.146544,-37.839389,968
207031163,Box Hill,2GMEL,Greater Melbourne,145.124771,-37.829127,4367
207031164,Box Hill North,2GMEL,Greater Melbourne,145.122627,-37.804673,1951
207031165,Burwood (Vic.),2GMEL,Greater Melbourne,145.113021,-37.848097,1764
207031166,Burwood East,2GMEL,Greater Melbourne,145.150505,-37.853589,1023
207031167,Surrey Hills (East) - Mont Albert,2GMEL,Greater Melbourne,145.106883,-37.824333,966
208011168,Beaumaris,2GMEL,Greater Melbourne,145.03778,-37.980729,655
208011169,Brighton (Vic.),2GMEL,Greater Melbourne,144.99588,-37.908264,2132
208011170,Brighton East,2GMEL,Greater Melbourne,145.01636,-37.917182,1181
208011171,Highett (West) - Cheltenham,2GMEL,Greater Melbourne,145.037879,-37.957372,1273
208011172,Hampton,2GMEL,Greater Melbourne,145.014085,-37.937688,1791
208011173,Sandringham - Black Rock,2GMEL,Greater Melbourne,145.016961,-37.960922,1535
208021174,Bentleigh - McKinnon,2GMEL,Greater Melbourne,145.038012,-37.919404,2688
208021176,Carnegie,2GMEL,Greater Melbourne,145.055881,-37.893268,3488
208021177,Caulfield - North,2GMEL,Greater Melbourne,145.022885,-37.873904,3473
208021178,Caulfield - South,2GMEL,Greater Melbourne,145.025329,-37.891378,1896
208021179,Elsternwick,2GMEL,Greater Melbourne,145.007222,-37.886935,1969
208021180,Hughesdale,2GMEL,Greater Melbourne,145.081201,-37.899472,1026
208021181,Murrumbeena,2GMEL,Greater Melbourne,145.070359,-37.896813,1335
208021182,Ormond - Glen Huntly,2GMEL,Greater Melbourne,145.041395,-37.900372,2233
208021426,Bentleigh East - North,2GMEL,Greater Melbourne,145.068122,-37.914871,1477
208021427,Bentleigh East - South,2GMEL,Greater Melbourne,145.0654,-37.929411,1185
208031183,Aspendale Gardens - Waterways,2GMEL,Greater Melbourne,145.123123,-38.019034,302
208031184,Braeside,2GMEL,Greater Melbourne,145.122363,-37.997842,5
208031185,Carrum - Patterson Lakes,2GMEL,Greater Melbourne,145.139274,-38.071369,1025
208031186,Chelsea - Bonbeach,2GMEL,Greater Melbourne,145.124576,-38.056824,1994
208031187,Chelsea Heights,2GMEL,Greater Melbourne,145.133984,-38.040753,261
208031188,Highett (East) - Cheltenham,2GMEL,Greater Melbourne,145.066115,-37.961272,2710
208031189,Edithvale - Aspendale,2GMEL,Greater Melbourne,145.107437,-38.028275,1082
208031190,Mentone,2GMEL,Greater Melbourne,145.068843,-37.981567,1823
208031191,Moorabbin - Heatherton,2GMEL,Greater Melbourne,145.079398,-37.950534,963
208031192,Moorabbin Airport,2GMEL,Greater Melbourne,145.099592,-37.977458,0
208031193,Mordialloc - Parkdale,2GMEL,Greater Melbourne,145.089363,-37.996082,2094
208041194,Malvern - Glen Iris,2GMEL,Greater Melbourne,145.042522,-37.856397,2681
208041195,Malvern East,2GMEL,Greater Melbourne,145.065909,-37.876789,2578
209011196,Bundoora - East,2GMEL,Greater Melbourne,145.068269,-37.698816,801
209011197,Greensborough,2GMEL,Greater Melbourne,145.113745,-37.70018,1402
209011198,Heidelberg - Rosanna,2GMEL,Greater Melbourne,145.069613,-37.74567,1967
209011199,Heidelberg West,2GMEL,Greater Melbourne,145.046408,-37.742997,2840
209011200,Ivanhoe,2GMEL,Greater Melbourne,145.043106,-37.769035,1523
209011201,Ivanhoe East - Eaglemont,2GMEL,Greater Melbourne,145.062948,-37.768425,553
209011202,Montmorency - Briar Hill,2GMEL,Greater Melbourne,145.11965,-37.728759,1102
209011203,Viewbank - Yallambie,2GMEL,Greater Melbourne,145.088316,-37.731025,1395
209011204,Watsonia,2GMEL,Greater Melbourne,145.084071,-37.705121,804
209021205,Kingsbury,2GMEL,Greater Melbourne,145.049159,-37.714697,1314
209021428,Preston - East,2GMEL,Greater Melbourne,145.016045,-37.742769,3773
209021429,Preston - West,2GMEL,Greater Melbourne,144.990238,-37.739708,1657
209021523,Reservoir - North East,2GMEL,Greater Melbourne,145.021182,-37.705894,2371
209021524,Reservoir - North West,2GMEL,Greater Melbourne,144.994043,-37.699881,714
209021525,Reservoir - South East,2GMEL,Greater Melbourne,145.021918,-37.725246,2136
209021526,Reservoir - South West,2GMEL,Greater Melbourne,144.993909,-37.717671,2299
209031209,Eltham,2GMEL,Greater Melbourne,145.15679,-37.714594,870
209031210,Hurstbridge,2GMEL,Greater Melbourne,145.194355,-37.637564,125
209031211,Kinglake,2GMEL,Greater Melbourne,145.408267,-37.491074,81
209031212,Panton Hill - St Andrews,2GMEL,Greater Melbourne,145.264697,-37.59589,113
209031213,Plenty - Yarrambat,2GMEL,Greater Melbourne,145.123805,-37.653544,197
209031214,Research - North Warrandyte,2GMEL,Greater Melbourne,145.220507,-37.698984,138
209031215,Wattle Glen - Diamond Creek,2GMEL,Greater Melbourne,145.167165,-37.667745,448
209041216,Bundoora - North,2GMEL,Greater Melbourne,145.071309,-37.682858,721
209041217,Bundoora - West,2GMEL,Greater Melbourne,145.052577,-37.692885,697
209041220,Mill Park - North,2GMEL,Greater Melbourne,145.06777,-37.659443,1363
209041221,Mill Park - South,2GMEL,Greater Melbourne,145.059281,-37.671281,944
209041223,Thomastown,2GMEL,Greater Melbourne,145.008302,-37.683945,2104
209041224,Wallan,2GMEL,Greater Melbourne,145.071633,-37.384766,1339
209041225,Whittlesea,2GMEL,Greater Melbourne,145.101968,-37.497971,559
209041431,Epping - East,2GMEL,Greater Melbourne,145.045532,-37.635819,1044
209041432,Epping - South,2GMEL,Greater Melbourne,144.980527,-37.638447,978
209041433,Epping (Vic.) - West,2GMEL,Greater Melbourne,145.009985,-37.631793,1144
209041435,South Morang - North,2GMEL,Greater Melbourne,145.08242,-37.62374,746
209041436,South Morang - South,2GMEL,Greater Melbourne,145.085585,-37.645666,920
209041437,Wollert,2GMEL,Greater Melbourne,145.005037,-37.590919,1712
209041527,Doreen - North,2GMEL,Greater Melbourne,145.126967,-37.588095,1057
209041528,Doreen - South,2GMEL,Greater Melbourne,145.121001,-37.611392,808
209041529,Lalor - East,2GMEL,Greater Melbourne,145.028504,-37.669012,1188
209041530,Lalor - West,2GMEL,Greater Melbourne,144.994552,-37.660741,1008
209041531,Mernda - North,2GMEL,Greater Melbourne,145.085478,-37.584502,1064
209041532,Mernda - South,2GMEL,Greater Melbourne,145.075531,-37.606046,1004
210011226,Airport West,2GMEL,Greater Melbourne,144.881253,-37.723892,973
210011227,Essendon Airport,2GMEL,Greater Melbourne,144.900334,-37.726799,0
210011228,Keilor,2GMEL,Greater Melbourne,144.844481,-37.718942,376
210011230,Niddrie - Essendon West,2GMEL,Greater Melbourne,144.884907,-37.745166,667
210011231,Strathmore,2GMEL,Greater Melbourne,144.917159,-37.726518,585
210011533,Avondale Heights,2GMEL,Greater Melbourne,144.862458,-37.761684,892
210011534,Keilor East,2GMEL,Greater Melbourne,144.866003,-37.7423,1023
210021232,Gisborne,2GMEL,Greater Melbourne,144.555212,-37.495441,671
210021233,Macedon,2GMEL,Greater Melbourne,144.573316,-37.411909,103
210021234,Riddells Creek,2GMEL,Greater Melbourne,144.6777,-37.438252,177
210021235,Romsey,2GMEL,Greater Melbourne,144.763477,-37.349992,394
210031236,Coburg North,2GMEL,Greater Melbourne,144.967306,-37.727025,969
210031237,Fawkner,2GMEL,Greater Melbourne,144.96954,-37.705182,1416
210031439,Gowanbrae,2GMEL,Greater Melbourne,144.897553,-37.703144,162
210031440,Hadfield,2GMEL,Greater Melbourne,144.950411,-37.710056,627
210031535,Glenroy - East,2GMEL,Greater Melbourne,144.934803,-37.701913,1997
210031536,Glenroy - West,2GMEL,Greater Melbourne,144.909766,-37.70519,1259
210031537,Oak Park,2GMEL,Greater Melbourne,144.917986,-37.719639,992
210031538,Pascoe Vale,2GMEL,Greater Melbourne,144.938795,-37.724505,2371
210041240,Sunbury,2GMEL,Greater Melbourne,144.767531,-37.539364,646
210041539,Diggers Rest,2GMEL,Greater Melbourne,144.682369,-37.615924,403
210041540,Sunbury - South,2GMEL,Greater Melbourne,144.738045,-37.613704,1475
210041541,Sunbury - West,2GMEL,Greater Melbourne,144.672059,-37.538211,819
210051242,Broadmeadows,2GMEL,Greater Melbourne,144.929433,-37.684202,2106
210051243,Campbellfield - Coolaroo,2GMEL,Greater Melbourne,144.951807,-37.663838,1463
210051245,Gladstone Park - Westmeadows,2GMEL,Greater Melbourne,144.890909,-37.676336,1328
210051246,Greenvale - Bulla,2GMEL,Greater Melbourne,144.83541,-37.623595,807
210051247,Meadow Heights,2GMEL,Greater Melbourne,144.918556,-37.651117,1305
210051248,Melbourne Airport,2GMEL,Greater Melbourne,144.836561,-37.676363,10
210051250,Tullamarine,2GMEL,Greater Melbourne,144.877155,-37.696009,926
210051441,Craigieburn - Central,2GMEL,Greater Melbourne,144.935786,-37.592179,705
210051442,Craigieburn - North,2GMEL,Greater Melbourne,144.943356,-37.570599,965
210051443,Craigieburn - South,2GMEL,Greater Melbourne,144.918813,-37.604467,1594
210051445,Mickleham - Yuroke,2GMEL,Greater Melbourne,144.902071,-37.543419,1507
210051542,Craigieburn - North West,2GMEL,Greater Melbourne,144.904581,-37.570792,856
210051543,Craigieburn - West,2GMEL,Greater Melbourne,144.90478,-37.58537,1266
210051544,Roxburgh Park (South) - Somerton,2GMEL,Greater Melbourne,144.940907,-37.633733,608
210051545,Roxburgh Park - North,2GMEL,Greater Melbourne,144.924882,-37.618793,813
211011251,Bayswater,2GMEL,Greater Melbourne,145.264827,-37.845373,1677
211011254,Knoxfield - Scoresby,2GMEL,Greater Melbourne,145.23054,-37.897221,1341
211011255,Lysterfield,2GMEL,Greater Melbourne,145.290875,-37.92691,157
211011256,Rowville - Central,2GMEL,Greater Melbourne,145.243264,-37.919365,1023
211011257,Rowville - North,2GMEL,Greater Melbourne,145.26087,-37.907027,329
211011258,Rowville - South,2GMEL,Greater Melbourne,145.238748,-37.935539,382
211011259,Wantirna,2GMEL,Greater Melbourne,145.22597,-37.85231,980
211011260,Wantirna South,2GMEL,Greater Melbourne,145.220795,-37.873751,1330
211011446,Boronia,2GMEL,Greater Melbourne,145.285933,-37.856232,2636
211011447,Ferntree Gully - North,2GMEL,Greater Melbourne,145.285489,-37.877278,1300
211011448,Ferntree Gully (South) - Upper Ferntree Gully,2GMEL,Greater Melbourne,145.283991,-37.892863,989
211011449,The Basin,2GMEL,Greater Melbourne,145.321373,-37.855639,152
211021261,Donvale - Park Orchards,2GMEL,Greater Melbourne,145.203097,-37.784643,690
211021262,Warrandyte - Wonga Park,2GMEL,Greater Melbourne,145.24285,-37.743157,223
211031263,Bayswater North,2GMEL,Greater Melbourne,145.293047,-37.828395,891
211031265,Croydon Hills - Warranwood,2GMEL,Greater Melbourne,145.268643,-37.7729,821
211031266,Ringwood,2GMEL,Greater Melbourne,145.233542,-37.811332,2910
211031267,Ringwood East,2GMEL,Greater Melbourne,145.248706,-37.821492,1952
211031268,Ringwood North,2GMEL,Greater Melbourne,145.230579,-37.794662,406
211031450,Croydon - East,2GMEL,Greater Melbourne,145.291271,-37.801064,1989
211031451,Croydon - West,2GMEL,Greater Melbourne,145.278698,-37.788679,1172
211031452,Croydon South,2GMEL,Greater Melbourne,145.279127,-37.815157,352
211041269,Forest Hill,2GMEL,Greater Melbourne,145.171049,-37.839811,1057
211041270,Mitcham (Vic.),2GMEL,Greater Melbourne,145.199169,-37.818205,1791
211041271,Nunawading,2GMEL,Greater Melbourne,145.17649,-37.817282,1323
211041272,Vermont,2GMEL,Greater Melbourne,145.199609,-37.838452,714
211041273,Vermont South,2GMEL,Greater Melbourne,145.188064,-37.854415,566
211051274,Belgrave - Selby,2GMEL,Greater Melbourne,145.355177,-37.938724,259
211051275,Chirnside Park,2GMEL,Greater Melbourne,145.314212,-37.738616,611
211051276,Healesville - Yarra Glen,2GMEL,Greater Melbourne,145.496182,-37.626124,758
211051277,Kilsyth,2GMEL,Greater Melbourne,145.320198,-37.815434,767
211051278,Lilydale - Coldstream,2GMEL,Greater Melbourne,145.38869,-37.713959,1357
211051279,Monbulk - Silvan,2GMEL,Greater Melbourne,145.458669,-37.864125,251
211051280,Montrose,2GMEL,Greater Melbourne,145.347999,-37.811153,199
211051281,Mooroolbark,2GMEL,Greater Melbourne,145.325735,-37.781336,1656
211051282,Mount Dandenong - Olinda,2GMEL,Greater Melbourne,145.375653,-37.861752,300
211051283,Mount Evelyn,2GMEL,Greater Melbourne,145.388248,-37.787292,313
211051284,Upwey - Tecoma,2GMEL,Greater Melbourne,145.330906,-37.904163,386
211051285,Wandin - Seville,2GMEL,Greater Melbourne,145.463957,-37.76059,265
211051286,Yarra Valley,2GMEL,Greater Melbourne,145.680221,-37.767958,751
212011289,Emerald - Cockatoo,2GMEL,Greater Melbourne,145.561644,-37.953143,461
212011546,Beaconsfield - Officer,2GMEL,Greater Melbourne,145.400475,-38.042414,1997
212011547,Bunyip - Garfield,2GMEL,Greater Melbourne,145.646986,-38.079909,385
212011548,Koo Wee Rup,2GMEL,Greater Melbourne,145.551635,-38.207399,523
212011549,Pakenham - North East,2GMEL,Greater Melbourne,145.50674,-38.053034,1610
212011550,Pakenham - North West,2GMEL,Greater Melbourne,145.454093,-38.041617,718
212011551,Pakenham - South East,2GMEL,Greater Melbourne,145.515494,-38.093826,1034
212011552,Pakenham - South West,2GMEL,Greater Melbourne,145.465095,-38.091619,2439
212021293,Berwick - North,2GMEL,Greater Melbourne,145.348818,-38.025095,1546
212021295,Doveton,2GMEL,Greater Melbourne,145.240159,-37.99054,1688
212021297,Hallam,2GMEL,Greater Melbourne,145.268504,-38.007839,925
212021299,Narre Warren North,2GMEL,Greater Melbourne,145.330554,-37.986322,97
212021453,Endeavour Hills - North,2GMEL,Greater Melbourne,145.258069,-37.959472,726
212021454,Endeavour Hills - South,2GMEL,Greater Melbourne,145.261012,-37.983422,782
212021455,Narre Warren - North East,2GMEL,Greater Melbourne,145.30951,-38.005063,920
212021456,Narre Warren - South West,2GMEL,Greater Melbourne,145.304105,-38.024816,1704
212021553,Berwick - South East,2GMEL,Greater Melbourne,145.356718,-38.064508,1140
212021554,Berwick - South West,2GMEL,Greater Melbourne,145.330403,-38.054473,1108
212031300,Cranbourne,2GMEL,Greater Melbourne,145.275785,-38.106789,2451
212031303,Cranbourne South,2GMEL,Greater Melbourne,145.312709,-38.151534,869
212031304,Cranbourne West,2GMEL,Greater Melbourne,145.248355,-38.101751,1432
212031306,Lynbrook - Lyndhurst,2GMEL,Greater Melbourne,145.253083,-38.061982,1001
212031308,Pearcedale - Tooradin,2GMEL,Greater Melbourne,145.311726,-38.204543,294
212031457,Narre Warren South - East,2GMEL,Greater Melbourne,145.312688,-38.059027,425
212031458,Narre Warren South - West,2GMEL,Greater Melbourne,145.292141,-38.050116,960
212031555,Clyde North - North,2GMEL,Greater Melbourne,145.357523,-38.084844,636
212031556,Clyde North - South,2GMEL,Greater Melbourne,145.363592,-38.107737,827
212031557,Cranbourne East - North,2GMEL,Greater Melbourne,145.312828,-38.102103,1743
212031558,Cranbourne East - South,2GMEL,Greater Melbourne,145.304306,-38.122489,977
212031559,Cranbourne North - East,2GMEL,Greater Melbourne,145.315402,-38.079426,986
212031560,Cranbourne North - West,2GMEL,Greater Melbourne,145.279955,-38.075103,906
212031561,Hampton Park - East,2GMEL,Greater Melbourne,145.275239,-38.043399,1033
212031562,Hampton Park - West,2GMEL,Greater Melbourne,145.257882,-38.03113,1244
212041309,Clarinda - Oakleigh South,2GMEL,Greater Melbourne,145.099088,-37.938635,842
212041310,Clayton South,2GMEL,Greater Melbourne,145.125235,-37.943187,1903
212041312,Dandenong North,2GMEL,Greater Melbourne,145.214343,-37.955984,2115
212041313,Dingley Village,2GMEL,Greater Melbourne,145.127199,-37.974901,401
212041316,Noble Park North,2GMEL,Greater Melbourne,145.190772,-37.951141,689
212041317,Springvale,2GMEL,Greater Melbourne,145.157716,-37.945745,2853
212041318,Springvale South,2GMEL,Greater Melbourne,145.148096,-37.970703,1029
212041459,Noble Park - East,2GMEL,Greater Melbourne,145.181786,-37.963904,2169
212041460,Noble Park - West,2GMEL,Greater Melbourne,145.172723,-37.973849,2329
212041563,Dandenong - North,2GMEL,Greater Melbourne,145.215469,-37.981142,4053
212041564,Dandenong - South,2GMEL,Greater Melbourne,145.208698,-38.03771,1288
212041565,Keysborough - North,2GMEL,Greater Melbourne,145.172173,-37.989925,1008
212041566,Keysborough - South,2GMEL,Greater Melbourne,145.161612,-38.021352,715
212051319,Ashwood - Chadstone,2GMEL,Greater Melbourne,145.10134,-37.87251,2732
212051321,Glen Waverley - East,2GMEL,Greater Melbourne,145.178306,-37.881531,1659
212051322,Glen Waverley - West,2GMEL,Greater Melbourne,145.156055,-37.881658,2314
212051323,Mount Waverley - North,2GMEL,Greater Melbourne,145.130413,-37.866463,1386
212051324,Mount Waverley - South,2GMEL,Greater Melbourne,145.127083,-37.887286,1660
212051325,Mulgrave,2GMEL,Greater Melbourne,145.175597,-37.925591,1541
212051326,Oakleigh - Huntingdale,2GMEL,Greater Melbourne,145.101192,-37.908515,2843
212051327,Wheelers Hill,2GMEL,Greater Melbourne,145.186835,-37.90763,970
212051567,Clayton (North) - Notting Hill,2GMEL,Greater Melbourne,145.138033,-37.910665,1926
212051568,Clayton - Central,2GMEL,Greater Melbourne,145.124597,-37.922654,2348
213011328,Ardeer - Albion,2GMEL,Greater Melbourne,144.809591,-37.776121,1191
213011329,Cairnlea,2GMEL,Greater Melbourne,144.787888,-37.759351,425
213011331,Delahey,2GMEL,Greater Melbourne,144.77728,-37.719694,616
213011332,Keilor Downs,2GMEL,Greater Melbourne,144.812691,-37.726249,823
213011333,Kings Park (Vic.),2GMEL,Greater Melbourne,144.770674,-37.73908,1011
213011334,St Albans - North,2GMEL,Greater Melbourne,144.802445,-37.737376,2623
213011335,St Albans - South,2GMEL,Greater Melbourne,144.80754,-37.753364,1902
213011336,Sunshine,2GMEL,Greater Melbourne,144.834465,-37.789301,1383
213011337,Sunshine North,2GMEL,Greater Melbourne,144.836029,-37.763932,1148
213011338,Sunshine West,2GMEL,Greater Melbourne,144.818347,-37.801979,1747
213011339,Sydenham,2GMEL,Greater Melbourne,144.764217,-37.699745,1190
213011340,Taylors Lakes,2GMEL,Greater Melbourne,144.785887,-37.68852,560
213011569,Deer Park,2GMEL,Greater Melbourne,144.771155,-37.768587,1727
213011570,Derrimut,2GMEL,Greater Melbourne,144.77593,-37.798744,509
213021341,Altona,2GMEL,Greater Melbourne,144.815017,-37.860294,1677
213021342,Altona Meadows,2GMEL,Greater Melbourne,144.7844,-37.88095,1902
213021343,Altona North,2GMEL,Greater Melbourne,144.836092,-37.835763,1803
213021344,Newport,2GMEL,Greater Melbourne,144.882574,-37.837748,2124
213021345,Seabrook,2GMEL,Greater Melbourne,144.758592,-37.881009,326
213021346,Williamstown,2GMEL,Greater Melbourne,144.884616,-37.859004,1590
213031347,Braybrook,2GMEL,Greater Melbourne,144.862944,-37.784631,3172
213031348,Footscray,2GMEL,Greater Melbourne,144.897231,-37.798177,4172
213031349,Maribyrnong,2GMEL,Greater Melbourne,144.887672,-37.772609,1935
213031350,Seddon - Kingsville,2GMEL,Greater Melbourne,144.886438,-37.807646,1430
213031351,West Footscray - Tottenham,2GMEL,Greater Melbourne,144.864584,-37.801875,1875
213031352,Yarraville,2GMEL,Greater Melbourne,144.881766,-37.818091,2007
213041353,Bacchus Marsh,2GMEL,Greater Melbourne,144.454645,-37.637868,1856
213041358,Melton West,2GMEL,Greater Melbourne,144.542563,-37.664872,1732
213041359,Rockbank - Mount Cottrell,2GMEL,Greater Melbourne,144.667247,-37.76045,1105
213041360,Taylors Hill,2GMEL,Greater Melbourne,144.749308,-37.714457,709
213041461,Burnside,2GMEL,Greater Melbourne,144.753055,-37.749259,175
213041462,Burnside Heights,2GMEL,Greater Melbourne,144.755634,-37.732279,308
213041463,Caroline Springs,2GMEL,Greater Melbourne,144.737507,-37.739097,1371
213041571,Brookfield,2GMEL,Greater Melbourne,144.540608,-37.699333,808
213041572,Cobblebank - Strathtulloh,2GMEL,Greater Melbourne,144.598382,-37.722073,645
213041573,Eynesbury - Exford,2GMEL,Greater Melbourne,144.530941,-37.755083,92
213041574,Fraser Rise - Plumpton,2GMEL,Greater Melbourne,144.690907,-37.686992,520
213041575,Hillside,2GMEL,Greater Melbourne,144.7412,-37.690002,688
213041576,Kurunjang - Toolern Vale,2GMEL,Greater Melbourne,144.593561,-37.616249,876
213041577,Melton,2GMEL,Greater Melbourne,144.595902,-37.685705,1037
213041578,Melton South - Weir Views,2GMEL,Greater Melbourne,144.568292,-37.717845,2041
213051361,Hoppers Crossing - North,2GMEL,Greater Melbourne,144.701193,-37.862381,1394
213051362,Hoppers Crossing - South,2GMEL,Greater Melbourne,144.685367,-37.873251,1931
213051363,Laverton,2GMEL,Greater Melbourne,144.777831,-37.839501,1746
213051368,Werribee - South,2GMEL,Greater Melbourne,144.652739,-37.951293,2101
213051464,Point Cook - East,2GMEL,Greater Melbourne,144.770074,-37.913214,2010
213051466,Point Cook - South,2GMEL,Greater Melbourne,144.733508,-37.911374,1785
213051467,Werribee - East,2GMEL,Greater Melbourne,144.662029,-37.885281,2479
213051468,Werribee - West,2GMEL,Greater Melbourne,144.548407,-37.919526,2278
213051579,Manor Lakes - Quandong,2GMEL,Greater Melbourne,144.518475,-37.848371,840
213051580,Point Cook - North East,2GMEL,Greater Melbourne,144.743561,-37.886568,1146
213051581,Point Cook - North West,2GMEL,Greater Melbourne,144.726,-37.885348,913
213051582,Tarneit (West) - Mount Cottrell,2GMEL,Greater Melbourne,144.62439,-37.824294,811
213051583,Tarneit - Central,2GMEL,Greater Melbourne,144.680563,-37.840782,2332
213051584,Tarneit - North,2GMEL,Greater Melbourne,144.68151,-37.818174,605
213051585,Tarneit - South,2GMEL,Greater Melbourne,144.660991,-37.857922,883
213051586,Truganina - North,2GMEL,Greater Melbourne,144.736603,-37.824041,714
213051587,Truganina - South East,2GMEL,Greater Melbourne,144.74241,-37.847628,841
213051588,Truganina - South West,2GMEL,Greater Melbourne,144.720808,-37.849608,1661
213051589,Wyndham Vale - North,2GMEL,Greater Melbourne,144.564907,-37.827007,1124
213051590,Wyndham Vale - South,2GMEL,Greater Melbourne,144.616573,-37.889169,1085
214011370,Carrum Downs,2GMEL,Greater Melbourne,145.175754,-38.092774,2280
214011371,Frankston,2GMEL,Greater Melbourne,145.139638,-38.154152,4164
214011372,Frankston North,2GMEL,Greater Melbourne,145.157817,-38.133585,2809
214011373,Frankston South,2GMEL,Greater Melbourne,145.129278,-38.176411,1094
214011374,Langwarrin,2GMEL,Greater Melbourne,145.195884,-38.162596,1542
214011375,Seaford (Vic.),2GMEL,Greater Melbourne,145.138261,-38.10475,2388
214011376,Skye - Sandhurst,2GMEL,Greater Melbourne,145.215086,-38.101342,713
214021377,Dromana,2GMEL,Greater Melbourne,144.999138,-38.335774,1301
214021378,Flinders,2GMEL,Greater Melbourne,145.000055,-38.398069,251
214021379,Hastings - Somers,2GMEL,Greater Melbourne,145.164507,-38.345696,2036
214021381,Mount Eliza,2GMEL,Greater Melbourne,145.092811,-38.194984,536
214021382,Mount Martha,2GMEL,Greater Melbourne,145.030782,-38.275331,864
214021383,Point Nepean,2GMEL,Greater Melbourne,144.7965,-38.378594,1525
214021384,Rosebud - McCrae,2GMEL,Greater Melbourne,144.90755,-38.368873,2411
214021385,Somerville,2GMEL,Greater Melbourne,145.163895,-38.241082,1054
214021591,Mornington - East,2GMEL,Greater Melbourne,145.06767,-38.234145,1038
214021592,Mornington - West,2GMEL,Greater Melbourne,145.043426,-38.222185,1229
301011001,Alexandra Hills,3GBRI,Greater Brisbane,153.229178,-27.532602,1287
301011002,Belmont - Gumdale,3GBRI,Greater Brisbane,153.158578,-27.507181,341
301011003,Birkdale,3GBRI,Greater Brisbane,153.210828,-27.499677,1015
301011004,Capalaba,3GBRI,Greater Brisbane,153.202818,-27.543051,1781
301011005,Thorneside,3GBRI,Greater Brisbane,153.200871,-27.484367,466
301011006,Wellington Point,3GBRI,Greater Brisbane,153.241511,-27.494834,870
301021007,Cleveland,3GBRI,Greater Brisbane,153.267166,-27.533037,1959
301021008,Ormiston,3GBRI,Greater Brisbane,153.255269,-27.51008,482
301021009,Redland Bay,3GBRI,Greater Brisbane,153.290859,-27.647864,1367
301021011,Sheldon - Mount Cotton,3GBRI,Greater Brisbane,153.216805,-27.607704,281
301021012,Thornlands,3GBRI,Greater Brisbane,153.260891,-27.567686,1669
301021013,Victoria Point,3GBRI,Greater Brisbane,153.286997,-27.587134,1154
301021550,North Stradbroke Island,3GBRI,Greater Brisbane,153.454506,-27.546361,294
301021551,Southern Moreton Bay Islands,3GBRI,Greater Brisbane,153.382223,-27.674067,959
301031014,Brisbane Port - Lytton,3GBRI,Greater Brisbane,153.169825,-27.393841,10
301031015,Manly - Lota,3GBRI,Greater Brisbane,153.185531,-27.462327,789
301031016,Manly West,3GBRI,Greater Brisbane,153.166102,-27.467477,979
301031017,Murarrie,3GBRI,Greater Brisbane,153.108149,-27.453976,625
301031018,Tingalpa,3GBRI,Greater Brisbane,153.127245,-27.473788,858
301031019,Wakerley,3GBRI,Greater Brisbane,153.157022,-27.482852,632
301031020,Wynnum,3GBRI,Greater Brisbane,153.167234,-27.440473,1973
301031021,Wynnum West - Hemmant,3GBRI,Greater Brisbane,153.141016,-27.449747,1886
302011022,Bald Hills,3GBRI,Greater Brisbane,153.019719,-27.307621,683
302011023,Bridgeman Downs,3GBRI,Greater Brisbane,152.994412,-27.351992,528
302011024,Carseldine,3GBRI,Greater Brisbane,153.015546,-27.347523,1074
302011025,Everton Park,3GBRI,Greater Brisbane,152.987341,-27.400924,1643
302011026,McDowall,3GBRI,Greater Brisbane,152.99179,-27.382476,647
302021027,Aspley,3GBRI,Greater Brisbane,153.018432,-27.366969,1234
302021028,Chermside,3GBRI,Greater Brisbane,153.032133,-27.385603,3394
302021029,Chermside West,3GBRI,Greater Brisbane,153.012437,-27.383179,601
302021030,Geebung,3GBRI,Greater Brisbane,153.047038,-27.372652,419
302021031,Kedron - Gordon Park,3GBRI,Greater Brisbane,153.030478,-27.406022,2482
302021032,Stafford,3GBRI,Greater Brisbane,153.010298,-27.40947,1411
302021033,Stafford Heights,3GBRI,Greater Brisbane,153.009138,-27.396826,754
302021034,Wavell Heights,3GBRI,Greater Brisbane,153.047444,-27.392249,1000
302031035,Boondall,3GBRI,Greater Brisbane,153.069421,-27.348763,970
302031036,Brisbane Airport,3GBRI,Greater Brisbane,153.117779,-27.392677,11
302031037,Eagle Farm - Pinkenba,3GBRI,Greater Brisbane,153.096517,-27.434753,625
302031038,Northgate - Virginia,3GBRI,Greater Brisbane,153.067634,-27.383842,996
302031039,Nudgee - Banyo,3GBRI,Greater Brisbane,153.089719,-27.36717,1127
302031040,Nundah,3GBRI,Greater Brisbane,153.06213,-27.402491,3518
302041041,Bracken Ridge,3GBRI,Greater Brisbane,153.034325,-27.320054,1457
302041042,Brighton (Qld),3GBRI,Greater Brisbane,153.055438,-27.296503,736
302041043,Deagon,3GBRI,Greater Brisbane,153.059647,-27.327786,446
302041044,Sandgate - Shorncliffe,3GBRI,Greater Brisbane,153.068234,-27.320396,772
302041045,Taigum - Fitzgibbon,3GBRI,Greater Brisbane,153.038928,-27.340566,1944
302041046,Zillmere,3GBRI,Greater Brisbane,153.03889,-27.358425,2060
303011047,Camp Hill,3GBRI,Greater Brisbane,153.078,-27.496407,1231
303011048,Cannon Hill,3GBRI,Greater Brisbane,153.094684,-27.4724,1055
303011049,Carina,3GBRI,Greater Brisbane,153.09884,-27.487618,1563
303011050,Carina Heights,3GBRI,Greater Brisbane,153.091255,-27.507223,1155
303011051,Carindale,3GBRI,Greater Brisbane,153.11311,-27.51039,836
303021052,Annerley,3GBRI,Greater Brisbane,153.032525,-27.512179,2773
303021053,Coorparoo,3GBRI,Greater Brisbane,153.061319,-27.498687,3380
303021054,Fairfield - Dutton Park,3GBRI,Greater Brisbane,153.024468,-27.501884,1030
303021055,Greenslopes,3GBRI,Greater Brisbane,153.047811,-27.506948,2586
303021056,Holland Park,3GBRI,Greater Brisbane,153.069893,-27.518512,1091
303021057,Holland Park West,3GBRI,Greater Brisbane,153.060257,-27.526132,848
303021058,Woolloongabba,3GBRI,Greater Brisbane,153.036586,-27.492943,2395
303021059,Yeronga,3GBRI,Greater Brisbane,153.016639,-27.523147,1592
303031060,Eight Mile Plains,3GBRI,Greater Brisbane,153.092022,-27.579206,1786
303031061,Macgregor (Qld),3GBRI,Greater Brisbane,153.072993,-27.565264,686
303031062,Mansfield (Qld),3GBRI,Greater Brisbane,153.10526,-27.534798,812
303031063,Mount Gravatt,3GBRI,Greater Brisbane,153.080612,-27.533494,2346
303031064,Rochedale - Burbank,3GBRI,Greater Brisbane,153.146361,-27.563686,627
303031065,Upper Mount Gravatt,3GBRI,Greater Brisbane,153.081685,-27.553369,1848
303031066,Wishart,3GBRI,Greater Brisbane,153.101215,-27.554533,966
303041067,Coopers Plains,3GBRI,Greater Brisbane,153.036314,-27.565646,1022
303041068,Moorooka,3GBRI,Greater Brisbane,153.024606,-27.534314,1835
303041069,Robertson,3GBRI,Greater Brisbane,153.057343,-27.565316,558
303041070,Salisbury - Nathan,3GBRI,Greater Brisbane,153.044218,-27.54885,780
303041071,Tarragindi,3GBRI,Greater Brisbane,153.045485,-27.526999,749
303051072,Algester,3GBRI,Greater Brisbane,153.032534,-27.612567,941
303051073,Calamvale - Stretton,3GBRI,Greater Brisbane,153.06742,-27.628321,2158
303051074,Pallara - Willawong,3GBRI,Greater Brisbane,153.003449,-27.621292,830
303051075,Parkinson - Drewvale,3GBRI,Greater Brisbane,153.038695,-27.644411,1002
303051076,Rocklea - Acacia Ridge,3GBRI,Greater Brisbane,153.012246,-27.567828,1696
303061077,Kuraby,3GBRI,Greater Brisbane,153.093761,-27.606738,636
303061078,Runcorn,3GBRI,Greater Brisbane,153.076774,-27.598213,1789
303061079,Sunnybank,3GBRI,Greater Brisbane,153.059418,-27.57847,1150
303061080,Sunnybank Hills,3GBRI,Greater Brisbane,153.052014,-27.595917,1749
304011081,Jindalee - Mount Ommaney,3GBRI,Greater Brisbane,152.935006,-27.540263,410
304011082,Middle Park - Jamboree Heights,3GBRI,Greater Brisbane,152.92729,-27.556177,492
304011083,Riverhills,3GBRI,Greater Brisbane,152.909703,-27.561899,377
304011084,Seventeen Mile Rocks - Sinnamon Park,3GBRI,Greater Brisbane,152.952123,-27.545907,565
304011085,Westlake,3GBRI,Greater Brisbane,152.912739,-27.548426,165
304021086,Bellbowrie - Moggill,3GBRI,Greater Brisbane,152.879168,-27.572854,511
304021087,Brookfield - Kenmore Hills,3GBRI,Greater Brisbane,152.87542,-27.477012,227
304021088,Chapel Hill,3GBRI,Greater Brisbane,152.948486,-27.498888,503
304021089,Fig Tree Pocket,3GBRI,Greater Brisbane,152.961899,-27.527728,182
304021090,Kenmore,3GBRI,Greater Brisbane,152.93764,-27.516839,562
304021091,Pinjarra Hills - Pullenvale,3GBRI,Greater Brisbane,152.878481,-27.525204,111
304031092,Chelmer - Graceville,3GBRI,Greater Brisbane,152.979007,-27.517887,487
304031093,Corinda,3GBRI,Greater Brisbane,152.983635,-27.54317,572
304031094,Indooroopilly,3GBRI,Greater Brisbane,152.979611,-27.506188,2292
304031095,Sherwood,3GBRI,Greater Brisbane,152.98101,-27.530489,947
304031096,St Lucia,3GBRI,Greater Brisbane,153.004716,-27.497974,2112
304031097,Taringa,3GBRI,Greater Brisbane,152.981817,-27.493477,1885
304041098,Enoggera,3GBRI,Greater Brisbane,152.974896,-27.427117,1792
304041099,Enoggera Reservoir,3GBRI,Greater Brisbane,152.870583,-27.433455,5
304041100,Keperra,3GBRI,Greater Brisbane,152.952282,-27.41369,952
304041101,Mitchelton,3GBRI,Greater Brisbane,152.970423,-27.412315,1241
304041102,Mount Coot-tha,3GBRI,Greater Brisbane,152.948506,-27.474851,0
304041103,The Gap,3GBRI,Greater Brisbane,152.941166,-27.445861,890
304041104,Upper Kedron - Ferny Grove,3GBRI,Greater Brisbane,152.920592,-27.414262,943
305011105,Brisbane City,3GBRI,Greater Brisbane,153.023245,-27.468263,3958
305011106,Fortitude Valley,3GBRI,Greater Brisbane,153.035406,-27.456199,4084
305011107,Highgate Hill,3GBRI,Greater Brisbane,153.0175,-27.487624,1269
305011108,Kangaroo Point,3GBRI,Greater Brisbane,153.036687,-27.476844,2965
305011109,New Farm,3GBRI,Greater Brisbane,153.045422,-27.466221,3158
305011110,South Brisbane,3GBRI,Greater Brisbane,153.019721,-27.479067,4214
305011111,Spring Hill,3GBRI,Greater Brisbane,153.024761,-27.459474,2039
305011112,West End,3GBRI,Greater Brisbane,153.006167,-27.483706,3855
305021113,Balmoral,3GBRI,Greater Brisbane,153.06766,-27.456146,607
305021114,Bulimba,3GBRI,Greater Brisbane,153.059177,-27.448624,1061
305021115,East Brisbane,3GBRI,Greater Brisbane,153.046892,-27.483844,1448
305021116,Hawthorne,3GBRI,Greater Brisbane,153.059284,-27.463928,702
305021117,Morningside - Seven Hills,3GBRI,Greater Brisbane,153.076245,-27.466577,2531
305021118,Norman Park,3GBRI,Greater Brisbane,153.062903,-27.480071,862
305031119,Albion,3GBRI,Greater Brisbane,153.044509,-27.432519,1165
305031120,Alderley,3GBRI,Greater Brisbane,153.001095,-27.425481,1055
305031121,Ascot,3GBRI,Greater Brisbane,153.066193,-27.429917,1034
305031122,Clayfield,3GBRI,Greater Brisbane,153.054418,-27.419037,2050
305031123,Grange,3GBRI,Greater Brisbane,153.015308,-27.422595,406
305031124,Hamilton (Qld),3GBRI,Greater Brisbane,153.061338,-27.436728,1565
305031125,Hendra,3GBRI,Greater Brisbane,153.070246,-27.417798,411
305031126,Kelvin Grove - Herston,3GBRI,Greater Brisbane,153.016794,-27.448869,2521
305031127,Newmarket,3GBRI,Greater Brisbane,153.007755,-27.435343,872
305031128,Newstead - Bowen Hills,3GBRI,Greater Brisbane,153.040834,-27.448017,6546
305031129,Wilston,3GBRI,Greater Brisbane,153.018712,-27.434739,493
305031130,Windsor,3GBRI,Greater Brisbane,153.030208,-27.434137,1852
305031131,Wooloowin - Lutwyche,3GBRI,Greater Brisbane,153.040751,-27.416979,2427
305041132,Ashgrove,3GBRI,Greater Brisbane,152.981928,-27.444183,1287
305041133,Auchenflower,3GBRI,Greater Brisbane,152.995096,-27.47389,1132
305041134,Bardon,3GBRI,Greater Brisbane,152.979265,-27.460963,750
305041135,Paddington - Milton,3GBRI,Greater Brisbane,152.99982,-27.463093,2555
305041136,Red Hill (Qld),3GBRI,Greater Brisbane,153.001916,-27.452534,1095
305041137,Toowong,3GBRI,Greater Brisbane,152.984002,-27.481442,2927
310011271,Darra - Sumner,3GBRI,Greater Brisbane,152.948041,-27.567686,661
310011272,Durack,3GBRI,Greater Brisbane,152.985544,-27.589272,1001
310011274,Inala - Richlands,3GBRI,Greater Brisbane,152.96287,-27.591693,3742
310011275,Oxley (Qld),3GBRI,Greater Brisbane,152.975946,-27.561599,909
310011276,Wacol,3GBRI,Greater Brisbane,152.922108,-27.588647,499
310011563,Doolandella,3GBRI,Greater Brisbane,152.984079,-27.613125,1115
310011564,Forest Lake - Ellen Grove,3GBRI,Greater Brisbane,152.959011,-27.619784,2434
310021277,Boonah,3GBRI,Greater Brisbane,152.612492,-27.994383,753
310021278,Esk,3GBRI,Greater Brisbane,152.438366,-27.206944,384
310021279,Lake Manchester - England Creek,3GBRI,Greater Brisbane,152.76393,-27.414256,0
310021280,Lockyer Valley - East,3GBRI,Greater Brisbane,152.379408,-27.643602,1509
310021281,Lowood,3GBRI,Greater Brisbane,152.576978,-27.44151,1096
310021282,Rosewood,3GBRI,Greater Brisbane,152.57924,-27.681521,1163
310031283,Brassall,3GBRI,Greater Brisbane,152.736377,-27.590081,2123
310031284,Bundamba,3GBRI,Greater Brisbane,152.811183,-27.607451,1439
310031285,Churchill - Yamanto,3GBRI,Greater Brisbane,152.742344,-27.649673,795
310031286,Ipswich - Central,3GBRI,Greater Brisbane,152.754509,-27.617025,1030
310031287,Ipswich - East,3GBRI,Greater Brisbane,152.783987,-27.611878,2851
310031288,Ipswich - North,3GBRI,Greater Brisbane,152.735438,-27.546389,246
310031289,Karalee - Barellan Point,3GBRI,Greater Brisbane,152.828874,-27.563004,279
310031290,Karana Downs,3GBRI,Greater Brisbane,152.793284,-27.519539,207
310031291,Leichhardt - One Mile,3GBRI,Greater Brisbane,152.716208,-27.605491,1655
310031292,North Ipswich - Tivoli,3GBRI,Greater Brisbane,152.772656,-27.590594,716
310031293,Raceview,3GBRI,Greater Brisbane,152.772632,-27.643629,2003
310031294,Ripley,3GBRI,Greater Brisbane,152.814814,-27.699439,1743
310031295,Riverview,3GBRI,Greater Brisbane,152.841752,-27.591473,491
310041297,Camira - Gailes,3GBRI,Greater Brisbane,152.919754,-27.631163,757
310041298,Carole Park,3GBRI,Greater Brisbane,152.929589,-27.62125,8
310041299,Collingwood Park - Redbank,3GBRI,Greater Brisbane,152.864545,-27.611897,1506
310041300,Goodna,3GBRI,Greater Brisbane,152.892535,-27.611682,1703
310041301,New Chum,3GBRI,Greater Brisbane,152.83273,-27.61801,0
310041302,Redbank Plains,3GBRI,Greater Brisbane,152.850321,-27.651197,4351
310041303,Springfield,3GBRI,Greater Brisbane,152.910075,-27.652355,774
310041304,Springfield Lakes,3GBRI,Greater Brisbane,152.905105,-27.685157,3162
310041565,Augustine Heights - Brookwater,3GBRI,Greater Brisbane,152.887444,-27.66147,875
310041566,Bellbird Park,3GBRI,Greater Brisbane,152.886633,-27.6366,1335
311011305,Beaudesert,3GBRI,Greater Brisbane,152.919278,-28.137617,1840
311021306,Beenleigh,3GBRI,Greater Brisbane,153.193453,-27.715064,1746
311021307,Eagleby,3GBRI,Greater Brisbane,153.219414,-27.698655,2339
311021308,Edens Landing - Holmview,3GBRI,Greater Brisbane,153.169959,-27.710613,1314
311021309,Mount Warren Park,3GBRI,Greater Brisbane,153.205268,-27.730963,476
311021310,Wolffdene - Bahrs Scrub,3GBRI,Greater Brisbane,153.17528,-27.759749,898
311031311,Boronia Heights - Park Ridge,3GBRI,Greater Brisbane,153.040859,-27.705064,2777
311031312,Browns Plains,3GBRI,Greater Brisbane,153.062404,-27.662583,1188
311031313,Chambers Flat - Logan Reserve,3GBRI,Greater Brisbane,153.088873,-27.736608,1128
311031314,Crestmead,3GBRI,Greater Brisbane,153.08428,-27.687538,1609
311031315,Greenbank Military Camp,3GBRI,Greater Brisbane,152.970783,-27.671531,0
311031316,Hillcrest,3GBRI,Greater Brisbane,153.011507,-27.665154,901
311031317,Marsden,3GBRI,Greater Brisbane,153.097544,-27.673514,2399
311031318,Munruben - Park Ridge South,3GBRI,Greater Brisbane,153.034729,-27.737948,139
311031319,Regents Park - Heritage Park,3GBRI,Greater Brisbane,153.051052,-27.679591,1187
311041322,Logan Village,3GBRI,Greater Brisbane,153.108362,-27.772109,283
311041567,Flagstone (East) - Riverbend,3GBRI,Greater Brisbane,152.970023,-27.820427,288
311041568,Flagstone (West) - New Beith,3GBRI,Greater Brisbane,152.886087,-27.790183,336
311041569,Greenbank - North Maclean,3GBRI,Greater Brisbane,152.978262,-27.744639,386
311041570,Jimboomba - Glenlogan,3GBRI,Greater Brisbane,153.035264,-27.866859,600
311041571,Yarrabilba,3GBRI,Greater Brisbane,153.137922,-27.825206,1907
311051323,Bethania - Waterford,3GBRI,Greater Brisbane,153.148866,-27.698455,1605
311051324,Cornubia - Carbrook,3GBRI,Greater Brisbane,153.238883,-27.668669,409
311051325,Loganholme - Tanah Merah,3GBRI,Greater Brisbane,153.181784,-27.680175,1062
311051326,Loganlea,3GBRI,Greater Brisbane,153.138941,-27.670108,2105
311051327,Shailer Park,3GBRI,Greater Brisbane,153.177452,-27.649867,804
311051328,Waterford West,3GBRI,Greater Brisbane,153.125558,-27.692809,1062
311061329,Daisy Hill,3GBRI,Greater Brisbane,153.15808,-27.630176,538
311061330,Kingston (Qld),3GBRI,Greater Brisbane,153.113197,-27.65923,1635
311061331,Logan Central,3GBRI,Greater Brisbane,153.098905,-27.647176,1226
311061332,Rochedale South - Priestdale,3GBRI,Greater Brisbane,153.148526,-27.603519,1204
311061333,Slacks Creek,3GBRI,Greater Brisbane,153.133552,-27.640991,1521
311061334,Springwood,3GBRI,Greater Brisbane,153.138257,-27.620242,1057
311061335,Underwood,3GBRI,Greater Brisbane,153.111295,-27.608947,595
311061336,Woodridge,3GBRI,Greater Brisbane,153.105756,-27.628528,2559
313011362,Beachmere - Sandstone Point,3GBRI,Greater Brisbane,153.063323,-27.063444,1413
313011363,Bribie Island,3GBRI,Greater Brisbane,153.135844,-26.988678,2221
313021364,Burpengary - East,3GBRI,Greater Brisbane,153.001855,-27.128581,351
313021366,Caboolture - South,3GBRI,Greater Brisbane,152.935472,-27.102529,3883
313021367,Elimbah,3GBRI,Greater Brisbane,152.961433,-27.000373,121
313021368,Morayfield - East,3GBRI,Greater Brisbane,152.965037,-27.107611,1631
313021369,Wamuran,3GBRI,Greater Brisbane,152.872325,-27.042589,162
313021572,Caboolture - East,3GBRI,Greater Brisbane,152.993826,-27.066411,2996
313021573,Caboolture - West,3GBRI,Greater Brisbane,152.926102,-27.056922,1402
313031370,Kilcoy,3GBRI,Greater Brisbane,152.383615,-26.783471,432
313031371,Woodford - D'Aguilar,3GBRI,Greater Brisbane,152.763105,-26.950825,391
313041372,Burpengary,3GBRI,Greater Brisbane,152.958254,-27.1584,1753
313041373,Deception Bay,3GBRI,Greater Brisbane,153.00981,-27.17832,3065
313041374,Morayfield,3GBRI,Greater Brisbane,152.921538,-27.14307,471
313041375,Narangba,3GBRI,Greater Brisbane,152.923978,-27.185615,1541
313041376,Upper Caboolture,3GBRI,Greater Brisbane,152.866937,-27.122798,85
313051377,Clontarf,3GBRI,Greater Brisbane,153.082368,-27.247126,1149
313051378,Margate - Woody Point,3GBRI,Greater Brisbane,153.102811,-27.248136,2199
313051379,Redcliffe,3GBRI,Greater Brisbane,153.107324,-27.226963,2073
313051380,Rothwell - Kippa-Ring,3GBRI,Greater Brisbane,153.064833,-27.216075,2361
313051574,Moreton Island,3GBRI,Greater Brisbane,153.406285,-27.149235,37
313051575,Scarborough - Newport,3GBRI,Greater Brisbane,153.09785,-27.207574,1690
314011382,Albany Creek,3GBRI,Greater Brisbane,152.968932,-27.354467,885
314011383,Cashmere,3GBRI,Greater Brisbane,152.921398,-27.298595,1477
314011384,Dayboro,3GBRI,Greater Brisbane,152.813546,-27.218923,259
314011385,Eatons Hill,3GBRI,Greater Brisbane,152.936957,-27.340149,255
314011386,The Hills District,3GBRI,Greater Brisbane,152.941283,-27.381201,1635
314011387,Samford Valley,3GBRI,Greater Brisbane,152.838004,-27.357198,280
314021389,Murrumba Downs - Griffin,3GBRI,Greater Brisbane,153.031447,-27.270307,3290
314021576,Dakabin,3GBRI,Greater Brisbane,152.985265,-27.222701,1183
314021577,Kallangur,3GBRI,Greater Brisbane,152.992351,-27.247878,3497
314021578,Mango Hill,3GBRI,Greater Brisbane,153.04559,-27.242265,2183
314021579,North Lakes,3GBRI,Greater Brisbane,153.013928,-27.222111,2874
314031391,Bray Park,3GBRI,Greater Brisbane,152.967811,-27.292475,992
314031392,Lawnton,3GBRI,Greater Brisbane,152.982354,-27.281039,1062
314031393,Petrie,3GBRI,Greater Brisbane,152.972495,-27.264797,942
314031394,Strathpine - Brendale,3GBRI,Greater Brisbane,152.983213,-27.314335,1919
401011001,Adelaide,4GADE,Greater Adelaide,138.600652,-34.928665,5454
401011002,North Adelaide,4GADE,Greater Adelaide,138.595448,-34.908431,1389
401021003,Adelaide Hills,4GADE,Greater Adelaide,138.882135,-34.810324,218
401021004,Aldgate - Stirling,4GADE,Greater Adelaide,138.725532,-35.03488,549
401021005,Hahndorf - Echunga,4GADE,Greater Adelaide,138.776497,-35.090874,238
401021006,Lobethal - Woodside,4GADE,Greater Adelaide,138.869675,-34.948805,526
401021007,Mount Barker,4GADE,Greater Adelaide,138.863733,-35.069137,2228
401021008,Mount Barker Surrounds,4GADE,Greater Adelaide,138.904496,-35.090745,244
401021009,Nairne,4GADE,Greater Adelaide,138.911936,-35.032585,406
401021010,Uraidla - Summertown,4GADE,Greater Adelaide,138.743239,-34.923445,291
401031011,Burnside - Wattle Park,4GADE,Greater Adelaide,138.671965,-34.925845,1514
401031012,Beaumont - Glen Osmond,4GADE,Greater Adelaide,138.658528,-34.958454,564
401031013,Toorak Gardens,4GADE,Greater Adelaide,138.641158,-34.937323,1786
401041014,Athelstone,4GADE,Greater Adelaide,138.705426,-34.8714,455
401041015,Paradise - Newton,4GADE,Greater Adelaide,138.671898,-34.877508,2651
401041016,Rostrevor - Magill,4GADE,Greater Adelaide,138.679363,-34.898417,2645
401051017,Norwood (SA),4GADE,Greater Adelaide,138.634033,-34.922814,2264
401051018,Payneham - Felixstow,4GADE,Greater Adelaide,138.648247,-34.900218,1831
401051019,St Peters - Marden,4GADE,Greater Adelaide,138.627936,-34.903882,1775
401061020,Nailsworth - Broadview,4GADE,Greater Adelaide,138.610319,-34.88404,923
401061021,Prospect,4GADE,Greater Adelaide,138.592803,-34.884,2070
401061022,Walkerville,4GADE,Greater Adelaide,138.617069,-34.892777,898
401071023,Goodwood - Millswood,4GADE,Greater Adelaide,138.589369,-34.955775,2293
401071024,Unley - Parkside,4GADE,Greater Adelaide,138.618791,-34.953715,2520
402011025,Gawler - North,4GADE,Greater Adelaide,138.714939,-34.561674,558
402011026,Gawler - South,4GADE,Greater Adelaide,138.761623,-34.610466,2423
402011027,Lewiston - Two Wells,4GADE,Greater Adelaide,138.55713,-34.604838,190
402021028,Craigmore - Blakeview,4GADE,Greater Adelaide,138.709797,-34.685743,1775
402021029,Davoren Park,4GADE,Greater Adelaide,138.666449,-34.687432,2818
402021030,Elizabeth,4GADE,Greater Adelaide,138.66411,-34.737936,2347
402021031,Elizabeth East,4GADE,Greater Adelaide,138.684877,-34.72594,1720
402021032,Munno Para West - Angle Vale,4GADE,Greater Adelaide,138.650063,-34.650172,1787
402021033,One Tree Hill,4GADE,Greater Adelaide,138.769927,-34.702085,34
402021034,Smithfield - Elizabeth North,4GADE,Greater Adelaide,138.68896,-34.692097,2299
402021035,Virginia - Waterloo Corner,4GADE,Greater Adelaide,138.548597,-34.687232,286
402031036,Enfield - Blair Athol,4GADE,Greater Adelaide,138.600124,-34.854087,4110
402031038,Windsor Gardens,4GADE,Greater Adelaide,138.640522,-34.871023,3276
402031175,Northgate - Northfield,4GADE,Greater Adelaide,138.632665,-34.852935,2122
402031176,Valley View - Gilles Plains,4GADE,Greater Adelaide,138.660217,-34.843675,1103
402041039,Dry Creek - North,4GADE,Greater Adelaide,138.567451,-34.782727,0
402041040,Ingle Farm,4GADE,Greater Adelaide,138.647084,-34.830146,1469
402041041,Para Hills,4GADE,Greater Adelaide,138.658382,-34.80384,1247
402041042,Parafield,4GADE,Greater Adelaide,138.631065,-34.796611,0
402041043,Parafield Gardens,4GADE,Greater Adelaide,138.610806,-34.782528,1742
402041044,Paralowie,4GADE,Greater Adelaide,138.603997,-34.7579,1510
402041046,Salisbury,4GADE,Greater Adelaide,138.639071,-34.771191,2591
402041047,Salisbury East,4GADE,Greater Adelaide,138.676559,-34.77153,1459
402041048,Salisbury North,4GADE,Greater Adelaide,138.625401,-34.726736,2169
402041171,Mawson Lakes - Globe Derby Park,4GADE,Greater Adelaide,138.604036,-34.802189,1940
402041172,Pooraka - Cavan,4GADE,Greater Adelaide,138.616711,-34.825592,918
402051049,Golden Grove,4GADE,Greater Adelaide,138.739025,-34.768751,723
402051050,Greenwith,4GADE,Greater Adelaide,138.713912,-34.765563,697
402051051,Highbury - Dernancourt,4GADE,Greater Adelaide,138.715415,-34.854321,548
402051052,Hope Valley - Modbury,4GADE,Greater Adelaide,138.688152,-34.84291,1860
402051053,Modbury Heights,4GADE,Greater Adelaide,138.684972,-34.809471,1330
402051054,Redwood Park,4GADE,Greater Adelaide,138.730445,-34.803027,743
402051055,St Agnes - Ridgehaven,4GADE,Greater Adelaide,138.724906,-34.827182,904
403011056,Brighton (SA),4GADE,Greater Adelaide,138.522639,-35.018676,1455
403011057,Glenelg (SA),4GADE,Greater Adelaide,138.519496,-34.983508,3139
403021058,Edwardstown,4GADE,Greater Adelaide,138.565105,-34.978021,2407
403021059,Hallett Cove,4GADE,Greater Adelaide,138.510925,-35.072724,673
403021060,Marino - Seaview Downs,4GADE,Greater Adelaide,138.534972,-35.044263,552
403021061,Mitchell Park,4GADE,Greater Adelaide,138.561164,-35.008603,2734
403021062,Morphettville,4GADE,Greater Adelaide,138.543423,-34.984476,2305
403021063,Sheidow Park - Trott Park,4GADE,Greater Adelaide,138.538262,-35.072345,443
403021064,Warradale,4GADE,Greater Adelaide,138.540373,-35.012443,2460
403031065,Belair,4GADE,Greater Adelaide,138.648681,-34.997772,141
403031066,Bellevue Heights,4GADE,Greater Adelaide,138.586036,-35.024518,514
403031067,Blackwood,4GADE,Greater Adelaide,138.627265,-35.027583,486
403031068,Colonel Light Gardens,4GADE,Greater Adelaide,138.58701,-34.979323,1326
403031069,Mitcham (SA),4GADE,Greater Adelaide,138.619725,-34.978038,1152
403031070,Panorama,4GADE,Greater Adelaide,138.588463,-35.00264,812
403041071,Aberfoyle Park,4GADE,Greater Adelaide,138.613689,-35.077968,605
403041072,Aldinga,4GADE,Greater Adelaide,138.4683,-35.289259,1537
403041073,Christie Downs,4GADE,Greater Adelaide,138.497487,-35.144754,1574
403041074,Christies Beach,4GADE,Greater Adelaide,138.477186,-35.136365,1702
403041075,Clarendon,4GADE,Greater Adelaide,138.65496,-35.123904,66
403041076,Coromandel Valley,4GADE,Greater Adelaide,138.623405,-35.045238,115
403041077,Flagstaff Hill,4GADE,Greater Adelaide,138.581829,-35.047704,451
403041078,Hackham - Onkaparinga Hills,4GADE,Greater Adelaide,138.553781,-35.146439,463
403041079,Hackham West - Huntfield Heights,4GADE,Greater Adelaide,138.514664,-35.148963,1121
403041080,Happy Valley,4GADE,Greater Adelaide,138.581487,-35.086938,647
403041081,Happy Valley Reservoir,4GADE,Greater Adelaide,138.573703,-35.067637,0
403041082,Lonsdale,4GADE,Greater Adelaide,138.492845,-35.106647,10
403041083,McLaren Vale,4GADE,Greater Adelaide,138.565451,-35.202622,431
403041084,Morphett Vale - East,4GADE,Greater Adelaide,138.535664,-35.119932,1484
403041085,Morphett Vale - West,4GADE,Greater Adelaide,138.515538,-35.12227,1323
403041086,Reynella,4GADE,Greater Adelaide,138.532463,-35.095153,775
403041088,Willunga,4GADE,Greater Adelaide,138.542297,-35.28153,169
403041089,Woodcroft,4GADE,Greater Adelaide,138.56906,-35.108581,653
403041177,Seaford - Seaford Meadows,4GADE,Greater Adelaide,138.48351,-35.174631,1562
403041178,Seaford Rise - Moana,4GADE,Greater Adelaide,138.480481,-35.220244,904
404011090,Beverley,4GADE,Greater Adelaide,138.537131,-34.889859,1123
404011091,Flinders Park,4GADE,Greater Adelaide,138.53454,-34.90664,1924
404011092,Henley Beach,4GADE,Greater Adelaide,138.505287,-34.917849,1651
404011093,Hindmarsh - Brompton,4GADE,Greater Adelaide,138.566551,-34.897733,3354
404011094,Royal Park - Hendon - Albert Park,4GADE,Greater Adelaide,138.513011,-34.873055,829
404011095,Seaton - Grange,4GADE,Greater Adelaide,138.506278,-34.89434,2263
404011096,West Lakes,4GADE,Greater Adelaide,138.490118,-34.868914,1429
404011097,Woodville - Cheltenham,4GADE,Greater Adelaide,138.538562,-34.868878,2658
404021098,Dry Creek - South,4GADE,Greater Adelaide,138.545792,-34.825145,0
404021099,Largs Bay - Semaphore,4GADE,Greater Adelaide,138.491995,-34.836317,1879
404021100,North Haven,4GADE,Greater Adelaide,138.499215,-34.791521,1673
404021101,Port Adelaide,4GADE,Greater Adelaide,138.519517,-34.841383,1717
404021102,The Parks,4GADE,Greater Adelaide,138.56432,-34.856284,3103
404021103,Torrens Island,4GADE,Greater Adelaide,138.528181,-34.787798,0
404031104,Adelaide Airport,4GADE,Greater Adelaide,138.530828,-34.946181,0
404031105,Fulham,4GADE,Greater Adelaide,138.51349,-34.927338,244
404031106,Lockleys,4GADE,Greater Adelaide,138.537939,-34.925422,1710
404031107,Plympton,4GADE,Greater Adelaide,138.550469,-34.95778,4203
404031108,Richmond (SA),4GADE,Greater Adelaide,138.566046,-34.927775,2974
404031109,West Beach,4GADE,Greater Adelaide,138.509567,-34.945995,566
502011021,Dawesville - Bouvard,5GPER,Greater Perth,115.64508,-32.716394,458
502011022,Falcon - Wannanup,5GPER,Greater Perth,115.656209,-32.587937,848
502011023,Greenfields,5GPER,Greater Perth,115.763122,-32.524092,963
502011024,Halls Head - Erskine,5GPER,Greater Perth,115.697257,-32.547322,1585
502011025,Mandurah,5GPER,Greater Perth,115.734082,-32.523552,2327
502011026,Mandurah - East,5GPER,Greater Perth,115.788137,-32.564419,514
502011027,Mandurah - North,5GPER,Greater Perth,115.772667,-32.481608,1554
502011028,Mandurah - South,5GPER,Greater Perth,115.739992,-32.551983,1398
502011029,Pinjarra,5GPER,Greater Perth,115.864964,-32.637072,707
503011030,City Beach,5GPER,Greater Perth,115.765549,-31.935643,247
503011031,Claremont (WA),5GPER,Greater Perth,115.782261,-31.981209,1264
503011032,Cottesloe,5GPER,Greater Perth,115.757934,-31.994548,800
503011033,Floreat,5GPER,Greater Perth,115.792107,-31.938502,355
503011034,Mosman Park - Peppermint Grove,5GPER,Greater Perth,115.765779,-32.011761,1316
503011035,Nedlands - Dalkeith - Crawley,5GPER,Greater Perth,115.805876,-31.985004,1929
503011036,Swanbourne - Mount Claremont,5GPER,Greater Perth,115.775849,-31.965918,679
503021037,Kings Park (WA),5GPER,Greater Perth,115.831837,-31.962277,5
503021038,Mount Hawthorn - Leederville,5GPER,Greater Perth,115.837443,-31.924481,1475
503021039,Mount Lawley - Inglewood,5GPER,Greater Perth,115.876665,-31.924601,2555
503021040,North Perth,5GPER,Greater Perth,115.852989,-31.926848,1294
503021042,Subiaco - Shenton Park,5GPER,Greater Perth,115.813595,-31.952345,3102
503021043,Wembley - West Leederville - Glendalough,5GPER,Greater Perth,115.821741,-31.932818,3265
503021295,East Perth,5GPER,Greater Perth,115.876571,-31.955986,3516
503021296,Perth (North) - Highgate,5GPER,Greater Perth,115.862382,-31.94182,3197
503021297,Perth (West) - Northbridge,5GPER,Greater Perth,115.853088,-31.951876,3859
504011044,Bassendean - Eden Hill - Ashfield,5GPER,Greater Perth,115.945333,-31.903917,1738
504011045,Bayswater - Embleton - Bedford,5GPER,Greater Perth,115.912776,-31.91425,2748
504011046,Maylands,5GPER,Greater Perth,115.90019,-31.936872,3169
504011047,Morley,5GPER,Greater Perth,115.909974,-31.887823,2464
504011048,Noranda,5GPER,Greater Perth,115.898822,-31.873378,497
504021049,Chidlow,5GPER,Greater Perth,116.303997,-31.809746,99
504021050,Glen Forrest - Darlington,5GPER,Greater Perth,116.09624,-31.895774,164
504021051,Helena Valley - Koongamia,5GPER,Greater Perth,116.043575,-31.918165,330
504021052,Malmalling - Reservoir,5GPER,Greater Perth,116.285832,-31.965286,5
504021053,Mundaring,5GPER,Greater Perth,116.173544,-31.885771,436
504021054,Swan View - Greenmount - Midvale,5GPER,Greater Perth,116.049382,-31.889695,1028
504031055,Avon Valley National Park,5GPER,Greater Perth,116.18885,-31.6361,0
504031056,Ballajura,5GPER,Greater Perth,115.900836,-31.825754,1122
504031057,Beechboro,5GPER,Greater Perth,115.951439,-31.837027,1516
504031058,Bullsbrook,5GPER,Greater Perth,116.028901,-31.663031,295
504031060,Gidgegannup,5GPER,Greater Perth,116.187423,-31.754432,64
504031061,Hazelmere - Guildford,5GPER,Greater Perth,116.000607,-31.915655,340
504031062,Lockridge - Kiara,5GPER,Greater Perth,115.969665,-31.876586,943
504031063,Malaga,5GPER,Greater Perth,115.8941,-31.85864,9
504031064,Melaleuca - Lexia,5GPER,Greater Perth,115.917832,-31.729374,0
504031065,Middle Swan - Herne Hill,5GPER,Greater Perth,116.025034,-31.844494,530
504031066,Midland - Guildford,5GPER,Greater Perth,116.003335,-31.894624,2313
504031067,Stratton - Jane Brook,5GPER,Greater Perth,116.06815,-31.83899,491
504031068,The Vines,5GPER,Greater Perth,116.042677,-31.774145,581
504031069,Walyunga National Park,5GPER,Greater Perth,116.076458,-31.72191,0
504031298,Aveley,5GPER,Greater Perth,115.988529,-31.780139,1039
504031299,Brabham - Henley Brook,5GPER,Greater Perth,115.985614,-31.812679,456
504031300,Ellenbrook,5GPER,Greater Perth,115.969026,-31.767224,1533
505011070,Craigie - Beldon,5GPER,Greater Perth,115.76776,-31.783392,950
505011071,Currambine - Kinross,5GPER,Greater Perth,115.74204,-31.72621,920
505011072,Duncraig,5GPER,Greater Perth,115.775995,-31.832879,666
505011073,Greenwood - Warwick,5GPER,Greater Perth,115.804784,-31.831739,799
505011074,Heathridge - Connolly,5GPER,Greater Perth,115.756134,-31.75692,812
505011075,Hillarys,5GPER,Greater Perth,115.743283,-31.808868,539
505011076,Iluka - Burns Beach,5GPER,Greater Perth,115.724359,-31.727197,251
505011077,Joondalup - Edgewater,5GPER,Greater Perth,115.774756,-31.74574,1747
505011078,Kingsley,5GPER,Greater Perth,115.800397,-31.810277,575
505011079,Mullaloo - Kallaroo,5GPER,Greater Perth,115.743256,-31.784456,570
505011080,Ocean Reef,5GPER,Greater Perth,115.735844,-31.758496,329
505011081,Padbury,5GPER,Greater Perth,115.768765,-31.806391,533
505011082,Sorrento - Marmion,5GPER,Greater Perth,115.754473,-31.831178,391
505011083,Woodvale,5GPER,Greater Perth,115.79672,-31.789258,328
505021084,Balcatta - Hamersley,5GPER,Greater Perth,115.817195,-31.865093,1765
505021085,Balga - Mirrabooka,5GPER,Greater Perth,115.85166,-31.856231,3217
505021087,Herdsman,5GPER,Greater Perth,115.80524,-31.920177,0
505021088,Innaloo - Doubleview,5GPER,Greater Perth,115.789085,-31.894259,2745
505021089,Karrinyup - Gwelup - Carine,5GPER,Greater Perth,115.782485,-31.865469,1048
505021090,Nollamara - Westminster,5GPER,Greater Perth,115.843084,-31.875369,3744
505021091,Osborne Park Industrial,5GPER,Greater Perth,115.812191,-31.905844,106
505021092,Scarborough,5GPER,Greater Perth,115.765487,-31.896606,3043
505021093,Stirling - Osborne Park,5GPER,Greater Perth,115.814923,-31.889887,1721
505021094,Trigg - North Beach - Watermans Bay,5GPER,Greater Perth,115.758739,-31.865129,664
505021095,Tuart Hill - Joondanna,5GPER,Greater Perth,115.835933,-31.90279,2724
505021096,Wembley Downs - Churchlands - Woodlands,5GPER,Greater Perth,115.784239,-31.916691,1029
505021097,Yokine - Coolbinia - Menora,5GPER,Greater Perth,115.854942,-31.905722,2427
505021301,Dianella - North,5GPER,Greater Perth,115.86841,-31.878829,792
505021302,Dianella - South,5GPER,Greater Perth,115.874696,-31.897171,1643
505031098,Alexander Heights - Koondoola,5GPER,Greater Perth,115.865906,-31.834905,887
505031099,Butler - Merriwa - Ridgewood,5GPER,Greater Perth,115.71039,-31.651391,2521
505031100,Carramar,5GPER,Greater Perth,115.784039,-31.684127,1198
505031101,Clarkson,5GPER,Greater Perth,115.72647,-31.694479,1557
505031102,Girrawheen,5GPER,Greater Perth,115.83992,-31.841022,1124
505031104,Marangaroo,5GPER,Greater Perth,115.837569,-31.827771,691
505031105,Mindarie - Quinns Rocks - Jindalee,5GPER,Greater Perth,115.69784,-31.667728,1334
505031106,Neerabup National Park,5GPER,Greater Perth,115.745161,-31.682734,4
505031107,Tapping - Ashby - Sinagra,5GPER,Greater Perth,115.843759,-31.723267,818
505031255,Alkimos - Eglinton,5GPER,Greater Perth,115.678037,-31.600197,1272
505031256,Carabooda - Pinjar,5GPER,Greater Perth,115.775784,-31.568734,61
505031257,Two Rocks,5GPER,Greater Perth,115.616645,-31.487735,227
505031258,Yanchep,5GPER,Greater Perth,115.646436,-31.548087,826
505031303,Hocking - Pearsall,5GPER,Greater Perth,115.851221,-31.774672,813
505031304,Landsdale,5GPER,Greater Perth,115.869135,-31.80839,527
505031305,Madeley - Darch,5GPER,Greater Perth,115.835536,-31.803196,715
505031306,Wanneroo - Sinagra,5GPER,Greater Perth,115.805857,-31.7492,1155
506011110,Armadale - Wungong - Brookdale,5GPER,Greater Perth,115.990842,-32.163417,2806
506011111,Ashendon - Lesley,5GPER,Greater Perth,116.20757,-32.184932,0
506011112,Camillo - Champion Lakes,5GPER,Greater Perth,115.990801,-32.11774,532
506011114,Kelmscott,5GPER,Greater Perth,116.025399,-32.115084,1111
506011115,Mount Nasura - Mount Richon - Bedfordale,5GPER,Greater Perth,116.061932,-32.177645,251
506011116,Roleystone,5GPER,Greater Perth,116.10853,-32.11487,179
506011117,Seville Grove,5GPER,Greater Perth,115.989101,-32.136504,830
506011307,Harrisdale,5GPER,Greater Perth,115.932394,-32.117504,724
506011308,Piara Waters - Forrestdale,5GPER,Greater Perth,115.931026,-32.151392,810
506021118,Belmont - Ascot - Redcliffe,5GPER,Greater Perth,115.934446,-31.941334,2427
506021119,East Victoria Park - Carlisle,5GPER,Greater Perth,115.909576,-31.985169,2943
506021120,Kewdale Commercial,5GPER,Greater Perth,115.959192,-31.980095,6
506021121,Perth Airport,5GPER,Greater Perth,115.971163,-31.945452,0
506021123,Victoria Park - Lathlain - Burswood,5GPER,Greater Perth,115.895859,-31.965118,3392
506021309,Cloverdale,5GPER,Greater Perth,115.944388,-31.962806,1483
506021310,Kewdale,5GPER,Greater Perth,115.932619,-31.974537,1061
506021311,Rivervale,5GPER,Greater Perth,115.915797,-31.96031,2614
506031124,Bentley - Wilson - St James,5GPER,Greater Perth,115.909212,-32.00975,3712
506031125,Canning Vale - West,5GPER,Greater Perth,115.906579,-32.088368,436
506031126,Canning Vale Commercial,5GPER,Greater Perth,115.911073,-32.065003,5
506031127,Cannington - Queens Park,5GPER,Greater Perth,115.945719,-32.010465,3344
506031128,Parkwood - Ferndale - Lynwood,5GPER,Greater Perth,115.921588,-32.039449,1241
506031129,Riverton - Shelley - Rossmoyne,5GPER,Greater Perth,115.8869,-32.034147,1134
506031130,Welshpool,5GPER,Greater Perth,115.948748,-31.992624,9
506031131,Willetton,5GPER,Greater Perth,115.887879,-32.05252,1217
506041132,Beckenham - Kenwick - Langford,5GPER,Greater Perth,115.968067,-32.028557,2363
506041133,Canning Vale - East,5GPER,Greater Perth,115.930163,-32.08608,1437
506041134,Gosnells,5GPER,Greater Perth,115.992054,-32.084873,2493
506041135,Huntingdale - Southern River,5GPER,Greater Perth,115.960977,-32.100362,1238
506041136,Maddington - Orange Grove - Martin,5GPER,Greater Perth,116.030986,-32.0602,1368
506041137,Thornlie,5GPER,Greater Perth,115.955023,-32.059953,1789
506051138,Forrestfield - Wattle Grove,5GPER,Greater Perth,116.004298,-31.989711,1431
506051139,High Wycombe,5GPER,Greater Perth,116.003457,-31.944462,1009
506051140,Kalamunda - Maida Vale - Gooseberry Hill,5GPER,Greater Perth,116.043535,-31.961021,725
506051141,Lesmurdie - Bickley - Carmel,5GPER,Greater Perth,116.141877,-32.02721,424
506061142,Byford,5GPER,Greater Perth,115.996834,-32.213401,962
506061143,Mundijong,5GPER,Greater Perth,115.979601,-32.267575,206
506061144,Serpentine - Jarrahdale,5GPER,Greater Perth,116.062804,-32.388809,142
506071145,Como,5GPER,Greater Perth,115.867521,-31.999633,2654
506071146,Manning - Waterford,5GPER,Greater Perth,115.874533,-32.016385,1008
506071147,South Perth - Kensington,5GPER,Greater Perth,115.869454,-31.980991,2860
507011148,Banjup,5GPER,Greater Perth,115.882125,-32.143963,1480
507011150,Bibra Industrial,5GPER,Greater Perth,115.808955,-32.105689,0
507011151,Bibra Lake,5GPER,Greater Perth,115.827694,-32.088443,0
507011152,Coogee,5GPER,Greater Perth,115.773202,-32.128763,499
507011153,Coolbellup,5GPER,Greater Perth,115.807715,-32.083408,1087
507011154,Hamilton Hill,5GPER,Greater Perth,115.779496,-32.084452,1750
507011155,Henderson,5GPER,Greater Perth,115.779409,-32.162284,3
507011158,North Coogee,5GPER,Greater Perth,115.759438,-32.09318,387
507011159,South Lake - Cockburn Central,5GPER,Greater Perth,115.842797,-32.106065,1284
507011160,Spearwood,5GPER,Greater Perth,115.782925,-32.104258,1314
507011161,Success - Hammond Park,5GPER,Greater Perth,115.850059,-32.151436,1649
507011163,Yangebup,5GPER,Greater Perth,115.816404,-32.120513,570
507011259,Beeliar - Wattleup,5GPER,Greater Perth,115.816697,-32.154094,843
507011260,Jandakot,5GPER,Greater Perth,115.870664,-32.101652,115
507021164,East Fremantle,5GPER,Greater Perth,115.768184,-32.03797,663
507021165,Fremantle,5GPER,Greater Perth,115.512651,-32.006298,2769
507021166,Fremantle - South,5GPER,Greater Perth,115.774936,-32.069408,1614
507021167,O'Connor (WA),5GPER,Greater Perth,115.791931,-32.059087,3
507031169,Wellard (West) - Bertram,5GPER,Greater Perth,115.833877,-32.260436,1641
507031170,Calista,5GPER,Greater Perth,115.799495,-32.255674,916
507031172,Hope Valley - Postans,5GPER,Greater Perth,115.815245,-32.207318,7
507031173,Kwinana Industrial,5GPER,Greater Perth,115.775636,-32.219531,8
507031174,Parmelia - Orelia,5GPER,Greater Perth,115.824906,-32.241704,1329
507031261,Casuarina - Wandi,5GPER,Greater Perth,115.866407,-32.220603,467
507041175,Applecross - Ardross,5GPER,Greater Perth,115.835983,-32.018982,1111
507041176,Bateman,5GPER,Greater Perth,115.84737,-32.055387,267
507041177,Bicton - Palmyra,5GPER,Greater Perth,115.785948,-32.035555,1505
507041178,Booragoon,5GPER,Greater Perth,115.842442,-32.035276,1427
507041179,Bull Creek,5GPER,Greater Perth,115.862664,-32.056382,514
507041180,Leeming,5GPER,Greater Perth,115.86588,-32.075181,453
507041181,Melville,5GPER,Greater Perth,115.80648,-32.033866,1095
507041182,Murdoch - Kardinya,5GPER,Greater Perth,115.826139,-32.067662,908
507041183,Willagee,5GPER,Greater Perth,115.805423,-32.052022,753
507041184,Winthrop,5GPER,Greater Perth,115.829483,-32.05224,211
507051186,Cooloongup,5GPER,Greater Perth,115.761109,-32.292749,837
507051187,Port Kennedy,5GPER,Greater Perth,115.751539,-32.373395,1009
507051188,Rockingham,5GPER,Greater Perth,115.74701,-32.27421,2645
507051189,Rockingham Lakes,5GPER,Greater Perth,115.780767,-32.317806,0
507051190,Safety Bay - Shoalwater,5GPER,Greater Perth,115.723499,-32.301137,1226
507051191,Singleton - Golden Bay - Secret Harbour,5GPER,Greater Perth,115.758956,-32.42115,1491
507051192,Waikiki,5GPER,Greater Perth,115.754574,-32.316002,1048
507051193,Warnbro,5GPER,Greater Perth,115.756533,-32.337889,1042
507051312,Baldivis - North,5GPER,Greater Perth,115.841699,-32.312455,932
507051313,Baldivis - South,5GPER,Greater Perth,115.809329,-32.360705,1834
507051314,Karnup,5GPER,Greater Perth,115.809501,-32.422499,134
601011001,Bridgewater - Gagebrook,6GHOB,Greater Hobart,147.175578,-42.727427,1629
601011002,Brighton - Pontville,6GHOB,Greater Hobart,147.302439,-42.701204,442
601011003,Old Beach - Otago,6GHOB,Greater Hobart,147.297609,-42.76783,207
601021004,Bellerive - Rosny,6GHOB,Greater Hobart,147.371117,-42.871312,786
601021005,Cambridge,6GHOB,Greater Hobart,147.4661,-42.84166,247
601021006,Geilston Bay - Risdon,6GHOB,Greater Hobart,147.346488,-42.829522,250
601021007,Howrah - Tranmere,6GHOB,Greater Hobart,147.412403,-42.894986,800
601021008,Lindisfarne - Rose Bay,6GHOB,Greater Hobart,147.367293,-42.844581,697
601021009,Mornington - Warrane,6GHOB,Greater Hobart,147.393302,-42.856022,838
601021010,Risdon Vale,6GHOB,Greater Hobart,147.357293,-42.795836,357
601021011,Rokeby,6GHOB,Greater Hobart,147.439381,-42.89461,1207
601021012,South Arm,6GHOB,Greater Hobart,147.482204,-42.978255,159
601031013,Austins Ferry - Granton,6GHOB,Greater Hobart,147.19447,-42.76354,238
601031014,Berriedale - Chigwell,6GHOB,Greater Hobart,147.197287,-42.831262,686
601031015,Claremont (Tas.),6GHOB,Greater Hobart,147.222789,-42.788017,1199
601031016,Derwent Park - Lutana,6GHOB,Greater Hobart,147.305983,-42.834194,732
601031017,Glenorchy,6GHOB,Greater Hobart,147.265375,-42.84333,2169
601031018,Montrose - Rosetta,6GHOB,Greater Hobart,147.249272,-42.826047,582
601031019,Moonah,6GHOB,Greater Hobart,147.295815,-42.845727,911
601031020,New Norfolk,6GHOB,Greater Hobart,147.104182,-42.773745,775
601031021,West Moonah,6GHOB,Greater Hobart,147.281361,-42.84977,687
601041022,Kingston - Huntingfield,6GHOB,Greater Hobart,147.270944,-42.965714,1462
601041023,Kingston Beach - Blackmans Bay,6GHOB,Greater Hobart,147.316663,-43.024536,874
601041024,Margate - Snug,6GHOB,Greater Hobart,147.210484,-43.035908,441
601041025,Mount Wellington,6GHOB,Greater Hobart,147.205953,-42.898333,0
601041026,Taroona - Bonnet Hill,6GHOB,Greater Hobart,147.340199,-42.950569,195
601051027,Hobart,6GHOB,Greater Hobart,147.325736,-42.87492,2018
601051028,Lenah Valley - Mount Stuart,6GHOB,Greater Hobart,147.27757,-42.871623,941
601051029,Mount Nelson - Dynnyrne,6GHOB,Greater Hobart,147.32051,-42.916829,515
601051030,New Town,6GHOB,Greater Hobart,147.308388,-42.856203,1067
601051031,Sandy Bay,6GHOB,Greater Hobart,147.340832,-42.912104,1636
601051032,South Hobart - Fern Tree,6GHOB,Greater Hobart,147.279206,-42.915945,757
601051033,West Hobart,6GHOB,Greater Hobart,147.305505,-42.884308,913
601061034,Dodges Ferry - Lewisham,6GHOB,Greater Hobart,147.760843,-42.812412,475
601061035,Sorell - Richmond,6GHOB,Greater Hobart,147.563692,-42.735625,855
701011001,Darwin Airport,7GDAR,Greater Darwin,130.882202,-12.411799,0
701011002,Darwin City,7GDAR,Greater Darwin,130.843748,-12.461799,2443
701011003,East Point,7GDAR,Greater Darwin,130.830016,-12.411571,0
701011004,Fannie Bay - The Gardens,7GDAR,Greater Darwin,130.837384,-12.435078,768
701011005,Larrakeyah,7GDAR,Greater Darwin,130.82559,-12.455187,961
701011006,Ludmilla - The Narrows,7GDAR,Greater Darwin,130.852615,-12.416797,478
701011007,Parap,7GDAR,Greater Darwin,130.845196,-12.432538,725
701011008,Stuart Park,7GDAR,Greater Darwin,130.845479,-12.446853,933
701011009,Woolner - Bayview - Winnellie,7GDAR,Greater Darwin,130.875405,-12.431974,636
701021010,Alawa,7GDAR,Greater Darwin,130.873325,-12.379572,250
701021011,Anula,7GDAR,Greater Darwin,130.890668,-12.391239,209
701021012,Berrimah,7GDAR,Greater Darwin,130.93803,-12.428672,184
701021013,Brinkin - Nakara,7GDAR,Greater Darwin,130.873109,-12.371074,389
701021014,Buffalo Creek,7GDAR,Greater Darwin,130.921901,-12.371301,0
701021015,Charles Darwin,7GDAR,Greater Darwin,130.889331,-12.448689,0
701021016,Coconut Grove,7GDAR,Greater Darwin,130.85174,-12.396034,750
701021017,East Arm,7GDAR,Greater Darwin,130.925832,-12.475779,11
701021018,Jingili,7GDAR,Greater Darwin,130.872797,-12.388995,150
701021019,Karama,7GDAR,Greater Darwin,130.91584,-12.399673,592
701021020,Leanyer,7GDAR,Greater Darwin,130.899056,-12.373915,519
701021021,Lyons (NT),7GDAR,Greater Darwin,130.894032,-12.349019,878
701021022,Malak - Marrara,7GDAR,Greater Darwin,130.897127,-12.397809,630
701021023,Millner,7GDAR,Greater Darwin,130.862386,-12.391891,465
701021024,Moil,7GDAR,Greater Darwin,130.880993,-12.388322,221
701021025,Nightcliff,7GDAR,Greater Darwin,130.848615,-12.383464,856
701021026,Rapid Creek,7GDAR,Greater Darwin,130.859276,-12.380612,740
701021027,Tiwi,7GDAR,Greater Darwin,130.877824,-12.358951,294
701021028,Wagaman,7GDAR,Greater Darwin,130.88536,-12.380464,260
701021029,Wanguri,7GDAR,Greater Darwin,130.888133,-12.371152,177
701021030,Wulagi,7GDAR,Greater Darwin,130.895225,-12.383423,215
701031031,Howard Springs,7GDAR,Greater Darwin,131.042264,-12.46348,342
701031032,Humpty Doo,7GDAR,Greater Darwin,131.130996,-12.560367,388
701031033,Koolpinyah,7GDAR,Greater Darwin,131.161578,-12.357031,4
701031034,Virginia,7GDAR,Greater Darwin,131.037162,-12.556938,322
701031035,Weddell,7GDAR,Greater Darwin,131.100934,-12.688771,264
701041036,Bakewell,7GDAR,Greater Darwin,130.993613,-12.496769,525
701041037,Driver,7GDAR,Greater Darwin,130.975324,-12.485824,444
701041038,Durack - Marlow Lagoon,7GDAR,Greater Darwin,130.970167,-12.479427,612
701041039,Gray,7GDAR,Greater Darwin,130.982293,-12.490388,580
701041040,Moulden,7GDAR,Greater Darwin,130.973229,-12.505285,425
701041041,Palmerston - North,7GDAR,Greater Darwin,130.992706,-12.480051,634
701041042,Palmerston - South,7GDAR,Greater Darwin,130.958177,-12.514438,803
701041043,Rosebery - Bellamack,7GDAR,Greater Darwin,130.98768,-12.51029,1129
701041044,Woodroffe,7GDAR,Greater Darwin,130.98031,-12.501737,460
