{"type":"Topology","objects":{"sa2":{"geometries":[{"properties":{"sa2_code":"101021007","sa2_name":"Braidwood","state":"New South Wales"},"type":"Polygon","arcs":[[-12,0,-1229,1,-93,2]],"id":"feature_0000"},{"properties":{"sa2_code":"101021008","sa2_name":"Karabar","state":"New South Wales"},"type":"Polygon","arcs":[[3]],"id":"feature_0001"},{"properties":{"sa2_code":"101021009","sa2_name":"Queanbeyan","state":"New South Wales"},"type":"Polygon","arcs":[[4]],"id":"feature_0002"},{"properties":{"sa2_code":"101021010","sa2_name":"Queanbeyan - East","state":"New South Wales"},"type":"Polygon","arcs":[[5]],"id":"feature_0003"},{"properties":{"sa2_code":"101021012","sa2_name":"Queanbeyan West - Jerrabomberra","state":"New South Wales"},"type":"Polygon","arcs":[[6,-15]],"id":"feature_0004"},{"properties":{"sa2_code":"101021610","sa2_name":"Googong","state":"New South Wales"},"type":"Polygon","arcs":[[7]],"id":"feature_0005"},{"properties":{"sa2_code":"101021611","sa2_name":"Queanbeyan Surrounds","state":"New South Wales"},"type":"Polygon","arcs":[[8,-11387,9,-191,10,11,12,-23,13,14],[15]],"id":"feature_0006"},{"properties":{"sa2_code":"101031013","sa2_name":"Bombala","state":"New South Wales"},"type":"Polygon","arcs":[[-45,16,-28,17,-26,18,-89,19]],"id":"feature_0007"},{"properties":{"sa2_code":"101031014","sa2_name":"Cooma","state":"New South Wales"},"type":"Polygon","arcs":[[20,-33,21,-35]],"id":"feature_0008"},{"properties":{"sa2_code":"101031015","sa2_name":"Cooma Surrounds","state":"New South Wales"},"type":"Polygon","arcs":[[22,23,-102,24,25,26,27,28,-43,29,-41,30,-39,31],[32,33,34,35]],"id":"feature_0009"},{"properties":{"sa2_code":"101031016","sa2_name":"Jindabyne - Berridale","state":"New South Wales"},"type":"Polygon","arcs":[[36,-1156,37,38,39,40,41,42,43,44,45,-1158]],"id":"feature_0010"},{"properties":{"sa2_code":"101041017","sa2_name":"Batemans Bay","state":"New South Wales"},"type":"Polygon","arcs":[[46]],"id":"feature_0011"},{"properties":{"sa2_code":"101041018","sa2_name":"Batemans Bay - South","state":"New South Wales"},"type":"MultiPolygon","arcs":[[[47]],[[48]],[[49]],[[50]],[[51]],[[52]],[[53]]],"id":"feature_0012"},{"properties":{"sa2_code":"101041019","sa2_name":"Bega - Tathra","state":"New South Wales"},"type":"MultiPolygon","arcs":[[[54]],[[55]],[[56]],[[57]],[[58]],[[59]],[[60]],[[61]],[[-85,62]]],"id":"feature_0013"},{"properties":{"sa2_code":"101041020","sa2_name":"Bega-Eden Hinterland","state":"New South Wales"},"type":"MultiPolygon","arcs":[[[63]],[[64]],[[65]],[[66]],[[67]],[[68]],[[69]],[[70]],[[71]],[[72]],[[73]],[[74]],[[75]],[[76]],[[77]],[[78]],[[79]],[[80]],[[81,-98,82,-96,83,84,85,-126,86,-113,87,88,89,-100]]],"id":"feature_0014"},{"properties":{"sa2_code":"101041021","sa2_name":"Broulee - Tomakin","state":"New South Wales"},"type":"MultiPolygon","arcs":[[[90]],[[91]]],"id":"feature_0015"},{"properties":{"sa2_code":"101041022","sa2_name":"Deua - Wadbilliga","state":"New South Wales"},"type":"Polygon","arcs":[[92,93,-121,94,95,96,97,98,99,100,101,102]],"id":"feature_0016"},{"properties":{"sa2_code":"101041023","sa2_name":"Eden","state":"New South Wales"},"type":"MultiPolygon","arcs":[[[103]],[[104]],[[105]],[[106]],[[107]],[[108]],[[109]],[[110]],[[111]],[[112,113]]],"id":"feature_0017"},{"properties":{"sa2_code":"101041024","sa2_name":"Eurobodalla Hinterland","state":"New South Wales"},"type":"MultiPolygon","arcs":[[[114]],[[115]],[[116]],[[117]],[[118]],[[119]],[[120,121]],[[122]]],"id":"feature_0018"},{"properties":{"sa2_code":"101041025","sa2_name":"Merimbula - Tura Beach","state":"New South Wales"},"type":"MultiPolygon","arcs":[[[123]],[[124]],[[125,126]]],"id":"feature_0019"},{"properties":{"sa2_code":"101041026","sa2_name":"Moruya - Tuross Head","state":"New South Wales"},"type":"Polygon","arcs":[[127]],"id":"feature_0020"},{"properties":{"sa2_code":"101041027","sa2_name":"Narooma - Bermagui","state":"New South Wales"},"type":"MultiPolygon","arcs":[[[128]],[[129]],[[130]],[[131]],[[132]],[[133]],[[134]],[[135]],[[136]],[[137]],[[138]],[[139]],[[140]],[[141]],[[142]],[[143]],[[144]],[[145]],[[146]],[[147]],[[148]],[[149]],[[150]],[[151]],[[152]],[[153]],[[154]],[[155]],[[156]],[[157]],[[158]],[[159]],[[160]],[[161]],[[162]],[[163]],[[164]],[[165]],[[166]],[[167]],[[168]],[[169]],[[170]],[[171]],[[172]],[[176]],[[173]],[[174]],[[176]],[[175]],[[176]],[[177]],[[178]],[[179]],[[180]],[[181]],[[182]],[[183]]],"id":"feature_0021"},{"properties":{"sa2_code":"101051539","sa2_name":"Goulburn","state":"New South Wales"},"type":"Polygon","arcs":[[-195,184]],"id":"feature_0022"},{"properties":{"sa2_code":"101051540","sa2_name":"Goulburn Surrounds","state":"New South Wales"},"type":"Polygon","arcs":[[-266,185,-1523,186,-1250,187,-1257,188,-1255,189,190,191,-199,192],[193,194]],"id":"feature_0023"},{"properties":{"sa2_code":"101061541","sa2_name":"Yass","state":"New South Wales"},"type":"Polygon","arcs":[[195]],"id":"feature_0024"},{"properties":{"sa2_code":"101061542","sa2_name":"Yass Surrounds","state":"New South Wales"},"type":"Polygon","arcs":[[-210,196,-208,197,198,199,200,-1181,201],[202]],"id":"feature_0025"},{"properties":{"sa2_code":"101061543","sa2_name":"Young","state":"New South Wales"},"type":"Polygon","arcs":[[-213]],"id":"feature_0026"},{"properties":{"sa2_code":"101061544","sa2_name":"Young Surrounds","state":"New South Wales"},"type":"Polygon","arcs":[[203,-306,204,-304,205,-284,206,207,208,209,210,-1176,211,-1174],[212]],"id":"feature_0027"},{"properties":{"sa2_code":"102011028","sa2_name":"Avoca Beach - Copacabana","state":"New South Wales"},"type":"Polygon","arcs":[[213]],"id":"feature_0028"},{"properties":{"sa2_code":"102011029","sa2_name":"Box Head - MacMasters Beach","state":"New South Wales"},"type":"Polygon","arcs":[[214]],"id":"feature_0029"},{"properties":{"sa2_code":"102011030","sa2_name":"Calga - Kulnura","state":"New South Wales"},"type":"MultiPolygon","arcs":[[[215]],[[216]]],"id":"feature_0030"},{"properties":{"sa2_code":"102011031","sa2_name":"Erina - Green Point","state":"New South Wales"},"type":"Polygon","arcs":[[217]],"id":"feature_0031"},{"properties":{"sa2_code":"102011032","sa2_name":"Gosford - Springfield","state":"New South Wales"},"type":"Polygon","arcs":[[218]],"id":"feature_0032"},{"properties":{"sa2_code":"102011033","sa2_name":"Kariong","state":"New South Wales"},"type":"Polygon","arcs":[[219]],"id":"feature_0033"},{"properties":{"sa2_code":"102011034","sa2_name":"Kincumber - Picketts Valley","state":"New South Wales"},"type":"Polygon","arcs":[[220]],"id":"feature_0034"},{"properties":{"sa2_code":"102011035","sa2_name":"Narara","state":"New South Wales"},"type":"Polygon","arcs":[[221]],"id":"feature_0035"},{"properties":{"sa2_code":"102011036","sa2_name":"Niagara Park - Lisarow","state":"New South Wales"},"type":"Polygon","arcs":[[222]],"id":"feature_0036"},{"properties":{"sa2_code":"102011037","sa2_name":"Point Clare - Koolewong","state":"New South Wales"},"type":"Polygon","arcs":[[223]],"id":"feature_0037"},{"properties":{"sa2_code":"102011038","sa2_name":"Saratoga - Davistown","state":"New South Wales"},"type":"Polygon","arcs":[[224]],"id":"feature_0038"},{"properties":{"sa2_code":"102011039","sa2_name":"Terrigal - North Avoca","state":"New South Wales"},"type":"Polygon","arcs":[[225]],"id":"feature_0039"},{"properties":{"sa2_code":"102011040","sa2_name":"Umina - Booker Bay - Patonga","state":"New South Wales"},"type":"MultiPolygon","arcs":[[[226]],[[227]]],"id":"feature_0040"},{"properties":{"sa2_code":"102011041","sa2_name":"Wamberal - Forresters Beach","state":"New South Wales"},"type":"Polygon","arcs":[[228]],"id":"feature_0041"},{"properties":{"sa2_code":"102011042","sa2_name":"Woy Woy - Blackwall","state":"New South Wales"},"type":"Polygon","arcs":[[229]],"id":"feature_0042"},{"properties":{"sa2_code":"102011043","sa2_name":"Wyoming","state":"New South Wales"},"type":"Polygon","arcs":[[230]],"id":"feature_0043"},{"properties":{"sa2_code":"102021044","sa2_name":"Bateau Bay - Killarney Vale","state":"New South Wales"},"type":"Polygon","arcs":[[231]],"id":"feature_0044"},{"properties":{"sa2_code":"102021045","sa2_name":"Blue Haven - San Remo","state":"New South Wales"},"type":"Polygon","arcs":[[232]],"id":"feature_0045"},{"properties":{"sa2_code":"102021046","sa2_name":"Budgewoi - Buff Point - Halekulani","state":"New South Wales"},"type":"MultiPolygon","arcs":[[[233]],[[234]]],"id":"feature_0046"},{"properties":{"sa2_code":"102021047","sa2_name":"Chittaway Bay - Tumbi Umbi","state":"New South Wales"},"type":"Polygon","arcs":[[235]],"id":"feature_0047"},{"properties":{"sa2_code":"102021048","sa2_name":"Gorokan - Kanwal - Charmhaven","state":"New South Wales"},"type":"Polygon","arcs":[[236]],"id":"feature_0048"},{"properties":{"sa2_code":"102021049","sa2_name":"Jilliby - Yarramalong","state":"New South Wales"},"type":"Polygon","arcs":[[-1043,237]],"id":"feature_0049"},{"properties":{"sa2_code":"102021050","sa2_name":"Lake Munmorah - Mannering Park","state":"New South Wales"},"type":"Polygon","arcs":[[238]],"id":"feature_0050"},{"properties":{"sa2_code":"102021051","sa2_name":"Ourimbah - Fountaindale","state":"New South Wales"},"type":"Polygon","arcs":[[239]],"id":"feature_0051"},{"properties":{"sa2_code":"102021052","sa2_name":"Summerland Point - Gwandalan","state":"New South Wales"},"type":"Polygon","arcs":[[240]],"id":"feature_0052"},{"properties":{"sa2_code":"102021053","sa2_name":"The Entrance","state":"New South Wales"},"type":"MultiPolygon","arcs":[[[241]],[[242]]],"id":"feature_0053"},{"properties":{"sa2_code":"102021054","sa2_name":"Toukley - Norah Head","state":"New South Wales"},"type":"MultiPolygon","arcs":[[[243]],[[244]]],"id":"feature_0054"},{"properties":{"sa2_code":"102021055","sa2_name":"Tuggerah - Kangy Angy","state":"New South Wales"},"type":"Polygon","arcs":[[245]],"id":"feature_0055"},{"properties":{"sa2_code":"102021056","sa2_name":"Warnervale - Wadalba","state":"New South Wales"},"type":"Polygon","arcs":[[246]],"id":"feature_0056"},{"properties":{"sa2_code":"102021057","sa2_name":"Wyong","state":"New South Wales"},"type":"Polygon","arcs":[[247]],"id":"feature_0057"},{"properties":{"sa2_code":"103011059","sa2_name":"Bathurst - East","state":"New South Wales"},"type":"Polygon","arcs":[[-258,248]],"id":"feature_0058"},{"properties":{"sa2_code":"103011060","sa2_name":"Bathurst Surrounds","state":"New South Wales"},"type":"Polygon","arcs":[[249,-355,250,-333,251,-263,252,-261,253,-268,254,-373,255,-390,256,-388],[257,258,-271,259]],"id":"feature_0059"},{"properties":{"sa2_code":"103011061","sa2_name":"Oberon","state":"New South Wales"},"type":"Polygon","arcs":[[260,261,262,263,-340,264,265,266,267,268]],"id":"feature_0060"},{"properties":{"sa2_code":"103011612","sa2_name":"Bathurst - South","state":"New South Wales"},"type":"Polygon","arcs":[[269]],"id":"feature_0061"},{"properties":{"sa2_code":"103011613","sa2_name":"Bathurst - West","state":"New South Wales"},"type":"Polygon","arcs":[[270,271]],"id":"feature_0062"},{"properties":{"sa2_code":"103021062","sa2_name":"Condobolin","state":"New South Wales"},"type":"Polygon","arcs":[[-487,272,-322,273,-325,274,-1130,275,-470,276]],"id":"feature_0063"},{"properties":{"sa2_code":"103021063","sa2_name":"Cowra","state":"New South Wales"},"type":"Polygon","arcs":[[-288,277,-292,278,-290,279]],"id":"feature_0064"},{"properties":{"sa2_code":"103021064","sa2_name":"Cowra Surrounds","state":"New South Wales"},"type":"Polygon","arcs":[[280,-394,281,-375,282,283,284,-302,285,-296],[286,287,288,289,290,291]],"id":"feature_0065"},{"properties":{"sa2_code":"103021065","sa2_name":"Forbes","state":"New South Wales"},"type":"Polygon","arcs":[[-320,292,-314,293,-312,294,295,296,-300,297]],"id":"feature_0066"},{"properties":{"sa2_code":"103021066","sa2_name":"Grenfell","state":"New South Wales"},"type":"Polygon","arcs":[[-327,298,299,300,301,302,303,304,305,306]],"id":"feature_0067"},{"properties":{"sa2_code":"103021067","sa2_name":"Parkes (NSW)","state":"New South Wales"},"type":"Polygon","arcs":[[307,-316,308,-318]],"id":"feature_0068"},{"properties":{"sa2_code":"103021068","sa2_name":"Parkes Surrounds","state":"New South Wales"},"type":"Polygon","arcs":[[-566,309,-379,310,311,312,313,314,315,316,317,318,319,320,321,322]],"id":"feature_0069"},{"properties":{"sa2_code":"103021069","sa2_name":"West Wyalong","state":"New South Wales"},"type":"Polygon","arcs":[[323,324,325,326,327,-1193,328,-1191,329,-1146,330,-1132]],"id":"feature_0070"},{"properties":{"sa2_code":"103031070","sa2_name":"Lithgow","state":"New South Wales"},"type":"Polygon","arcs":[[331]],"id":"feature_0071"},{"properties":{"sa2_code":"103031071","sa2_name":"Lithgow Surrounds","state":"New South Wales"},"type":"Polygon","arcs":[[332,333,-346,334,-363,335,-370,336,-368,337,-1508,338,339,340]],"id":"feature_0072"},{"properties":{"sa2_code":"103031072","sa2_name":"Mudgee","state":"New South Wales"},"type":"Polygon","arcs":[[-361,341]],"id":"feature_0073"},{"properties":{"sa2_code":"103031073","sa2_name":"Mudgee Surrounds - East","state":"New South Wales"},"type":"Polygon","arcs":[[342,-692,343,-683,344,345,346,-353]],"id":"feature_0074"},{"properties":{"sa2_code":"103031074","sa2_name":"Mudgee Surrounds - West","state":"New South Wales"},"type":"Polygon","arcs":[[-539,347,-537,348,-529,349,-696,350,-694,351,352,353,354,355,-386,356,-576,357,-574,358,-572,359],[360,361]],"id":"feature_0075"},{"properties":{"sa2_code":"103031075","sa2_name":"Wollangambe - Wollemi","state":"New South Wales"},"type":"Polygon","arcs":[[362,363,-600,364,-1281,365,-1279,366,367,368,369,370]],"id":"feature_0076"},{"properties":{"sa2_code":"103041076","sa2_name":"Blayney","state":"New South Wales"},"type":"Polygon","arcs":[[371,372,373,374,375,-392]],"id":"feature_0077"},{"properties":{"sa2_code":"103041077","sa2_name":"Orange","state":"New South Wales"},"type":"Polygon","arcs":[[376]],"id":"feature_0078"},{"properties":{"sa2_code":"103041078","sa2_name":"Orange - North","state":"New South Wales"},"type":"Polygon","arcs":[[-396,377]],"id":"feature_0079"},{"properties":{"sa2_code":"103041079","sa2_name":"Orange Surrounds","state":"New South Wales"},"type":"Polygon","arcs":[[378,379,-543,380,-584,381,-582,382,-580,383,-578,384,385,386,387,388,389,390,391,392,393,394],[395,396]],"id":"feature_0080"},{"properties":{"sa2_code":"104011080","sa2_name":"Grafton","state":"New South Wales"},"type":"Polygon","arcs":[[-411]],"id":"feature_0081"},{"properties":{"sa2_code":"104011081","sa2_name":"Grafton Surrounds","state":"New South Wales"},"type":"MultiPolygon","arcs":[[[397]],[[398]],[[399]],[[400]],[[401]],[[-918,402,-952,403,-1091,404,-416,405,-430,406,-428,407,-426,408,-920,409],[410]]],"id":"feature_0082"},{"properties":{"sa2_code":"104011082","sa2_name":"Maclean - Yamba - Iluka","state":"New South Wales"},"type":"MultiPolygon","arcs":[[[411]],[[412]],[[-1089,413,-1077,414,415,416]]],"id":"feature_0083"},{"properties":{"sa2_code":"104021083","sa2_name":"Bellingen","state":"New South Wales"},"type":"Polygon","arcs":[[-434,417,-443,418]],"id":"feature_0084"},{"properties":{"sa2_code":"104021084","sa2_name":"Coffs Harbour - North","state":"New South Wales"},"type":"MultiPolygon","arcs":[[[419]],[[420]]],"id":"feature_0085"},{"properties":{"sa2_code":"104021085","sa2_name":"Coffs Harbour - South","state":"New South Wales"},"type":"MultiPolygon","arcs":[[[421]],[[422]],[[423]]],"id":"feature_0086"},{"properties":{"sa2_code":"104021086","sa2_name":"Coramba - Nana Glen - Bucca","state":"New South Wales"},"type":"Polygon","arcs":[[-432,424]],"id":"feature_0087"},{"properties":{"sa2_code":"104021087","sa2_name":"Dorrigo","state":"New South Wales"},"type":"Polygon","arcs":[[425,426,427,428,429,430,431,432,433,434,-888,435]],"id":"feature_0088"},{"properties":{"sa2_code":"104021088","sa2_name":"Korora - Emerald Beach","state":"New South Wales"},"type":"MultiPolygon","arcs":[[[436]],[[437]],[[438]],[[439]]],"id":"feature_0089"},{"properties":{"sa2_code":"104021089","sa2_name":"Sawtell - Boambee","state":"New South Wales"},"type":"MultiPolygon","arcs":[[[440]],[[441]]],"id":"feature_0090"},{"properties":{"sa2_code":"104021090","sa2_name":"Urunga","state":"New South Wales"},"type":"Polygon","arcs":[[442,443]],"id":"feature_0091"},{"properties":{"sa2_code":"104021091","sa2_name":"Woolgoolga - Arrawarra","state":"New South Wales"},"type":"MultiPolygon","arcs":[[[444]],[[445]],[[446]],[[447]],[[448]],[[449]],[[450]],[[451]],[[452]],[[453]],[[454]],[[455]]],"id":"feature_0092"},{"properties":{"sa2_code":"105011092","sa2_name":"Bourke - Brewarrina","state":"New South Wales"},"type":"Polygon","arcs":[[456,-509,-4660,457,-490,458,-505,459,-503,460,-501,461,-480,462,-467,463,-511]],"id":"feature_0093"},{"properties":{"sa2_code":"105011093","sa2_name":"Cobar","state":"New South Wales"},"type":"Polygon","arcs":[[464,-513,465,466,467,-489,468,469,470,-1128,471,-515]],"id":"feature_0094"},{"properties":{"sa2_code":"105011094","sa2_name":"Coonamble","state":"New South Wales"},"type":"Polygon","arcs":[[472,-497,473,-495,474,-522,475,-550,476,-555,477,-483]],"id":"feature_0095"},{"properties":{"sa2_code":"105011095","sa2_name":"Nyngan - Warren","state":"New South Wales"},"type":"Polygon","arcs":[[478,479,480,-499,481,482,483,-558,484,-556,485,486,487,488]],"id":"feature_0096"},{"properties":{"sa2_code":"105011096","sa2_name":"Walgett - Lightning Ridge","state":"New South Wales"},"type":"Polygon","arcs":[[489,490,-972,491,-970,492,-977,493,494,495,496,497,498,499,500,501,502,503,504,505]],"id":"feature_0097"},{"properties":{"sa2_code":"105021097","sa2_name":"Broken Hill","state":"New South Wales"},"type":"Polygon","arcs":[[-520,506]],"id":"feature_0098"},{"properties":{"sa2_code":"105021098","sa2_name":"Far West","state":"New South Wales"},"type":"Polygon","arcs":[[507,-4661,508,509,510,511,512,513,514,515,-1126,516,-837,517,-844,518,-842],[519,520]],"id":"feature_0099"},{"properties":{"sa2_code":"105031099","sa2_name":"Coonabarabran","state":"New South Wales"},"type":"Polygon","arcs":[[521,522,-984,523,-994,524,-1005,525,-1003,526,-1001,527,528,529,-552,530]],"id":"feature_0100"},{"properties":{"sa2_code":"105031100","sa2_name":"Dubbo - East","state":"New South Wales"},"type":"Polygon","arcs":[[-547,531]],"id":"feature_0101"},{"properties":{"sa2_code":"105031101","sa2_name":"Dubbo - South","state":"New South Wales"},"type":"Polygon","arcs":[[532]],"id":"feature_0102"},{"properties":{"sa2_code":"105031102","sa2_name":"Dubbo - West","state":"New South Wales"},"type":"Polygon","arcs":[[533,-545]],"id":"feature_0103"},{"properties":{"sa2_code":"105031103","sa2_name":"Dubbo Surrounds","state":"New South Wales"},"type":"Polygon","arcs":[[534,-562,535,536,537,538,539,-570,540,-568,541,542,543,-564],[544,545,546,547]],"id":"feature_0104"},{"properties":{"sa2_code":"105031104","sa2_name":"Gilgandra","state":"New South Wales"},"type":"Polygon","arcs":[[548,549,550,551,552,-560,553,554]],"id":"feature_0105"},{"properties":{"sa2_code":"105031105","sa2_name":"Narromine","state":"New South Wales"},"type":"Polygon","arcs":[[555,556,557,558,559,560,561,562,563,564,565,566]],"id":"feature_0106"},{"properties":{"sa2_code":"105031106","sa2_name":"Wellington","state":"New South Wales"},"type":"Polygon","arcs":[[567,568,569,570,571,572,573,574,575,576,577,578,579,580,581,582,583,584]],"id":"feature_0107"},{"properties":{"sa2_code":"106011107","sa2_name":"Branxton - Greta - Pokolbin","state":"New South Wales"},"type":"Polygon","arcs":[[585]],"id":"feature_0108"},{"properties":{"sa2_code":"106011108","sa2_name":"Cessnock","state":"New South Wales"},"type":"Polygon","arcs":[[586]],"id":"feature_0109"},{"properties":{"sa2_code":"106011109","sa2_name":"Cessnock Surrounds","state":"New South Wales"},"type":"Polygon","arcs":[[587,-592,588,-597]],"id":"feature_0110"},{"properties":{"sa2_code":"106011110","sa2_name":"Dungog","state":"New South Wales"},"type":"Polygon","arcs":[[-640,589,-638,590]],"id":"feature_0111"},{"properties":{"sa2_code":"106011111","sa2_name":"Kurri Kurri - Abermain","state":"New South Wales"},"type":"Polygon","arcs":[[591,592]],"id":"feature_0112"},{"properties":{"sa2_code":"106011112","sa2_name":"Singleton","state":"New South Wales"},"type":"Polygon","arcs":[[-595,593]],"id":"feature_0113"},{"properties":{"sa2_code":"106011113","sa2_name":"Singleton Surrounds","state":"New South Wales"},"type":"Polygon","arcs":[[594,595,596,597,-1283,598,599,600,-681,601,-671,602,-675,603]],"id":"feature_0114"},{"properties":{"sa2_code":"106021114","sa2_name":"Maitland","state":"New South Wales"},"type":"Polygon","arcs":[[604]],"id":"feature_0115"},{"properties":{"sa2_code":"106021116","sa2_name":"Maitland - North","state":"New South Wales"},"type":"Polygon","arcs":[[605]],"id":"feature_0116"},{"properties":{"sa2_code":"106021614","sa2_name":"East Maitland - Metford","state":"New South Wales"},"type":"Polygon","arcs":[[606]],"id":"feature_0117"},{"properties":{"sa2_code":"106021615","sa2_name":"Rutherford (North) - Aberglasslyn","state":"New South Wales"},"type":"Polygon","arcs":[[607]],"id":"feature_0118"},{"properties":{"sa2_code":"106021616","sa2_name":"Rutherford (South) - Telarah","state":"New South Wales"},"type":"Polygon","arcs":[[608]],"id":"feature_0119"},{"properties":{"sa2_code":"106021617","sa2_name":"Tenambit - East Maitland","state":"New South Wales"},"type":"Polygon","arcs":[[609]],"id":"feature_0120"},{"properties":{"sa2_code":"106021618","sa2_name":"Thornton - Millers Forest","state":"New South Wales"},"type":"Polygon","arcs":[[610]],"id":"feature_0121"},{"properties":{"sa2_code":"106031119","sa2_name":"Anna Bay","state":"New South Wales"},"type":"MultiPolygon","arcs":[[[611]],[[612]],[[613]],[[614]],[[615]],[[-665,616]],[[617]]],"id":"feature_0122"},{"properties":{"sa2_code":"106031120","sa2_name":"Lemon Tree Passage - Tanilba Bay","state":"New South Wales"},"type":"Polygon","arcs":[[618,-663]],"id":"feature_0123"},{"properties":{"sa2_code":"106031121","sa2_name":"Nelson Bay Peninsula","state":"New South Wales"},"type":"MultiPolygon","arcs":[[[619]],[[620]],[[621]],[[622]],[[623]],[[624]],[[625]],[[626]],[[627]],[[628]],[[629]],[[630]],[[631]],[[632]],[[633]],[[634]],[[635]]],"id":"feature_0124"},{"properties":{"sa2_code":"106031122","sa2_name":"Raymond Terrace","state":"New South Wales"},"type":"Polygon","arcs":[[-667,636]],"id":"feature_0125"},{"properties":{"sa2_code":"106031123","sa2_name":"Seaham - Woodville","state":"New South Wales"},"type":"Polygon","arcs":[[637,638,639,640]],"id":"feature_0126"},{"properties":{"sa2_code":"106031124","sa2_name":"Tea Gardens - Hawks Nest","state":"New South Wales"},"type":"MultiPolygon","arcs":[[[641]],[[642]],[[643]],[[644]],[[645]],[[-650,646]],[[647]],[[648,649]],[[650]],[[651]],[[652]],[[653]],[[654]],[[-732,655]]],"id":"feature_0127"},{"properties":{"sa2_code":"106031125","sa2_name":"Williamtown - Medowie - Karuah","state":"New South Wales"},"type":"MultiPolygon","arcs":[[[656]],[[657]],[[658]],[[659]],[[660]],[[661]],[[662,663,664,665,666,667,-734,668]]],"id":"feature_0128"},{"properties":{"sa2_code":"106041126","sa2_name":"Muswellbrook","state":"New South Wales"},"type":"Polygon","arcs":[[-677,669,670,671,-679,672]],"id":"feature_0129"},{"properties":{"sa2_code":"106041127","sa2_name":"Muswellbrook Surrounds","state":"New South Wales"},"type":"Polygon","arcs":[[-688,673,674,675,676,677,678,679,680,681,682,683,-690,684]],"id":"feature_0130"},{"properties":{"sa2_code":"106041128","sa2_name":"Scone","state":"New South Wales"},"type":"Polygon","arcs":[[-699]],"id":"feature_0131"},{"properties":{"sa2_code":"106041129","sa2_name":"Scone Surrounds","state":"New South Wales"},"type":"Polygon","arcs":[[-912,685,-808,686,687,688,689,690,691,692,693,694,695,696,-999,697],[698]],"id":"feature_0132"},{"properties":{"sa2_code":"107011131","sa2_name":"Dapto - Avondale","state":"New South Wales"},"type":"Polygon","arcs":[[699]],"id":"feature_0133"},{"properties":{"sa2_code":"107011132","sa2_name":"Horsley - Kembla Grange","state":"New South Wales"},"type":"Polygon","arcs":[[700]],"id":"feature_0134"},{"properties":{"sa2_code":"107011133","sa2_name":"Port Kembla Industrial","state":"New South Wales"},"type":"MultiPolygon","arcs":[[[701]],[[702]],[[703]]],"id":"feature_0135"},{"properties":{"sa2_code":"107011134","sa2_name":"Unanderra - Mount Kembla","state":"New South Wales"},"type":"Polygon","arcs":[[704]],"id":"feature_0136"},{"properties":{"sa2_code":"107011545","sa2_name":"Berkeley - Lake Heights - Cringila","state":"New South Wales"},"type":"Polygon","arcs":[[705]],"id":"feature_0137"},{"properties":{"sa2_code":"107011546","sa2_name":"Port Kembla - Warrawong","state":"New South Wales"},"type":"MultiPolygon","arcs":[[[706]],[[707]],[[708]],[[709]]],"id":"feature_0138"},{"properties":{"sa2_code":"107011547","sa2_name":"Windang - Primbee","state":"New South Wales"},"type":"Polygon","arcs":[[710]],"id":"feature_0139"},{"properties":{"sa2_code":"107021135","sa2_name":"Illawarra Catchment Reserve","state":"New South Wales"},"type":"Polygon","arcs":[[711]],"id":"feature_0140"},{"properties":{"sa2_code":"107031136","sa2_name":"Albion Park - Macquarie Pass","state":"New South Wales"},"type":"Polygon","arcs":[[712]],"id":"feature_0141"},{"properties":{"sa2_code":"107031137","sa2_name":"Albion Park Rail","state":"New South Wales"},"type":"Polygon","arcs":[[713]],"id":"feature_0142"},{"properties":{"sa2_code":"107031138","sa2_name":"Kiama","state":"New South Wales"},"type":"Polygon","arcs":[[714]],"id":"feature_0143"},{"properties":{"sa2_code":"107031139","sa2_name":"Kiama Downs - Minnamurra","state":"New South Wales"},"type":"Polygon","arcs":[[715]],"id":"feature_0144"},{"properties":{"sa2_code":"107031140","sa2_name":"Kiama Hinterland - Gerringong","state":"New South Wales"},"type":"Polygon","arcs":[[716]],"id":"feature_0145"},{"properties":{"sa2_code":"107031141","sa2_name":"Shellharbour - Flinders","state":"New South Wales"},"type":"Polygon","arcs":[[717]],"id":"feature_0146"},{"properties":{"sa2_code":"107031142","sa2_name":"Shellharbour - Oak Flats","state":"New South Wales"},"type":"Polygon","arcs":[[718]],"id":"feature_0147"},{"properties":{"sa2_code":"107031143","sa2_name":"Warilla","state":"New South Wales"},"type":"MultiPolygon","arcs":[[[719]],[[720]]],"id":"feature_0148"},{"properties":{"sa2_code":"107041144","sa2_name":"Balgownie - Fairy Meadow","state":"New South Wales"},"type":"Polygon","arcs":[[721]],"id":"feature_0149"},{"properties":{"sa2_code":"107041145","sa2_name":"Corrimal - Tarrawanna - Bellambi","state":"New South Wales"},"type":"Polygon","arcs":[[722]],"id":"feature_0150"},{"properties":{"sa2_code":"107041146","sa2_name":"Figtree - Keiraville","state":"New South Wales"},"type":"Polygon","arcs":[[723]],"id":"feature_0151"},{"properties":{"sa2_code":"107041147","sa2_name":"Helensburgh","state":"New South Wales"},"type":"Polygon","arcs":[[724]],"id":"feature_0152"},{"properties":{"sa2_code":"107041148","sa2_name":"Thirroul - Austinmer - Coalcliff","state":"New South Wales"},"type":"Polygon","arcs":[[725]],"id":"feature_0153"},{"properties":{"sa2_code":"107041150","sa2_name":"Woonona - Bulli - Russell Vale","state":"New South Wales"},"type":"Polygon","arcs":[[726]],"id":"feature_0154"},{"properties":{"sa2_code":"107041548","sa2_name":"Wollongong - East","state":"New South Wales"},"type":"Polygon","arcs":[[727]],"id":"feature_0155"},{"properties":{"sa2_code":"107041549","sa2_name":"Wollongong - West","state":"New South Wales"},"type":"Polygon","arcs":[[728]],"id":"feature_0156"},{"properties":{"sa2_code":"108011151","sa2_name":"Bulahdelah - Stroud","state":"New South Wales"},"type":"Polygon","arcs":[[-811,729,-742,730,731,732,733,734]],"id":"feature_0157"},{"properties":{"sa2_code":"108011152","sa2_name":"Forster","state":"New South Wales"},"type":"Polygon","arcs":[[-740,735]],"id":"feature_0158"},{"properties":{"sa2_code":"108011153","sa2_name":"Forster-Tuncurry Surrounds","state":"New South Wales"},"type":"MultiPolygon","arcs":[[[736]],[[737]],[[738]],[[739,740,741,742]]],"id":"feature_0159"},{"properties":{"sa2_code":"108011154","sa2_name":"Tuncurry","state":"New South Wales"},"type":"Polygon","arcs":[[743]],"id":"feature_0160"},{"properties":{"sa2_code":"108021155","sa2_name":"Kempsey","state":"New South Wales"},"type":"Polygon","arcs":[[-755,744,-757,745]],"id":"feature_0161"},{"properties":{"sa2_code":"108021156","sa2_name":"Kempsey Surrounds","state":"New South Wales"},"type":"MultiPolygon","arcs":[[[746]],[[747]],[[748]],[[749]],[[750]],[[-792,751,-906,752,-765,753],[754,755,756,757]]],"id":"feature_0162"},{"properties":{"sa2_code":"108021157","sa2_name":"Macksville - Scotts Head","state":"New South Wales"},"type":"Polygon","arcs":[[-763,758]],"id":"feature_0163"},{"properties":{"sa2_code":"108021158","sa2_name":"Nambucca Heads","state":"New South Wales"},"type":"MultiPolygon","arcs":[[[759]],[[760]]],"id":"feature_0164"},{"properties":{"sa2_code":"108021159","sa2_name":"Nambucca Heads Surrounds","state":"New South Wales"},"type":"Polygon","arcs":[[761,762,763,764]],"id":"feature_0165"},{"properties":{"sa2_code":"108021160","sa2_name":"South West Rocks","state":"New South Wales"},"type":"MultiPolygon","arcs":[[[765]],[[766]],[[767]],[[768]],[[769]],[[770]],[[771]],[[772]],[[773]],[[774]],[[775]],[[776]]],"id":"feature_0166"},{"properties":{"sa2_code":"108031161","sa2_name":"Lord Howe Island","state":"New South Wales"},"type":"MultiPolygon","arcs":[[[777]],[[778]],[[779]],[[780]],[[781]],[[782]],[[783]],[[784]],[[785]],[[786]],[[787]],[[788]]],"id":"feature_0167"},{"properties":{"sa2_code":"108041162","sa2_name":"Laurieton - Bonny Hills","state":"New South Wales"},"type":"Polygon","arcs":[[789]],"id":"feature_0168"},{"properties":{"sa2_code":"108041164","sa2_name":"Port Macquarie - West","state":"New South Wales"},"type":"Polygon","arcs":[[790]],"id":"feature_0169"},{"properties":{"sa2_code":"108041165","sa2_name":"Port Macquarie Surrounds","state":"New South Wales"},"type":"Polygon","arcs":[[791,792,-798,793,-819,794,-817,795,-908,796]],"id":"feature_0170"},{"properties":{"sa2_code":"108041166","sa2_name":"Wauchope","state":"New South Wales"},"type":"Polygon","arcs":[[797,798]],"id":"feature_0171"},{"properties":{"sa2_code":"108041619","sa2_name":"Port Macquarie - East","state":"New South Wales"},"type":"MultiPolygon","arcs":[[[799]],[[800]],[[801]],[[802]],[[803]],[[804]],[[805]]],"id":"feature_0172"},{"properties":{"sa2_code":"108041620","sa2_name":"Port Macquarie - South","state":"New South Wales"},"type":"Polygon","arcs":[[806]],"id":"feature_0173"},{"properties":{"sa2_code":"108051167","sa2_name":"Gloucester","state":"New South Wales"},"type":"Polygon","arcs":[[807,808,-825,809,810,811]],"id":"feature_0174"},{"properties":{"sa2_code":"108051168","sa2_name":"Old Bar - Manning Point - Red Head","state":"New South Wales"},"type":"MultiPolygon","arcs":[[[812]],[[813,-823]]],"id":"feature_0175"},{"properties":{"sa2_code":"108051169","sa2_name":"Taree","state":"New South Wales"},"type":"Polygon","arcs":[[-821,814]],"id":"feature_0176"},{"properties":{"sa2_code":"108051170","sa2_name":"Taree Surrounds","state":"New South Wales"},"type":"Polygon","arcs":[[-910,815,816,817,818,819,820,821,822,823,824,825]],"id":"feature_0177"},{"properties":{"sa2_code":"108051171","sa2_name":"Wingham","state":"New South Wales"},"type":"Polygon","arcs":[[826]],"id":"feature_0178"},{"properties":{"sa2_code":"109011172","sa2_name":"Albury - East","state":"New South Wales"},"type":"Polygon","arcs":[[827]],"id":"feature_0179"},{"properties":{"sa2_code":"109011173","sa2_name":"Albury - North","state":"New South Wales"},"type":"Polygon","arcs":[[828]],"id":"feature_0180"},{"properties":{"sa2_code":"109011174","sa2_name":"Albury - South","state":"New South Wales"},"type":"Polygon","arcs":[[829]],"id":"feature_0181"},{"properties":{"sa2_code":"109011175","sa2_name":"Albury Surrounds","state":"New South Wales"},"type":"Polygon","arcs":[[830,-1214,831,-1162,832,-1868,833,-865]],"id":"feature_0182"},{"properties":{"sa2_code":"109011176","sa2_name":"Lavington","state":"New South Wales"},"type":"Polygon","arcs":[[834]],"id":"feature_0183"},{"properties":{"sa2_code":"109021177","sa2_name":"Hay","state":"New South Wales"},"type":"Polygon","arcs":[[-846,835,836,837,-1138,838,-848,839]],"id":"feature_0184"},{"properties":{"sa2_code":"109021178","sa2_name":"Wentworth - Buronga","state":"New South Wales"},"type":"Polygon","arcs":[[-858,840]],"id":"feature_0185"},{"properties":{"sa2_code":"109021179","sa2_name":"Wentworth-Balranald Region","state":"New South Wales"},"type":"Polygon","arcs":[[841,842,843,844,845,846,847,848,-873,849,-871,850,-2609,851,-2607,852,-2605,853,-2598,854,-2559,855,-2572,856,857,858,-2568,859,-2566,860]],"id":"feature_0186"},{"properties":{"sa2_code":"109031180","sa2_name":"Corowa","state":"New South Wales"},"type":"Polygon","arcs":[[-868,861]],"id":"feature_0187"},{"properties":{"sa2_code":"109031181","sa2_name":"Corowa Surrounds","state":"New South Wales"},"type":"Polygon","arcs":[[-1150,862,-1216,863,864,865,-1832,866,867,868]],"id":"feature_0188"},{"properties":{"sa2_code":"109031182","sa2_name":"Deniliquin","state":"New South Wales"},"type":"Polygon","arcs":[[-878]],"id":"feature_0189"},{"properties":{"sa2_code":"109031183","sa2_name":"Deniliquin Surrounds","state":"New South Wales"},"type":"Polygon","arcs":[[869,870,871,872,873,-883,874,-879,875,-2623,876,-2586],[877]],"id":"feature_0190"},{"properties":{"sa2_code":"109031184","sa2_name":"Moama","state":"New South Wales"},"type":"Polygon","arcs":[[878,879]],"id":"feature_0191"},{"properties":{"sa2_code":"109031185","sa2_name":"Tocumwal - Finley - Jerilderie","state":"New South Wales"},"type":"Polygon","arcs":[[880,-1136,881,882]],"id":"feature_0192"},{"properties":{"sa2_code":"110011186","sa2_name":"Armidale","state":"New South Wales"},"type":"Polygon","arcs":[[883,-891,884,-898]],"id":"feature_0193"},{"properties":{"sa2_code":"110011187","sa2_name":"Armidale Surrounds - North","state":"New South Wales"},"type":"Polygon","arcs":[[-930,885,-922,886,887,888,-900,889,890,891,-896,892,-932,893]],"id":"feature_0194"},{"properties":{"sa2_code":"110011188","sa2_name":"Armidale Surrounds - South","state":"New South Wales"},"type":"Polygon","arcs":[[-1016,894,895,896,897,898,899,900,-904,901]],"id":"feature_0195"},{"properties":{"sa2_code":"110011189","sa2_name":"Walcha","state":"New South Wales"},"type":"Polygon","arcs":[[902,903,904,905,906,907,908,909,910,911,912,-1018]],"id":"feature_0196"},{"properties":{"sa2_code":"110021190","sa2_name":"Glen Innes","state":"New South Wales"},"type":"Polygon","arcs":[[913,-958,914,-956,915,-954,916,917,918,919,920,921,922,-928]],"id":"feature_0197"},{"properties":{"sa2_code":"110021191","sa2_name":"Inverell","state":"New South Wales"},"type":"Polygon","arcs":[[-935,923]],"id":"feature_0198"},{"properties":{"sa2_code":"110021192","sa2_name":"Inverell Surrounds - East","state":"New South Wales"},"type":"Polygon","arcs":[[-939,924,-963,925,-3062,926,927,928,929,930,931,932,-943,933,934,935,-941,936]],"id":"feature_0199"},{"properties":{"sa2_code":"110021193","sa2_name":"Inverell Surrounds - West","state":"New South Wales"},"type":"Polygon","arcs":[[937,938,939,940,941,942,943,-1014,944,-967,945,-965]],"id":"feature_0200"},{"properties":{"sa2_code":"110021194","sa2_name":"Tenterfield","state":"New South Wales"},"type":"Polygon","arcs":[[-3160,946,-3146,947,-3642,948,-1085,949,-1083,950,951,952,953,954,955,956,957,958]],"id":"feature_0201"},{"properties":{"sa2_code":"110031195","sa2_name":"Moree","state":"New South Wales"},"type":"Polygon","arcs":[[-974,959]],"id":"feature_0202"},{"properties":{"sa2_code":"110031196","sa2_name":"Moree Surrounds","state":"New South Wales"},"type":"Polygon","arcs":[[-3054,960,-3052,961,962,963,964,965,966,967,-979,968,969,970,971,972],[973,974]],"id":"feature_0203"},{"properties":{"sa2_code":"110031197","sa2_name":"Narrabri","state":"New South Wales"},"type":"Polygon","arcs":[[-986,975]],"id":"feature_0204"},{"properties":{"sa2_code":"110031198","sa2_name":"Narrabri Surrounds","state":"New South Wales"},"type":"Polygon","arcs":[[976,977,978,979,-1012,980,-990,981,-988,982,983,984],[985,986]],"id":"feature_0205"},{"properties":{"sa2_code":"110041199","sa2_name":"Gunnedah","state":"New South Wales"},"type":"Polygon","arcs":[[-996]],"id":"feature_0206"},{"properties":{"sa2_code":"110041200","sa2_name":"Gunnedah Surrounds","state":"New South Wales"},"type":"Polygon","arcs":[[987,988,989,990,-1022,991,-1007,992,993,994],[995]],"id":"feature_0207"},{"properties":{"sa2_code":"110041201","sa2_name":"Quirindi","state":"New South Wales"},"type":"Polygon","arcs":[[996,-1020,997,998,999,1000,1001,1002,1003,1004,1005,1006]],"id":"feature_0208"},{"properties":{"sa2_code":"110041202","sa2_name":"Tamworth - East","state":"New South Wales"},"type":"Polygon","arcs":[[-1023,1007]],"id":"feature_0209"},{"properties":{"sa2_code":"110041203","sa2_name":"Tamworth - North","state":"New South Wales"},"type":"Polygon","arcs":[[-1025,1008]],"id":"feature_0210"},{"properties":{"sa2_code":"110041204","sa2_name":"Tamworth - West","state":"New South Wales"},"type":"Polygon","arcs":[[1009]],"id":"feature_0211"},{"properties":{"sa2_code":"110041205","sa2_name":"Tamworth Surrounds","state":"New South Wales"},"type":"Polygon","arcs":[[1010,1011,1012,1013,1014,1015,1016,1017,1018,1019,1020,1021],[1022,1023,1024,1025]],"id":"feature_0212"},{"properties":{"sa2_code":"111011206","sa2_name":"Belmont - Bennetts Green","state":"New South Wales"},"type":"Polygon","arcs":[[1026]],"id":"feature_0213"},{"properties":{"sa2_code":"111011207","sa2_name":"Belmont South - Blacksmiths","state":"New South Wales"},"type":"MultiPolygon","arcs":[[[1027]],[[1028]]],"id":"feature_0214"},{"properties":{"sa2_code":"111011208","sa2_name":"Charlestown - Dudley","state":"New South Wales"},"type":"Polygon","arcs":[[1029]],"id":"feature_0215"},{"properties":{"sa2_code":"111011209","sa2_name":"Glendale - Cardiff - Hillsborough","state":"New South Wales"},"type":"Polygon","arcs":[[1030]],"id":"feature_0216"},{"properties":{"sa2_code":"111011210","sa2_name":"Mount Hutton - Windale","state":"New South Wales"},"type":"Polygon","arcs":[[1031]],"id":"feature_0217"},{"properties":{"sa2_code":"111011211","sa2_name":"Redhead","state":"New South Wales"},"type":"Polygon","arcs":[[1032]],"id":"feature_0218"},{"properties":{"sa2_code":"111011212","sa2_name":"Swansea - Caves Beach","state":"New South Wales"},"type":"MultiPolygon","arcs":[[[1033]],[[1034]],[[1035]],[[1036]]],"id":"feature_0219"},{"properties":{"sa2_code":"111011213","sa2_name":"Valentine - Eleebana","state":"New South Wales"},"type":"Polygon","arcs":[[1037]],"id":"feature_0220"},{"properties":{"sa2_code":"111011214","sa2_name":"Warners Bay - Boolaroo","state":"New South Wales"},"type":"Polygon","arcs":[[1038]],"id":"feature_0221"},{"properties":{"sa2_code":"111021215","sa2_name":"Bolton Point - Teralba","state":"New South Wales"},"type":"Polygon","arcs":[[1039]],"id":"feature_0222"},{"properties":{"sa2_code":"111021216","sa2_name":"Bonnells Bay - Silverwater","state":"New South Wales"},"type":"Polygon","arcs":[[1040]],"id":"feature_0223"},{"properties":{"sa2_code":"111021217","sa2_name":"Edgeworth - Cameron Park","state":"New South Wales"},"type":"Polygon","arcs":[[1041]],"id":"feature_0224"},{"properties":{"sa2_code":"111021218","sa2_name":"Morisset - Cooranbong","state":"New South Wales"},"type":"Polygon","arcs":[[1042,1043]],"id":"feature_0225"},{"properties":{"sa2_code":"111021219","sa2_name":"Toronto - Awaba","state":"New South Wales"},"type":"Polygon","arcs":[[1044]],"id":"feature_0226"},{"properties":{"sa2_code":"111021220","sa2_name":"Wangi Wangi - Rathmines","state":"New South Wales"},"type":"MultiPolygon","arcs":[[[1045]],[[1046]]],"id":"feature_0227"},{"properties":{"sa2_code":"111021221","sa2_name":"West Wallsend - Barnsley - Killingworth","state":"New South Wales"},"type":"Polygon","arcs":[[1047]],"id":"feature_0228"},{"properties":{"sa2_code":"111031222","sa2_name":"Adamstown - Kotara","state":"New South Wales"},"type":"Polygon","arcs":[[1048]],"id":"feature_0229"},{"properties":{"sa2_code":"111031223","sa2_name":"Beresfield - Hexham","state":"New South Wales"},"type":"Polygon","arcs":[[1049]],"id":"feature_0230"},{"properties":{"sa2_code":"111031224","sa2_name":"Hamilton - Broadmeadow","state":"New South Wales"},"type":"Polygon","arcs":[[1050]],"id":"feature_0231"},{"properties":{"sa2_code":"111031225","sa2_name":"Lambton - New Lambton","state":"New South Wales"},"type":"Polygon","arcs":[[1051]],"id":"feature_0232"},{"properties":{"sa2_code":"111031226","sa2_name":"Maryland - Fletcher - Minmi","state":"New South Wales"},"type":"Polygon","arcs":[[1052]],"id":"feature_0233"},{"properties":{"sa2_code":"111031227","sa2_name":"Mayfield - Warabrook","state":"New South Wales"},"type":"Polygon","arcs":[[1053]],"id":"feature_0234"},{"properties":{"sa2_code":"111031228","sa2_name":"Merewether - The Junction","state":"New South Wales"},"type":"Polygon","arcs":[[1054]],"id":"feature_0235"},{"properties":{"sa2_code":"111031229","sa2_name":"Newcastle - Cooks Hill","state":"New South Wales"},"type":"Polygon","arcs":[[1055]],"id":"feature_0236"},{"properties":{"sa2_code":"111031230","sa2_name":"Newcastle Port - Kooragang","state":"New South Wales"},"type":"Polygon","arcs":[[1056]],"id":"feature_0237"},{"properties":{"sa2_code":"111031231","sa2_name":"Shortland - Jesmond","state":"New South Wales"},"type":"Polygon","arcs":[[1057]],"id":"feature_0238"},{"properties":{"sa2_code":"111031232","sa2_name":"Stockton - Fullerton Cove","state":"New South Wales"},"type":"Polygon","arcs":[[1058]],"id":"feature_0239"},{"properties":{"sa2_code":"111031233","sa2_name":"Wallsend - Elermore Vale","state":"New South Wales"},"type":"Polygon","arcs":[[1059]],"id":"feature_0240"},{"properties":{"sa2_code":"111031234","sa2_name":"Waratah - North Lambton","state":"New South Wales"},"type":"Polygon","arcs":[[1060]],"id":"feature_0241"},{"properties":{"sa2_code":"111031235","sa2_name":"Wickham - Carrington - Tighes Hill","state":"New South Wales"},"type":"MultiPolygon","arcs":[[[1061]],[[1062]]],"id":"feature_0242"},{"properties":{"sa2_code":"112011236","sa2_name":"Ballina","state":"New South Wales"},"type":"MultiPolygon","arcs":[[[1063]],[[1064]]],"id":"feature_0243"},{"properties":{"sa2_code":"112011237","sa2_name":"Ballina Surrounds","state":"New South Wales"},"type":"Polygon","arcs":[[-1104,1065]],"id":"feature_0244"},{"properties":{"sa2_code":"112011238","sa2_name":"Bangalow","state":"New South Wales"},"type":"Polygon","arcs":[[-1076,1066]],"id":"feature_0245"},{"properties":{"sa2_code":"112011239","sa2_name":"Brunswick Heads - Ocean Shores","state":"New South Wales"},"type":"Polygon","arcs":[[1067]],"id":"feature_0246"},{"properties":{"sa2_code":"112011240","sa2_name":"Byron Bay","state":"New South Wales"},"type":"MultiPolygon","arcs":[[[1068]],[[1069]],[[1070]],[[1071]],[[1072]],[[1073]],[[1074,1075]]],"id":"feature_0247"},{"properties":{"sa2_code":"112011241","sa2_name":"Evans Head","state":"New South Wales"},"type":"Polygon","arcs":[[1076,1077,-1106,1078]],"id":"feature_0248"},{"properties":{"sa2_code":"112011242","sa2_name":"Lennox Head - Skennars Head","state":"New South Wales"},"type":"Polygon","arcs":[[1079]],"id":"feature_0249"},{"properties":{"sa2_code":"112011243","sa2_name":"Mullumbimby","state":"New South Wales"},"type":"Polygon","arcs":[[-1102,1080]],"id":"feature_0250"},{"properties":{"sa2_code":"112021244","sa2_name":"Casino","state":"New South Wales"},"type":"Polygon","arcs":[[-1094,1081]],"id":"feature_0251"},{"properties":{"sa2_code":"112021245","sa2_name":"Casino Surrounds","state":"New South Wales"},"type":"Polygon","arcs":[[1082,1083,1084,1085,-1098,1086,-1108,1087,1088,1089,1090,1091],[1092,1093]],"id":"feature_0252"},{"properties":{"sa2_code":"112021246","sa2_name":"Goonellabah","state":"New South Wales"},"type":"Polygon","arcs":[[-1110,1094]],"id":"feature_0253"},{"properties":{"sa2_code":"112021247","sa2_name":"Kyogle","state":"New South Wales"},"type":"Polygon","arcs":[[1095,-1100,1096,1097]],"id":"feature_0254"},{"properties":{"sa2_code":"112021248","sa2_name":"Lismore","state":"New South Wales"},"type":"Polygon","arcs":[[1098]],"id":"feature_0255"},{"properties":{"sa2_code":"112021249","sa2_name":"Lismore Surrounds","state":"New South Wales"},"type":"Polygon","arcs":[[1099,1100,1101,1102,1103,1104,1105,1106,1107,1108],[1109,1110]],"id":"feature_0256"},{"properties":{"sa2_code":"112031250","sa2_name":"Kingscliff - Fingal Head","state":"New South Wales"},"type":"MultiPolygon","arcs":[[[1111]],[[1112]]],"id":"feature_0257"},{"properties":{"sa2_code":"112031251","sa2_name":"Murwillumbah","state":"New South Wales"},"type":"Polygon","arcs":[[1113,-1117]],"id":"feature_0258"},{"properties":{"sa2_code":"112031252","sa2_name":"Murwillumbah Surrounds","state":"New South Wales"},"type":"Polygon","arcs":[[-1118,1114],[1115,1116]],"id":"feature_0259"},{"properties":{"sa2_code":"112031253","sa2_name":"Pottsville","state":"New South Wales"},"type":"Polygon","arcs":[[1117,1118]],"id":"feature_0260"},{"properties":{"sa2_code":"112031254","sa2_name":"Tweed Heads","state":"New South Wales"},"type":"Polygon","arcs":[[1119]],"id":"feature_0261"},{"properties":{"sa2_code":"112031550","sa2_name":"Banora Point","state":"New South Wales"},"type":"Polygon","arcs":[[1120]],"id":"feature_0262"},{"properties":{"sa2_code":"112031551","sa2_name":"Terranora - North Tumbulgum","state":"New South Wales"},"type":"Polygon","arcs":[[1121]],"id":"feature_0263"},{"properties":{"sa2_code":"112031552","sa2_name":"Tweed Heads South","state":"New South Wales"},"type":"Polygon","arcs":[[1122]],"id":"feature_0264"},{"properties":{"sa2_code":"113011256","sa2_name":"Griffith (NSW)","state":"New South Wales"},"type":"Polygon","arcs":[[-1140,1123]],"id":"feature_0265"},{"properties":{"sa2_code":"113011257","sa2_name":"Griffith Surrounds","state":"New South Wales"},"type":"Polygon","arcs":[[1124,1125,1126,1127,1128,1129,1130,1131,1132,-1144,1133,-1152,1134,1135,1136,1137],[1138,1139]],"id":"feature_0266"},{"properties":{"sa2_code":"113011258","sa2_name":"Leeton","state":"New South Wales"},"type":"Polygon","arcs":[[-1142,1140]],"id":"feature_0267"},{"properties":{"sa2_code":"113011259","sa2_name":"Narrandera","state":"New South Wales"},"type":"Polygon","arcs":[[1141,1142,1143,1144,1145,1146,-1189,1147,-1218,1148,1149,1150,1151,1152]],"id":"feature_0268"},{"properties":{"sa2_code":"113021260","sa2_name":"Tumbarumba","state":"New South Wales"},"type":"Polygon","arcs":[[-1167,1153,-1165,1154,1155,1156,1157,1158,-1872,1159,-1870,1160,1161,1162]],"id":"feature_0269"},{"properties":{"sa2_code":"113021261","sa2_name":"Tumut","state":"New South Wales"},"type":"Polygon","arcs":[[1163,-1171]],"id":"feature_0270"},{"properties":{"sa2_code":"113021262","sa2_name":"Tumut Surrounds","state":"New South Wales"},"type":"Polygon","arcs":[[1164,1165,1166,1167,-1212,1168,-1183,1169],[1170,1171]],"id":"feature_0271"},{"properties":{"sa2_code":"113031263","sa2_name":"Cootamundra","state":"New South Wales"},"type":"Polygon","arcs":[[-1195,1172,1173,1174,1175,1176,-1179,1177]],"id":"feature_0272"},{"properties":{"sa2_code":"113031264","sa2_name":"Gundagai","state":"New South Wales"},"type":"Polygon","arcs":[[1178,1179,1180,1181,1182,1183,-1210,1184]],"id":"feature_0273"},{"properties":{"sa2_code":"113031265","sa2_name":"Junee","state":"New South Wales"},"type":"Polygon","arcs":[[1185,-1197,1186,-1208]],"id":"feature_0274"},{"properties":{"sa2_code":"113031266","sa2_name":"Temora","state":"New South Wales"},"type":"Polygon","arcs":[[1187,1188,1189,1190,1191,1192,1193,1194,1195,1196,1197,-1206,1198,-1204]],"id":"feature_0275"},{"properties":{"sa2_code":"113031267","sa2_name":"Wagga Wagga - East","state":"New South Wales"},"type":"Polygon","arcs":[[-1220,1199]],"id":"feature_0276"},{"properties":{"sa2_code":"113031268","sa2_name":"Wagga Wagga - North","state":"New South Wales"},"type":"Polygon","arcs":[[-1222,1200]],"id":"feature_0277"},{"properties":{"sa2_code":"113031269","sa2_name":"Wagga Wagga - South","state":"New South Wales"},"type":"Polygon","arcs":[[1201]],"id":"feature_0278"},{"properties":{"sa2_code":"113031270","sa2_name":"Wagga Wagga - West","state":"New South Wales"},"type":"Polygon","arcs":[[1202]],"id":"feature_0279"},{"properties":{"sa2_code":"113031271","sa2_name":"Wagga Wagga Surrounds","state":"New South Wales"},"type":"Polygon","arcs":[[1203,1204,1205,1206,1207,1208,1209,1210,1211,1212,1213,1214,1215,1216,1217,1218],[1219,1220,1221,1222]],"id":"feature_0280"},{"properties":{"sa2_code":"114011272","sa2_name":"Berry - Kangaroo Valley","state":"New South Wales"},"type":"Polygon","arcs":[[-1248,1223]],"id":"feature_0281"},{"properties":{"sa2_code":"114011273","sa2_name":"Callala Bay - Currarong","state":"New South Wales"},"type":"Polygon","arcs":[[1224]],"id":"feature_0282"},{"properties":{"sa2_code":"114011274","sa2_name":"Culburra Beach","state":"New South Wales"},"type":"Polygon","arcs":[[1225]],"id":"feature_0283"},{"properties":{"sa2_code":"114011275","sa2_name":"Ettrema - Sassafras - Budawang","state":"New South Wales"},"type":"Polygon","arcs":[[-1237,1226,-1242,1227,1228,1229]],"id":"feature_0284"},{"properties":{"sa2_code":"114011276","sa2_name":"Huskisson - Vincentia","state":"New South Wales"},"type":"Polygon","arcs":[[1230]],"id":"feature_0285"},{"properties":{"sa2_code":"114011277","sa2_name":"North Nowra - Bomaderry","state":"New South Wales"},"type":"Polygon","arcs":[[1231]],"id":"feature_0286"},{"properties":{"sa2_code":"114011278","sa2_name":"Nowra","state":"New South Wales"},"type":"Polygon","arcs":[[1232]],"id":"feature_0287"},{"properties":{"sa2_code":"114011279","sa2_name":"St Georges Basin - Erowal Bay","state":"New South Wales"},"type":"Polygon","arcs":[[1233]],"id":"feature_0288"},{"properties":{"sa2_code":"114011280","sa2_name":"Sussex Inlet - Berrara","state":"New South Wales"},"type":"Polygon","arcs":[[1234]],"id":"feature_0289"},{"properties":{"sa2_code":"114011281","sa2_name":"Tomerong - Wandandian - Woollamia","state":"New South Wales"},"type":"Polygon","arcs":[[1235,1236]],"id":"feature_0290"},{"properties":{"sa2_code":"114011282","sa2_name":"Ulladulla","state":"New South Wales"},"type":"Polygon","arcs":[[1237]],"id":"feature_0291"},{"properties":{"sa2_code":"114011283","sa2_name":"Ulladulla Surrounds","state":"New South Wales"},"type":"MultiPolygon","arcs":[[[1238]],[[1239]],[[1240]],[[1241,1242]]],"id":"feature_0292"},{"properties":{"sa2_code":"114021284","sa2_name":"Bowral","state":"New South Wales"},"type":"Polygon","arcs":[[1243]],"id":"feature_0293"},{"properties":{"sa2_code":"114021285","sa2_name":"Hill Top - Colo Vale","state":"New South Wales"},"type":"Polygon","arcs":[[-1253,1244]],"id":"feature_0294"},{"properties":{"sa2_code":"114021286","sa2_name":"Mittagong","state":"New South Wales"},"type":"Polygon","arcs":[[1245]],"id":"feature_0295"},{"properties":{"sa2_code":"114021287","sa2_name":"Moss Vale - Berrima","state":"New South Wales"},"type":"Polygon","arcs":[[1246]],"id":"feature_0296"},{"properties":{"sa2_code":"114021288","sa2_name":"Robertson - Fitzroy Falls","state":"New South Wales"},"type":"Polygon","arcs":[[1247,1248]],"id":"feature_0297"},{"properties":{"sa2_code":"114021289","sa2_name":"Southern Highlands","state":"New South Wales"},"type":"Polygon","arcs":[[1249,1250,-1521,1251,1252,1253,1254,1255,1256,1257]],"id":"feature_0298"},{"properties":{"sa2_code":"115011290","sa2_name":"Baulkham Hills - East","state":"New South Wales"},"type":"Polygon","arcs":[[1258]],"id":"feature_0299"},{"properties":{"sa2_code":"115011291","sa2_name":"Baulkham Hills (West) - Bella Vista","state":"New South Wales"},"type":"Polygon","arcs":[[1259]],"id":"feature_0300"},{"properties":{"sa2_code":"115011294","sa2_name":"Glenhaven","state":"New South Wales"},"type":"Polygon","arcs":[[1260]],"id":"feature_0301"},{"properties":{"sa2_code":"115011296","sa2_name":"West Pennant Hills","state":"New South Wales"},"type":"Polygon","arcs":[[1261]],"id":"feature_0302"},{"properties":{"sa2_code":"115011553","sa2_name":"Castle Hill - Central","state":"New South Wales"},"type":"Polygon","arcs":[[1262]],"id":"feature_0303"},{"properties":{"sa2_code":"115011554","sa2_name":"Castle Hill - East","state":"New South Wales"},"type":"Polygon","arcs":[[1263]],"id":"feature_0304"},{"properties":{"sa2_code":"115011555","sa2_name":"Castle Hill - North","state":"New South Wales"},"type":"Polygon","arcs":[[1264]],"id":"feature_0305"},{"properties":{"sa2_code":"115011556","sa2_name":"Castle Hill - South","state":"New South Wales"},"type":"Polygon","arcs":[[1265]],"id":"feature_0306"},{"properties":{"sa2_code":"115011557","sa2_name":"Castle Hill - West","state":"New South Wales"},"type":"Polygon","arcs":[[1266]],"id":"feature_0307"},{"properties":{"sa2_code":"115011558","sa2_name":"Cherrybrook","state":"New South Wales"},"type":"Polygon","arcs":[[1267]],"id":"feature_0308"},{"properties":{"sa2_code":"115011621","sa2_name":"Kellyville - East","state":"New South Wales"},"type":"Polygon","arcs":[[1268]],"id":"feature_0309"},{"properties":{"sa2_code":"115011622","sa2_name":"Kellyville - West","state":"New South Wales"},"type":"Polygon","arcs":[[1269]],"id":"feature_0310"},{"properties":{"sa2_code":"115021297","sa2_name":"Dural - Kenthurst - Wisemans Ferry","state":"New South Wales"},"type":"Polygon","arcs":[[-1287,1270,-1275,1271]],"id":"feature_0311"},{"properties":{"sa2_code":"115021298","sa2_name":"Galston - Laughtondale","state":"New South Wales"},"type":"MultiPolygon","arcs":[[[1272]],[[1273]]],"id":"feature_0312"},{"properties":{"sa2_code":"115031299","sa2_name":"Bilpin - Colo - St Albans","state":"New South Wales"},"type":"Polygon","arcs":[[1274,1275,-1285,1276,-1511,1277,1278,1279,1280,1281,1282,1283]],"id":"feature_0313"},{"properties":{"sa2_code":"115031300","sa2_name":"Kurrajong Heights - Ebenezer","state":"New South Wales"},"type":"Polygon","arcs":[[1284,1285,1286,1287,-1535,1288]],"id":"feature_0314"},{"properties":{"sa2_code":"115041301","sa2_name":"Pitt Town - McGraths Hill","state":"New South Wales"},"type":"Polygon","arcs":[[1289]],"id":"feature_0315"},{"properties":{"sa2_code":"115041623","sa2_name":"Box Hill - Nelson","state":"New South Wales"},"type":"Polygon","arcs":[[1290]],"id":"feature_0316"},{"properties":{"sa2_code":"115041624","sa2_name":"North Kellyville","state":"New South Wales"},"type":"Polygon","arcs":[[1291]],"id":"feature_0317"},{"properties":{"sa2_code":"115041625","sa2_name":"Rouse Hill - Beaumont Hills","state":"New South Wales"},"type":"Polygon","arcs":[[1292]],"id":"feature_0318"},{"properties":{"sa2_code":"116011303","sa2_name":"Blacktown (East) - Kings Park","state":"New South Wales"},"type":"Polygon","arcs":[[1293]],"id":"feature_0319"},{"properties":{"sa2_code":"116011304","sa2_name":"Blacktown (North) - Marayong","state":"New South Wales"},"type":"Polygon","arcs":[[1294]],"id":"feature_0320"},{"properties":{"sa2_code":"116011306","sa2_name":"Doonside - Woodcroft","state":"New South Wales"},"type":"Polygon","arcs":[[1295]],"id":"feature_0321"},{"properties":{"sa2_code":"116011307","sa2_name":"Lalor Park - Kings Langley","state":"New South Wales"},"type":"Polygon","arcs":[[1296]],"id":"feature_0322"},{"properties":{"sa2_code":"116011560","sa2_name":"Blacktown - South","state":"New South Wales"},"type":"Polygon","arcs":[[1297]],"id":"feature_0323"},{"properties":{"sa2_code":"116011561","sa2_name":"Blacktown - West","state":"New South Wales"},"type":"Polygon","arcs":[[1298]],"id":"feature_0324"},{"properties":{"sa2_code":"116011626","sa2_name":"Seven Hills - Prospect","state":"New South Wales"},"type":"Polygon","arcs":[[1299]],"id":"feature_0325"},{"properties":{"sa2_code":"116011627","sa2_name":"Toongabbie - West","state":"New South Wales"},"type":"Polygon","arcs":[[1300]],"id":"feature_0326"},{"properties":{"sa2_code":"116021309","sa2_name":"Glenwood","state":"New South Wales"},"type":"Polygon","arcs":[[1301]],"id":"feature_0327"},{"properties":{"sa2_code":"116021562","sa2_name":"Acacia Gardens","state":"New South Wales"},"type":"Polygon","arcs":[[1302]],"id":"feature_0328"},{"properties":{"sa2_code":"116021563","sa2_name":"Quakers Hill","state":"New South Wales"},"type":"Polygon","arcs":[[1303]],"id":"feature_0329"},{"properties":{"sa2_code":"116021628","sa2_name":"Kellyville Ridge - The Ponds","state":"New South Wales"},"type":"Polygon","arcs":[[1304]],"id":"feature_0330"},{"properties":{"sa2_code":"116021629","sa2_name":"Marsden Park - Shanes Park","state":"New South Wales"},"type":"Polygon","arcs":[[1305]],"id":"feature_0331"},{"properties":{"sa2_code":"116021630","sa2_name":"Riverstone","state":"New South Wales"},"type":"Polygon","arcs":[[1306]],"id":"feature_0332"},{"properties":{"sa2_code":"116021631","sa2_name":"Schofields (West) - Colebee","state":"New South Wales"},"type":"Polygon","arcs":[[1307]],"id":"feature_0333"},{"properties":{"sa2_code":"116021632","sa2_name":"Schofields - East","state":"New South Wales"},"type":"Polygon","arcs":[[1308]],"id":"feature_0334"},{"properties":{"sa2_code":"116021633","sa2_name":"Stanhope Gardens - Parklea","state":"New South Wales"},"type":"Polygon","arcs":[[1309]],"id":"feature_0335"},{"properties":{"sa2_code":"116031313","sa2_name":"Bidwill - Hebersham - Emerton","state":"New South Wales"},"type":"Polygon","arcs":[[1310]],"id":"feature_0336"},{"properties":{"sa2_code":"116031314","sa2_name":"Glendenning - Dean Park","state":"New South Wales"},"type":"Polygon","arcs":[[1311]],"id":"feature_0337"},{"properties":{"sa2_code":"116031315","sa2_name":"Hassall Grove - Plumpton","state":"New South Wales"},"type":"Polygon","arcs":[[1312]],"id":"feature_0338"},{"properties":{"sa2_code":"116031316","sa2_name":"Lethbridge Park - Tregear","state":"New South Wales"},"type":"Polygon","arcs":[[1313]],"id":"feature_0339"},{"properties":{"sa2_code":"116031317","sa2_name":"Mount Druitt - Whalan","state":"New South Wales"},"type":"Polygon","arcs":[[1314]],"id":"feature_0340"},{"properties":{"sa2_code":"116031318","sa2_name":"Prospect Reservoir","state":"New South Wales"},"type":"Polygon","arcs":[[1315]],"id":"feature_0341"},{"properties":{"sa2_code":"116031319","sa2_name":"Rooty Hill - Minchinbury","state":"New South Wales"},"type":"Polygon","arcs":[[1316]],"id":"feature_0342"},{"properties":{"sa2_code":"117011320","sa2_name":"Banksmeadow","state":"New South Wales"},"type":"Polygon","arcs":[[1317]],"id":"feature_0343"},{"properties":{"sa2_code":"117011321","sa2_name":"Botany","state":"New South Wales"},"type":"Polygon","arcs":[[1318]],"id":"feature_0344"},{"properties":{"sa2_code":"117011323","sa2_name":"Pagewood - Hillsdale - Daceyville","state":"New South Wales"},"type":"Polygon","arcs":[[1319]],"id":"feature_0345"},{"properties":{"sa2_code":"117011324","sa2_name":"Port Botany Industrial","state":"New South Wales"},"type":"Polygon","arcs":[[1320]],"id":"feature_0346"},{"properties":{"sa2_code":"117011325","sa2_name":"Sydney Airport","state":"New South Wales"},"type":"Polygon","arcs":[[1321]],"id":"feature_0347"},{"properties":{"sa2_code":"117011634","sa2_name":"Eastlakes","state":"New South Wales"},"type":"Polygon","arcs":[[1322]],"id":"feature_0348"},{"properties":{"sa2_code":"117011635","sa2_name":"Mascot","state":"New South Wales"},"type":"Polygon","arcs":[[1323]],"id":"feature_0349"},{"properties":{"sa2_code":"117021327","sa2_name":"Petersham - Stanmore","state":"New South Wales"},"type":"Polygon","arcs":[[1324]],"id":"feature_0350"},{"properties":{"sa2_code":"117021328","sa2_name":"Sydenham - Tempe - St Peters","state":"New South Wales"},"type":"Polygon","arcs":[[1325]],"id":"feature_0351"},{"properties":{"sa2_code":"117021636","sa2_name":"Marrickville - North","state":"New South Wales"},"type":"Polygon","arcs":[[1326]],"id":"feature_0352"},{"properties":{"sa2_code":"117021637","sa2_name":"Marrickville - South","state":"New South Wales"},"type":"Polygon","arcs":[[1327]],"id":"feature_0353"},{"properties":{"sa2_code":"117031329","sa2_name":"Darlinghurst","state":"New South Wales"},"type":"Polygon","arcs":[[1328]],"id":"feature_0354"},{"properties":{"sa2_code":"117031330","sa2_name":"Erskineville - Alexandria","state":"New South Wales"},"type":"Polygon","arcs":[[1329]],"id":"feature_0355"},{"properties":{"sa2_code":"117031331","sa2_name":"Glebe - Forest Lodge","state":"New South Wales"},"type":"Polygon","arcs":[[1330]],"id":"feature_0356"},{"properties":{"sa2_code":"117031333","sa2_name":"Potts Point - Woolloomooloo","state":"New South Wales"},"type":"Polygon","arcs":[[1331]],"id":"feature_0357"},{"properties":{"sa2_code":"117031336","sa2_name":"Surry Hills","state":"New South Wales"},"type":"Polygon","arcs":[[1332]],"id":"feature_0358"},{"properties":{"sa2_code":"117031638","sa2_name":"Camperdown - Darlington","state":"New South Wales"},"type":"Polygon","arcs":[[1333]],"id":"feature_0359"},{"properties":{"sa2_code":"117031639","sa2_name":"Chippendale","state":"New South Wales"},"type":"Polygon","arcs":[[1334]],"id":"feature_0360"},{"properties":{"sa2_code":"117031640","sa2_name":"Newtown (NSW)","state":"New South Wales"},"type":"Polygon","arcs":[[1335]],"id":"feature_0361"},{"properties":{"sa2_code":"117031641","sa2_name":"Pyrmont","state":"New South Wales"},"type":"Polygon","arcs":[[1336]],"id":"feature_0362"},{"properties":{"sa2_code":"117031642","sa2_name":"Redfern","state":"New South Wales"},"type":"Polygon","arcs":[[1337]],"id":"feature_0363"},{"properties":{"sa2_code":"117031643","sa2_name":"Rosebery - Beaconsfield","state":"New South Wales"},"type":"Polygon","arcs":[[1338]],"id":"feature_0364"},{"properties":{"sa2_code":"117031644","sa2_name":"Sydney (North) - Millers Point","state":"New South Wales"},"type":"MultiPolygon","arcs":[[[1339]],[[1340]],[[1341]]],"id":"feature_0365"},{"properties":{"sa2_code":"117031645","sa2_name":"Sydney (South) - Haymarket","state":"New South Wales"},"type":"Polygon","arcs":[[1342]],"id":"feature_0366"},{"properties":{"sa2_code":"117031646","sa2_name":"Ultimo","state":"New South Wales"},"type":"Polygon","arcs":[[1343]],"id":"feature_0367"},{"properties":{"sa2_code":"117031647","sa2_name":"Waterloo","state":"New South Wales"},"type":"Polygon","arcs":[[1344]],"id":"feature_0368"},{"properties":{"sa2_code":"117031648","sa2_name":"Zetland","state":"New South Wales"},"type":"Polygon","arcs":[[1345]],"id":"feature_0369"},{"properties":{"sa2_code":"118011339","sa2_name":"Bondi - Tamarama - Bronte","state":"New South Wales"},"type":"Polygon","arcs":[[1346]],"id":"feature_0370"},{"properties":{"sa2_code":"118011340","sa2_name":"Bondi Beach - North Bondi","state":"New South Wales"},"type":"Polygon","arcs":[[1347]],"id":"feature_0371"},{"properties":{"sa2_code":"118011341","sa2_name":"Bondi Junction - Waverly","state":"New South Wales"},"type":"Polygon","arcs":[[1348]],"id":"feature_0372"},{"properties":{"sa2_code":"118011342","sa2_name":"Centennial Park","state":"New South Wales"},"type":"Polygon","arcs":[[1349]],"id":"feature_0373"},{"properties":{"sa2_code":"118011344","sa2_name":"Dover Heights","state":"New South Wales"},"type":"Polygon","arcs":[[1350]],"id":"feature_0374"},{"properties":{"sa2_code":"118011345","sa2_name":"Paddington - Moore Park","state":"New South Wales"},"type":"Polygon","arcs":[[1351]],"id":"feature_0375"},{"properties":{"sa2_code":"118011346","sa2_name":"Rose Bay - Vaucluse - Watsons Bay","state":"New South Wales"},"type":"MultiPolygon","arcs":[[[1352]],[[1353]],[[1354]],[[1355]]],"id":"feature_0376"},{"properties":{"sa2_code":"118011347","sa2_name":"Woollahra","state":"New South Wales"},"type":"Polygon","arcs":[[1356]],"id":"feature_0377"},{"properties":{"sa2_code":"118011649","sa2_name":"Bellevue Hill","state":"New South Wales"},"type":"Polygon","arcs":[[1357]],"id":"feature_0378"},{"properties":{"sa2_code":"118011650","sa2_name":"Double Bay - Darling Point","state":"New South Wales"},"type":"Polygon","arcs":[[1358]],"id":"feature_0379"},{"properties":{"sa2_code":"118021564","sa2_name":"Kensington (NSW)","state":"New South Wales"},"type":"Polygon","arcs":[[1359]],"id":"feature_0380"},{"properties":{"sa2_code":"118021565","sa2_name":"Kingsford","state":"New South Wales"},"type":"Polygon","arcs":[[1360]],"id":"feature_0381"},{"properties":{"sa2_code":"118021566","sa2_name":"Maroubra - North","state":"New South Wales"},"type":"Polygon","arcs":[[1361]],"id":"feature_0382"},{"properties":{"sa2_code":"118021567","sa2_name":"Maroubra - South","state":"New South Wales"},"type":"Polygon","arcs":[[1362]],"id":"feature_0383"},{"properties":{"sa2_code":"118021568","sa2_name":"Maroubra - West","state":"New South Wales"},"type":"Polygon","arcs":[[1363]],"id":"feature_0384"},{"properties":{"sa2_code":"118021569","sa2_name":"Randwick - North","state":"New South Wales"},"type":"Polygon","arcs":[[1364]],"id":"feature_0385"},{"properties":{"sa2_code":"118021570","sa2_name":"Randwick - South","state":"New South Wales"},"type":"Polygon","arcs":[[1365]],"id":"feature_0386"},{"properties":{"sa2_code":"118021651","sa2_name":"Coogee - Clovelly","state":"New South Wales"},"type":"MultiPolygon","arcs":[[[1366]],[[1367]]],"id":"feature_0387"},{"properties":{"sa2_code":"118021652","sa2_name":"Malabar - La Perouse","state":"New South Wales"},"type":"Polygon","arcs":[[1368]],"id":"feature_0388"},{"properties":{"sa2_code":"118021653","sa2_name":"Matraville - Chifley","state":"New South Wales"},"type":"Polygon","arcs":[[1369]],"id":"feature_0389"},{"properties":{"sa2_code":"118021654","sa2_name":"South Coogee","state":"New South Wales"},"type":"Polygon","arcs":[[1370]],"id":"feature_0390"},{"properties":{"sa2_code":"119011354","sa2_name":"Bass Hill - Georges Hall","state":"New South Wales"},"type":"Polygon","arcs":[[1371]],"id":"feature_0391"},{"properties":{"sa2_code":"119011355","sa2_name":"Chullora","state":"New South Wales"},"type":"Polygon","arcs":[[1372]],"id":"feature_0392"},{"properties":{"sa2_code":"119011356","sa2_name":"Condell Park","state":"New South Wales"},"type":"Polygon","arcs":[[1373]],"id":"feature_0393"},{"properties":{"sa2_code":"119011358","sa2_name":"Padstow","state":"New South Wales"},"type":"Polygon","arcs":[[1374]],"id":"feature_0394"},{"properties":{"sa2_code":"119011360","sa2_name":"Revesby","state":"New South Wales"},"type":"Polygon","arcs":[[1375]],"id":"feature_0395"},{"properties":{"sa2_code":"119011361","sa2_name":"Yagoona - Birrong","state":"New South Wales"},"type":"Polygon","arcs":[[1376]],"id":"feature_0396"},{"properties":{"sa2_code":"119011571","sa2_name":"Bankstown - North","state":"New South Wales"},"type":"Polygon","arcs":[[1377]],"id":"feature_0397"},{"properties":{"sa2_code":"119011572","sa2_name":"Bankstown - South","state":"New South Wales"},"type":"Polygon","arcs":[[1378]],"id":"feature_0398"},{"properties":{"sa2_code":"119011655","sa2_name":"Greenacre - North","state":"New South Wales"},"type":"Polygon","arcs":[[1379,-1381]],"id":"feature_0399"},{"properties":{"sa2_code":"119011656","sa2_name":"Greenacre - South","state":"New South Wales"},"type":"Polygon","arcs":[[1380,1381]],"id":"feature_0400"},{"properties":{"sa2_code":"119011657","sa2_name":"Panania (North) - Milperra","state":"New South Wales"},"type":"Polygon","arcs":[[1382]],"id":"feature_0401"},{"properties":{"sa2_code":"119011658","sa2_name":"Panania (South) - Picnic Point","state":"New South Wales"},"type":"Polygon","arcs":[[1383]],"id":"feature_0402"},{"properties":{"sa2_code":"119021362","sa2_name":"Belmore - Belfield","state":"New South Wales"},"type":"Polygon","arcs":[[1384]],"id":"feature_0403"},{"properties":{"sa2_code":"119021366","sa2_name":"Punchbowl","state":"New South Wales"},"type":"Polygon","arcs":[[1385]],"id":"feature_0404"},{"properties":{"sa2_code":"119021367","sa2_name":"Roselands","state":"New South Wales"},"type":"Polygon","arcs":[[1386]],"id":"feature_0405"},{"properties":{"sa2_code":"119021573","sa2_name":"Lakemba","state":"New South Wales"},"type":"Polygon","arcs":[[1387]],"id":"feature_0406"},{"properties":{"sa2_code":"119021574","sa2_name":"Wiley Park","state":"New South Wales"},"type":"Polygon","arcs":[[1388]],"id":"feature_0407"},{"properties":{"sa2_code":"119021659","sa2_name":"Campsie - North","state":"New South Wales"},"type":"Polygon","arcs":[[1389]],"id":"feature_0408"},{"properties":{"sa2_code":"119021660","sa2_name":"Campsie - South","state":"New South Wales"},"type":"Polygon","arcs":[[1390]],"id":"feature_0409"},{"properties":{"sa2_code":"119021661","sa2_name":"Canterbury - South","state":"New South Wales"},"type":"Polygon","arcs":[[1391]],"id":"feature_0410"},{"properties":{"sa2_code":"119021662","sa2_name":"Earlwood","state":"New South Wales"},"type":"Polygon","arcs":[[1392]],"id":"feature_0411"},{"properties":{"sa2_code":"119021663","sa2_name":"Kingsgrove - North","state":"New South Wales"},"type":"Polygon","arcs":[[1393]],"id":"feature_0412"},{"properties":{"sa2_code":"119031370","sa2_name":"Narwee - Beverly Hills","state":"New South Wales"},"type":"Polygon","arcs":[[1394]],"id":"feature_0413"},{"properties":{"sa2_code":"119031371","sa2_name":"Oatley - Hurstville Grove","state":"New South Wales"},"type":"Polygon","arcs":[[1395]],"id":"feature_0414"},{"properties":{"sa2_code":"119031372","sa2_name":"Peakhurst - Lugarno","state":"New South Wales"},"type":"Polygon","arcs":[[1396]],"id":"feature_0415"},{"properties":{"sa2_code":"119031373","sa2_name":"Riverwood","state":"New South Wales"},"type":"Polygon","arcs":[[1397]],"id":"feature_0416"},{"properties":{"sa2_code":"119031374","sa2_name":"South Hurstville - Blakehurst","state":"New South Wales"},"type":"Polygon","arcs":[[1398]],"id":"feature_0417"},{"properties":{"sa2_code":"119031664","sa2_name":"Hurstville - Central","state":"New South Wales"},"type":"Polygon","arcs":[[1399]],"id":"feature_0418"},{"properties":{"sa2_code":"119031665","sa2_name":"Hurstville - North","state":"New South Wales"},"type":"Polygon","arcs":[[1400]],"id":"feature_0419"},{"properties":{"sa2_code":"119031666","sa2_name":"Mortdale - Oatley","state":"New South Wales"},"type":"Polygon","arcs":[[1401]],"id":"feature_0420"},{"properties":{"sa2_code":"119031667","sa2_name":"Penshurst","state":"New South Wales"},"type":"Polygon","arcs":[[1402]],"id":"feature_0421"},{"properties":{"sa2_code":"119041377","sa2_name":"Kingsgrove (South) - Bardwell Park","state":"New South Wales"},"type":"Polygon","arcs":[[1403]],"id":"feature_0422"},{"properties":{"sa2_code":"119041378","sa2_name":"Kogarah","state":"New South Wales"},"type":"Polygon","arcs":[[1404]],"id":"feature_0423"},{"properties":{"sa2_code":"119041379","sa2_name":"Kogarah Bay - Carlton - Allawah","state":"New South Wales"},"type":"Polygon","arcs":[[1405]],"id":"feature_0424"},{"properties":{"sa2_code":"119041380","sa2_name":"Monterey - Brighton-le-Sands - Kyeemagh","state":"New South Wales"},"type":"Polygon","arcs":[[1406]],"id":"feature_0425"},{"properties":{"sa2_code":"119041381","sa2_name":"Rockdale - Banksia","state":"New South Wales"},"type":"Polygon","arcs":[[1407]],"id":"feature_0426"},{"properties":{"sa2_code":"119041382","sa2_name":"Sans Souci - Ramsgate","state":"New South Wales"},"type":"Polygon","arcs":[[1408]],"id":"feature_0427"},{"properties":{"sa2_code":"119041668","sa2_name":"Arncliffe - Bardwell Valley","state":"New South Wales"},"type":"Polygon","arcs":[[1409]],"id":"feature_0428"},{"properties":{"sa2_code":"119041669","sa2_name":"Bexley - North","state":"New South Wales"},"type":"Polygon","arcs":[[1410]],"id":"feature_0429"},{"properties":{"sa2_code":"119041670","sa2_name":"Bexley - South","state":"New South Wales"},"type":"Polygon","arcs":[[1411]],"id":"feature_0430"},{"properties":{"sa2_code":"119041671","sa2_name":"Wolli Creek","state":"New South Wales"},"type":"Polygon","arcs":[[1412]],"id":"feature_0431"},{"properties":{"sa2_code":"120011383","sa2_name":"Concord - Mortlake - Cabarita","state":"New South Wales"},"type":"Polygon","arcs":[[1413]],"id":"feature_0432"},{"properties":{"sa2_code":"120011385","sa2_name":"Drummoyne - Rodd Point","state":"New South Wales"},"type":"Polygon","arcs":[[1414]],"id":"feature_0433"},{"properties":{"sa2_code":"120011386","sa2_name":"Five Dock - Abbotsford","state":"New South Wales"},"type":"Polygon","arcs":[[1415]],"id":"feature_0434"},{"properties":{"sa2_code":"120011672","sa2_name":"Concord West - North Strathfield","state":"New South Wales"},"type":"Polygon","arcs":[[1416]],"id":"feature_0435"},{"properties":{"sa2_code":"120011673","sa2_name":"Rhodes","state":"New South Wales"},"type":"Polygon","arcs":[[1417]],"id":"feature_0436"},{"properties":{"sa2_code":"120021387","sa2_name":"Balmain","state":"New South Wales"},"type":"MultiPolygon","arcs":[[[1418]],[[1419]]],"id":"feature_0437"},{"properties":{"sa2_code":"120021389","sa2_name":"Lilyfield - Rozelle","state":"New South Wales"},"type":"Polygon","arcs":[[1420]],"id":"feature_0438"},{"properties":{"sa2_code":"120021674","sa2_name":"Annandale (NSW)","state":"New South Wales"},"type":"Polygon","arcs":[[1421]],"id":"feature_0439"},{"properties":{"sa2_code":"120021675","sa2_name":"Leichhardt","state":"New South Wales"},"type":"Polygon","arcs":[[1422]],"id":"feature_0440"},{"properties":{"sa2_code":"120031392","sa2_name":"Canterbury (North) - Ashbury","state":"New South Wales"},"type":"Polygon","arcs":[[1423]],"id":"feature_0441"},{"properties":{"sa2_code":"120031393","sa2_name":"Croydon Park - Enfield","state":"New South Wales"},"type":"Polygon","arcs":[[1424]],"id":"feature_0442"},{"properties":{"sa2_code":"120031394","sa2_name":"Dulwich Hill - Lewisham","state":"New South Wales"},"type":"Polygon","arcs":[[1425]],"id":"feature_0443"},{"properties":{"sa2_code":"120031395","sa2_name":"Haberfield - Summer Hill","state":"New South Wales"},"type":"Polygon","arcs":[[1426]],"id":"feature_0444"},{"properties":{"sa2_code":"120031396","sa2_name":"Homebush","state":"New South Wales"},"type":"Polygon","arcs":[[1427]],"id":"feature_0445"},{"properties":{"sa2_code":"120031576","sa2_name":"Strathfield South","state":"New South Wales"},"type":"Polygon","arcs":[[1428]],"id":"feature_0446"},{"properties":{"sa2_code":"120031676","sa2_name":"Ashfield - North","state":"New South Wales"},"type":"Polygon","arcs":[[1429]],"id":"feature_0447"},{"properties":{"sa2_code":"120031677","sa2_name":"Ashfield - South","state":"New South Wales"},"type":"Polygon","arcs":[[1430]],"id":"feature_0448"},{"properties":{"sa2_code":"120031678","sa2_name":"Burwood (NSW)","state":"New South Wales"},"type":"Polygon","arcs":[[1431]],"id":"feature_0449"},{"properties":{"sa2_code":"120031679","sa2_name":"Croydon","state":"New South Wales"},"type":"Polygon","arcs":[[1432]],"id":"feature_0450"},{"properties":{"sa2_code":"120031680","sa2_name":"Strathfield - East","state":"New South Wales"},"type":"Polygon","arcs":[[1433]],"id":"feature_0451"},{"properties":{"sa2_code":"120031681","sa2_name":"Strathfield - West","state":"New South Wales"},"type":"Polygon","arcs":[[1434]],"id":"feature_0452"},{"properties":{"sa2_code":"121011399","sa2_name":"Chatswood (West) - Lane Cove North","state":"New South Wales"},"type":"Polygon","arcs":[[1435]],"id":"feature_0453"},{"properties":{"sa2_code":"121011401","sa2_name":"St Leonards - Naremburn","state":"New South Wales"},"type":"Polygon","arcs":[[1436]],"id":"feature_0454"},{"properties":{"sa2_code":"121011682","sa2_name":"Artarmon","state":"New South Wales"},"type":"Polygon","arcs":[[1437]],"id":"feature_0455"},{"properties":{"sa2_code":"121011683","sa2_name":"Castle Cove - Northbridge","state":"New South Wales"},"type":"Polygon","arcs":[[1438]],"id":"feature_0456"},{"properties":{"sa2_code":"121011684","sa2_name":"Chatswood - East","state":"New South Wales"},"type":"Polygon","arcs":[[1439]],"id":"feature_0457"},{"properties":{"sa2_code":"121011685","sa2_name":"Greenwich - Riverview","state":"New South Wales"},"type":"Polygon","arcs":[[1440]],"id":"feature_0458"},{"properties":{"sa2_code":"121011686","sa2_name":"Lane Cove","state":"New South Wales"},"type":"Polygon","arcs":[[1441]],"id":"feature_0459"},{"properties":{"sa2_code":"121011687","sa2_name":"Willoughby","state":"New South Wales"},"type":"Polygon","arcs":[[1442]],"id":"feature_0460"},{"properties":{"sa2_code":"121021403","sa2_name":"Asquith - Mount Colah","state":"New South Wales"},"type":"Polygon","arcs":[[1443]],"id":"feature_0461"},{"properties":{"sa2_code":"121021404","sa2_name":"Berowra - Brooklyn - Cowan","state":"New South Wales"},"type":"MultiPolygon","arcs":[[[1444]],[[1445]],[[1446]]],"id":"feature_0462"},{"properties":{"sa2_code":"121021406","sa2_name":"Normanhurst - Thornleigh - Westleigh","state":"New South Wales"},"type":"Polygon","arcs":[[1447]],"id":"feature_0463"},{"properties":{"sa2_code":"121021577","sa2_name":"Hornsby - East","state":"New South Wales"},"type":"Polygon","arcs":[[1448]],"id":"feature_0464"},{"properties":{"sa2_code":"121021578","sa2_name":"Hornsby - West","state":"New South Wales"},"type":"Polygon","arcs":[[1449]],"id":"feature_0465"},{"properties":{"sa2_code":"121021579","sa2_name":"Wahroonga (West) - Waitara","state":"New South Wales"},"type":"Polygon","arcs":[[1450]],"id":"feature_0466"},{"properties":{"sa2_code":"121031407","sa2_name":"Gordon - Killara","state":"New South Wales"},"type":"Polygon","arcs":[[1451]],"id":"feature_0467"},{"properties":{"sa2_code":"121031408","sa2_name":"Lindfield - Roseville","state":"New South Wales"},"type":"Polygon","arcs":[[1452]],"id":"feature_0468"},{"properties":{"sa2_code":"121031409","sa2_name":"Pymble","state":"New South Wales"},"type":"Polygon","arcs":[[1453]],"id":"feature_0469"},{"properties":{"sa2_code":"121031410","sa2_name":"St Ives","state":"New South Wales"},"type":"Polygon","arcs":[[1454]],"id":"feature_0470"},{"properties":{"sa2_code":"121031411","sa2_name":"Turramurra","state":"New South Wales"},"type":"Polygon","arcs":[[1455]],"id":"feature_0471"},{"properties":{"sa2_code":"121031412","sa2_name":"Wahroonga (East) - Warrawee","state":"New South Wales"},"type":"Polygon","arcs":[[1456]],"id":"feature_0472"},{"properties":{"sa2_code":"121041413","sa2_name":"Cremorne - Cammeray","state":"New South Wales"},"type":"Polygon","arcs":[[1457]],"id":"feature_0473"},{"properties":{"sa2_code":"121041414","sa2_name":"Crows Nest - Waverton","state":"New South Wales"},"type":"Polygon","arcs":[[1458]],"id":"feature_0474"},{"properties":{"sa2_code":"121041416","sa2_name":"Neutral Bay - Kirribilli","state":"New South Wales"},"type":"Polygon","arcs":[[1459]],"id":"feature_0475"},{"properties":{"sa2_code":"121041417","sa2_name":"North Sydney - Lavender Bay","state":"New South Wales"},"type":"Polygon","arcs":[[1460]],"id":"feature_0476"},{"properties":{"sa2_code":"121041688","sa2_name":"Mosman - North","state":"New South Wales"},"type":"Polygon","arcs":[[1461]],"id":"feature_0477"},{"properties":{"sa2_code":"121041689","sa2_name":"Mosman - South","state":"New South Wales"},"type":"Polygon","arcs":[[1462]],"id":"feature_0478"},{"properties":{"sa2_code":"122011418","sa2_name":"Balgowlah - Clontarf - Seaforth","state":"New South Wales"},"type":"Polygon","arcs":[[1463]],"id":"feature_0479"},{"properties":{"sa2_code":"122011419","sa2_name":"Manly - Fairlight","state":"New South Wales"},"type":"Polygon","arcs":[[1464]],"id":"feature_0480"},{"properties":{"sa2_code":"122021420","sa2_name":"Avalon - Palm Beach","state":"New South Wales"},"type":"Polygon","arcs":[[1465]],"id":"feature_0481"},{"properties":{"sa2_code":"122021421","sa2_name":"Bayview - Elanora Heights","state":"New South Wales"},"type":"MultiPolygon","arcs":[[[-1478,1466]],[[1467]]],"id":"feature_0482"},{"properties":{"sa2_code":"122021422","sa2_name":"Newport - Bilgola","state":"New South Wales"},"type":"MultiPolygon","arcs":[[[1468]],[[1469]]],"id":"feature_0483"},{"properties":{"sa2_code":"122021690","sa2_name":"Mona Vale - Warriewood (North)","state":"New South Wales"},"type":"Polygon","arcs":[[1470]],"id":"feature_0484"},{"properties":{"sa2_code":"122021691","sa2_name":"North Narrabeen - Warriewood (South)","state":"New South Wales"},"type":"Polygon","arcs":[[1471]],"id":"feature_0485"},{"properties":{"sa2_code":"122031424","sa2_name":"Beacon Hill - Narraweena","state":"New South Wales"},"type":"Polygon","arcs":[[1472]],"id":"feature_0486"},{"properties":{"sa2_code":"122031425","sa2_name":"Cromer","state":"New South Wales"},"type":"Polygon","arcs":[[1473]],"id":"feature_0487"},{"properties":{"sa2_code":"122031427","sa2_name":"Forestville - Killarney Heights","state":"New South Wales"},"type":"Polygon","arcs":[[1474]],"id":"feature_0488"},{"properties":{"sa2_code":"122031429","sa2_name":"Freshwater - Brookvale","state":"New South Wales"},"type":"Polygon","arcs":[[1475]],"id":"feature_0489"},{"properties":{"sa2_code":"122031430","sa2_name":"Manly Vale - Allambie Heights","state":"New South Wales"},"type":"Polygon","arcs":[[1476]],"id":"feature_0490"},{"properties":{"sa2_code":"122031432","sa2_name":"Terrey Hills - Duffys Forest","state":"New South Wales"},"type":"Polygon","arcs":[[1477,1478]],"id":"feature_0491"},{"properties":{"sa2_code":"122031692","sa2_name":"Belrose","state":"New South Wales"},"type":"Polygon","arcs":[[1479]],"id":"feature_0492"},{"properties":{"sa2_code":"122031693","sa2_name":"Collaroy - Collaroy Plateau","state":"New South Wales"},"type":"Polygon","arcs":[[1480]],"id":"feature_0493"},{"properties":{"sa2_code":"122031694","sa2_name":"Dee Why (South) - North Curl Curl","state":"New South Wales"},"type":"Polygon","arcs":[[1481]],"id":"feature_0494"},{"properties":{"sa2_code":"122031695","sa2_name":"Dee Why - North","state":"New South Wales"},"type":"Polygon","arcs":[[1482]],"id":"feature_0495"},{"properties":{"sa2_code":"122031696","sa2_name":"Frenchs Forest - Oxford Falls","state":"New South Wales"},"type":"Polygon","arcs":[[1483]],"id":"feature_0496"},{"properties":{"sa2_code":"122031697","sa2_name":"Narrabeen - Wheeler Heights","state":"New South Wales"},"type":"Polygon","arcs":[[1484]],"id":"feature_0497"},{"properties":{"sa2_code":"123011433","sa2_name":"Camden - Ellis Lane","state":"New South Wales"},"type":"Polygon","arcs":[[1485]],"id":"feature_0498"},{"properties":{"sa2_code":"123011698","sa2_name":"Currans Hill","state":"New South Wales"},"type":"Polygon","arcs":[[1486]],"id":"feature_0499"},{"properties":{"sa2_code":"123011699","sa2_name":"Elderslie - Narellan","state":"New South Wales"},"type":"Polygon","arcs":[[1487]],"id":"feature_0500"},{"properties":{"sa2_code":"123011700","sa2_name":"Harrington Park","state":"New South Wales"},"type":"Polygon","arcs":[[1488]],"id":"feature_0501"},{"properties":{"sa2_code":"123011701","sa2_name":"Mount Annan","state":"New South Wales"},"type":"Polygon","arcs":[[1489]],"id":"feature_0502"},{"properties":{"sa2_code":"123011702","sa2_name":"Spring Farm","state":"New South Wales"},"type":"Polygon","arcs":[[1490]],"id":"feature_0503"},{"properties":{"sa2_code":"123021436","sa2_name":"Bradbury - Wedderburn","state":"New South Wales"},"type":"Polygon","arcs":[[1491]],"id":"feature_0504"},{"properties":{"sa2_code":"123021437","sa2_name":"Campbelltown - Woodbine","state":"New South Wales"},"type":"Polygon","arcs":[[1492]],"id":"feature_0505"},{"properties":{"sa2_code":"123021438","sa2_name":"Claymore - Eagle Vale - Raby","state":"New South Wales"},"type":"Polygon","arcs":[[1493]],"id":"feature_0506"},{"properties":{"sa2_code":"123021439","sa2_name":"Holsworthy Military Area","state":"New South Wales"},"type":"Polygon","arcs":[[1494]],"id":"feature_0507"},{"properties":{"sa2_code":"123021441","sa2_name":"Leumeah - Minto Heights","state":"New South Wales"},"type":"Polygon","arcs":[[1495]],"id":"feature_0508"},{"properties":{"sa2_code":"123021443","sa2_name":"Minto - St Andrews","state":"New South Wales"},"type":"Polygon","arcs":[[1496]],"id":"feature_0509"},{"properties":{"sa2_code":"123021444","sa2_name":"Rosemeadow - Glen Alpine","state":"New South Wales"},"type":"Polygon","arcs":[[1497]],"id":"feature_0510"},{"properties":{"sa2_code":"123021703","sa2_name":"Denham Court - Bardia","state":"New South Wales"},"type":"Polygon","arcs":[[-1620,1498]],"id":"feature_0511"},{"properties":{"sa2_code":"123021704","sa2_name":"Glenfield","state":"New South Wales"},"type":"Polygon","arcs":[[1499]],"id":"feature_0512"},{"properties":{"sa2_code":"123021705","sa2_name":"Ingleburn","state":"New South Wales"},"type":"Polygon","arcs":[[1500]],"id":"feature_0513"},{"properties":{"sa2_code":"123021706","sa2_name":"Macquarie Fields","state":"New South Wales"},"type":"Polygon","arcs":[[1501]],"id":"feature_0514"},{"properties":{"sa2_code":"123031445","sa2_name":"Bargo","state":"New South Wales"},"type":"Polygon","arcs":[[1502]],"id":"feature_0515"},{"properties":{"sa2_code":"123031446","sa2_name":"Douglas Park - Appin","state":"New South Wales"},"type":"Polygon","arcs":[[1503]],"id":"feature_0516"},{"properties":{"sa2_code":"123031447","sa2_name":"Picton - Tahmoor - Buxton","state":"New South Wales"},"type":"Polygon","arcs":[[1504]],"id":"feature_0517"},{"properties":{"sa2_code":"123031448","sa2_name":"The Oaks - Oakdale","state":"New South Wales"},"type":"Polygon","arcs":[[1505]],"id":"feature_0518"},{"properties":{"sa2_code":"124011449","sa2_name":"Blackheath - Megalong Valley","state":"New South Wales"},"type":"Polygon","arcs":[[-1513,1506,1507,1508]],"id":"feature_0519"},{"properties":{"sa2_code":"124011450","sa2_name":"Blaxland - Warrimoo - Lapstone","state":"New South Wales"},"type":"Polygon","arcs":[[1509]],"id":"feature_0520"},{"properties":{"sa2_code":"124011451","sa2_name":"Blue Mountains - North","state":"New South Wales"},"type":"Polygon","arcs":[[1510,1511,1512,1513]],"id":"feature_0521"},{"properties":{"sa2_code":"124011452","sa2_name":"Katoomba - Leura","state":"New South Wales"},"type":"Polygon","arcs":[[1514]],"id":"feature_0522"},{"properties":{"sa2_code":"124011453","sa2_name":"Lawson - Hazelbrook - Linden","state":"New South Wales"},"type":"Polygon","arcs":[[1515]],"id":"feature_0523"},{"properties":{"sa2_code":"124011454","sa2_name":"Springwood - Winmalee","state":"New South Wales"},"type":"Polygon","arcs":[[1516]],"id":"feature_0524"},{"properties":{"sa2_code":"124011455","sa2_name":"Wentworth Falls","state":"New South Wales"},"type":"Polygon","arcs":[[-1519,1517]],"id":"feature_0525"},{"properties":{"sa2_code":"124021456","sa2_name":"Blue Mountains - South","state":"New South Wales"},"type":"Polygon","arcs":[[1518,1519,1520,1521,1522,1523]],"id":"feature_0526"},{"properties":{"sa2_code":"124031457","sa2_name":"Cambridge Park","state":"New South Wales"},"type":"Polygon","arcs":[[1524]],"id":"feature_0527"},{"properties":{"sa2_code":"124031459","sa2_name":"Emu Plains - Leonay","state":"New South Wales"},"type":"Polygon","arcs":[[1525]],"id":"feature_0528"},{"properties":{"sa2_code":"124031460","sa2_name":"Glenmore Park - Regentville","state":"New South Wales"},"type":"Polygon","arcs":[[1526]],"id":"feature_0529"},{"properties":{"sa2_code":"124031461","sa2_name":"Jamisontown - South Penrith","state":"New South Wales"},"type":"Polygon","arcs":[[1527]],"id":"feature_0530"},{"properties":{"sa2_code":"124031462","sa2_name":"Kingswood - Werrington","state":"New South Wales"},"type":"Polygon","arcs":[[1528]],"id":"feature_0531"},{"properties":{"sa2_code":"124031463","sa2_name":"Mulgoa - Luddenham - Orchard Hills","state":"New South Wales"},"type":"Polygon","arcs":[[1529]],"id":"feature_0532"},{"properties":{"sa2_code":"124031464","sa2_name":"Penrith","state":"New South Wales"},"type":"Polygon","arcs":[[1530]],"id":"feature_0533"},{"properties":{"sa2_code":"124031465","sa2_name":"Warragamba - Silverdale","state":"New South Wales"},"type":"Polygon","arcs":[[1531]],"id":"feature_0534"},{"properties":{"sa2_code":"124031707","sa2_name":"Cranebrook - Castlereagh","state":"New South Wales"},"type":"Polygon","arcs":[[1532]],"id":"feature_0535"},{"properties":{"sa2_code":"124031708","sa2_name":"Jordan Springs - Llandilo","state":"New South Wales"},"type":"Polygon","arcs":[[1533]],"id":"feature_0536"},{"properties":{"sa2_code":"124041466","sa2_name":"Richmond - Clarendon","state":"New South Wales"},"type":"Polygon","arcs":[[1534,1535]],"id":"feature_0537"},{"properties":{"sa2_code":"124041467","sa2_name":"Windsor - Bligh Park","state":"New South Wales"},"type":"Polygon","arcs":[[1536]],"id":"feature_0538"},{"properties":{"sa2_code":"124041468","sa2_name":"Yarramundi - Londonderry","state":"New South Wales"},"type":"Polygon","arcs":[[1537]],"id":"feature_0539"},{"properties":{"sa2_code":"124051469","sa2_name":"Erskine Park","state":"New South Wales"},"type":"Polygon","arcs":[[1538]],"id":"feature_0540"},{"properties":{"sa2_code":"124051470","sa2_name":"St Clair","state":"New South Wales"},"type":"Polygon","arcs":[[1539]],"id":"feature_0541"},{"properties":{"sa2_code":"124051580","sa2_name":"Colyton - Oxley Park","state":"New South Wales"},"type":"Polygon","arcs":[[1540]],"id":"feature_0542"},{"properties":{"sa2_code":"124051581","sa2_name":"St Marys - North St Marys","state":"New South Wales"},"type":"Polygon","arcs":[[1541]],"id":"feature_0543"},{"properties":{"sa2_code":"125011475","sa2_name":"Rookwood Cemetery","state":"New South Wales"},"type":"Polygon","arcs":[[1542]],"id":"feature_0544"},{"properties":{"sa2_code":"125011582","sa2_name":"Auburn - Central","state":"New South Wales"},"type":"Polygon","arcs":[[1543]],"id":"feature_0545"},{"properties":{"sa2_code":"125011583","sa2_name":"Auburn - North","state":"New South Wales"},"type":"Polygon","arcs":[[1544]],"id":"feature_0546"},{"properties":{"sa2_code":"125011584","sa2_name":"Auburn - South","state":"New South Wales"},"type":"Polygon","arcs":[[1545]],"id":"feature_0547"},{"properties":{"sa2_code":"125011585","sa2_name":"Berala","state":"New South Wales"},"type":"Polygon","arcs":[[1546]],"id":"feature_0548"},{"properties":{"sa2_code":"125011586","sa2_name":"Lidcombe","state":"New South Wales"},"type":"Polygon","arcs":[[1547]],"id":"feature_0549"},{"properties":{"sa2_code":"125011587","sa2_name":"Regents Park","state":"New South Wales"},"type":"Polygon","arcs":[[1548]],"id":"feature_0550"},{"properties":{"sa2_code":"125011709","sa2_name":"Silverwater - Newington","state":"New South Wales"},"type":"Polygon","arcs":[[1549]],"id":"feature_0551"},{"properties":{"sa2_code":"125011710","sa2_name":"Wentworth Point - Sydney Olympic Park","state":"New South Wales"},"type":"Polygon","arcs":[[1550]],"id":"feature_0552"},{"properties":{"sa2_code":"125021477","sa2_name":"Ermington - Rydalmere","state":"New South Wales"},"type":"Polygon","arcs":[[1551]],"id":"feature_0553"},{"properties":{"sa2_code":"125021478","sa2_name":"Oatlands - Dundas Valley","state":"New South Wales"},"type":"Polygon","arcs":[[1552]],"id":"feature_0554"},{"properties":{"sa2_code":"125021711","sa2_name":"Carlingford - East","state":"New South Wales"},"type":"Polygon","arcs":[[1553]],"id":"feature_0555"},{"properties":{"sa2_code":"125021712","sa2_name":"Carlingford - West","state":"New South Wales"},"type":"Polygon","arcs":[[1554]],"id":"feature_0556"},{"properties":{"sa2_code":"125031479","sa2_name":"Chester Hill - Sefton","state":"New South Wales"},"type":"Polygon","arcs":[[1555]],"id":"feature_0557"},{"properties":{"sa2_code":"125031480","sa2_name":"Fairfield - East","state":"New South Wales"},"type":"Polygon","arcs":[[1556]],"id":"feature_0558"},{"properties":{"sa2_code":"125031481","sa2_name":"Granville - Clyde","state":"New South Wales"},"type":"Polygon","arcs":[[1557]],"id":"feature_0559"},{"properties":{"sa2_code":"125031483","sa2_name":"Guildford - South Granville","state":"New South Wales"},"type":"Polygon","arcs":[[1558]],"id":"feature_0560"},{"properties":{"sa2_code":"125031484","sa2_name":"Guildford West - Merrylands West","state":"New South Wales"},"type":"Polygon","arcs":[[1559]],"id":"feature_0561"},{"properties":{"sa2_code":"125031486","sa2_name":"Smithfield Industrial","state":"New South Wales"},"type":"Polygon","arcs":[[1560]],"id":"feature_0562"},{"properties":{"sa2_code":"125031487","sa2_name":"Yennora Industrial","state":"New South Wales"},"type":"Polygon","arcs":[[1561]],"id":"feature_0563"},{"properties":{"sa2_code":"125031713","sa2_name":"Greystanes - South","state":"New South Wales"},"type":"Polygon","arcs":[[1562]],"id":"feature_0564"},{"properties":{"sa2_code":"125031714","sa2_name":"Merrylands - Holroyd","state":"New South Wales"},"type":"Polygon","arcs":[[1563]],"id":"feature_0565"},{"properties":{"sa2_code":"125031715","sa2_name":"Pemulwuy - Greystanes (North)","state":"New South Wales"},"type":"Polygon","arcs":[[1564]],"id":"feature_0566"},{"properties":{"sa2_code":"125031716","sa2_name":"South Wentworthville","state":"New South Wales"},"type":"Polygon","arcs":[[1565]],"id":"feature_0567"},{"properties":{"sa2_code":"125041489","sa2_name":"North Parramatta","state":"New South Wales"},"type":"Polygon","arcs":[[1566]],"id":"feature_0568"},{"properties":{"sa2_code":"125041490","sa2_name":"North Rocks","state":"New South Wales"},"type":"Polygon","arcs":[[1567]],"id":"feature_0569"},{"properties":{"sa2_code":"125041491","sa2_name":"Northmead","state":"New South Wales"},"type":"Polygon","arcs":[[1568]],"id":"feature_0570"},{"properties":{"sa2_code":"125041493","sa2_name":"Toongabbie - Constitution Hill","state":"New South Wales"},"type":"Polygon","arcs":[[1569]],"id":"feature_0571"},{"properties":{"sa2_code":"125041494","sa2_name":"Winston Hills","state":"New South Wales"},"type":"Polygon","arcs":[[1570]],"id":"feature_0572"},{"properties":{"sa2_code":"125041588","sa2_name":"Pendle Hill - Girraween","state":"New South Wales"},"type":"Polygon","arcs":[[1571]],"id":"feature_0573"},{"properties":{"sa2_code":"125041589","sa2_name":"Wentworthville - Westmead","state":"New South Wales"},"type":"Polygon","arcs":[[1572]],"id":"feature_0574"},{"properties":{"sa2_code":"125041717","sa2_name":"Parramatta - North","state":"New South Wales"},"type":"Polygon","arcs":[[1573]],"id":"feature_0575"},{"properties":{"sa2_code":"125041718","sa2_name":"Parramatta - South","state":"New South Wales"},"type":"Polygon","arcs":[[1574]],"id":"feature_0576"},{"properties":{"sa2_code":"125041719","sa2_name":"Rosehill - Harris Park","state":"New South Wales"},"type":"Polygon","arcs":[[1575]],"id":"feature_0577"},{"properties":{"sa2_code":"126011496","sa2_name":"Pennant Hills - Cheltenham","state":"New South Wales"},"type":"Polygon","arcs":[[1576]],"id":"feature_0578"},{"properties":{"sa2_code":"126011720","sa2_name":"Epping (East) - North Epping","state":"New South Wales"},"type":"Polygon","arcs":[[1577]],"id":"feature_0579"},{"properties":{"sa2_code":"126011721","sa2_name":"Epping (NSW) - West","state":"New South Wales"},"type":"Polygon","arcs":[[1578]],"id":"feature_0580"},{"properties":{"sa2_code":"126021498","sa2_name":"Gladesville - Huntleys Point","state":"New South Wales"},"type":"Polygon","arcs":[[1579]],"id":"feature_0581"},{"properties":{"sa2_code":"126021499","sa2_name":"Hunters Hill - Woolwich","state":"New South Wales"},"type":"Polygon","arcs":[[1580]],"id":"feature_0582"},{"properties":{"sa2_code":"126021500","sa2_name":"Macquarie Park - Marsfield","state":"New South Wales"},"type":"Polygon","arcs":[[1581]],"id":"feature_0583"},{"properties":{"sa2_code":"126021501","sa2_name":"North Ryde - East Ryde","state":"New South Wales"},"type":"Polygon","arcs":[[1582]],"id":"feature_0584"},{"properties":{"sa2_code":"126021503","sa2_name":"West Ryde - Meadowbank","state":"New South Wales"},"type":"Polygon","arcs":[[1583]],"id":"feature_0585"},{"properties":{"sa2_code":"126021590","sa2_name":"Putney","state":"New South Wales"},"type":"Polygon","arcs":[[1584]],"id":"feature_0586"},{"properties":{"sa2_code":"126021722","sa2_name":"Denistone","state":"New South Wales"},"type":"Polygon","arcs":[[1585]],"id":"feature_0587"},{"properties":{"sa2_code":"126021723","sa2_name":"Eastwood","state":"New South Wales"},"type":"Polygon","arcs":[[1586]],"id":"feature_0588"},{"properties":{"sa2_code":"126021724","sa2_name":"Ryde - North","state":"New South Wales"},"type":"Polygon","arcs":[[1587]],"id":"feature_0589"},{"properties":{"sa2_code":"126021725","sa2_name":"Ryde - South","state":"New South Wales"},"type":"Polygon","arcs":[[1588]],"id":"feature_0590"},{"properties":{"sa2_code":"127011504","sa2_name":"Ashcroft - Busby - Miller","state":"New South Wales"},"type":"Polygon","arcs":[[1589]],"id":"feature_0591"},{"properties":{"sa2_code":"127011505","sa2_name":"Austral - Greendale","state":"New South Wales"},"type":"Polygon","arcs":[[1590]],"id":"feature_0592"},{"properties":{"sa2_code":"127011592","sa2_name":"Badgerys Creek","state":"New South Wales"},"type":"Polygon","arcs":[[1591]],"id":"feature_0593"},{"properties":{"sa2_code":"127011593","sa2_name":"Cecil Hills","state":"New South Wales"},"type":"Polygon","arcs":[[1592]],"id":"feature_0594"},{"properties":{"sa2_code":"127011594","sa2_name":"Green Valley","state":"New South Wales"},"type":"Polygon","arcs":[[1593]],"id":"feature_0595"},{"properties":{"sa2_code":"127011595","sa2_name":"Hinchinbrook","state":"New South Wales"},"type":"Polygon","arcs":[[1594]],"id":"feature_0596"},{"properties":{"sa2_code":"127011596","sa2_name":"Hoxton Park - Carnes Hill - Horningsea Park","state":"New South Wales"},"type":"Polygon","arcs":[[1595]],"id":"feature_0597"},{"properties":{"sa2_code":"127011597","sa2_name":"West Hoxton - Middleton Grange","state":"New South Wales"},"type":"Polygon","arcs":[[1596]],"id":"feature_0598"},{"properties":{"sa2_code":"127011726","sa2_name":"Cobbitty - Bringelly","state":"New South Wales"},"type":"Polygon","arcs":[[1597]],"id":"feature_0599"},{"properties":{"sa2_code":"127011727","sa2_name":"Gledswood Hills - Gregory Hills","state":"New South Wales"},"type":"Polygon","arcs":[[1598]],"id":"feature_0600"},{"properties":{"sa2_code":"127011728","sa2_name":"Leppington - Catherine Field","state":"New South Wales"},"type":"Polygon","arcs":[[1599]],"id":"feature_0601"},{"properties":{"sa2_code":"127011729","sa2_name":"Oran Park","state":"New South Wales"},"type":"Polygon","arcs":[[1600]],"id":"feature_0602"},{"properties":{"sa2_code":"127021509","sa2_name":"Bonnyrigg Heights - Bonnyrigg","state":"New South Wales"},"type":"Polygon","arcs":[[1601]],"id":"feature_0603"},{"properties":{"sa2_code":"127021510","sa2_name":"Bossley Park - Abbotsbury","state":"New South Wales"},"type":"Polygon","arcs":[[1602]],"id":"feature_0604"},{"properties":{"sa2_code":"127021511","sa2_name":"Cabramatta - Lansvale","state":"New South Wales"},"type":"Polygon","arcs":[[1603]],"id":"feature_0605"},{"properties":{"sa2_code":"127021512","sa2_name":"Cabramatta West - Mount Pritchard","state":"New South Wales"},"type":"Polygon","arcs":[[1604]],"id":"feature_0606"},{"properties":{"sa2_code":"127021513","sa2_name":"Canley Vale - Canley Heights","state":"New South Wales"},"type":"Polygon","arcs":[[1605]],"id":"feature_0607"},{"properties":{"sa2_code":"127021514","sa2_name":"Edensor Park","state":"New South Wales"},"type":"Polygon","arcs":[[1606]],"id":"feature_0608"},{"properties":{"sa2_code":"127021515","sa2_name":"Fairfield","state":"New South Wales"},"type":"Polygon","arcs":[[1607]],"id":"feature_0609"},{"properties":{"sa2_code":"127021516","sa2_name":"Fairfield - West","state":"New South Wales"},"type":"Polygon","arcs":[[1608]],"id":"feature_0610"},{"properties":{"sa2_code":"127021517","sa2_name":"Greenfield Park - Prairiewood","state":"New South Wales"},"type":"Polygon","arcs":[[1609]],"id":"feature_0611"},{"properties":{"sa2_code":"127021518","sa2_name":"Horsley Park - Kemps Creek","state":"New South Wales"},"type":"Polygon","arcs":[[1610]],"id":"feature_0612"},{"properties":{"sa2_code":"127021519","sa2_name":"Smithfield - Wetherill Park","state":"New South Wales"},"type":"Polygon","arcs":[[1611]],"id":"feature_0613"},{"properties":{"sa2_code":"127021520","sa2_name":"St Johns Park - Wakeley","state":"New South Wales"},"type":"Polygon","arcs":[[1612]],"id":"feature_0614"},{"properties":{"sa2_code":"127021521","sa2_name":"Wetherill Park Industrial","state":"New South Wales"},"type":"Polygon","arcs":[[1613]],"id":"feature_0615"},{"properties":{"sa2_code":"127031522","sa2_name":"Casula","state":"New South Wales"},"type":"Polygon","arcs":[[1614]],"id":"feature_0616"},{"properties":{"sa2_code":"127031523","sa2_name":"Chipping Norton - Moorebank","state":"New South Wales"},"type":"Polygon","arcs":[[1615]],"id":"feature_0617"},{"properties":{"sa2_code":"127031524","sa2_name":"Holsworthy - Wattle Grove","state":"New South Wales"},"type":"Polygon","arcs":[[1616]],"id":"feature_0618"},{"properties":{"sa2_code":"127031599","sa2_name":"Lurnea - Cartwright","state":"New South Wales"},"type":"Polygon","arcs":[[1617]],"id":"feature_0619"},{"properties":{"sa2_code":"127031601","sa2_name":"Warwick Farm","state":"New South Wales"},"type":"Polygon","arcs":[[1618]],"id":"feature_0620"},{"properties":{"sa2_code":"127031730","sa2_name":"Edmondson Park","state":"New South Wales"},"type":"Polygon","arcs":[[1619,1620]],"id":"feature_0621"},{"properties":{"sa2_code":"127031731","sa2_name":"Liverpool - East","state":"New South Wales"},"type":"Polygon","arcs":[[1621]],"id":"feature_0622"},{"properties":{"sa2_code":"127031732","sa2_name":"Liverpool - West","state":"New South Wales"},"type":"Polygon","arcs":[[1622]],"id":"feature_0623"},{"properties":{"sa2_code":"127031733","sa2_name":"Prestons","state":"New South Wales"},"type":"Polygon","arcs":[[1623]],"id":"feature_0624"},{"properties":{"sa2_code":"128011529","sa2_name":"Gymea - Grays Point","state":"New South Wales"},"type":"Polygon","arcs":[[1624]],"id":"feature_0625"},{"properties":{"sa2_code":"128011530","sa2_name":"Miranda - Yowie Bay","state":"New South Wales"},"type":"Polygon","arcs":[[1625]],"id":"feature_0626"},{"properties":{"sa2_code":"128011531","sa2_name":"Sylvania - Taren Point","state":"New South Wales"},"type":"Polygon","arcs":[[1626]],"id":"feature_0627"},{"properties":{"sa2_code":"128011602","sa2_name":"Caringbah","state":"New South Wales"},"type":"Polygon","arcs":[[1627]],"id":"feature_0628"},{"properties":{"sa2_code":"128011603","sa2_name":"Caringbah South","state":"New South Wales"},"type":"Polygon","arcs":[[1628]],"id":"feature_0629"},{"properties":{"sa2_code":"128011604","sa2_name":"Cronulla - Kurnell - Bundeena","state":"New South Wales"},"type":"MultiPolygon","arcs":[[[1629]],[[1630]],[[1631]]],"id":"feature_0630"},{"properties":{"sa2_code":"128011605","sa2_name":"Lilli Pilli - Port Hacking - Dolans Bay","state":"New South Wales"},"type":"Polygon","arcs":[[1632]],"id":"feature_0631"},{"properties":{"sa2_code":"128011606","sa2_name":"Woolooware - Burraneer","state":"New South Wales"},"type":"Polygon","arcs":[[1633]],"id":"feature_0632"},{"properties":{"sa2_code":"128021533","sa2_name":"Heathcote - Waterfall","state":"New South Wales"},"type":"Polygon","arcs":[[1634]],"id":"feature_0633"},{"properties":{"sa2_code":"128021534","sa2_name":"Illawong - Alfords Point","state":"New South Wales"},"type":"Polygon","arcs":[[1635]],"id":"feature_0634"},{"properties":{"sa2_code":"128021535","sa2_name":"Menai - Lucas Heights - Woronora","state":"New South Wales"},"type":"Polygon","arcs":[[1636]],"id":"feature_0635"},{"properties":{"sa2_code":"128021536","sa2_name":"Oyster Bay - Como - Jannali","state":"New South Wales"},"type":"Polygon","arcs":[[1637]],"id":"feature_0636"},{"properties":{"sa2_code":"128021537","sa2_name":"Royal National Park","state":"New South Wales"},"type":"Polygon","arcs":[[1638]],"id":"feature_0637"},{"properties":{"sa2_code":"128021538","sa2_name":"Sutherland - Kirrawee","state":"New South Wales"},"type":"Polygon","arcs":[[1639]],"id":"feature_0638"},{"properties":{"sa2_code":"128021607","sa2_name":"Engadine","state":"New South Wales"},"type":"Polygon","arcs":[[1640]],"id":"feature_0639"},{"properties":{"sa2_code":"128021608","sa2_name":"Loftus - Yarrawarrah","state":"New South Wales"},"type":"Polygon","arcs":[[1641]],"id":"feature_0640"},{"properties":{"sa2_code":"128021609","sa2_name":"Woronora Heights","state":"New South Wales"},"type":"Polygon","arcs":[[1642]],"id":"feature_0641"},{"properties":{"sa2_code":"201011001","sa2_name":"Alfredton","state":"Victoria"},"type":"Polygon","arcs":[[1643]],"id":"feature_0642"},{"properties":{"sa2_code":"201011002","sa2_name":"Ballarat","state":"Victoria"},"type":"Polygon","arcs":[[1644]],"id":"feature_0643"},{"properties":{"sa2_code":"201011005","sa2_name":"Buninyong","state":"Victoria"},"type":"Polygon","arcs":[[1645]],"id":"feature_0644"},{"properties":{"sa2_code":"201011006","sa2_name":"Delacombe","state":"Victoria"},"type":"Polygon","arcs":[[1646]],"id":"feature_0645"},{"properties":{"sa2_code":"201011007","sa2_name":"Smythes Creek","state":"Victoria"},"type":"Polygon","arcs":[[1647]],"id":"feature_0646"},{"properties":{"sa2_code":"201011008","sa2_name":"Wendouree - Miners Rest","state":"Victoria"},"type":"Polygon","arcs":[[1648]],"id":"feature_0647"},{"properties":{"sa2_code":"201011481","sa2_name":"Ballarat East - Warrenheip","state":"Victoria"},"type":"Polygon","arcs":[[1649]],"id":"feature_0648"},{"properties":{"sa2_code":"201011482","sa2_name":"Ballarat North - Invermay","state":"Victoria"},"type":"Polygon","arcs":[[1650]],"id":"feature_0649"},{"properties":{"sa2_code":"201011483","sa2_name":"Canadian - Mount Clear","state":"Victoria"},"type":"Polygon","arcs":[[1651]],"id":"feature_0650"},{"properties":{"sa2_code":"201011484","sa2_name":"Sebastopol - Redan","state":"Victoria"},"type":"Polygon","arcs":[[1652]],"id":"feature_0651"},{"properties":{"sa2_code":"201021009","sa2_name":"Bacchus Marsh Surrounds","state":"Victoria"},"type":"Polygon","arcs":[[-2413,1653,-1661,1654]],"id":"feature_0652"},{"properties":{"sa2_code":"201021010","sa2_name":"Creswick - Clunes","state":"Victoria"},"type":"Polygon","arcs":[[-1665,1655,-1681,1656,-1672,1657]],"id":"feature_0653"},{"properties":{"sa2_code":"201021011","sa2_name":"Daylesford","state":"Victoria"},"type":"Polygon","arcs":[[-1702,1658,-1720,1659]],"id":"feature_0654"},{"properties":{"sa2_code":"201021012","sa2_name":"Gordon (Vic.)","state":"Victoria"},"type":"Polygon","arcs":[[1660,1661,-1738,1662]],"id":"feature_0655"},{"properties":{"sa2_code":"201031013","sa2_name":"Avoca","state":"Victoria"},"type":"Polygon","arcs":[[-1683,1663,1664,1665,-1670,1666,-2507,1667]],"id":"feature_0656"},{"properties":{"sa2_code":"201031014","sa2_name":"Beaufort","state":"Victoria"},"type":"Polygon","arcs":[[1668,1669,1670,1671,1672,-2706,1673,-2509]],"id":"feature_0657"},{"properties":{"sa2_code":"201031015","sa2_name":"Golden Plains - North","state":"Victoria"},"type":"Polygon","arcs":[[-1742,1674]],"id":"feature_0658"},{"properties":{"sa2_code":"201031016","sa2_name":"Maryborough (Vic.)","state":"Victoria"},"type":"Polygon","arcs":[[1675,-1685]],"id":"feature_0659"},{"properties":{"sa2_code":"201031017","sa2_name":"Maryborough Surrounds","state":"Victoria"},"type":"Polygon","arcs":[[1676,-1733,1677,-1706,1678,-1704,1679,1680,1681,1682],[1683,1684]],"id":"feature_0660"},{"properties":{"sa2_code":"202011018","sa2_name":"Bendigo","state":"Victoria"},"type":"Polygon","arcs":[[1685]],"id":"feature_0661"},{"properties":{"sa2_code":"202011019","sa2_name":"California Gully - Eaglehawk","state":"Victoria"},"type":"Polygon","arcs":[[1686]],"id":"feature_0662"},{"properties":{"sa2_code":"202011020","sa2_name":"East Bendigo - Kennington","state":"Victoria"},"type":"Polygon","arcs":[[1687]],"id":"feature_0663"},{"properties":{"sa2_code":"202011021","sa2_name":"Flora Hill - Spring Gully","state":"Victoria"},"type":"Polygon","arcs":[[1688]],"id":"feature_0664"},{"properties":{"sa2_code":"202011022","sa2_name":"Kangaroo Flat - Golden Square","state":"Victoria"},"type":"Polygon","arcs":[[1689]],"id":"feature_0665"},{"properties":{"sa2_code":"202011023","sa2_name":"Maiden Gully","state":"Victoria"},"type":"Polygon","arcs":[[-1697,1690]],"id":"feature_0666"},{"properties":{"sa2_code":"202011024","sa2_name":"Strathfieldsaye","state":"Victoria"},"type":"Polygon","arcs":[[-1723,1691]],"id":"feature_0667"},{"properties":{"sa2_code":"202011025","sa2_name":"White Hills - Ascot","state":"Victoria"},"type":"Polygon","arcs":[[1692]],"id":"feature_0668"},{"properties":{"sa2_code":"202021026","sa2_name":"Bendigo Surrounds - South","state":"Victoria"},"type":"Polygon","arcs":[[-1710,1693,-1700,1694,-1731,1695,1696,1697]],"id":"feature_0669"},{"properties":{"sa2_code":"202021027","sa2_name":"Castlemaine","state":"Victoria"},"type":"Polygon","arcs":[[-1709,1698]],"id":"feature_0670"},{"properties":{"sa2_code":"202021028","sa2_name":"Castlemaine Surrounds","state":"Victoria"},"type":"Polygon","arcs":[[1699,1700,1701,1702,1703,1704,1705,1706],[1707,1708]],"id":"feature_0671"},{"properties":{"sa2_code":"202021029","sa2_name":"Heathcote","state":"Victoria"},"type":"Polygon","arcs":[[1709,1710,-2640,1711,-1798,1712,-1803,1713]],"id":"feature_0672"},{"properties":{"sa2_code":"202021030","sa2_name":"Kyneton","state":"Victoria"},"type":"Polygon","arcs":[[-1801,1714,-1717,1715]],"id":"feature_0673"},{"properties":{"sa2_code":"202021031","sa2_name":"Woodend","state":"Victoria"},"type":"Polygon","arcs":[[1716,1717,-2251,1718,1719,1720]],"id":"feature_0674"},{"properties":{"sa2_code":"202031032","sa2_name":"Bendigo Surrounds - North","state":"Victoria"},"type":"Polygon","arcs":[[-1729,1721,1722,1723]],"id":"feature_0675"},{"properties":{"sa2_code":"202031033","sa2_name":"Loddon","state":"Victoria"},"type":"Polygon","arcs":[[-2580,1724,-2590,1725,-2588,1726,-2628,1727,1728,1729,1730,1731,1732,1733,-2526,1734]],"id":"feature_0676"},{"properties":{"sa2_code":"203011034","sa2_name":"Bannockburn","state":"Victoria"},"type":"Polygon","arcs":[[1735]],"id":"feature_0677"},{"properties":{"sa2_code":"203011035","sa2_name":"Golden Plains - South","state":"Victoria"},"type":"Polygon","arcs":[[1736,1737,1738,-1750,1739,-2698,1740,1741]],"id":"feature_0678"},{"properties":{"sa2_code":"203011036","sa2_name":"Winchelsea","state":"Victoria"},"type":"Polygon","arcs":[[-1773,1742,-1761,1743,-1763,1744]],"id":"feature_0679"},{"properties":{"sa2_code":"203021037","sa2_name":"Belmont","state":"Victoria"},"type":"Polygon","arcs":[[1745]],"id":"feature_0680"},{"properties":{"sa2_code":"203021039","sa2_name":"Geelong","state":"Victoria"},"type":"Polygon","arcs":[[1746]],"id":"feature_0681"},{"properties":{"sa2_code":"203021040","sa2_name":"Geelong West - Hamlyn Heights","state":"Victoria"},"type":"Polygon","arcs":[[1747]],"id":"feature_0682"},{"properties":{"sa2_code":"203021042","sa2_name":"Highton","state":"Victoria"},"type":"Polygon","arcs":[[1748]],"id":"feature_0683"},{"properties":{"sa2_code":"203021043","sa2_name":"Lara","state":"Victoria"},"type":"Polygon","arcs":[[1749,1750]],"id":"feature_0684"},{"properties":{"sa2_code":"203021044","sa2_name":"Leopold","state":"Victoria"},"type":"Polygon","arcs":[[1751]],"id":"feature_0685"},{"properties":{"sa2_code":"203021045","sa2_name":"Newcomb - Moolap","state":"Victoria"},"type":"Polygon","arcs":[[1752]],"id":"feature_0686"},{"properties":{"sa2_code":"203021046","sa2_name":"Newtown (Vic.)","state":"Victoria"},"type":"Polygon","arcs":[[1753]],"id":"feature_0687"},{"properties":{"sa2_code":"203021047","sa2_name":"North Geelong - Bell Park","state":"Victoria"},"type":"Polygon","arcs":[[1754]],"id":"feature_0688"},{"properties":{"sa2_code":"203021485","sa2_name":"Charlemont","state":"Victoria"},"type":"Polygon","arcs":[[1755]],"id":"feature_0689"},{"properties":{"sa2_code":"203021486","sa2_name":"Corio - Lovely Banks","state":"Victoria"},"type":"Polygon","arcs":[[1756]],"id":"feature_0690"},{"properties":{"sa2_code":"203021487","sa2_name":"Grovedale - Mount Duneed","state":"Victoria"},"type":"Polygon","arcs":[[1757]],"id":"feature_0691"},{"properties":{"sa2_code":"203021488","sa2_name":"Norlane","state":"Victoria"},"type":"Polygon","arcs":[[1758]],"id":"feature_0692"},{"properties":{"sa2_code":"203031048","sa2_name":"Clifton Springs","state":"Victoria"},"type":"Polygon","arcs":[[-1765,1759]],"id":"feature_0693"},{"properties":{"sa2_code":"203031049","sa2_name":"Lorne - Anglesea","state":"Victoria"},"type":"Polygon","arcs":[[1760,1761,1762,1763]],"id":"feature_0694"},{"properties":{"sa2_code":"203031051","sa2_name":"Portarlington","state":"Victoria"},"type":"Polygon","arcs":[[1764,1765]],"id":"feature_0695"},{"properties":{"sa2_code":"203031052","sa2_name":"Point Lonsdale - Queenscliff","state":"Victoria"},"type":"MultiPolygon","arcs":[[[1766]],[[1767]],[[1768]],[[1769]],[[1770]]],"id":"feature_0696"},{"properties":{"sa2_code":"203031053","sa2_name":"Torquay","state":"Victoria"},"type":"Polygon","arcs":[[1771,1772]],"id":"feature_0697"},{"properties":{"sa2_code":"203031489","sa2_name":"Barwon Heads - Armstrong Creek","state":"Victoria"},"type":"Polygon","arcs":[[1773]],"id":"feature_0698"},{"properties":{"sa2_code":"203031490","sa2_name":"Ocean Grove","state":"Victoria"},"type":"Polygon","arcs":[[1774]],"id":"feature_0699"},{"properties":{"sa2_code":"204011054","sa2_name":"Alexandra","state":"Victoria"},"type":"Polygon","arcs":[[1775,-1790,1776,-1788,1777,-1786,1778,-1814,1779,-1819]],"id":"feature_0700"},{"properties":{"sa2_code":"204011055","sa2_name":"Euroa","state":"Victoria"},"type":"Polygon","arcs":[[-2661,1780,-1827,1781,-1794,1782]],"id":"feature_0701"},{"properties":{"sa2_code":"204011056","sa2_name":"Kilmore - Broadford","state":"Victoria"},"type":"Polygon","arcs":[[-1810,1783,-2224,1784]],"id":"feature_0702"},{"properties":{"sa2_code":"204011057","sa2_name":"Mansfield (Vic.)","state":"Victoria"},"type":"Polygon","arcs":[[1785,1786,1787,1788,1789,1790]],"id":"feature_0703"},{"properties":{"sa2_code":"204011058","sa2_name":"Nagambie","state":"Victoria"},"type":"Polygon","arcs":[[-2638,1791,-2665,1792,1793,1794,-1807,1795,-1805,1796,1797,1798]],"id":"feature_0704"},{"properties":{"sa2_code":"204011059","sa2_name":"Seymour","state":"Victoria"},"type":"Polygon","arcs":[[1799]],"id":"feature_0705"},{"properties":{"sa2_code":"204011060","sa2_name":"Seymour Surrounds","state":"Victoria"},"type":"Polygon","arcs":[[1800,1801,1802,1803,1804,1805,1806,1807,-1817,1808,1809,1810,-2253,1811]],"id":"feature_0706"},{"properties":{"sa2_code":"204011061","sa2_name":"Upper Yarra Valley","state":"Victoria"},"type":"Polygon","arcs":[[-2322,1812,1813,1814,-1890,1815]],"id":"feature_0707"},{"properties":{"sa2_code":"204011062","sa2_name":"Yea","state":"Victoria"},"type":"Polygon","arcs":[[1816,1817,1818,1819,-2213,1820]],"id":"feature_0708"},{"properties":{"sa2_code":"204021063","sa2_name":"Benalla","state":"Victoria"},"type":"Polygon","arcs":[[1821,-1830,1822,-1828]],"id":"feature_0709"},{"properties":{"sa2_code":"204021064","sa2_name":"Benalla Surrounds","state":"Victoria"},"type":"Polygon","arcs":[[1823,-2659,-2645,1824,-1843,1825,1826],[1827,1828,1829,1830]],"id":"feature_0710"},{"properties":{"sa2_code":"204021065","sa2_name":"Rutherglen","state":"Victoria"},"type":"Polygon","arcs":[[1831,1832,-1838,1833]],"id":"feature_0711"},{"properties":{"sa2_code":"204021066","sa2_name":"Wangaratta","state":"Victoria"},"type":"Polygon","arcs":[[1834,-1844]],"id":"feature_0712"},{"properties":{"sa2_code":"204021067","sa2_name":"Wangaratta Surrounds","state":"Victoria"},"type":"Polygon","arcs":[[1835,-2643,1836,1837,1838,-1862,1839,-1846,1840,-1858,1841,1842],[1843,1844]],"id":"feature_0713"},{"properties":{"sa2_code":"204031068","sa2_name":"Beechworth","state":"Victoria"},"type":"Polygon","arcs":[[1845,1846,-1860,1847,-1882,1848]],"id":"feature_0714"},{"properties":{"sa2_code":"204031069","sa2_name":"Bright - Mount Beauty","state":"Victoria"},"type":"Polygon","arcs":[[1849,-1866,1850,-1864,1851,-1880,1852,-1878,1853,-1904,1854,-1916,1855,-1987,1856,1857]],"id":"feature_0715"},{"properties":{"sa2_code":"204031070","sa2_name":"Chiltern - Indigo Valley","state":"Victoria"},"type":"Polygon","arcs":[[-1875,1858,1859,1860,1861,1862]],"id":"feature_0716"},{"properties":{"sa2_code":"204031071","sa2_name":"Myrtleford","state":"Victoria"},"type":"Polygon","arcs":[[1863,1864,1865,1866]],"id":"feature_0717"},{"properties":{"sa2_code":"204031072","sa2_name":"Towong","state":"Victoria"},"type":"Polygon","arcs":[[1867,1868,1869,1870,1871,1872,-1899,1873]],"id":"feature_0718"},{"properties":{"sa2_code":"204031073","sa2_name":"West Wodonga","state":"Victoria"},"type":"Polygon","arcs":[[1874,1875]],"id":"feature_0719"},{"properties":{"sa2_code":"204031075","sa2_name":"Yackandandah","state":"Victoria"},"type":"Polygon","arcs":[[1876,1877,1878,1879,1880,1881,1882,-1884]],"id":"feature_0720"},{"properties":{"sa2_code":"204031491","sa2_name":"Baranduda - Leneva","state":"Victoria"},"type":"Polygon","arcs":[[1883,1884]],"id":"feature_0721"},{"properties":{"sa2_code":"204031492","sa2_name":"Wodonga","state":"Victoria"},"type":"Polygon","arcs":[[1885]],"id":"feature_0722"},{"properties":{"sa2_code":"205011076","sa2_name":"Drouin","state":"Victoria"},"type":"Polygon","arcs":[[-1893,1886]],"id":"feature_0723"},{"properties":{"sa2_code":"205011077","sa2_name":"Mount Baw Baw Region","state":"Victoria"},"type":"Polygon","arcs":[[1887,-2324,1888,1889,1890,-1894,1891,1892]],"id":"feature_0724"},{"properties":{"sa2_code":"205011078","sa2_name":"Trafalgar (Vic.)","state":"Victoria"},"type":"Polygon","arcs":[[1893,1894,-1941,1895]],"id":"feature_0725"},{"properties":{"sa2_code":"205011079","sa2_name":"Warragul","state":"Victoria"},"type":"Polygon","arcs":[[1896]],"id":"feature_0726"},{"properties":{"sa2_code":"205021080","sa2_name":"Alps - East","state":"Victoria"},"type":"Polygon","arcs":[[1897,1898,1899,-1920,1900,-1908,1901,-1906]],"id":"feature_0727"},{"properties":{"sa2_code":"205021081","sa2_name":"Bairnsdale","state":"Victoria"},"type":"Polygon","arcs":[[-1911,1902]],"id":"feature_0728"},{"properties":{"sa2_code":"205021082","sa2_name":"Bruthen - Omeo","state":"Victoria"},"type":"Polygon","arcs":[[1903,1904,1905,1906,1907,1908,-1924,1909,1910,1911,-1929,1912,-1995,1913,-1989,1914,1915,1916]],"id":"feature_0729"},{"properties":{"sa2_code":"205021083","sa2_name":"Lake King","state":"Victoria"},"type":"Polygon","arcs":[[1917]],"id":"feature_0730"},{"properties":{"sa2_code":"205021084","sa2_name":"Lakes Entrance","state":"Victoria"},"type":"Polygon","arcs":[[-1922,1918]],"id":"feature_0731"},{"properties":{"sa2_code":"205021085","sa2_name":"Orbost","state":"Victoria"},"type":"MultiPolygon","arcs":[[[1919,1920,1921,1922,1923,1924]],[[1925]],[[1926]]],"id":"feature_0732"},{"properties":{"sa2_code":"205021086","sa2_name":"Paynesville","state":"Victoria"},"type":"Polygon","arcs":[[-1997,1927,1928,1929]],"id":"feature_0733"},{"properties":{"sa2_code":"205031087","sa2_name":"Foster","state":"Victoria"},"type":"MultiPolygon","arcs":[[[1930]],[[1931,-1944,1932,-1946]]],"id":"feature_0734"},{"properties":{"sa2_code":"205031088","sa2_name":"French Island","state":"Victoria"},"type":"MultiPolygon","arcs":[[[1933]],[[1934]],[[1935]]],"id":"feature_0735"},{"properties":{"sa2_code":"205031089","sa2_name":"Korumburra","state":"Victoria"},"type":"Polygon","arcs":[[-2330,1936,-1948,1937,-1978,1938]],"id":"feature_0736"},{"properties":{"sa2_code":"205031090","sa2_name":"Leongatha","state":"Victoria"},"type":"Polygon","arcs":[[1939,1940,1941,-1981,1942,1943,1944,1945,1946,1947]],"id":"feature_0737"},{"properties":{"sa2_code":"205031091","sa2_name":"Phillip Island","state":"Victoria"},"type":"MultiPolygon","arcs":[[[1948]],[[1949]],[[1950]],[[1951]],[[1952]],[[1953]],[[1954]],[[1955]]],"id":"feature_0738"},{"properties":{"sa2_code":"205031092","sa2_name":"Wilsons Promontory","state":"Victoria"},"type":"MultiPolygon","arcs":[[[1956]],[[1957]],[[1958]],[[1959]],[[1960]],[[1961]],[[1962]],[[1963]],[[1964]],[[1965]],[[1966]],[[1967]],[[1968]],[[1969]],[[1970]],[[1971]],[[1972]],[[1973]],[[1974]],[[1975]],[[1976]]],"id":"feature_0739"},{"properties":{"sa2_code":"205031093","sa2_name":"Wonthaggi - Inverloch","state":"Victoria"},"type":"Polygon","arcs":[[1977,1978]],"id":"feature_0740"},{"properties":{"sa2_code":"205041094","sa2_name":"Churchill","state":"Victoria"},"type":"Polygon","arcs":[[1979,1980]],"id":"feature_0741"},{"properties":{"sa2_code":"205041095","sa2_name":"Moe - Newborough","state":"Victoria"},"type":"Polygon","arcs":[[1981]],"id":"feature_0742"},{"properties":{"sa2_code":"205041096","sa2_name":"Morwell","state":"Victoria"},"type":"Polygon","arcs":[[1982]],"id":"feature_0743"},{"properties":{"sa2_code":"205041098","sa2_name":"Yallourn North - Glengarry","state":"Victoria"},"type":"Polygon","arcs":[[1983]],"id":"feature_0744"},{"properties":{"sa2_code":"205041493","sa2_name":"Traralgon - East","state":"Victoria"},"type":"Polygon","arcs":[[1984]],"id":"feature_0745"},{"properties":{"sa2_code":"205041494","sa2_name":"Traralgon - West","state":"Victoria"},"type":"Polygon","arcs":[[1985]],"id":"feature_0746"},{"properties":{"sa2_code":"205051099","sa2_name":"Alps - West","state":"Victoria"},"type":"Polygon","arcs":[[1986,1987,1988,1989,-2002,1990,-2000,1991]],"id":"feature_0747"},{"properties":{"sa2_code":"205051100","sa2_name":"Longford - Loch Sport","state":"Victoria"},"type":"Polygon","arcs":[[-2009,1992,-2004,1993,1994,1995,1996,1997,-2006,1998]],"id":"feature_0748"},{"properties":{"sa2_code":"205051101","sa2_name":"Maffra","state":"Victoria"},"type":"Polygon","arcs":[[1999,2000,2001,2002,2003,2004]],"id":"feature_0749"},{"properties":{"sa2_code":"205051102","sa2_name":"Rosedale","state":"Victoria"},"type":"Polygon","arcs":[[2005,2006,-2084,2007]],"id":"feature_0750"},{"properties":{"sa2_code":"205051103","sa2_name":"Sale","state":"Victoria"},"type":"Polygon","arcs":[[2008,2009]],"id":"feature_0751"},{"properties":{"sa2_code":"205051104","sa2_name":"Yarram","state":"Victoria"},"type":"MultiPolygon","arcs":[[[2010]],[[2011]],[[2012]],[[2013]],[[2014]],[[2015]],[[2016]],[[2017]],[[2018]],[[2019]],[[2020]],[[2021]],[[2022]],[[2023]],[[2024]],[[2025]],[[2026]],[[2027]],[[2028]],[[2029]],[[2030]],[[2031]],[[2032]],[[2033]],[[2034]],[[2035]],[[2036]],[[2037]],[[2038]],[[2039]],[[2040]],[[2041]],[[2042]],[[2043]],[[2044]],[[2045]],[[2046]],[[2047]],[[2048]],[[2049]],[[2050]],[[2051]],[[2052]],[[2053]],[[2054]],[[2055]],[[2056]],[[2057]],[[2058]],[[2059]],[[2060]],[[2061]],[[2062]],[[2063]],[[2064]],[[2065]],[[2066]],[[2067]],[[2068]],[[2069]],[[2070]],[[2071]],[[2072]],[[2073]],[[2074]],[[2075]],[[2076]],[[2077]],[[2078]],[[2079]],[[2080]],[[2081]],[[2082]],[[2083,2084]]],"id":"feature_0752"},{"properties":{"sa2_code":"206011106","sa2_name":"Brunswick East","state":"Victoria"},"type":"Polygon","arcs":[[2085]],"id":"feature_0753"},{"properties":{"sa2_code":"206011107","sa2_name":"Brunswick West","state":"Victoria"},"type":"Polygon","arcs":[[2086]],"id":"feature_0754"},{"properties":{"sa2_code":"206011109","sa2_name":"Pascoe Vale South","state":"Victoria"},"type":"Polygon","arcs":[[-2263,2087]],"id":"feature_0755"},{"properties":{"sa2_code":"206011495","sa2_name":"Brunswick - North","state":"Victoria"},"type":"Polygon","arcs":[[2088]],"id":"feature_0756"},{"properties":{"sa2_code":"206011496","sa2_name":"Brunswick - South","state":"Victoria"},"type":"Polygon","arcs":[[2089]],"id":"feature_0757"},{"properties":{"sa2_code":"206011497","sa2_name":"Coburg - East","state":"Victoria"},"type":"Polygon","arcs":[[2090]],"id":"feature_0758"},{"properties":{"sa2_code":"206011498","sa2_name":"Coburg - West","state":"Victoria"},"type":"Polygon","arcs":[[2091]],"id":"feature_0759"},{"properties":{"sa2_code":"206021110","sa2_name":"Alphington - Fairfield","state":"Victoria"},"type":"Polygon","arcs":[[2092]],"id":"feature_0760"},{"properties":{"sa2_code":"206021112","sa2_name":"Thornbury","state":"Victoria"},"type":"Polygon","arcs":[[2093]],"id":"feature_0761"},{"properties":{"sa2_code":"206021499","sa2_name":"Northcote - East","state":"Victoria"},"type":"Polygon","arcs":[[2094]],"id":"feature_0762"},{"properties":{"sa2_code":"206021500","sa2_name":"Northcote - West","state":"Victoria"},"type":"Polygon","arcs":[[2095]],"id":"feature_0763"},{"properties":{"sa2_code":"206031113","sa2_name":"Ascot Vale","state":"Victoria"},"type":"Polygon","arcs":[[2096]],"id":"feature_0764"},{"properties":{"sa2_code":"206031115","sa2_name":"Flemington","state":"Victoria"},"type":"Polygon","arcs":[[2097]],"id":"feature_0765"},{"properties":{"sa2_code":"206031116","sa2_name":"Moonee Ponds","state":"Victoria"},"type":"Polygon","arcs":[[2098]],"id":"feature_0766"},{"properties":{"sa2_code":"206031501","sa2_name":"Essendon (West) - Aberfeldie","state":"Victoria"},"type":"Polygon","arcs":[[2099]],"id":"feature_0767"},{"properties":{"sa2_code":"206031502","sa2_name":"Essendon - East","state":"Victoria"},"type":"Polygon","arcs":[[2100]],"id":"feature_0768"},{"properties":{"sa2_code":"206041117","sa2_name":"Carlton","state":"Victoria"},"type":"Polygon","arcs":[[2101]],"id":"feature_0769"},{"properties":{"sa2_code":"206041118","sa2_name":"Docklands","state":"Victoria"},"type":"Polygon","arcs":[[2102]],"id":"feature_0770"},{"properties":{"sa2_code":"206041119","sa2_name":"East Melbourne","state":"Victoria"},"type":"Polygon","arcs":[[2103]],"id":"feature_0771"},{"properties":{"sa2_code":"206041120","sa2_name":"Flemington Racecourse","state":"Victoria"},"type":"Polygon","arcs":[[2104]],"id":"feature_0772"},{"properties":{"sa2_code":"206041121","sa2_name":"Kensington (Vic.)","state":"Victoria"},"type":"Polygon","arcs":[[2105]],"id":"feature_0773"},{"properties":{"sa2_code":"206041124","sa2_name":"Parkville","state":"Victoria"},"type":"Polygon","arcs":[[2106]],"id":"feature_0774"},{"properties":{"sa2_code":"206041125","sa2_name":"South Yarra - West","state":"Victoria"},"type":"Polygon","arcs":[[2107]],"id":"feature_0775"},{"properties":{"sa2_code":"206041127","sa2_name":"West Melbourne - Industrial","state":"Victoria"},"type":"Polygon","arcs":[[2108]],"id":"feature_0776"},{"properties":{"sa2_code":"206041503","sa2_name":"Melbourne CBD - East","state":"Victoria"},"type":"Polygon","arcs":[[2109]],"id":"feature_0777"},{"properties":{"sa2_code":"206041504","sa2_name":"Melbourne CBD - North","state":"Victoria"},"type":"Polygon","arcs":[[2110]],"id":"feature_0778"},{"properties":{"sa2_code":"206041505","sa2_name":"Melbourne CBD - West","state":"Victoria"},"type":"Polygon","arcs":[[2111]],"id":"feature_0779"},{"properties":{"sa2_code":"206041506","sa2_name":"North Melbourne","state":"Victoria"},"type":"Polygon","arcs":[[2112]],"id":"feature_0780"},{"properties":{"sa2_code":"206041507","sa2_name":"Royal Botanic Gardens Victoria","state":"Victoria"},"type":"Polygon","arcs":[[2113]],"id":"feature_0781"},{"properties":{"sa2_code":"206041508","sa2_name":"Southbank (West) - South Wharf","state":"Victoria"},"type":"Polygon","arcs":[[2114]],"id":"feature_0782"},{"properties":{"sa2_code":"206041509","sa2_name":"Southbank - East","state":"Victoria"},"type":"Polygon","arcs":[[2115]],"id":"feature_0783"},{"properties":{"sa2_code":"206041510","sa2_name":"West Melbourne - Residential","state":"Victoria"},"type":"Polygon","arcs":[[2116]],"id":"feature_0784"},{"properties":{"sa2_code":"206051128","sa2_name":"Albert Park","state":"Victoria"},"type":"Polygon","arcs":[[2117]],"id":"feature_0785"},{"properties":{"sa2_code":"206051129","sa2_name":"Elwood","state":"Victoria"},"type":"Polygon","arcs":[[2118]],"id":"feature_0786"},{"properties":{"sa2_code":"206051130","sa2_name":"Port Melbourne","state":"Victoria"},"type":"Polygon","arcs":[[2119]],"id":"feature_0787"},{"properties":{"sa2_code":"206051134","sa2_name":"St Kilda East","state":"Victoria"},"type":"Polygon","arcs":[[2120]],"id":"feature_0788"},{"properties":{"sa2_code":"206051511","sa2_name":"Port Melbourne Industrial","state":"Victoria"},"type":"Polygon","arcs":[[2121]],"id":"feature_0789"},{"properties":{"sa2_code":"206051512","sa2_name":"South Melbourne","state":"Victoria"},"type":"Polygon","arcs":[[2122]],"id":"feature_0790"},{"properties":{"sa2_code":"206051513","sa2_name":"St Kilda - Central","state":"Victoria"},"type":"Polygon","arcs":[[2123]],"id":"feature_0791"},{"properties":{"sa2_code":"206051514","sa2_name":"St Kilda - West","state":"Victoria"},"type":"Polygon","arcs":[[2124]],"id":"feature_0792"},{"properties":{"sa2_code":"206061135","sa2_name":"Armadale","state":"Victoria"},"type":"Polygon","arcs":[[2125]],"id":"feature_0793"},{"properties":{"sa2_code":"206061136","sa2_name":"Prahran - Windsor","state":"Victoria"},"type":"Polygon","arcs":[[2126]],"id":"feature_0794"},{"properties":{"sa2_code":"206061138","sa2_name":"Toorak","state":"Victoria"},"type":"Polygon","arcs":[[2127]],"id":"feature_0795"},{"properties":{"sa2_code":"206061515","sa2_name":"South Yarra - North","state":"Victoria"},"type":"Polygon","arcs":[[2128,-2130]],"id":"feature_0796"},{"properties":{"sa2_code":"206061516","sa2_name":"South Yarra - South","state":"Victoria"},"type":"Polygon","arcs":[[2129,2130]],"id":"feature_0797"},{"properties":{"sa2_code":"206071139","sa2_name":"Abbotsford","state":"Victoria"},"type":"Polygon","arcs":[[2131]],"id":"feature_0798"},{"properties":{"sa2_code":"206071140","sa2_name":"Carlton North - Princes Hill","state":"Victoria"},"type":"Polygon","arcs":[[2132]],"id":"feature_0799"},{"properties":{"sa2_code":"206071141","sa2_name":"Collingwood","state":"Victoria"},"type":"Polygon","arcs":[[2133]],"id":"feature_0800"},{"properties":{"sa2_code":"206071142","sa2_name":"Fitzroy","state":"Victoria"},"type":"Polygon","arcs":[[2134]],"id":"feature_0801"},{"properties":{"sa2_code":"206071143","sa2_name":"Fitzroy North","state":"Victoria"},"type":"Polygon","arcs":[[2135]],"id":"feature_0802"},{"properties":{"sa2_code":"206071145","sa2_name":"Clifton Hill - Alphington","state":"Victoria"},"type":"Polygon","arcs":[[2136]],"id":"feature_0803"},{"properties":{"sa2_code":"206071517","sa2_name":"Richmond (South) - Cremorne","state":"Victoria"},"type":"Polygon","arcs":[[2137]],"id":"feature_0804"},{"properties":{"sa2_code":"206071518","sa2_name":"Richmond - North","state":"Victoria"},"type":"Polygon","arcs":[[2138]],"id":"feature_0805"},{"properties":{"sa2_code":"207011146","sa2_name":"Ashburton (Vic.)","state":"Victoria"},"type":"Polygon","arcs":[[2139]],"id":"feature_0806"},{"properties":{"sa2_code":"207011147","sa2_name":"Balwyn","state":"Victoria"},"type":"Polygon","arcs":[[2140]],"id":"feature_0807"},{"properties":{"sa2_code":"207011148","sa2_name":"Balwyn North","state":"Victoria"},"type":"Polygon","arcs":[[2141]],"id":"feature_0808"},{"properties":{"sa2_code":"207011149","sa2_name":"Camberwell","state":"Victoria"},"type":"Polygon","arcs":[[2142]],"id":"feature_0809"},{"properties":{"sa2_code":"207011150","sa2_name":"Glen Iris - East","state":"Victoria"},"type":"Polygon","arcs":[[2143]],"id":"feature_0810"},{"properties":{"sa2_code":"207011152","sa2_name":"Hawthorn East","state":"Victoria"},"type":"Polygon","arcs":[[2144]],"id":"feature_0811"},{"properties":{"sa2_code":"207011154","sa2_name":"Kew East","state":"Victoria"},"type":"Polygon","arcs":[[2145]],"id":"feature_0812"},{"properties":{"sa2_code":"207011155","sa2_name":"Surrey Hills (West) - Canterbury","state":"Victoria"},"type":"Polygon","arcs":[[2146]],"id":"feature_0813"},{"properties":{"sa2_code":"207011519","sa2_name":"Hawthorn - North","state":"Victoria"},"type":"Polygon","arcs":[[2147]],"id":"feature_0814"},{"properties":{"sa2_code":"207011520","sa2_name":"Hawthorn - South","state":"Victoria"},"type":"Polygon","arcs":[[2148]],"id":"feature_0815"},{"properties":{"sa2_code":"207011521","sa2_name":"Kew - South","state":"Victoria"},"type":"Polygon","arcs":[[2149]],"id":"feature_0816"},{"properties":{"sa2_code":"207011522","sa2_name":"Kew - West","state":"Victoria"},"type":"Polygon","arcs":[[2150]],"id":"feature_0817"},{"properties":{"sa2_code":"207021156","sa2_name":"Bulleen","state":"Victoria"},"type":"Polygon","arcs":[[2151]],"id":"feature_0818"},{"properties":{"sa2_code":"207021157","sa2_name":"Doncaster","state":"Victoria"},"type":"Polygon","arcs":[[2152]],"id":"feature_0819"},{"properties":{"sa2_code":"207021159","sa2_name":"Templestowe","state":"Victoria"},"type":"Polygon","arcs":[[2153]],"id":"feature_0820"},{"properties":{"sa2_code":"207021160","sa2_name":"Templestowe Lower","state":"Victoria"},"type":"Polygon","arcs":[[2154]],"id":"feature_0821"},{"properties":{"sa2_code":"207021424","sa2_name":"Doncaster East - North","state":"Victoria"},"type":"Polygon","arcs":[[2155]],"id":"feature_0822"},{"properties":{"sa2_code":"207021425","sa2_name":"Doncaster East - South","state":"Victoria"},"type":"Polygon","arcs":[[2156]],"id":"feature_0823"},{"properties":{"sa2_code":"207031161","sa2_name":"Blackburn","state":"Victoria"},"type":"Polygon","arcs":[[2157]],"id":"feature_0824"},{"properties":{"sa2_code":"207031162","sa2_name":"Blackburn South","state":"Victoria"},"type":"Polygon","arcs":[[2158]],"id":"feature_0825"},{"properties":{"sa2_code":"207031163","sa2_name":"Box Hill","state":"Victoria"},"type":"Polygon","arcs":[[2159]],"id":"feature_0826"},{"properties":{"sa2_code":"207031164","sa2_name":"Box Hill North","state":"Victoria"},"type":"Polygon","arcs":[[2160]],"id":"feature_0827"},{"properties":{"sa2_code":"207031165","sa2_name":"Burwood (Vic.)","state":"Victoria"},"type":"Polygon","arcs":[[2161]],"id":"feature_0828"},{"properties":{"sa2_code":"207031166","sa2_name":"Burwood East","state":"Victoria"},"type":"Polygon","arcs":[[2162]],"id":"feature_0829"},{"properties":{"sa2_code":"207031167","sa2_name":"Surrey Hills (East) - Mont Albert","state":"Victoria"},"type":"Polygon","arcs":[[2163]],"id":"feature_0830"},{"properties":{"sa2_code":"208011168","sa2_name":"Beaumaris","state":"Victoria"},"type":"Polygon","arcs":[[2164]],"id":"feature_0831"},{"properties":{"sa2_code":"208011169","sa2_name":"Brighton (Vic.)","state":"Victoria"},"type":"Polygon","arcs":[[2165]],"id":"feature_0832"},{"properties":{"sa2_code":"208011170","sa2_name":"Brighton East","state":"Victoria"},"type":"Polygon","arcs":[[2166]],"id":"feature_0833"},{"properties":{"sa2_code":"208011171","sa2_name":"Highett (West) - Cheltenham","state":"Victoria"},"type":"Polygon","arcs":[[2167]],"id":"feature_0834"},{"properties":{"sa2_code":"208011172","sa2_name":"Hampton","state":"Victoria"},"type":"Polygon","arcs":[[2168]],"id":"feature_0835"},{"properties":{"sa2_code":"208011173","sa2_name":"Sandringham - Black Rock","state":"Victoria"},"type":"Polygon","arcs":[[2169]],"id":"feature_0836"},{"properties":{"sa2_code":"208021174","sa2_name":"Bentleigh - McKinnon","state":"Victoria"},"type":"Polygon","arcs":[[2170]],"id":"feature_0837"},{"properties":{"sa2_code":"208021176","sa2_name":"Carnegie","state":"Victoria"},"type":"Polygon","arcs":[[2171,-2178]],"id":"feature_0838"},{"properties":{"sa2_code":"208021177","sa2_name":"Caulfield - North","state":"Victoria"},"type":"Polygon","arcs":[[2172]],"id":"feature_0839"},{"properties":{"sa2_code":"208021178","sa2_name":"Caulfield - South","state":"Victoria"},"type":"Polygon","arcs":[[2173]],"id":"feature_0840"},{"properties":{"sa2_code":"208021179","sa2_name":"Elsternwick","state":"Victoria"},"type":"Polygon","arcs":[[2174]],"id":"feature_0841"},{"properties":{"sa2_code":"208021180","sa2_name":"Hughesdale","state":"Victoria"},"type":"Polygon","arcs":[[2175]],"id":"feature_0842"},{"properties":{"sa2_code":"208021181","sa2_name":"Murrumbeena","state":"Victoria"},"type":"Polygon","arcs":[[2176,2177]],"id":"feature_0843"},{"properties":{"sa2_code":"208021182","sa2_name":"Ormond - Glen Huntly","state":"Victoria"},"type":"Polygon","arcs":[[2178]],"id":"feature_0844"},{"properties":{"sa2_code":"208021426","sa2_name":"Bentleigh East - North","state":"Victoria"},"type":"Polygon","arcs":[[2179]],"id":"feature_0845"},{"properties":{"sa2_code":"208021427","sa2_name":"Bentleigh East - South","state":"Victoria"},"type":"Polygon","arcs":[[2180]],"id":"feature_0846"},{"properties":{"sa2_code":"208031183","sa2_name":"Aspendale Gardens - Waterways","state":"Victoria"},"type":"Polygon","arcs":[[2181]],"id":"feature_0847"},{"properties":{"sa2_code":"208031184","sa2_name":"Braeside","state":"Victoria"},"type":"Polygon","arcs":[[2182]],"id":"feature_0848"},{"properties":{"sa2_code":"208031185","sa2_name":"Carrum - Patterson Lakes","state":"Victoria"},"type":"Polygon","arcs":[[2183]],"id":"feature_0849"},{"properties":{"sa2_code":"208031186","sa2_name":"Chelsea - Bonbeach","state":"Victoria"},"type":"Polygon","arcs":[[2184]],"id":"feature_0850"},{"properties":{"sa2_code":"208031187","sa2_name":"Chelsea Heights","state":"Victoria"},"type":"Polygon","arcs":[[2185]],"id":"feature_0851"},{"properties":{"sa2_code":"208031188","sa2_name":"Highett (East) - Cheltenham","state":"Victoria"},"type":"Polygon","arcs":[[2186]],"id":"feature_0852"},{"properties":{"sa2_code":"208031189","sa2_name":"Edithvale - Aspendale","state":"Victoria"},"type":"Polygon","arcs":[[2187]],"id":"feature_0853"},{"properties":{"sa2_code":"208031190","sa2_name":"Mentone","state":"Victoria"},"type":"Polygon","arcs":[[2188]],"id":"feature_0854"},{"properties":{"sa2_code":"208031191","sa2_name":"Moorabbin - Heatherton","state":"Victoria"},"type":"Polygon","arcs":[[2189]],"id":"feature_0855"},{"properties":{"sa2_code":"208031192","sa2_name":"Moorabbin Airport","state":"Victoria"},"type":"Polygon","arcs":[[2190]],"id":"feature_0856"},{"properties":{"sa2_code":"208031193","sa2_name":"Mordialloc - Parkdale","state":"Victoria"},"type":"Polygon","arcs":[[2191]],"id":"feature_0857"},{"properties":{"sa2_code":"208041194","sa2_name":"Malvern - Glen Iris","state":"Victoria"},"type":"Polygon","arcs":[[2192]],"id":"feature_0858"},{"properties":{"sa2_code":"208041195","sa2_name":"Malvern East","state":"Victoria"},"type":"Polygon","arcs":[[2193]],"id":"feature_0859"},{"properties":{"sa2_code":"209011196","sa2_name":"Bundoora - East","state":"Victoria"},"type":"Polygon","arcs":[[2194]],"id":"feature_0860"},{"properties":{"sa2_code":"209011197","sa2_name":"Greensborough","state":"Victoria"},"type":"Polygon","arcs":[[2195]],"id":"feature_0861"},{"properties":{"sa2_code":"209011198","sa2_name":"Heidelberg - Rosanna","state":"Victoria"},"type":"Polygon","arcs":[[2196]],"id":"feature_0862"},{"properties":{"sa2_code":"209011199","sa2_name":"Heidelberg West","state":"Victoria"},"type":"Polygon","arcs":[[2197]],"id":"feature_0863"},{"properties":{"sa2_code":"209011200","sa2_name":"Ivanhoe","state":"Victoria"},"type":"Polygon","arcs":[[2198]],"id":"feature_0864"},{"properties":{"sa2_code":"209011201","sa2_name":"Ivanhoe East - Eaglemont","state":"Victoria"},"type":"Polygon","arcs":[[2199]],"id":"feature_0865"},{"properties":{"sa2_code":"209011202","sa2_name":"Montmorency - Briar Hill","state":"Victoria"},"type":"Polygon","arcs":[[2200]],"id":"feature_0866"},{"properties":{"sa2_code":"209011203","sa2_name":"Viewbank - Yallambie","state":"Victoria"},"type":"Polygon","arcs":[[2201]],"id":"feature_0867"},{"properties":{"sa2_code":"209011204","sa2_name":"Watsonia","state":"Victoria"},"type":"Polygon","arcs":[[2202]],"id":"feature_0868"},{"properties":{"sa2_code":"209021205","sa2_name":"Kingsbury","state":"Victoria"},"type":"Polygon","arcs":[[2203]],"id":"feature_0869"},{"properties":{"sa2_code":"209021428","sa2_name":"Preston - East","state":"Victoria"},"type":"Polygon","arcs":[[2204]],"id":"feature_0870"},{"properties":{"sa2_code":"209021429","sa2_name":"Preston - West","state":"Victoria"},"type":"Polygon","arcs":[[2205]],"id":"feature_0871"},{"properties":{"sa2_code":"209021523","sa2_name":"Reservoir - North East","state":"Victoria"},"type":"Polygon","arcs":[[2206]],"id":"feature_0872"},{"properties":{"sa2_code":"209021524","sa2_name":"Reservoir - North West","state":"Victoria"},"type":"Polygon","arcs":[[2207]],"id":"feature_0873"},{"properties":{"sa2_code":"209021525","sa2_name":"Reservoir - South East","state":"Victoria"},"type":"Polygon","arcs":[[2208]],"id":"feature_0874"},{"properties":{"sa2_code":"209021526","sa2_name":"Reservoir - South West","state":"Victoria"},"type":"Polygon","arcs":[[2209]],"id":"feature_0875"},{"properties":{"sa2_code":"209031209","sa2_name":"Eltham","state":"Victoria"},"type":"Polygon","arcs":[[2210]],"id":"feature_0876"},{"properties":{"sa2_code":"209031210","sa2_name":"Hurstbridge","state":"Victoria"},"type":"Polygon","arcs":[[2211]],"id":"feature_0877"},{"properties":{"sa2_code":"209031211","sa2_name":"Kinglake","state":"Victoria"},"type":"Polygon","arcs":[[2212,2213]],"id":"feature_0878"},{"properties":{"sa2_code":"209031212","sa2_name":"Panton Hill - St Andrews","state":"Victoria"},"type":"Polygon","arcs":[[2214]],"id":"feature_0879"},{"properties":{"sa2_code":"209031213","sa2_name":"Plenty - Yarrambat","state":"Victoria"},"type":"Polygon","arcs":[[2215]],"id":"feature_0880"},{"properties":{"sa2_code":"209031214","sa2_name":"Research - North Warrandyte","state":"Victoria"},"type":"Polygon","arcs":[[2216]],"id":"feature_0881"},{"properties":{"sa2_code":"209031215","sa2_name":"Wattle Glen - Diamond Creek","state":"Victoria"},"type":"Polygon","arcs":[[2217]],"id":"feature_0882"},{"properties":{"sa2_code":"209041216","sa2_name":"Bundoora - North","state":"Victoria"},"type":"Polygon","arcs":[[2218]],"id":"feature_0883"},{"properties":{"sa2_code":"209041217","sa2_name":"Bundoora - West","state":"Victoria"},"type":"Polygon","arcs":[[2219]],"id":"feature_0884"},{"properties":{"sa2_code":"209041220","sa2_name":"Mill Park - North","state":"Victoria"},"type":"Polygon","arcs":[[2220]],"id":"feature_0885"},{"properties":{"sa2_code":"209041221","sa2_name":"Mill Park - South","state":"Victoria"},"type":"Polygon","arcs":[[2221]],"id":"feature_0886"},{"properties":{"sa2_code":"209041223","sa2_name":"Thomastown","state":"Victoria"},"type":"Polygon","arcs":[[2222]],"id":"feature_0887"},{"properties":{"sa2_code":"209041224","sa2_name":"Wallan","state":"Victoria"},"type":"Polygon","arcs":[[2223,2224,-2227,2225]],"id":"feature_0888"},{"properties":{"sa2_code":"209041225","sa2_name":"Whittlesea","state":"Victoria"},"type":"Polygon","arcs":[[2226,2227]],"id":"feature_0889"},{"properties":{"sa2_code":"209041431","sa2_name":"Epping - East","state":"Victoria"},"type":"Polygon","arcs":[[2228]],"id":"feature_0890"},{"properties":{"sa2_code":"209041432","sa2_name":"Epping - South","state":"Victoria"},"type":"Polygon","arcs":[[2229]],"id":"feature_0891"},{"properties":{"sa2_code":"209041433","sa2_name":"Epping (Vic.) - West","state":"Victoria"},"type":"Polygon","arcs":[[2230]],"id":"feature_0892"},{"properties":{"sa2_code":"209041435","sa2_name":"South Morang - North","state":"Victoria"},"type":"Polygon","arcs":[[2231]],"id":"feature_0893"},{"properties":{"sa2_code":"209041436","sa2_name":"South Morang - South","state":"Victoria"},"type":"Polygon","arcs":[[2232]],"id":"feature_0894"},{"properties":{"sa2_code":"209041437","sa2_name":"Wollert","state":"Victoria"},"type":"Polygon","arcs":[[2233]],"id":"feature_0895"},{"properties":{"sa2_code":"209041527","sa2_name":"Doreen - North","state":"Victoria"},"type":"Polygon","arcs":[[2234]],"id":"feature_0896"},{"properties":{"sa2_code":"209041528","sa2_name":"Doreen - South","state":"Victoria"},"type":"Polygon","arcs":[[2235]],"id":"feature_0897"},{"properties":{"sa2_code":"209041529","sa2_name":"Lalor - East","state":"Victoria"},"type":"Polygon","arcs":[[2236]],"id":"feature_0898"},{"properties":{"sa2_code":"209041530","sa2_name":"Lalor - West","state":"Victoria"},"type":"Polygon","arcs":[[2237]],"id":"feature_0899"},{"properties":{"sa2_code":"209041531","sa2_name":"Mernda - North","state":"Victoria"},"type":"Polygon","arcs":[[2238]],"id":"feature_0900"},{"properties":{"sa2_code":"209041532","sa2_name":"Mernda - South","state":"Victoria"},"type":"Polygon","arcs":[[2239]],"id":"feature_0901"},{"properties":{"sa2_code":"210011226","sa2_name":"Airport West","state":"Victoria"},"type":"Polygon","arcs":[[2240]],"id":"feature_0902"},{"properties":{"sa2_code":"210011227","sa2_name":"Essendon Airport","state":"Victoria"},"type":"Polygon","arcs":[[2241]],"id":"feature_0903"},{"properties":{"sa2_code":"210011228","sa2_name":"Keilor","state":"Victoria"},"type":"Polygon","arcs":[[2242]],"id":"feature_0904"},{"properties":{"sa2_code":"210011230","sa2_name":"Niddrie - Essendon West","state":"Victoria"},"type":"Polygon","arcs":[[2243]],"id":"feature_0905"},{"properties":{"sa2_code":"210011231","sa2_name":"Strathmore","state":"Victoria"},"type":"Polygon","arcs":[[2244]],"id":"feature_0906"},{"properties":{"sa2_code":"210011533","sa2_name":"Avondale Heights","state":"Victoria"},"type":"Polygon","arcs":[[2245]],"id":"feature_0907"},{"properties":{"sa2_code":"210011534","sa2_name":"Keilor East","state":"Victoria"},"type":"Polygon","arcs":[[2246]],"id":"feature_0908"},{"properties":{"sa2_code":"210021232","sa2_name":"Gisborne","state":"Victoria"},"type":"Polygon","arcs":[[2247]],"id":"feature_0909"},{"properties":{"sa2_code":"210021233","sa2_name":"Macedon","state":"Victoria"},"type":"Polygon","arcs":[[2248]],"id":"feature_0910"},{"properties":{"sa2_code":"210021234","sa2_name":"Riddells Creek","state":"Victoria"},"type":"Polygon","arcs":[[2249]],"id":"feature_0911"},{"properties":{"sa2_code":"210021235","sa2_name":"Romsey","state":"Victoria"},"type":"Polygon","arcs":[[2250,2251,2252,2253]],"id":"feature_0912"},{"properties":{"sa2_code":"210031236","sa2_name":"Coburg North","state":"Victoria"},"type":"Polygon","arcs":[[2254]],"id":"feature_0913"},{"properties":{"sa2_code":"210031237","sa2_name":"Fawkner","state":"Victoria"},"type":"Polygon","arcs":[[2255]],"id":"feature_0914"},{"properties":{"sa2_code":"210031439","sa2_name":"Gowanbrae","state":"Victoria"},"type":"Polygon","arcs":[[2256]],"id":"feature_0915"},{"properties":{"sa2_code":"210031440","sa2_name":"Hadfield","state":"Victoria"},"type":"Polygon","arcs":[[2257]],"id":"feature_0916"},{"properties":{"sa2_code":"210031535","sa2_name":"Glenroy - East","state":"Victoria"},"type":"Polygon","arcs":[[2258]],"id":"feature_0917"},{"properties":{"sa2_code":"210031536","sa2_name":"Glenroy - West","state":"Victoria"},"type":"Polygon","arcs":[[2259]],"id":"feature_0918"},{"properties":{"sa2_code":"210031537","sa2_name":"Oak Park","state":"Victoria"},"type":"Polygon","arcs":[[2260]],"id":"feature_0919"},{"properties":{"sa2_code":"210031538","sa2_name":"Pascoe Vale","state":"Victoria"},"type":"Polygon","arcs":[[2261,2262]],"id":"feature_0920"},{"properties":{"sa2_code":"210041240","sa2_name":"Sunbury","state":"Victoria"},"type":"Polygon","arcs":[[2263]],"id":"feature_0921"},{"properties":{"sa2_code":"210041539","sa2_name":"Diggers Rest","state":"Victoria"},"type":"Polygon","arcs":[[2264]],"id":"feature_0922"},{"properties":{"sa2_code":"210041540","sa2_name":"Sunbury - South","state":"Victoria"},"type":"Polygon","arcs":[[2265]],"id":"feature_0923"},{"properties":{"sa2_code":"210041541","sa2_name":"Sunbury - West","state":"Victoria"},"type":"Polygon","arcs":[[2266]],"id":"feature_0924"},{"properties":{"sa2_code":"210051242","sa2_name":"Broadmeadows","state":"Victoria"},"type":"Polygon","arcs":[[2267]],"id":"feature_0925"},{"properties":{"sa2_code":"210051243","sa2_name":"Campbellfield - Coolaroo","state":"Victoria"},"type":"Polygon","arcs":[[2268]],"id":"feature_0926"},{"properties":{"sa2_code":"210051245","sa2_name":"Gladstone Park - Westmeadows","state":"Victoria"},"type":"Polygon","arcs":[[2269]],"id":"feature_0927"},{"properties":{"sa2_code":"210051246","sa2_name":"Greenvale - Bulla","state":"Victoria"},"type":"Polygon","arcs":[[2270]],"id":"feature_0928"},{"properties":{"sa2_code":"210051247","sa2_name":"Meadow Heights","state":"Victoria"},"type":"Polygon","arcs":[[2271]],"id":"feature_0929"},{"properties":{"sa2_code":"210051248","sa2_name":"Melbourne Airport","state":"Victoria"},"type":"Polygon","arcs":[[2272]],"id":"feature_0930"},{"properties":{"sa2_code":"210051250","sa2_name":"Tullamarine","state":"Victoria"},"type":"Polygon","arcs":[[2273]],"id":"feature_0931"},{"properties":{"sa2_code":"210051441","sa2_name":"Craigieburn - Central","state":"Victoria"},"type":"Polygon","arcs":[[2274]],"id":"feature_0932"},{"properties":{"sa2_code":"210051442","sa2_name":"Craigieburn - North","state":"Victoria"},"type":"Polygon","arcs":[[2275]],"id":"feature_0933"},{"properties":{"sa2_code":"210051443","sa2_name":"Craigieburn - South","state":"Victoria"},"type":"Polygon","arcs":[[2276]],"id":"feature_0934"},{"properties":{"sa2_code":"210051445","sa2_name":"Mickleham - Yuroke","state":"Victoria"},"type":"Polygon","arcs":[[2277]],"id":"feature_0935"},{"properties":{"sa2_code":"210051542","sa2_name":"Craigieburn - North West","state":"Victoria"},"type":"Polygon","arcs":[[2278]],"id":"feature_0936"},{"properties":{"sa2_code":"210051543","sa2_name":"Craigieburn - West","state":"Victoria"},"type":"Polygon","arcs":[[2279]],"id":"feature_0937"},{"properties":{"sa2_code":"210051544","sa2_name":"Roxburgh Park (South) - Somerton","state":"Victoria"},"type":"Polygon","arcs":[[2280]],"id":"feature_0938"},{"properties":{"sa2_code":"210051545","sa2_name":"Roxburgh Park - North","state":"Victoria"},"type":"Polygon","arcs":[[2281]],"id":"feature_0939"},{"properties":{"sa2_code":"211011251","sa2_name":"Bayswater","state":"Victoria"},"type":"Polygon","arcs":[[2282]],"id":"feature_0940"},{"properties":{"sa2_code":"211011254","sa2_name":"Knoxfield - Scoresby","state":"Victoria"},"type":"Polygon","arcs":[[2283]],"id":"feature_0941"},{"properties":{"sa2_code":"211011255","sa2_name":"Lysterfield","state":"Victoria"},"type":"Polygon","arcs":[[2284]],"id":"feature_0942"},{"properties":{"sa2_code":"211011256","sa2_name":"Rowville - Central","state":"Victoria"},"type":"Polygon","arcs":[[2285]],"id":"feature_0943"},{"properties":{"sa2_code":"211011257","sa2_name":"Rowville - North","state":"Victoria"},"type":"Polygon","arcs":[[2286]],"id":"feature_0944"},{"properties":{"sa2_code":"211011258","sa2_name":"Rowville - South","state":"Victoria"},"type":"Polygon","arcs":[[2287]],"id":"feature_0945"},{"properties":{"sa2_code":"211011259","sa2_name":"Wantirna","state":"Victoria"},"type":"Polygon","arcs":[[2288]],"id":"feature_0946"},{"properties":{"sa2_code":"211011260","sa2_name":"Wantirna South","state":"Victoria"},"type":"Polygon","arcs":[[2289]],"id":"feature_0947"},{"properties":{"sa2_code":"211011446","sa2_name":"Boronia","state":"Victoria"},"type":"Polygon","arcs":[[2290]],"id":"feature_0948"},{"properties":{"sa2_code":"211011447","sa2_name":"Ferntree Gully - North","state":"Victoria"},"type":"Polygon","arcs":[[2291]],"id":"feature_0949"},{"properties":{"sa2_code":"211011448","sa2_name":"Ferntree Gully (South) - Upper Ferntree Gully","state":"Victoria"},"type":"Polygon","arcs":[[2292]],"id":"feature_0950"},{"properties":{"sa2_code":"211011449","sa2_name":"The Basin","state":"Victoria"},"type":"Polygon","arcs":[[2293]],"id":"feature_0951"},{"properties":{"sa2_code":"211021261","sa2_name":"Donvale - Park Orchards","state":"Victoria"},"type":"Polygon","arcs":[[2294]],"id":"feature_0952"},{"properties":{"sa2_code":"211021262","sa2_name":"Warrandyte - Wonga Park","state":"Victoria"},"type":"Polygon","arcs":[[2295]],"id":"feature_0953"},{"properties":{"sa2_code":"211031263","sa2_name":"Bayswater North","state":"Victoria"},"type":"Polygon","arcs":[[2296]],"id":"feature_0954"},{"properties":{"sa2_code":"211031265","sa2_name":"Croydon Hills - Warranwood","state":"Victoria"},"type":"Polygon","arcs":[[2297]],"id":"feature_0955"},{"properties":{"sa2_code":"211031266","sa2_name":"Ringwood","state":"Victoria"},"type":"Polygon","arcs":[[2298]],"id":"feature_0956"},{"properties":{"sa2_code":"211031267","sa2_name":"Ringwood East","state":"Victoria"},"type":"Polygon","arcs":[[2299]],"id":"feature_0957"},{"properties":{"sa2_code":"211031268","sa2_name":"Ringwood North","state":"Victoria"},"type":"Polygon","arcs":[[2300]],"id":"feature_0958"},{"properties":{"sa2_code":"211031450","sa2_name":"Croydon - East","state":"Victoria"},"type":"Polygon","arcs":[[2301]],"id":"feature_0959"},{"properties":{"sa2_code":"211031451","sa2_name":"Croydon - West","state":"Victoria"},"type":"Polygon","arcs":[[2302]],"id":"feature_0960"},{"properties":{"sa2_code":"211031452","sa2_name":"Croydon South","state":"Victoria"},"type":"Polygon","arcs":[[2303]],"id":"feature_0961"},{"properties":{"sa2_code":"211041269","sa2_name":"Forest Hill","state":"Victoria"},"type":"Polygon","arcs":[[2304]],"id":"feature_0962"},{"properties":{"sa2_code":"211041270","sa2_name":"Mitcham (Vic.)","state":"Victoria"},"type":"Polygon","arcs":[[2305]],"id":"feature_0963"},{"properties":{"sa2_code":"211041271","sa2_name":"Nunawading","state":"Victoria"},"type":"Polygon","arcs":[[2306]],"id":"feature_0964"},{"properties":{"sa2_code":"211041272","sa2_name":"Vermont","state":"Victoria"},"type":"Polygon","arcs":[[2307]],"id":"feature_0965"},{"properties":{"sa2_code":"211041273","sa2_name":"Vermont South","state":"Victoria"},"type":"Polygon","arcs":[[2308]],"id":"feature_0966"},{"properties":{"sa2_code":"211051274","sa2_name":"Belgrave - Selby","state":"Victoria"},"type":"Polygon","arcs":[[2309]],"id":"feature_0967"},{"properties":{"sa2_code":"211051275","sa2_name":"Chirnside Park","state":"Victoria"},"type":"Polygon","arcs":[[2310]],"id":"feature_0968"},{"properties":{"sa2_code":"211051276","sa2_name":"Healesville - Yarra Glen","state":"Victoria"},"type":"Polygon","arcs":[[2311]],"id":"feature_0969"},{"properties":{"sa2_code":"211051277","sa2_name":"Kilsyth","state":"Victoria"},"type":"Polygon","arcs":[[2312]],"id":"feature_0970"},{"properties":{"sa2_code":"211051278","sa2_name":"Lilydale - Coldstream","state":"Victoria"},"type":"Polygon","arcs":[[2313]],"id":"feature_0971"},{"properties":{"sa2_code":"211051279","sa2_name":"Monbulk - Silvan","state":"Victoria"},"type":"Polygon","arcs":[[2314]],"id":"feature_0972"},{"properties":{"sa2_code":"211051280","sa2_name":"Montrose","state":"Victoria"},"type":"Polygon","arcs":[[2315]],"id":"feature_0973"},{"properties":{"sa2_code":"211051281","sa2_name":"Mooroolbark","state":"Victoria"},"type":"Polygon","arcs":[[2316]],"id":"feature_0974"},{"properties":{"sa2_code":"211051282","sa2_name":"Mount Dandenong - Olinda","state":"Victoria"},"type":"Polygon","arcs":[[2317]],"id":"feature_0975"},{"properties":{"sa2_code":"211051283","sa2_name":"Mount Evelyn","state":"Victoria"},"type":"Polygon","arcs":[[2318]],"id":"feature_0976"},{"properties":{"sa2_code":"211051284","sa2_name":"Upwey - Tecoma","state":"Victoria"},"type":"Polygon","arcs":[[2319]],"id":"feature_0977"},{"properties":{"sa2_code":"211051285","sa2_name":"Wandin - Seville","state":"Victoria"},"type":"Polygon","arcs":[[2320]],"id":"feature_0978"},{"properties":{"sa2_code":"211051286","sa2_name":"Yarra Valley","state":"Victoria"},"type":"Polygon","arcs":[[2321,2322,2323,2324]],"id":"feature_0979"},{"properties":{"sa2_code":"212011289","sa2_name":"Emerald - Cockatoo","state":"Victoria"},"type":"Polygon","arcs":[[-2328,2325]],"id":"feature_0980"},{"properties":{"sa2_code":"212011546","sa2_name":"Beaconsfield - Officer","state":"Victoria"},"type":"Polygon","arcs":[[2326]],"id":"feature_0981"},{"properties":{"sa2_code":"212011547","sa2_name":"Bunyip - Garfield","state":"Victoria"},"type":"Polygon","arcs":[[2327,2328]],"id":"feature_0982"},{"properties":{"sa2_code":"212011548","sa2_name":"Koo Wee Rup","state":"Victoria"},"type":"Polygon","arcs":[[2329,2330]],"id":"feature_0983"},{"properties":{"sa2_code":"212011549","sa2_name":"Pakenham - North East","state":"Victoria"},"type":"Polygon","arcs":[[2331]],"id":"feature_0984"},{"properties":{"sa2_code":"212011550","sa2_name":"Pakenham - North West","state":"Victoria"},"type":"Polygon","arcs":[[2332]],"id":"feature_0985"},{"properties":{"sa2_code":"212011551","sa2_name":"Pakenham - South East","state":"Victoria"},"type":"Polygon","arcs":[[2333]],"id":"feature_0986"},{"properties":{"sa2_code":"212011552","sa2_name":"Pakenham - South West","state":"Victoria"},"type":"Polygon","arcs":[[2334]],"id":"feature_0987"},{"properties":{"sa2_code":"212021293","sa2_name":"Berwick - North","state":"Victoria"},"type":"Polygon","arcs":[[2335]],"id":"feature_0988"},{"properties":{"sa2_code":"212021295","sa2_name":"Doveton","state":"Victoria"},"type":"Polygon","arcs":[[2336]],"id":"feature_0989"},{"properties":{"sa2_code":"212021297","sa2_name":"Hallam","state":"Victoria"},"type":"Polygon","arcs":[[2337]],"id":"feature_0990"},{"properties":{"sa2_code":"212021299","sa2_name":"Narre Warren North","state":"Victoria"},"type":"Polygon","arcs":[[2338]],"id":"feature_0991"},{"properties":{"sa2_code":"212021453","sa2_name":"Endeavour Hills - North","state":"Victoria"},"type":"Polygon","arcs":[[2339]],"id":"feature_0992"},{"properties":{"sa2_code":"212021454","sa2_name":"Endeavour Hills - South","state":"Victoria"},"type":"Polygon","arcs":[[2340]],"id":"feature_0993"},{"properties":{"sa2_code":"212021455","sa2_name":"Narre Warren - North East","state":"Victoria"},"type":"Polygon","arcs":[[2341]],"id":"feature_0994"},{"properties":{"sa2_code":"212021456","sa2_name":"Narre Warren - South West","state":"Victoria"},"type":"Polygon","arcs":[[2342]],"id":"feature_0995"},{"properties":{"sa2_code":"212021553","sa2_name":"Berwick - South East","state":"Victoria"},"type":"Polygon","arcs":[[2343]],"id":"feature_0996"},{"properties":{"sa2_code":"212021554","sa2_name":"Berwick - South West","state":"Victoria"},"type":"Polygon","arcs":[[2344]],"id":"feature_0997"},{"properties":{"sa2_code":"212031300","sa2_name":"Cranbourne","state":"Victoria"},"type":"Polygon","arcs":[[2345]],"id":"feature_0998"},{"properties":{"sa2_code":"212031303","sa2_name":"Cranbourne South","state":"Victoria"},"type":"Polygon","arcs":[[2346]],"id":"feature_0999"},{"properties":{"sa2_code":"212031304","sa2_name":"Cranbourne West","state":"Victoria"},"type":"Polygon","arcs":[[2347]],"id":"feature_1000"},{"properties":{"sa2_code":"212031306","sa2_name":"Lynbrook - Lyndhurst","state":"Victoria"},"type":"Polygon","arcs":[[2348]],"id":"feature_1001"},{"properties":{"sa2_code":"212031308","sa2_name":"Pearcedale - Tooradin","state":"Victoria"},"type":"Polygon","arcs":[[2349]],"id":"feature_1002"},{"properties":{"sa2_code":"212031457","sa2_name":"Narre Warren South - East","state":"Victoria"},"type":"Polygon","arcs":[[2350]],"id":"feature_1003"},{"properties":{"sa2_code":"212031458","sa2_name":"Narre Warren South - West","state":"Victoria"},"type":"Polygon","arcs":[[2351]],"id":"feature_1004"},{"properties":{"sa2_code":"212031555","sa2_name":"Clyde North - North","state":"Victoria"},"type":"Polygon","arcs":[[2352]],"id":"feature_1005"},{"properties":{"sa2_code":"212031556","sa2_name":"Clyde North - South","state":"Victoria"},"type":"Polygon","arcs":[[2353]],"id":"feature_1006"},{"properties":{"sa2_code":"212031557","sa2_name":"Cranbourne East - North","state":"Victoria"},"type":"Polygon","arcs":[[2354,-2356]],"id":"feature_1007"},{"properties":{"sa2_code":"212031558","sa2_name":"Cranbourne East - South","state":"Victoria"},"type":"Polygon","arcs":[[2355,2356]],"id":"feature_1008"},{"properties":{"sa2_code":"212031559","sa2_name":"Cranbourne North - East","state":"Victoria"},"type":"Polygon","arcs":[[2357]],"id":"feature_1009"},{"properties":{"sa2_code":"212031560","sa2_name":"Cranbourne North - West","state":"Victoria"},"type":"Polygon","arcs":[[2358]],"id":"feature_1010"},{"properties":{"sa2_code":"212031561","sa2_name":"Hampton Park - East","state":"Victoria"},"type":"Polygon","arcs":[[2359]],"id":"feature_1011"},{"properties":{"sa2_code":"212031562","sa2_name":"Hampton Park - West","state":"Victoria"},"type":"Polygon","arcs":[[2360]],"id":"feature_1012"},{"properties":{"sa2_code":"212041309","sa2_name":"Clarinda - Oakleigh South","state":"Victoria"},"type":"Polygon","arcs":[[2361]],"id":"feature_1013"},{"properties":{"sa2_code":"212041310","sa2_name":"Clayton South","state":"Victoria"},"type":"Polygon","arcs":[[2362]],"id":"feature_1014"},{"properties":{"sa2_code":"212041312","sa2_name":"Dandenong North","state":"Victoria"},"type":"Polygon","arcs":[[2363]],"id":"feature_1015"},{"properties":{"sa2_code":"212041313","sa2_name":"Dingley Village","state":"Victoria"},"type":"Polygon","arcs":[[2364]],"id":"feature_1016"},{"properties":{"sa2_code":"212041316","sa2_name":"Noble Park North","state":"Victoria"},"type":"Polygon","arcs":[[2365]],"id":"feature_1017"},{"properties":{"sa2_code":"212041317","sa2_name":"Springvale","state":"Victoria"},"type":"Polygon","arcs":[[2366]],"id":"feature_1018"},{"properties":{"sa2_code":"212041318","sa2_name":"Springvale South","state":"Victoria"},"type":"Polygon","arcs":[[2367]],"id":"feature_1019"},{"properties":{"sa2_code":"212041459","sa2_name":"Noble Park - East","state":"Victoria"},"type":"Polygon","arcs":[[2368]],"id":"feature_1020"},{"properties":{"sa2_code":"212041460","sa2_name":"Noble Park - West","state":"Victoria"},"type":"Polygon","arcs":[[2369]],"id":"feature_1021"},{"properties":{"sa2_code":"212041563","sa2_name":"Dandenong - North","state":"Victoria"},"type":"Polygon","arcs":[[2370]],"id":"feature_1022"},{"properties":{"sa2_code":"212041564","sa2_name":"Dandenong - South","state":"Victoria"},"type":"Polygon","arcs":[[2371]],"id":"feature_1023"},{"properties":{"sa2_code":"212041565","sa2_name":"Keysborough - North","state":"Victoria"},"type":"Polygon","arcs":[[2372]],"id":"feature_1024"},{"properties":{"sa2_code":"212041566","sa2_name":"Keysborough - South","state":"Victoria"},"type":"Polygon","arcs":[[2373]],"id":"feature_1025"},{"properties":{"sa2_code":"212051319","sa2_name":"Ashwood - Chadstone","state":"Victoria"},"type":"Polygon","arcs":[[2374]],"id":"feature_1026"},{"properties":{"sa2_code":"212051321","sa2_name":"Glen Waverley - East","state":"Victoria"},"type":"Polygon","arcs":[[-2378,2375]],"id":"feature_1027"},{"properties":{"sa2_code":"212051322","sa2_name":"Glen Waverley - West","state":"Victoria"},"type":"Polygon","arcs":[[2376,2377]],"id":"feature_1028"},{"properties":{"sa2_code":"212051323","sa2_name":"Mount Waverley - North","state":"Victoria"},"type":"Polygon","arcs":[[2378]],"id":"feature_1029"},{"properties":{"sa2_code":"212051324","sa2_name":"Mount Waverley - South","state":"Victoria"},"type":"Polygon","arcs":[[2379]],"id":"feature_1030"},{"properties":{"sa2_code":"212051325","sa2_name":"Mulgrave","state":"Victoria"},"type":"Polygon","arcs":[[2380]],"id":"feature_1031"},{"properties":{"sa2_code":"212051326","sa2_name":"Oakleigh - Huntingdale","state":"Victoria"},"type":"Polygon","arcs":[[2381]],"id":"feature_1032"},{"properties":{"sa2_code":"212051327","sa2_name":"Wheelers Hill","state":"Victoria"},"type":"Polygon","arcs":[[2382]],"id":"feature_1033"},{"properties":{"sa2_code":"212051567","sa2_name":"Clayton (North) - Notting Hill","state":"Victoria"},"type":"Polygon","arcs":[[2383]],"id":"feature_1034"},{"properties":{"sa2_code":"212051568","sa2_name":"Clayton - Central","state":"Victoria"},"type":"Polygon","arcs":[[2384]],"id":"feature_1035"},{"properties":{"sa2_code":"213011328","sa2_name":"Ardeer - Albion","state":"Victoria"},"type":"Polygon","arcs":[[2385]],"id":"feature_1036"},{"properties":{"sa2_code":"213011329","sa2_name":"Cairnlea","state":"Victoria"},"type":"Polygon","arcs":[[2386]],"id":"feature_1037"},{"properties":{"sa2_code":"213011331","sa2_name":"Delahey","state":"Victoria"},"type":"Polygon","arcs":[[2387]],"id":"feature_1038"},{"properties":{"sa2_code":"213011332","sa2_name":"Keilor Downs","state":"Victoria"},"type":"Polygon","arcs":[[2388]],"id":"feature_1039"},{"properties":{"sa2_code":"213011333","sa2_name":"Kings Park (Vic.)","state":"Victoria"},"type":"Polygon","arcs":[[2389]],"id":"feature_1040"},{"properties":{"sa2_code":"213011334","sa2_name":"St Albans - North","state":"Victoria"},"type":"Polygon","arcs":[[2390]],"id":"feature_1041"},{"properties":{"sa2_code":"213011335","sa2_name":"St Albans - South","state":"Victoria"},"type":"Polygon","arcs":[[2391]],"id":"feature_1042"},{"properties":{"sa2_code":"213011336","sa2_name":"Sunshine","state":"Victoria"},"type":"Polygon","arcs":[[2392]],"id":"feature_1043"},{"properties":{"sa2_code":"213011337","sa2_name":"Sunshine North","state":"Victoria"},"type":"Polygon","arcs":[[2393]],"id":"feature_1044"},{"properties":{"sa2_code":"213011338","sa2_name":"Sunshine West","state":"Victoria"},"type":"Polygon","arcs":[[2394]],"id":"feature_1045"},{"properties":{"sa2_code":"213011339","sa2_name":"Sydenham","state":"Victoria"},"type":"Polygon","arcs":[[2395]],"id":"feature_1046"},{"properties":{"sa2_code":"213011340","sa2_name":"Taylors Lakes","state":"Victoria"},"type":"Polygon","arcs":[[2396]],"id":"feature_1047"},{"properties":{"sa2_code":"213011569","sa2_name":"Deer Park","state":"Victoria"},"type":"Polygon","arcs":[[2397]],"id":"feature_1048"},{"properties":{"sa2_code":"213011570","sa2_name":"Derrimut","state":"Victoria"},"type":"Polygon","arcs":[[2398]],"id":"feature_1049"},{"properties":{"sa2_code":"213021341","sa2_name":"Altona","state":"Victoria"},"type":"Polygon","arcs":[[2399]],"id":"feature_1050"},{"properties":{"sa2_code":"213021342","sa2_name":"Altona Meadows","state":"Victoria"},"type":"Polygon","arcs":[[2400]],"id":"feature_1051"},{"properties":{"sa2_code":"213021343","sa2_name":"Altona North","state":"Victoria"},"type":"Polygon","arcs":[[2401]],"id":"feature_1052"},{"properties":{"sa2_code":"213021344","sa2_name":"Newport","state":"Victoria"},"type":"Polygon","arcs":[[2402]],"id":"feature_1053"},{"properties":{"sa2_code":"213021345","sa2_name":"Seabrook","state":"Victoria"},"type":"Polygon","arcs":[[2403]],"id":"feature_1054"},{"properties":{"sa2_code":"213021346","sa2_name":"Williamstown","state":"Victoria"},"type":"Polygon","arcs":[[2404]],"id":"feature_1055"},{"properties":{"sa2_code":"213031347","sa2_name":"Braybrook","state":"Victoria"},"type":"Polygon","arcs":[[2405]],"id":"feature_1056"},{"properties":{"sa2_code":"213031348","sa2_name":"Footscray","state":"Victoria"},"type":"Polygon","arcs":[[2406]],"id":"feature_1057"},{"properties":{"sa2_code":"213031349","sa2_name":"Maribyrnong","state":"Victoria"},"type":"Polygon","arcs":[[2407]],"id":"feature_1058"},{"properties":{"sa2_code":"213031350","sa2_name":"Seddon - Kingsville","state":"Victoria"},"type":"Polygon","arcs":[[2408]],"id":"feature_1059"},{"properties":{"sa2_code":"213031351","sa2_name":"West Footscray - Tottenham","state":"Victoria"},"type":"Polygon","arcs":[[2409]],"id":"feature_1060"},{"properties":{"sa2_code":"213031352","sa2_name":"Yarraville","state":"Victoria"},"type":"Polygon","arcs":[[2410]],"id":"feature_1061"},{"properties":{"sa2_code":"213041353","sa2_name":"Bacchus Marsh","state":"Victoria"},"type":"Polygon","arcs":[[2411,2412]],"id":"feature_1062"},{"properties":{"sa2_code":"213041358","sa2_name":"Melton West","state":"Victoria"},"type":"Polygon","arcs":[[2413]],"id":"feature_1063"},{"properties":{"sa2_code":"213041359","sa2_name":"Rockbank - Mount Cottrell","state":"Victoria"},"type":"Polygon","arcs":[[2414,-2422]],"id":"feature_1064"},{"properties":{"sa2_code":"213041360","sa2_name":"Taylors Hill","state":"Victoria"},"type":"Polygon","arcs":[[2415]],"id":"feature_1065"},{"properties":{"sa2_code":"213041461","sa2_name":"Burnside","state":"Victoria"},"type":"Polygon","arcs":[[2416]],"id":"feature_1066"},{"properties":{"sa2_code":"213041462","sa2_name":"Burnside Heights","state":"Victoria"},"type":"Polygon","arcs":[[2417]],"id":"feature_1067"},{"properties":{"sa2_code":"213041463","sa2_name":"Caroline Springs","state":"Victoria"},"type":"Polygon","arcs":[[2418]],"id":"feature_1068"},{"properties":{"sa2_code":"213041571","sa2_name":"Brookfield","state":"Victoria"},"type":"Polygon","arcs":[[2419]],"id":"feature_1069"},{"properties":{"sa2_code":"213041572","sa2_name":"Cobblebank - Strathtulloh","state":"Victoria"},"type":"Polygon","arcs":[[-2428,2420,2421]],"id":"feature_1070"},{"properties":{"sa2_code":"213041573","sa2_name":"Eynesbury - Exford","state":"Victoria"},"type":"Polygon","arcs":[[2422]],"id":"feature_1071"},{"properties":{"sa2_code":"213041574","sa2_name":"Fraser Rise - Plumpton","state":"Victoria"},"type":"Polygon","arcs":[[2423]],"id":"feature_1072"},{"properties":{"sa2_code":"213041575","sa2_name":"Hillside","state":"Victoria"},"type":"Polygon","arcs":[[2424]],"id":"feature_1073"},{"properties":{"sa2_code":"213041576","sa2_name":"Kurunjang - Toolern Vale","state":"Victoria"},"type":"Polygon","arcs":[[2425]],"id":"feature_1074"},{"properties":{"sa2_code":"213041577","sa2_name":"Melton","state":"Victoria"},"type":"Polygon","arcs":[[2426]],"id":"feature_1075"},{"properties":{"sa2_code":"213041578","sa2_name":"Melton South - Weir Views","state":"Victoria"},"type":"Polygon","arcs":[[2427,2428]],"id":"feature_1076"},{"properties":{"sa2_code":"213051361","sa2_name":"Hoppers Crossing - North","state":"Victoria"},"type":"Polygon","arcs":[[2429]],"id":"feature_1077"},{"properties":{"sa2_code":"213051362","sa2_name":"Hoppers Crossing - South","state":"Victoria"},"type":"Polygon","arcs":[[2430]],"id":"feature_1078"},{"properties":{"sa2_code":"213051363","sa2_name":"Laverton","state":"Victoria"},"type":"Polygon","arcs":[[2431]],"id":"feature_1079"},{"properties":{"sa2_code":"213051368","sa2_name":"Werribee - South","state":"Victoria"},"type":"Polygon","arcs":[[2432]],"id":"feature_1080"},{"properties":{"sa2_code":"213051464","sa2_name":"Point Cook - East","state":"Victoria"},"type":"Polygon","arcs":[[2433]],"id":"feature_1081"},{"properties":{"sa2_code":"213051466","sa2_name":"Point Cook - South","state":"Victoria"},"type":"Polygon","arcs":[[2434]],"id":"feature_1082"},{"properties":{"sa2_code":"213051467","sa2_name":"Werribee - East","state":"Victoria"},"type":"Polygon","arcs":[[2435]],"id":"feature_1083"},{"properties":{"sa2_code":"213051468","sa2_name":"Werribee - West","state":"Victoria"},"type":"Polygon","arcs":[[2436]],"id":"feature_1084"},{"properties":{"sa2_code":"213051579","sa2_name":"Manor Lakes - Quandong","state":"Victoria"},"type":"Polygon","arcs":[[2437]],"id":"feature_1085"},{"properties":{"sa2_code":"213051580","sa2_name":"Point Cook - North East","state":"Victoria"},"type":"Polygon","arcs":[[2438]],"id":"feature_1086"},{"properties":{"sa2_code":"213051581","sa2_name":"Point Cook - North West","state":"Victoria"},"type":"Polygon","arcs":[[2439]],"id":"feature_1087"},{"properties":{"sa2_code":"213051582","sa2_name":"Tarneit (West) - Mount Cottrell","state":"Victoria"},"type":"Polygon","arcs":[[2440]],"id":"feature_1088"},{"properties":{"sa2_code":"213051583","sa2_name":"Tarneit - Central","state":"Victoria"},"type":"Polygon","arcs":[[2441]],"id":"feature_1089"},{"properties":{"sa2_code":"213051584","sa2_name":"Tarneit - North","state":"Victoria"},"type":"Polygon","arcs":[[2442]],"id":"feature_1090"},{"properties":{"sa2_code":"213051585","sa2_name":"Tarneit - South","state":"Victoria"},"type":"Polygon","arcs":[[2443]],"id":"feature_1091"},{"properties":{"sa2_code":"213051586","sa2_name":"Truganina - North","state":"Victoria"},"type":"Polygon","arcs":[[2444]],"id":"feature_1092"},{"properties":{"sa2_code":"213051587","sa2_name":"Truganina - South East","state":"Victoria"},"type":"Polygon","arcs":[[-2447,2445]],"id":"feature_1093"},{"properties":{"sa2_code":"213051588","sa2_name":"Truganina - South West","state":"Victoria"},"type":"Polygon","arcs":[[2446,2447]],"id":"feature_1094"},{"properties":{"sa2_code":"213051589","sa2_name":"Wyndham Vale - North","state":"Victoria"},"type":"Polygon","arcs":[[2448]],"id":"feature_1095"},{"properties":{"sa2_code":"213051590","sa2_name":"Wyndham Vale - South","state":"Victoria"},"type":"Polygon","arcs":[[2449]],"id":"feature_1096"},{"properties":{"sa2_code":"214011370","sa2_name":"Carrum Downs","state":"Victoria"},"type":"Polygon","arcs":[[2450]],"id":"feature_1097"},{"properties":{"sa2_code":"214011371","sa2_name":"Frankston","state":"Victoria"},"type":"Polygon","arcs":[[2451,-2454]],"id":"feature_1098"},{"properties":{"sa2_code":"214011372","sa2_name":"Frankston North","state":"Victoria"},"type":"Polygon","arcs":[[2452]],"id":"feature_1099"},{"properties":{"sa2_code":"214011373","sa2_name":"Frankston South","state":"Victoria"},"type":"Polygon","arcs":[[2453,2454]],"id":"feature_1100"},{"properties":{"sa2_code":"214011374","sa2_name":"Langwarrin","state":"Victoria"},"type":"Polygon","arcs":[[2455]],"id":"feature_1101"},{"properties":{"sa2_code":"214011375","sa2_name":"Seaford (Vic.)","state":"Victoria"},"type":"Polygon","arcs":[[2456]],"id":"feature_1102"},{"properties":{"sa2_code":"214011376","sa2_name":"Skye - Sandhurst","state":"Victoria"},"type":"Polygon","arcs":[[2457]],"id":"feature_1103"},{"properties":{"sa2_code":"214021377","sa2_name":"Dromana","state":"Victoria"},"type":"Polygon","arcs":[[-2474,2458]],"id":"feature_1104"},{"properties":{"sa2_code":"214021378","sa2_name":"Flinders","state":"Victoria"},"type":"MultiPolygon","arcs":[[[2459]],[[2460]],[[2461]],[[2462]],[[2463]],[[2464]],[[2465]],[[2466]],[[2467]],[[2468]],[[2469]],[[2470]],[[2471]],[[-2496,2472,2473,2474,-2479,2475,-2481,2476]]],"id":"feature_1105"},{"properties":{"sa2_code":"214021379","sa2_name":"Hastings - Somers","state":"Victoria"},"type":"MultiPolygon","arcs":[[[2477]],[[2478,2479,2480,2481]]],"id":"feature_1106"},{"properties":{"sa2_code":"214021381","sa2_name":"Mount Eliza","state":"Victoria"},"type":"Polygon","arcs":[[2482,-2498]],"id":"feature_1107"},{"properties":{"sa2_code":"214021382","sa2_name":"Mount Martha","state":"Victoria"},"type":"Polygon","arcs":[[2483]],"id":"feature_1108"},{"properties":{"sa2_code":"214021383","sa2_name":"Point Nepean","state":"Victoria"},"type":"MultiPolygon","arcs":[[[2484]],[[2485]],[[2486]],[[2487]],[[2488]],[[2489]],[[2490]],[[2491]],[[2492]],[[2493]]],"id":"feature_1109"},{"properties":{"sa2_code":"214021384","sa2_name":"Rosebud - McCrae","state":"Victoria"},"type":"Polygon","arcs":[[2494,2495]],"id":"feature_1110"},{"properties":{"sa2_code":"214021385","sa2_name":"Somerville","state":"Victoria"},"type":"Polygon","arcs":[[2496]],"id":"feature_1111"},{"properties":{"sa2_code":"214021591","sa2_name":"Mornington - East","state":"Victoria"},"type":"Polygon","arcs":[[2497,2498]],"id":"feature_1112"},{"properties":{"sa2_code":"214021592","sa2_name":"Mornington - West","state":"Victoria"},"type":"Polygon","arcs":[[2499]],"id":"feature_1113"},{"properties":{"sa2_code":"215011386","sa2_name":"Ararat","state":"Victoria"},"type":"Polygon","arcs":[[2500,-2504]],"id":"feature_1114"},{"properties":{"sa2_code":"215011387","sa2_name":"Ararat Surrounds","state":"Victoria"},"type":"Polygon","arcs":[[2501,-2538,2502,2503,2504,-2536,2505,2506,2507,2508,2509,-2746,2510,-2683]],"id":"feature_1115"},{"properties":{"sa2_code":"215011388","sa2_name":"Horsham","state":"Victoria"},"type":"Polygon","arcs":[[-2519]],"id":"feature_1116"},{"properties":{"sa2_code":"215011389","sa2_name":"Horsham Surrounds","state":"Victoria"},"type":"Polygon","arcs":[[2511,-2523,2512,-2554,2513,-2532,2514,-2530,2515,-2540,2516,-2681,2517,-2545],[2518]],"id":"feature_1117"},{"properties":{"sa2_code":"215011390","sa2_name":"Nhill Region","state":"Victoria"},"type":"Polygon","arcs":[[2519,-2564,2520,-2556,2521,2522,2523,-2543]],"id":"feature_1118"},{"properties":{"sa2_code":"215011391","sa2_name":"St Arnaud","state":"Victoria"},"type":"Polygon","arcs":[[2524,2525,2526,-2534,2527,-2551,2528,-2582]],"id":"feature_1119"},{"properties":{"sa2_code":"215011392","sa2_name":"Stawell","state":"Victoria"},"type":"Polygon","arcs":[[2529,2530,2531,2532,2533,2534,2535,2536,2537,2538,2539,2540]],"id":"feature_1120"},{"properties":{"sa2_code":"215011393","sa2_name":"West Wimmera","state":"Victoria"},"type":"Polygon","arcs":[[2541,2542,2543,2544,2545,-2679,2546,-2671]],"id":"feature_1121"},{"properties":{"sa2_code":"215011394","sa2_name":"Yarriambiack","state":"Victoria"},"type":"Polygon","arcs":[[2547,-2562,2548,-2584,2549,2550,2551,2552,2553,2554,2555]],"id":"feature_1122"},{"properties":{"sa2_code":"215021395","sa2_name":"Irymple","state":"Victoria"},"type":"Polygon","arcs":[[2556]],"id":"feature_1123"},{"properties":{"sa2_code":"215021396","sa2_name":"Merbein","state":"Victoria"},"type":"Polygon","arcs":[[2557]],"id":"feature_1124"},{"properties":{"sa2_code":"215021398","sa2_name":"Mildura Surrounds","state":"Victoria"},"type":"Polygon","arcs":[[2558,2559,-2619,2560,2561,2562,2563,2564,2565,2566,2567,2568,-2574,2569]],"id":"feature_1125"},{"properties":{"sa2_code":"215021399","sa2_name":"Red Cliffs","state":"Victoria"},"type":"Polygon","arcs":[[2570,2571,2572,2573]],"id":"feature_1126"},{"properties":{"sa2_code":"215021469","sa2_name":"Mildura - North","state":"Victoria"},"type":"Polygon","arcs":[[2574]],"id":"feature_1127"},{"properties":{"sa2_code":"215021470","sa2_name":"Mildura - South","state":"Victoria"},"type":"Polygon","arcs":[[2575]],"id":"feature_1128"},{"properties":{"sa2_code":"215031400","sa2_name":"Buloke","state":"Victoria"},"type":"Polygon","arcs":[[2576,-2617,2577,-2592,2578,2579,2580,2581,2582,2583]],"id":"feature_1129"},{"properties":{"sa2_code":"215031401","sa2_name":"Gannawarra","state":"Victoria"},"type":"Polygon","arcs":[[-2613,2584,2585,2586,2587,2588,2589,2590,2591,2592,-2615,2593],[-2597,2594]],"id":"feature_1130"},{"properties":{"sa2_code":"215031402","sa2_name":"Kerang","state":"Victoria"},"type":"Polygon","arcs":[[2595,2596]],"id":"feature_1131"},{"properties":{"sa2_code":"215031403","sa2_name":"Robinvale","state":"Victoria"},"type":"Polygon","arcs":[[2597,2598,-2603,2599]],"id":"feature_1132"},{"properties":{"sa2_code":"215031404","sa2_name":"Swan Hill","state":"Victoria"},"type":"Polygon","arcs":[[2600,-2611]],"id":"feature_1133"},{"properties":{"sa2_code":"215031405","sa2_name":"Swan Hill Surrounds","state":"Victoria"},"type":"Polygon","arcs":[[2601,2602,2603,2604,2605,2606,2607,2608,2609,2610,2611,2612,2613,2614,2615,2616,2617,2618]],"id":"feature_1134"},{"properties":{"sa2_code":"216011406","sa2_name":"Echuca","state":"Victoria"},"type":"Polygon","arcs":[[2619,-2625]],"id":"feature_1135"},{"properties":{"sa2_code":"216011407","sa2_name":"Kyabram","state":"Victoria"},"type":"Polygon","arcs":[[-2651,2620,-2635,2621]],"id":"feature_1136"},{"properties":{"sa2_code":"216011408","sa2_name":"Lockington - Gunbower","state":"Victoria"},"type":"Polygon","arcs":[[2622,2623,2624,2625,-2630,2626,2627,2628]],"id":"feature_1137"},{"properties":{"sa2_code":"216011409","sa2_name":"Rochester","state":"Victoria"},"type":"Polygon","arcs":[[2629,2630,-2633,2631]],"id":"feature_1138"},{"properties":{"sa2_code":"216011410","sa2_name":"Rushworth","state":"Victoria"},"type":"Polygon","arcs":[[2632,2633,2634,2635,-2667,2636,2637,2638,2639,2640]],"id":"feature_1139"},{"properties":{"sa2_code":"216021411","sa2_name":"Cobram","state":"Victoria"},"type":"Polygon","arcs":[[2641]],"id":"feature_1140"},{"properties":{"sa2_code":"216021412","sa2_name":"Moira","state":"Victoria"},"type":"Polygon","arcs":[[2642,2643,2644,-2658,-2648,2645,-2653,2646]],"id":"feature_1141"},{"properties":{"sa2_code":"216021413","sa2_name":"Numurkah","state":"Victoria"},"type":"Polygon","arcs":[[2647,-2657,2648,-2663,2649,2650,2651]],"id":"feature_1142"},{"properties":{"sa2_code":"216021414","sa2_name":"Yarrawonga","state":"Victoria"},"type":"Polygon","arcs":[[2652,2653]],"id":"feature_1143"},{"properties":{"sa2_code":"216031415","sa2_name":"Mooroopna","state":"Victoria"},"type":"Polygon","arcs":[[2654]],"id":"feature_1144"},{"properties":{"sa2_code":"216031416","sa2_name":"Shepparton - North","state":"Victoria"},"type":"Polygon","arcs":[[2655]],"id":"feature_1145"},{"properties":{"sa2_code":"216031418","sa2_name":"Shepparton Surrounds - East","state":"Victoria"},"type":"Polygon","arcs":[[2656,2657,2658,2659,2660,2661]],"id":"feature_1146"},{"properties":{"sa2_code":"216031419","sa2_name":"Shepparton Surrounds - West","state":"Victoria"},"type":"Polygon","arcs":[[2662,2663,2664,2665,2666,2667]],"id":"feature_1147"},{"properties":{"sa2_code":"216031593","sa2_name":"Kialla","state":"Victoria"},"type":"Polygon","arcs":[[2668]],"id":"feature_1148"},{"properties":{"sa2_code":"216031594","sa2_name":"Shepparton - South East","state":"Victoria"},"type":"Polygon","arcs":[[2669]],"id":"feature_1149"},{"properties":{"sa2_code":"217011420","sa2_name":"Glenelg (Vic.)","state":"Victoria"},"type":"Polygon","arcs":[[2670,2671,-2691,2672,-2689,2673,-2687,2674,-2755,2675]],"id":"feature_1150"},{"properties":{"sa2_code":"217011421","sa2_name":"Hamilton (Vic.)","state":"Victoria"},"type":"Polygon","arcs":[[-2694,2676]],"id":"feature_1151"},{"properties":{"sa2_code":"217011422","sa2_name":"Portland","state":"Victoria"},"type":"Polygon","arcs":[[2677]],"id":"feature_1152"},{"properties":{"sa2_code":"217011423","sa2_name":"Southern Grampians","state":"Victoria"},"type":"Polygon","arcs":[[2678,2679,2680,2681,2682,2683,-2744,2684,-2757,2685,2686,2687,2688,2689,2690,2691],[2692,2693]],"id":"feature_1153"},{"properties":{"sa2_code":"217031471","sa2_name":"Camperdown","state":"Victoria"},"type":"Polygon","arcs":[[-2710,2694]],"id":"feature_1154"},{"properties":{"sa2_code":"217031472","sa2_name":"Colac","state":"Victoria"},"type":"Polygon","arcs":[[-2704,2695]],"id":"feature_1155"},{"properties":{"sa2_code":"217031473","sa2_name":"Colac Surrounds","state":"Victoria"},"type":"Polygon","arcs":[[2696,2697,2698,-2741,2699,-2739,2700,-2733,2701,-2708],[2702,2703]],"id":"feature_1156"},{"properties":{"sa2_code":"217031474","sa2_name":"Corangamite - North","state":"Victoria"},"type":"Polygon","arcs":[[-2748,2704,2705,2706,2707,2708,2709,2710,-2750,2711]],"id":"feature_1157"},{"properties":{"sa2_code":"217031475","sa2_name":"Corangamite - South","state":"Victoria"},"type":"MultiPolygon","arcs":[[[2712]],[[2713]],[[2714]],[[2715]],[[2716]],[[2717]],[[2718]],[[2719]],[[2720]],[[2721]],[[2722]],[[2723]],[[2724]],[[2725]],[[2726]],[[2727]],[[2728]],[[2729]],[[2730]],[[2731]],[[2732,2733,-2737,2734]]],"id":"feature_1158"},{"properties":{"sa2_code":"217031476","sa2_name":"Otway","state":"Victoria"},"type":"MultiPolygon","arcs":[[[2735]],[[2736,2737,2738,2739,2740,2741]]],"id":"feature_1159"},{"properties":{"sa2_code":"217041477","sa2_name":"Moyne - East","state":"Victoria"},"type":"Polygon","arcs":[[2742,2743,2744,2745,2746,2747,2748,2749,2750,-2765,2751,-2761,2752,-2759]],"id":"feature_1160"},{"properties":{"sa2_code":"217041478","sa2_name":"Moyne - West","state":"Victoria"},"type":"MultiPolygon","arcs":[[[2753]],[[2754,2755,2756,2757,2758,2759,2760,2761]]],"id":"feature_1161"},{"properties":{"sa2_code":"217041479","sa2_name":"Warrnambool - North","state":"Victoria"},"type":"Polygon","arcs":[[2762]],"id":"feature_1162"},{"properties":{"sa2_code":"217041480","sa2_name":"Warrnambool - South","state":"Victoria"},"type":"Polygon","arcs":[[2763,2764]],"id":"feature_1163"},{"properties":{"sa2_code":"301011001","sa2_name":"Alexandra Hills","state":"Queensland"},"type":"Polygon","arcs":[[2765]],"id":"feature_1164"},{"properties":{"sa2_code":"301011002","sa2_name":"Belmont - Gumdale","state":"Queensland"},"type":"Polygon","arcs":[[2766]],"id":"feature_1165"},{"properties":{"sa2_code":"301011003","sa2_name":"Birkdale","state":"Queensland"},"type":"Polygon","arcs":[[2767]],"id":"feature_1166"},{"properties":{"sa2_code":"301011004","sa2_name":"Capalaba","state":"Queensland"},"type":"Polygon","arcs":[[2768]],"id":"feature_1167"},{"properties":{"sa2_code":"301011005","sa2_name":"Thorneside","state":"Queensland"},"type":"Polygon","arcs":[[2769]],"id":"feature_1168"},{"properties":{"sa2_code":"301011006","sa2_name":"Wellington Point","state":"Queensland"},"type":"Polygon","arcs":[[2770]],"id":"feature_1169"},{"properties":{"sa2_code":"301021007","sa2_name":"Cleveland","state":"Queensland"},"type":"MultiPolygon","arcs":[[[2771]],[[2772]]],"id":"feature_1170"},{"properties":{"sa2_code":"301021008","sa2_name":"Ormiston","state":"Queensland"},"type":"Polygon","arcs":[[2773]],"id":"feature_1171"},{"properties":{"sa2_code":"301021009","sa2_name":"Redland Bay","state":"Queensland"},"type":"Polygon","arcs":[[2774]],"id":"feature_1172"},{"properties":{"sa2_code":"301021011","sa2_name":"Sheldon - Mount Cotton","state":"Queensland"},"type":"Polygon","arcs":[[2775]],"id":"feature_1173"},{"properties":{"sa2_code":"301021012","sa2_name":"Thornlands","state":"Queensland"},"type":"Polygon","arcs":[[2776]],"id":"feature_1174"},{"properties":{"sa2_code":"301021013","sa2_name":"Victoria Point","state":"Queensland"},"type":"Polygon","arcs":[[2777]],"id":"feature_1175"},{"properties":{"sa2_code":"301021550","sa2_name":"North Stradbroke Island","state":"Queensland"},"type":"MultiPolygon","arcs":[[[2778]],[[2779]],[[2780]]],"id":"feature_1176"},{"properties":{"sa2_code":"301021551","sa2_name":"Southern Moreton Bay Islands","state":"Queensland"},"type":"MultiPolygon","arcs":[[[2781]],[[2782]],[[2783]],[[2784]],[[2785]],[[2786]],[[2787]],[[2788]],[[2789]],[[2790]],[[2791]],[[2792]]],"id":"feature_1177"},{"properties":{"sa2_code":"301031014","sa2_name":"Brisbane Port - Lytton","state":"Queensland"},"type":"MultiPolygon","arcs":[[[2793]],[[2794]],[[2795]],[[2796]],[[2797]]],"id":"feature_1178"},{"properties":{"sa2_code":"301031015","sa2_name":"Manly - Lota","state":"Queensland"},"type":"Polygon","arcs":[[2798]],"id":"feature_1179"},{"properties":{"sa2_code":"301031016","sa2_name":"Manly West","state":"Queensland"},"type":"Polygon","arcs":[[2799]],"id":"feature_1180"},{"properties":{"sa2_code":"301031017","sa2_name":"Murarrie","state":"Queensland"},"type":"Polygon","arcs":[[2800]],"id":"feature_1181"},{"properties":{"sa2_code":"301031018","sa2_name":"Tingalpa","state":"Queensland"},"type":"Polygon","arcs":[[2801]],"id":"feature_1182"},{"properties":{"sa2_code":"301031019","sa2_name":"Wakerley","state":"Queensland"},"type":"Polygon","arcs":[[2802]],"id":"feature_1183"},{"properties":{"sa2_code":"301031020","sa2_name":"Wynnum","state":"Queensland"},"type":"Polygon","arcs":[[2803]],"id":"feature_1184"},{"properties":{"sa2_code":"301031021","sa2_name":"Wynnum West - Hemmant","state":"Queensland"},"type":"Polygon","arcs":[[2804]],"id":"feature_1185"},{"properties":{"sa2_code":"302011022","sa2_name":"Bald Hills","state":"Queensland"},"type":"Polygon","arcs":[[2805]],"id":"feature_1186"},{"properties":{"sa2_code":"302011023","sa2_name":"Bridgeman Downs","state":"Queensland"},"type":"Polygon","arcs":[[2806]],"id":"feature_1187"},{"properties":{"sa2_code":"302011024","sa2_name":"Carseldine","state":"Queensland"},"type":"Polygon","arcs":[[2807]],"id":"feature_1188"},{"properties":{"sa2_code":"302011025","sa2_name":"Everton Park","state":"Queensland"},"type":"Polygon","arcs":[[2808]],"id":"feature_1189"},{"properties":{"sa2_code":"302011026","sa2_name":"McDowall","state":"Queensland"},"type":"Polygon","arcs":[[2809]],"id":"feature_1190"},{"properties":{"sa2_code":"302021027","sa2_name":"Aspley","state":"Queensland"},"type":"Polygon","arcs":[[2810]],"id":"feature_1191"},{"properties":{"sa2_code":"302021028","sa2_name":"Chermside","state":"Queensland"},"type":"Polygon","arcs":[[2811]],"id":"feature_1192"},{"properties":{"sa2_code":"302021029","sa2_name":"Chermside West","state":"Queensland"},"type":"Polygon","arcs":[[2812]],"id":"feature_1193"},{"properties":{"sa2_code":"302021030","sa2_name":"Geebung","state":"Queensland"},"type":"Polygon","arcs":[[2813]],"id":"feature_1194"},{"properties":{"sa2_code":"302021031","sa2_name":"Kedron - Gordon Park","state":"Queensland"},"type":"Polygon","arcs":[[2814]],"id":"feature_1195"},{"properties":{"sa2_code":"302021032","sa2_name":"Stafford","state":"Queensland"},"type":"Polygon","arcs":[[2815]],"id":"feature_1196"},{"properties":{"sa2_code":"302021033","sa2_name":"Stafford Heights","state":"Queensland"},"type":"Polygon","arcs":[[2816]],"id":"feature_1197"},{"properties":{"sa2_code":"302021034","sa2_name":"Wavell Heights","state":"Queensland"},"type":"Polygon","arcs":[[2817]],"id":"feature_1198"},{"properties":{"sa2_code":"302031035","sa2_name":"Boondall","state":"Queensland"},"type":"Polygon","arcs":[[2818]],"id":"feature_1199"},{"properties":{"sa2_code":"302031036","sa2_name":"Brisbane Airport","state":"Queensland"},"type":"Polygon","arcs":[[2819]],"id":"feature_1200"},{"properties":{"sa2_code":"302031037","sa2_name":"Eagle Farm - Pinkenba","state":"Queensland"},"type":"Polygon","arcs":[[2820]],"id":"feature_1201"},{"properties":{"sa2_code":"302031038","sa2_name":"Northgate - Virginia","state":"Queensland"},"type":"Polygon","arcs":[[2821]],"id":"feature_1202"},{"properties":{"sa2_code":"302031039","sa2_name":"Nudgee - Banyo","state":"Queensland"},"type":"Polygon","arcs":[[2822]],"id":"feature_1203"},{"properties":{"sa2_code":"302031040","sa2_name":"Nundah","state":"Queensland"},"type":"Polygon","arcs":[[2823]],"id":"feature_1204"},{"properties":{"sa2_code":"302041041","sa2_name":"Bracken Ridge","state":"Queensland"},"type":"Polygon","arcs":[[2824]],"id":"feature_1205"},{"properties":{"sa2_code":"302041042","sa2_name":"Brighton (Qld)","state":"Queensland"},"type":"Polygon","arcs":[[2825]],"id":"feature_1206"},{"properties":{"sa2_code":"302041043","sa2_name":"Deagon","state":"Queensland"},"type":"Polygon","arcs":[[2826]],"id":"feature_1207"},{"properties":{"sa2_code":"302041044","sa2_name":"Sandgate - Shorncliffe","state":"Queensland"},"type":"Polygon","arcs":[[2827]],"id":"feature_1208"},{"properties":{"sa2_code":"302041045","sa2_name":"Taigum - Fitzgibbon","state":"Queensland"},"type":"Polygon","arcs":[[2828]],"id":"feature_1209"},{"properties":{"sa2_code":"302041046","sa2_name":"Zillmere","state":"Queensland"},"type":"Polygon","arcs":[[2829]],"id":"feature_1210"},{"properties":{"sa2_code":"303011047","sa2_name":"Camp Hill","state":"Queensland"},"type":"Polygon","arcs":[[2830]],"id":"feature_1211"},{"properties":{"sa2_code":"303011048","sa2_name":"Cannon Hill","state":"Queensland"},"type":"Polygon","arcs":[[2831]],"id":"feature_1212"},{"properties":{"sa2_code":"303011049","sa2_name":"Carina","state":"Queensland"},"type":"Polygon","arcs":[[2832]],"id":"feature_1213"},{"properties":{"sa2_code":"303011050","sa2_name":"Carina Heights","state":"Queensland"},"type":"Polygon","arcs":[[2833]],"id":"feature_1214"},{"properties":{"sa2_code":"303011051","sa2_name":"Carindale","state":"Queensland"},"type":"Polygon","arcs":[[2834]],"id":"feature_1215"},{"properties":{"sa2_code":"303021052","sa2_name":"Annerley","state":"Queensland"},"type":"Polygon","arcs":[[2835]],"id":"feature_1216"},{"properties":{"sa2_code":"303021053","sa2_name":"Coorparoo","state":"Queensland"},"type":"Polygon","arcs":[[2836]],"id":"feature_1217"},{"properties":{"sa2_code":"303021054","sa2_name":"Fairfield - Dutton Park","state":"Queensland"},"type":"Polygon","arcs":[[2837]],"id":"feature_1218"},{"properties":{"sa2_code":"303021055","sa2_name":"Greenslopes","state":"Queensland"},"type":"Polygon","arcs":[[2838]],"id":"feature_1219"},{"properties":{"sa2_code":"303021056","sa2_name":"Holland Park","state":"Queensland"},"type":"Polygon","arcs":[[2839]],"id":"feature_1220"},{"properties":{"sa2_code":"303021057","sa2_name":"Holland Park West","state":"Queensland"},"type":"Polygon","arcs":[[2840]],"id":"feature_1221"},{"properties":{"sa2_code":"303021058","sa2_name":"Woolloongabba","state":"Queensland"},"type":"Polygon","arcs":[[2841]],"id":"feature_1222"},{"properties":{"sa2_code":"303021059","sa2_name":"Yeronga","state":"Queensland"},"type":"Polygon","arcs":[[2842]],"id":"feature_1223"},{"properties":{"sa2_code":"303031060","sa2_name":"Eight Mile Plains","state":"Queensland"},"type":"Polygon","arcs":[[2843]],"id":"feature_1224"},{"properties":{"sa2_code":"303031061","sa2_name":"Macgregor (Qld)","state":"Queensland"},"type":"Polygon","arcs":[[2844]],"id":"feature_1225"},{"properties":{"sa2_code":"303031062","sa2_name":"Mansfield (Qld)","state":"Queensland"},"type":"Polygon","arcs":[[2845]],"id":"feature_1226"},{"properties":{"sa2_code":"303031063","sa2_name":"Mount Gravatt","state":"Queensland"},"type":"Polygon","arcs":[[2846]],"id":"feature_1227"},{"properties":{"sa2_code":"303031064","sa2_name":"Rochedale - Burbank","state":"Queensland"},"type":"Polygon","arcs":[[2847]],"id":"feature_1228"},{"properties":{"sa2_code":"303031065","sa2_name":"Upper Mount Gravatt","state":"Queensland"},"type":"Polygon","arcs":[[2848]],"id":"feature_1229"},{"properties":{"sa2_code":"303031066","sa2_name":"Wishart","state":"Queensland"},"type":"Polygon","arcs":[[2849]],"id":"feature_1230"},{"properties":{"sa2_code":"303041067","sa2_name":"Coopers Plains","state":"Queensland"},"type":"Polygon","arcs":[[2850]],"id":"feature_1231"},{"properties":{"sa2_code":"303041068","sa2_name":"Moorooka","state":"Queensland"},"type":"Polygon","arcs":[[2851]],"id":"feature_1232"},{"properties":{"sa2_code":"303041069","sa2_name":"Robertson","state":"Queensland"},"type":"Polygon","arcs":[[2852]],"id":"feature_1233"},{"properties":{"sa2_code":"303041070","sa2_name":"Salisbury - Nathan","state":"Queensland"},"type":"Polygon","arcs":[[2853]],"id":"feature_1234"},{"properties":{"sa2_code":"303041071","sa2_name":"Tarragindi","state":"Queensland"},"type":"Polygon","arcs":[[2854]],"id":"feature_1235"},{"properties":{"sa2_code":"303051072","sa2_name":"Algester","state":"Queensland"},"type":"Polygon","arcs":[[2855]],"id":"feature_1236"},{"properties":{"sa2_code":"303051073","sa2_name":"Calamvale - Stretton","state":"Queensland"},"type":"Polygon","arcs":[[2856]],"id":"feature_1237"},{"properties":{"sa2_code":"303051074","sa2_name":"Pallara - Willawong","state":"Queensland"},"type":"Polygon","arcs":[[2857]],"id":"feature_1238"},{"properties":{"sa2_code":"303051075","sa2_name":"Parkinson - Drewvale","state":"Queensland"},"type":"Polygon","arcs":[[2858]],"id":"feature_1239"},{"properties":{"sa2_code":"303051076","sa2_name":"Rocklea - Acacia Ridge","state":"Queensland"},"type":"Polygon","arcs":[[2859]],"id":"feature_1240"},{"properties":{"sa2_code":"303061077","sa2_name":"Kuraby","state":"Queensland"},"type":"Polygon","arcs":[[2860]],"id":"feature_1241"},{"properties":{"sa2_code":"303061078","sa2_name":"Runcorn","state":"Queensland"},"type":"Polygon","arcs":[[2861]],"id":"feature_1242"},{"properties":{"sa2_code":"303061079","sa2_name":"Sunnybank","state":"Queensland"},"type":"Polygon","arcs":[[2862]],"id":"feature_1243"},{"properties":{"sa2_code":"303061080","sa2_name":"Sunnybank Hills","state":"Queensland"},"type":"Polygon","arcs":[[2863]],"id":"feature_1244"},{"properties":{"sa2_code":"304011081","sa2_name":"Jindalee - Mount Ommaney","state":"Queensland"},"type":"Polygon","arcs":[[2864]],"id":"feature_1245"},{"properties":{"sa2_code":"304011082","sa2_name":"Middle Park - Jamboree Heights","state":"Queensland"},"type":"Polygon","arcs":[[2865]],"id":"feature_1246"},{"properties":{"sa2_code":"304011083","sa2_name":"Riverhills","state":"Queensland"},"type":"Polygon","arcs":[[2866]],"id":"feature_1247"},{"properties":{"sa2_code":"304011084","sa2_name":"Seventeen Mile Rocks - Sinnamon Park","state":"Queensland"},"type":"Polygon","arcs":[[2867]],"id":"feature_1248"},{"properties":{"sa2_code":"304011085","sa2_name":"Westlake","state":"Queensland"},"type":"Polygon","arcs":[[2868]],"id":"feature_1249"},{"properties":{"sa2_code":"304021086","sa2_name":"Bellbowrie - Moggill","state":"Queensland"},"type":"Polygon","arcs":[[2869]],"id":"feature_1250"},{"properties":{"sa2_code":"304021087","sa2_name":"Brookfield - Kenmore Hills","state":"Queensland"},"type":"Polygon","arcs":[[2870]],"id":"feature_1251"},{"properties":{"sa2_code":"304021088","sa2_name":"Chapel Hill","state":"Queensland"},"type":"Polygon","arcs":[[2871]],"id":"feature_1252"},{"properties":{"sa2_code":"304021089","sa2_name":"Fig Tree Pocket","state":"Queensland"},"type":"Polygon","arcs":[[2872]],"id":"feature_1253"},{"properties":{"sa2_code":"304021090","sa2_name":"Kenmore","state":"Queensland"},"type":"Polygon","arcs":[[2873]],"id":"feature_1254"},{"properties":{"sa2_code":"304021091","sa2_name":"Pinjarra Hills - Pullenvale","state":"Queensland"},"type":"Polygon","arcs":[[2874]],"id":"feature_1255"},{"properties":{"sa2_code":"304031092","sa2_name":"Chelmer - Graceville","state":"Queensland"},"type":"Polygon","arcs":[[2875]],"id":"feature_1256"},{"properties":{"sa2_code":"304031093","sa2_name":"Corinda","state":"Queensland"},"type":"Polygon","arcs":[[2876]],"id":"feature_1257"},{"properties":{"sa2_code":"304031094","sa2_name":"Indooroopilly","state":"Queensland"},"type":"Polygon","arcs":[[2877]],"id":"feature_1258"},{"properties":{"sa2_code":"304031095","sa2_name":"Sherwood","state":"Queensland"},"type":"Polygon","arcs":[[2878]],"id":"feature_1259"},{"properties":{"sa2_code":"304031096","sa2_name":"St Lucia","state":"Queensland"},"type":"Polygon","arcs":[[2879]],"id":"feature_1260"},{"properties":{"sa2_code":"304031097","sa2_name":"Taringa","state":"Queensland"},"type":"Polygon","arcs":[[2880]],"id":"feature_1261"},{"properties":{"sa2_code":"304041098","sa2_name":"Enoggera","state":"Queensland"},"type":"Polygon","arcs":[[2881]],"id":"feature_1262"},{"properties":{"sa2_code":"304041099","sa2_name":"Enoggera Reservoir","state":"Queensland"},"type":"Polygon","arcs":[[2882]],"id":"feature_1263"},{"properties":{"sa2_code":"304041100","sa2_name":"Keperra","state":"Queensland"},"type":"Polygon","arcs":[[2883]],"id":"feature_1264"},{"properties":{"sa2_code":"304041101","sa2_name":"Mitchelton","state":"Queensland"},"type":"Polygon","arcs":[[2884]],"id":"feature_1265"},{"properties":{"sa2_code":"304041102","sa2_name":"Mount Coot-tha","state":"Queensland"},"type":"Polygon","arcs":[[2885]],"id":"feature_1266"},{"properties":{"sa2_code":"304041103","sa2_name":"The Gap","state":"Queensland"},"type":"Polygon","arcs":[[2886]],"id":"feature_1267"},{"properties":{"sa2_code":"304041104","sa2_name":"Upper Kedron - Ferny Grove","state":"Queensland"},"type":"Polygon","arcs":[[2887]],"id":"feature_1268"},{"properties":{"sa2_code":"305011105","sa2_name":"Brisbane City","state":"Queensland"},"type":"Polygon","arcs":[[2888]],"id":"feature_1269"},{"properties":{"sa2_code":"305011106","sa2_name":"Fortitude Valley","state":"Queensland"},"type":"Polygon","arcs":[[2889]],"id":"feature_1270"},{"properties":{"sa2_code":"305011107","sa2_name":"Highgate Hill","state":"Queensland"},"type":"Polygon","arcs":[[2890]],"id":"feature_1271"},{"properties":{"sa2_code":"305011108","sa2_name":"Kangaroo Point","state":"Queensland"},"type":"Polygon","arcs":[[2891]],"id":"feature_1272"},{"properties":{"sa2_code":"305011109","sa2_name":"New Farm","state":"Queensland"},"type":"Polygon","arcs":[[2892]],"id":"feature_1273"},{"properties":{"sa2_code":"305011110","sa2_name":"South Brisbane","state":"Queensland"},"type":"Polygon","arcs":[[2893]],"id":"feature_1274"},{"properties":{"sa2_code":"305011111","sa2_name":"Spring Hill","state":"Queensland"},"type":"Polygon","arcs":[[2894]],"id":"feature_1275"},{"properties":{"sa2_code":"305011112","sa2_name":"West End","state":"Queensland"},"type":"Polygon","arcs":[[2895]],"id":"feature_1276"},{"properties":{"sa2_code":"305021113","sa2_name":"Balmoral","state":"Queensland"},"type":"Polygon","arcs":[[2896]],"id":"feature_1277"},{"properties":{"sa2_code":"305021114","sa2_name":"Bulimba","state":"Queensland"},"type":"Polygon","arcs":[[2897]],"id":"feature_1278"},{"properties":{"sa2_code":"305021115","sa2_name":"East Brisbane","state":"Queensland"},"type":"Polygon","arcs":[[2898]],"id":"feature_1279"},{"properties":{"sa2_code":"305021116","sa2_name":"Hawthorne","state":"Queensland"},"type":"Polygon","arcs":[[2899]],"id":"feature_1280"},{"properties":{"sa2_code":"305021117","sa2_name":"Morningside - Seven Hills","state":"Queensland"},"type":"Polygon","arcs":[[2900]],"id":"feature_1281"},{"properties":{"sa2_code":"305021118","sa2_name":"Norman Park","state":"Queensland"},"type":"Polygon","arcs":[[2901]],"id":"feature_1282"},{"properties":{"sa2_code":"305031119","sa2_name":"Albion","state":"Queensland"},"type":"Polygon","arcs":[[2902]],"id":"feature_1283"},{"properties":{"sa2_code":"305031120","sa2_name":"Alderley","state":"Queensland"},"type":"Polygon","arcs":[[2903]],"id":"feature_1284"},{"properties":{"sa2_code":"305031121","sa2_name":"Ascot","state":"Queensland"},"type":"Polygon","arcs":[[2904]],"id":"feature_1285"},{"properties":{"sa2_code":"305031122","sa2_name":"Clayfield","state":"Queensland"},"type":"Polygon","arcs":[[2905]],"id":"feature_1286"},{"properties":{"sa2_code":"305031123","sa2_name":"Grange","state":"Queensland"},"type":"Polygon","arcs":[[2906]],"id":"feature_1287"},{"properties":{"sa2_code":"305031124","sa2_name":"Hamilton (Qld)","state":"Queensland"},"type":"Polygon","arcs":[[2907]],"id":"feature_1288"},{"properties":{"sa2_code":"305031125","sa2_name":"Hendra","state":"Queensland"},"type":"Polygon","arcs":[[2908]],"id":"feature_1289"},{"properties":{"sa2_code":"305031126","sa2_name":"Kelvin Grove - Herston","state":"Queensland"},"type":"Polygon","arcs":[[2909]],"id":"feature_1290"},{"properties":{"sa2_code":"305031127","sa2_name":"Newmarket","state":"Queensland"},"type":"Polygon","arcs":[[2910]],"id":"feature_1291"},{"properties":{"sa2_code":"305031128","sa2_name":"Newstead - Bowen Hills","state":"Queensland"},"type":"Polygon","arcs":[[2911]],"id":"feature_1292"},{"properties":{"sa2_code":"305031129","sa2_name":"Wilston","state":"Queensland"},"type":"Polygon","arcs":[[2912]],"id":"feature_1293"},{"properties":{"sa2_code":"305031130","sa2_name":"Windsor","state":"Queensland"},"type":"Polygon","arcs":[[2913]],"id":"feature_1294"},{"properties":{"sa2_code":"305031131","sa2_name":"Wooloowin - Lutwyche","state":"Queensland"},"type":"Polygon","arcs":[[2914]],"id":"feature_1295"},{"properties":{"sa2_code":"305041132","sa2_name":"Ashgrove","state":"Queensland"},"type":"Polygon","arcs":[[2915]],"id":"feature_1296"},{"properties":{"sa2_code":"305041133","sa2_name":"Auchenflower","state":"Queensland"},"type":"Polygon","arcs":[[2916]],"id":"feature_1297"},{"properties":{"sa2_code":"305041134","sa2_name":"Bardon","state":"Queensland"},"type":"Polygon","arcs":[[2917]],"id":"feature_1298"},{"properties":{"sa2_code":"305041135","sa2_name":"Paddington - Milton","state":"Queensland"},"type":"Polygon","arcs":[[2918]],"id":"feature_1299"},{"properties":{"sa2_code":"305041136","sa2_name":"Red Hill (Qld)","state":"Queensland"},"type":"Polygon","arcs":[[2919]],"id":"feature_1300"},{"properties":{"sa2_code":"305041137","sa2_name":"Toowong","state":"Queensland"},"type":"Polygon","arcs":[[2920]],"id":"feature_1301"},{"properties":{"sa2_code":"306011138","sa2_name":"Brinsmead","state":"Queensland"},"type":"Polygon","arcs":[[2921]],"id":"feature_1302"},{"properties":{"sa2_code":"306011139","sa2_name":"Clifton Beach - Kewarra Beach","state":"Queensland"},"type":"MultiPolygon","arcs":[[[2922]],[[2923]],[[-3012,2924]]],"id":"feature_1303"},{"properties":{"sa2_code":"306011140","sa2_name":"Freshwater - Stratford","state":"Queensland"},"type":"Polygon","arcs":[[2925]],"id":"feature_1304"},{"properties":{"sa2_code":"306011141","sa2_name":"Redlynch","state":"Queensland"},"type":"Polygon","arcs":[[2926]],"id":"feature_1305"},{"properties":{"sa2_code":"306011142","sa2_name":"Trinity Beach - Smithfield","state":"Queensland"},"type":"Polygon","arcs":[[2927]],"id":"feature_1306"},{"properties":{"sa2_code":"306011143","sa2_name":"Yorkeys Knob - Machans Beach","state":"Queensland"},"type":"Polygon","arcs":[[2928]],"id":"feature_1307"},{"properties":{"sa2_code":"306021144","sa2_name":"Bentley Park","state":"Queensland"},"type":"Polygon","arcs":[[2929]],"id":"feature_1308"},{"properties":{"sa2_code":"306021145","sa2_name":"Cairns City","state":"Queensland"},"type":"Polygon","arcs":[[2930]],"id":"feature_1309"},{"properties":{"sa2_code":"306021146","sa2_name":"Earlville - Bayview Heights","state":"Queensland"},"type":"Polygon","arcs":[[2931]],"id":"feature_1310"},{"properties":{"sa2_code":"306021147","sa2_name":"Edmonton","state":"Queensland"},"type":"Polygon","arcs":[[2932]],"id":"feature_1311"},{"properties":{"sa2_code":"306021148","sa2_name":"Gordonvale - Trinity","state":"Queensland"},"type":"MultiPolygon","arcs":[[[2933]],[[2934]],[[2935]],[[2936]]],"id":"feature_1312"},{"properties":{"sa2_code":"306021149","sa2_name":"Kanimbla - Mooroobool","state":"Queensland"},"type":"Polygon","arcs":[[2937]],"id":"feature_1313"},{"properties":{"sa2_code":"306021150","sa2_name":"Lamb Range","state":"Queensland"},"type":"Polygon","arcs":[[2938]],"id":"feature_1314"},{"properties":{"sa2_code":"306021151","sa2_name":"Manoora","state":"Queensland"},"type":"Polygon","arcs":[[2939]],"id":"feature_1315"},{"properties":{"sa2_code":"306021152","sa2_name":"Manunda","state":"Queensland"},"type":"Polygon","arcs":[[2940]],"id":"feature_1316"},{"properties":{"sa2_code":"306021153","sa2_name":"Mount Sheridan","state":"Queensland"},"type":"Polygon","arcs":[[2941]],"id":"feature_1317"},{"properties":{"sa2_code":"306021154","sa2_name":"Westcourt - Bungalow","state":"Queensland"},"type":"Polygon","arcs":[[2942]],"id":"feature_1318"},{"properties":{"sa2_code":"306021155","sa2_name":"White Rock","state":"Queensland"},"type":"Polygon","arcs":[[2943]],"id":"feature_1319"},{"properties":{"sa2_code":"306021156","sa2_name":"Whitfield - Edge Hill","state":"Queensland"},"type":"Polygon","arcs":[[2944]],"id":"feature_1320"},{"properties":{"sa2_code":"306021157","sa2_name":"Woree","state":"Queensland"},"type":"Polygon","arcs":[[2945]],"id":"feature_1321"},{"properties":{"sa2_code":"306031158","sa2_name":"Babinda","state":"Queensland"},"type":"MultiPolygon","arcs":[[[2946]],[[2947]],[[2948]],[[2949]],[[2950]],[[-2997,2951,-3002,2952]]],"id":"feature_1322"},{"properties":{"sa2_code":"306031159","sa2_name":"Innisfail","state":"Queensland"},"type":"MultiPolygon","arcs":[[[2953]],[[2954]]],"id":"feature_1323"},{"properties":{"sa2_code":"306031160","sa2_name":"Johnstone","state":"Queensland"},"type":"MultiPolygon","arcs":[[[2955]],[[2956]],[[2957]],[[2958]],[[2959]],[[2960]],[[2961]],[[2962]],[[-2994,2963]]],"id":"feature_1324"},{"properties":{"sa2_code":"306031161","sa2_name":"Tully","state":"Queensland"},"type":"MultiPolygon","arcs":[[[2964]],[[2965]],[[2966]],[[2967]],[[2968]],[[2969]],[[2970]],[[2971]],[[2972]],[[2973]],[[2974]],[[2975]],[[2976]],[[2977]],[[2978]],[[2979]],[[2980]],[[2981]],[[2982]],[[2983]],[[2984]],[[2985]],[[2986]],[[2987]],[[2988]],[[2989]],[[2990]],[[2991]],[[-3019,2992,2993,2994,-4807,2995]]],"id":"feature_1325"},{"properties":{"sa2_code":"306031162","sa2_name":"Wooroonooran","state":"Queensland"},"type":"Polygon","arcs":[[2996,2997,-3029,2998,-3027,2999]],"id":"feature_1326"},{"properties":{"sa2_code":"306031163","sa2_name":"Yarrabah","state":"Queensland"},"type":"MultiPolygon","arcs":[[[3000]],[[3001,3002]],[[3003]]],"id":"feature_1327"},{"properties":{"sa2_code":"306041164","sa2_name":"Daintree","state":"Queensland"},"type":"MultiPolygon","arcs":[[[3004]],[[3005]],[[3006]],[[3007]],[[-4293,3008,-4354,3009]],[[3010]]],"id":"feature_1328"},{"properties":{"sa2_code":"306041165","sa2_name":"Port Douglas","state":"Queensland"},"type":"Polygon","arcs":[[3011,3012,-3024,3013,-4356,3014]],"id":"feature_1329"},{"properties":{"sa2_code":"306051166","sa2_name":"Atherton","state":"Queensland"},"type":"Polygon","arcs":[[-3035,3015]],"id":"feature_1330"},{"properties":{"sa2_code":"306051167","sa2_name":"Herberton","state":"Queensland"},"type":"Polygon","arcs":[[3016,-3031,3017,3018,3019,-4780,3020,-4778,3021,-4360]],"id":"feature_1331"},{"properties":{"sa2_code":"306051168","sa2_name":"Kuranda","state":"Queensland"},"type":"Polygon","arcs":[[3022,3023,3024,-4358]],"id":"feature_1332"},{"properties":{"sa2_code":"306051169","sa2_name":"Malanda - Yungaburra","state":"Queensland"},"type":"Polygon","arcs":[[-3033,3025,3026,3027,3028,3029,3030,3031]],"id":"feature_1333"},{"properties":{"sa2_code":"306051170","sa2_name":"Mareeba","state":"Queensland"},"type":"Polygon","arcs":[[3032,3033,3034,3035]],"id":"feature_1334"},{"properties":{"sa2_code":"307011171","sa2_name":"Balonne","state":"Queensland"},"type":"Polygon","arcs":[[-3082,3036,-3056,3037,-4658,3038]],"id":"feature_1335"},{"properties":{"sa2_code":"307011172","sa2_name":"Chinchilla","state":"Queensland"},"type":"Polygon","arcs":[[-3068,3039,-3428,3040,-4894,3041,-4909,3042,-3127,3043,-3091,3044]],"id":"feature_1336"},{"properties":{"sa2_code":"307011173","sa2_name":"Goondiwindi","state":"Queensland"},"type":"Polygon","arcs":[[-3050,3045,-3048,3046]],"id":"feature_1337"},{"properties":{"sa2_code":"307011174","sa2_name":"Inglewood - Waggamba","state":"Queensland"},"type":"Polygon","arcs":[[3047,3048,3049,3050,3051,3052,3053,3054,3055,3056,-3095,3057,-3121,3058,-3156,3059,-3162,3060,3061,3062]],"id":"feature_1338"},{"properties":{"sa2_code":"307011175","sa2_name":"Miles - Wandoan","state":"Queensland"},"type":"Polygon","arcs":[[-3078,3063,-3434,3064,-3432,3065,-3430,3066,3067,3068,-3089,3069,-3101,3070]],"id":"feature_1339"},{"properties":{"sa2_code":"307011176","sa2_name":"Roma","state":"Queensland"},"type":"Polygon","arcs":[[-3086,3071]],"id":"feature_1340"},{"properties":{"sa2_code":"307011177","sa2_name":"Roma Surrounds","state":"Queensland"},"type":"Polygon","arcs":[[-4633,3072,-3189,3073,-3440,3074,-3438,3075,-3436,3076,3077,3078,-3099,3079,-3097,3080,3081,3082,-4656,3083,-4635,3084],[3085,3086]],"id":"feature_1341"},{"properties":{"sa2_code":"307011178","sa2_name":"Tara","state":"Queensland"},"type":"Polygon","arcs":[[3087,3088,3089,3090,3091,-3136,3092,-3115,3093,3094,3095,3096,3097,3098,3099,3100]],"id":"feature_1342"},{"properties":{"sa2_code":"307021179","sa2_name":"Crows Nest - Rosalie","state":"Queensland"},"type":"Polygon","arcs":[[3101,-3130,3102,-4934,3103,-4932,3104,-3651,3105,-4740,3106,-3109]],"id":"feature_1343"},{"properties":{"sa2_code":"307021180","sa2_name":"Jondaryan","state":"Queensland"},"type":"Polygon","arcs":[[-3132,3107,3108,3109,-3124,3110,-3122,3111,-3118,3112]],"id":"feature_1344"},{"properties":{"sa2_code":"307021181","sa2_name":"Millmerran","state":"Queensland"},"type":"Polygon","arcs":[[3113,3114,3115,-3134,3116,3117,3118,-3154,3119,3120]],"id":"feature_1345"},{"properties":{"sa2_code":"307021182","sa2_name":"Pittsworth","state":"Queensland"},"type":"Polygon","arcs":[[3121,3122,3123,3124,-3142,3125]],"id":"feature_1346"},{"properties":{"sa2_code":"307021183","sa2_name":"Wambo","state":"Queensland"},"type":"Polygon","arcs":[[3126,3127,-4913,3128,3129,3130,3131,3132,3133,3134,3135,3136]],"id":"feature_1347"},{"properties":{"sa2_code":"307031184","sa2_name":"Clifton - Greenmount","state":"Queensland"},"type":"Polygon","arcs":[[-4732,3137,-4750,3138,-3151,3139,-3149,3140,3141,3142]],"id":"feature_1348"},{"properties":{"sa2_code":"307031185","sa2_name":"Southern Downs - East","state":"Queensland"},"type":"Polygon","arcs":[[-3166,3143,-3644,3144,3145,3146]],"id":"feature_1349"},{"properties":{"sa2_code":"307031186","sa2_name":"Southern Downs - West","state":"Queensland"},"type":"Polygon","arcs":[[3147,3148,3149,3150,3151,-3158,3152,3153]],"id":"feature_1350"},{"properties":{"sa2_code":"307031187","sa2_name":"Stanthorpe","state":"Queensland"},"type":"Polygon","arcs":[[-3164,3154]],"id":"feature_1351"},{"properties":{"sa2_code":"307031188","sa2_name":"Stanthorpe Surrounds","state":"Queensland"},"type":"Polygon","arcs":[[3155,3156,3157,3158,3159,3160,3161,3162],[3163,3164]],"id":"feature_1352"},{"properties":{"sa2_code":"307031189","sa2_name":"Warwick","state":"Queensland"},"type":"Polygon","arcs":[[3165,3166]],"id":"feature_1353"},{"properties":{"sa2_code":"308011190","sa2_name":"Central Highlands - East","state":"Queensland"},"type":"Polygon","arcs":[[3167,-3811,3168,-3809,3169,-3807,3170,-3318,3171,-3345,3172,-3352,3173,-3350,3174,-3448,3175,-3446,3176,-3444,3177,-3186,3178,-3184]],"id":"feature_1354"},{"properties":{"sa2_code":"308011191","sa2_name":"Central Highlands - West","state":"Queensland"},"type":"Polygon","arcs":[[3179,-3850,3180,-3815,3181,-3813,3182,3183,3184,3185,3186,-3442,3187,3188,3189,-4631,3190,-4621,3191,-4619,3192,-3852],[-3194]],"id":"feature_1355"},{"properties":{"sa2_code":"308011192","sa2_name":"Emerald","state":"Queensland"},"type":"Polygon","arcs":[[3193]],"id":"feature_1356"},{"properties":{"sa2_code":"308031205","sa2_name":"Berserker","state":"Queensland"},"type":"Polygon","arcs":[[3194]],"id":"feature_1357"},{"properties":{"sa2_code":"308031206","sa2_name":"Bouldercombe","state":"Queensland"},"type":"Polygon","arcs":[[-3214,3195,-3222,3196,-3511,3197,-3206,3198]],"id":"feature_1358"},{"properties":{"sa2_code":"308031207","sa2_name":"Emu Park","state":"Queensland"},"type":"MultiPolygon","arcs":[[[3199]],[[3200]]],"id":"feature_1359"},{"properties":{"sa2_code":"308031208","sa2_name":"Frenchville - Mount Archer","state":"Queensland"},"type":"Polygon","arcs":[[3201]],"id":"feature_1360"},{"properties":{"sa2_code":"308031209","sa2_name":"Glenlee - Rockyview","state":"Queensland"},"type":"Polygon","arcs":[[-3325,3202]],"id":"feature_1361"},{"properties":{"sa2_code":"308031210","sa2_name":"Gracemere","state":"Queensland"},"type":"Polygon","arcs":[[3203]],"id":"feature_1362"},{"properties":{"sa2_code":"308031211","sa2_name":"Lakes Creek","state":"Queensland"},"type":"Polygon","arcs":[[3204]],"id":"feature_1363"},{"properties":{"sa2_code":"308031212","sa2_name":"Mount Morgan","state":"Queensland"},"type":"Polygon","arcs":[[3205,3206,-3422,3207,-3420,3208]],"id":"feature_1364"},{"properties":{"sa2_code":"308031213","sa2_name":"Norman Gardens","state":"Queensland"},"type":"Polygon","arcs":[[3209]],"id":"feature_1365"},{"properties":{"sa2_code":"308031214","sa2_name":"Park Avenue","state":"Queensland"},"type":"Polygon","arcs":[[3210]],"id":"feature_1366"},{"properties":{"sa2_code":"308031215","sa2_name":"Parkhurst - Kawana","state":"Queensland"},"type":"Polygon","arcs":[[3211]],"id":"feature_1367"},{"properties":{"sa2_code":"308031216","sa2_name":"Rockhampton - West","state":"Queensland"},"type":"Polygon","arcs":[[3212]],"id":"feature_1368"},{"properties":{"sa2_code":"308031217","sa2_name":"Rockhampton City","state":"Queensland"},"type":"Polygon","arcs":[[3213,3214]],"id":"feature_1369"},{"properties":{"sa2_code":"308031218","sa2_name":"Rockhampton Surrounds - East","state":"Queensland"},"type":"MultiPolygon","arcs":[[[3215]],[[3216]],[[3217]],[[3218]],[[3219]],[[3220,3221,3222,-3323]]],"id":"feature_1370"},{"properties":{"sa2_code":"308031219","sa2_name":"Rockhampton Surrounds - North","state":"Queensland"},"type":"MultiPolygon","arcs":[[[3223]],[[3224]],[[3225]],[[3226]],[[3227]],[[3228]],[[3229]],[[3230]],[[3231]],[[3232]],[[3233]],[[3234]],[[3235]],[[3236]],[[3237]],[[3238]],[[3239]],[[3240]],[[3241]],[[3242]],[[3243]],[[3244]],[[3245]],[[3246]],[[3247]],[[3248]],[[3249]],[[3250]],[[3251]],[[3252]],[[3253]],[[3254]],[[3255]],[[3256]],[[3257]],[[3258]],[[3259]],[[3260]],[[3261]],[[3262]],[[3263]],[[3264]],[[3265]],[[3266]],[[3267]],[[3268]],[[3269]],[[3270]],[[3271]],[[3272]],[[3273]],[[3274]],[[3275]],[[3276]],[[3277]],[[3278]],[[3279]],[[3280]],[[3281]],[[3282]],[[3283]],[[3284]],[[3285]],[[3286]],[[3287]],[[3288]],[[3289]],[[3290]],[[3291]],[[3292]],[[3293]],[[3294]],[[3295]],[[3296]],[[3297]],[[3298]],[[3299]],[[3300]],[[3301]],[[3302]],[[3303]],[[3304]],[[3305]],[[3306]],[[3307]],[[3308]],[[3309]],[[3310]],[[3311]],[[3312]],[[3313]],[[3314]],[[3315]],[[3316]],[[3317,3318,-3805,3319,-3409,3320,-3416,3321,3322,3323,3324,3325,-3347,3326]],[[3327]],[[3328]],[[3329]],[[3330]],[[3331]],[[3332]],[[3333]],[[3334]],[[3335]],[[3336]],[[3337]],[[3338]],[[3339]],[[3340]],[[3341]],[[3342]],[[3343]]],"id":"feature_1371"},{"properties":{"sa2_code":"308031220","sa2_name":"Rockhampton Surrounds - West","state":"Queensland"},"type":"Polygon","arcs":[[3344,3345,3346,3347,-3418,3348,3349,3350,3351,3352]],"id":"feature_1372"},{"properties":{"sa2_code":"308031221","sa2_name":"Shoalwater Bay","state":"Queensland"},"type":"MultiPolygon","arcs":[[[3353]],[[3354]],[[3355]],[[3356]],[[3357]],[[3358]],[[3359]],[[3360]],[[3361]],[[3362]],[[3363]],[[3364]],[[3365]],[[3366]],[[3367]],[[3368]],[[3369]],[[3370]],[[3371]],[[3372]],[[3373]],[[3374]],[[3375]],[[3376]],[[3377]],[[3378]],[[3379]],[[3380]],[[3381]],[[3382]],[[3383]],[[3384]],[[3385]],[[3386]],[[3387]],[[3388]],[[3389]],[[3390]],[[3391]],[[3392]],[[3393]],[[3394]],[[3395]],[[3396]],[[3397]],[[3398]],[[3399]],[[3400]],[[3401]],[[3402]],[[3403]],[[3404]],[[3405]],[[3406]],[[3407]],[[3408,3409]],[[3410]],[[3411]]],"id":"feature_1373"},{"properties":{"sa2_code":"308031222","sa2_name":"The Range - Allenstown","state":"Queensland"},"type":"Polygon","arcs":[[3412]],"id":"feature_1374"},{"properties":{"sa2_code":"308031223","sa2_name":"Yeppoon","state":"Queensland"},"type":"MultiPolygon","arcs":[[[3413]],[[3414,3415]]],"id":"feature_1375"},{"properties":{"sa2_code":"308041528","sa2_name":"Banana","state":"Queensland"},"type":"Polygon","arcs":[[3416,3417,3418,3419,3420,3421,3422,-3519,3423,-3517,3424,-4916,3425,-4926,3426,3427,3428,3429,3430,3431,3432,3433,3434,3435,3436,3437,3438,3439,3440,3441,3442,3443,3444,3445,3446,3447],[3448]],"id":"feature_1376"},{"properties":{"sa2_code":"308041529","sa2_name":"Biloela","state":"Queensland"},"type":"Polygon","arcs":[[3449]],"id":"feature_1377"},{"properties":{"sa2_code":"308051530","sa2_name":"Agnes Water - Miriam Vale","state":"Queensland"},"type":"MultiPolygon","arcs":[[[3450]],[[3451]],[[3452]],[[3453]],[[3454]],[[3455]],[[3456]],[[3457]],[[3458]],[[3459]],[[3460]],[[3461]],[[3462]],[[3463]],[[3464]],[[3465]],[[3466]],[[3467]],[[3468]],[[3469]],[[3470]],[[3471]],[[3472]],[[3473]],[[3474]],[[-4879,3475,-4896,3476]],[[3477]]],"id":"feature_1378"},{"properties":{"sa2_code":"308051531","sa2_name":"Boyne Island - Tannum Sands","state":"Queensland"},"type":"Polygon","arcs":[[3478,-3513]],"id":"feature_1379"},{"properties":{"sa2_code":"308051532","sa2_name":"Callemondah","state":"Queensland"},"type":"MultiPolygon","arcs":[[[3479]],[[3480]],[[3481]]],"id":"feature_1380"},{"properties":{"sa2_code":"308051533","sa2_name":"Clinton - New Auckland","state":"Queensland"},"type":"Polygon","arcs":[[3482]],"id":"feature_1381"},{"properties":{"sa2_code":"308051534","sa2_name":"Gladstone","state":"Queensland"},"type":"Polygon","arcs":[[3483]],"id":"feature_1382"},{"properties":{"sa2_code":"308051535","sa2_name":"Gladstone Hinterland","state":"Queensland"},"type":"MultiPolygon","arcs":[[[3484]],[[3485]],[[3486]],[[3487]],[[3488]],[[3489]],[[3490]],[[3491]],[[3492]],[[3493]],[[3494]],[[3495]],[[3496]],[[3497]],[[3498]],[[3499]],[[3500]],[[3501]],[[3502]],[[3503]],[[3504]],[[3505]],[[3506]],[[3507]],[[3508]],[[3509]],[[3510,3511,3512,3513,-4939,3514,-4918,3515,3516,3517,3518,3519]],[[3520]],[[3521]],[[3522]],[[3523]]],"id":"feature_1383"},{"properties":{"sa2_code":"308051536","sa2_name":"Kin Kora - Sun Valley","state":"Queensland"},"type":"Polygon","arcs":[[3524]],"id":"feature_1384"},{"properties":{"sa2_code":"308051537","sa2_name":"South Trees","state":"Queensland"},"type":"Polygon","arcs":[[3525]],"id":"feature_1385"},{"properties":{"sa2_code":"308051538","sa2_name":"Telina - Toolooa","state":"Queensland"},"type":"Polygon","arcs":[[3526]],"id":"feature_1386"},{"properties":{"sa2_code":"308051539","sa2_name":"West Gladstone","state":"Queensland"},"type":"Polygon","arcs":[[3527]],"id":"feature_1387"},{"properties":{"sa2_code":"309011224","sa2_name":"Broadbeach Waters","state":"Queensland"},"type":"Polygon","arcs":[[3528]],"id":"feature_1388"},{"properties":{"sa2_code":"309011225","sa2_name":"Burleigh Heads","state":"Queensland"},"type":"Polygon","arcs":[[3529]],"id":"feature_1389"},{"properties":{"sa2_code":"309011226","sa2_name":"Burleigh Waters","state":"Queensland"},"type":"Polygon","arcs":[[3530]],"id":"feature_1390"},{"properties":{"sa2_code":"309011227","sa2_name":"Mermaid Beach - Broadbeach","state":"Queensland"},"type":"Polygon","arcs":[[3531]],"id":"feature_1391"},{"properties":{"sa2_code":"309011228","sa2_name":"Mermaid Waters","state":"Queensland"},"type":"Polygon","arcs":[[3532]],"id":"feature_1392"},{"properties":{"sa2_code":"309011229","sa2_name":"Miami","state":"Queensland"},"type":"Polygon","arcs":[[3533]],"id":"feature_1393"},{"properties":{"sa2_code":"309021230","sa2_name":"Coolangatta","state":"Queensland"},"type":"Polygon","arcs":[[3534]],"id":"feature_1394"},{"properties":{"sa2_code":"309021231","sa2_name":"Currumbin - Tugun","state":"Queensland"},"type":"Polygon","arcs":[[3535]],"id":"feature_1395"},{"properties":{"sa2_code":"309021232","sa2_name":"Currumbin Waters","state":"Queensland"},"type":"Polygon","arcs":[[3536]],"id":"feature_1396"},{"properties":{"sa2_code":"309021233","sa2_name":"Elanora","state":"Queensland"},"type":"Polygon","arcs":[[3537]],"id":"feature_1397"},{"properties":{"sa2_code":"309021234","sa2_name":"Palm Beach","state":"Queensland"},"type":"Polygon","arcs":[[3538]],"id":"feature_1398"},{"properties":{"sa2_code":"309031235","sa2_name":"Arundel","state":"Queensland"},"type":"Polygon","arcs":[[3539]],"id":"feature_1399"},{"properties":{"sa2_code":"309031236","sa2_name":"Biggera Waters","state":"Queensland"},"type":"Polygon","arcs":[[3540]],"id":"feature_1400"},{"properties":{"sa2_code":"309031237","sa2_name":"Coombabah","state":"Queensland"},"type":"Polygon","arcs":[[3541]],"id":"feature_1401"},{"properties":{"sa2_code":"309031238","sa2_name":"Labrador","state":"Queensland"},"type":"Polygon","arcs":[[3542]],"id":"feature_1402"},{"properties":{"sa2_code":"309031239","sa2_name":"Paradise Point - Hollywell","state":"Queensland"},"type":"MultiPolygon","arcs":[[[3543]],[[3544]],[[3545]]],"id":"feature_1403"},{"properties":{"sa2_code":"309031240","sa2_name":"Runaway Bay","state":"Queensland"},"type":"MultiPolygon","arcs":[[[3546]],[[3547]],[[3548]]],"id":"feature_1404"},{"properties":{"sa2_code":"309041241","sa2_name":"Guanaba - Springbrook","state":"Queensland"},"type":"Polygon","arcs":[[3549]],"id":"feature_1405"},{"properties":{"sa2_code":"309041242","sa2_name":"Tamborine - Canungra","state":"Queensland"},"type":"Polygon","arcs":[[-3700,3550,-3698,3551]],"id":"feature_1406"},{"properties":{"sa2_code":"309051243","sa2_name":"Currumbin Valley - Tallebudgera","state":"Queensland"},"type":"Polygon","arcs":[[3552]],"id":"feature_1407"},{"properties":{"sa2_code":"309051244","sa2_name":"Mudgeeraba - Bonogin","state":"Queensland"},"type":"Polygon","arcs":[[3553]],"id":"feature_1408"},{"properties":{"sa2_code":"309051245","sa2_name":"Reedy Creek - Andrews","state":"Queensland"},"type":"Polygon","arcs":[[3554]],"id":"feature_1409"},{"properties":{"sa2_code":"309061246","sa2_name":"Carrara","state":"Queensland"},"type":"Polygon","arcs":[[3555]],"id":"feature_1410"},{"properties":{"sa2_code":"309061247","sa2_name":"Highland Park","state":"Queensland"},"type":"Polygon","arcs":[[3556,-3560]],"id":"feature_1411"},{"properties":{"sa2_code":"309061248","sa2_name":"Nerang - Mount Nathan","state":"Queensland"},"type":"Polygon","arcs":[[-3607,3557]],"id":"feature_1412"},{"properties":{"sa2_code":"309061249","sa2_name":"Pacific Pines - Gaven","state":"Queensland"},"type":"Polygon","arcs":[[3558]],"id":"feature_1413"},{"properties":{"sa2_code":"309061250","sa2_name":"Worongary - Tallai","state":"Queensland"},"type":"Polygon","arcs":[[3559,3560]],"id":"feature_1414"},{"properties":{"sa2_code":"309071251","sa2_name":"Coomera","state":"Queensland"},"type":"Polygon","arcs":[[3561]],"id":"feature_1415"},{"properties":{"sa2_code":"309071252","sa2_name":"Helensvale","state":"Queensland"},"type":"Polygon","arcs":[[3562]],"id":"feature_1416"},{"properties":{"sa2_code":"309071253","sa2_name":"Hope Island","state":"Queensland"},"type":"MultiPolygon","arcs":[[[3563]],[[3564]],[[3565]],[[3566]],[[3567]],[[3568]],[[3569]],[[3570]],[[3571]],[[3572]],[[3573]],[[3574]],[[3575]],[[3576]],[[3577]],[[3578]],[[3579]],[[3580]],[[3581]],[[3582]],[[3583]],[[3584]],[[3585]],[[3586]],[[3587]],[[3588]],[[3589]],[[3590]],[[3591]],[[3592]],[[3593]],[[3594]],[[3595]],[[3596]],[[3597]],[[3598]],[[3599]]],"id":"feature_1417"},{"properties":{"sa2_code":"309071254","sa2_name":"Jacobs Well - Alberton","state":"Queensland"},"type":"MultiPolygon","arcs":[[[3600]],[[3601]],[[3602]],[[3603]],[[3604]],[[3605]]],"id":"feature_1418"},{"properties":{"sa2_code":"309071256","sa2_name":"Oxenford - Maudsland","state":"Queensland"},"type":"Polygon","arcs":[[3606,3607]],"id":"feature_1419"},{"properties":{"sa2_code":"309071552","sa2_name":"Ormeau (East) - Stapylton","state":"Queensland"},"type":"Polygon","arcs":[[3608]],"id":"feature_1420"},{"properties":{"sa2_code":"309071553","sa2_name":"Ormeau (West) - Yatala","state":"Queensland"},"type":"Polygon","arcs":[[3609]],"id":"feature_1421"},{"properties":{"sa2_code":"309071554","sa2_name":"Pimpama - North","state":"Queensland"},"type":"Polygon","arcs":[[3610]],"id":"feature_1422"},{"properties":{"sa2_code":"309071555","sa2_name":"Pimpama - South","state":"Queensland"},"type":"Polygon","arcs":[[3611]],"id":"feature_1423"},{"properties":{"sa2_code":"309071556","sa2_name":"Upper Coomera (South) - Wongawallan","state":"Queensland"},"type":"Polygon","arcs":[[3612]],"id":"feature_1424"},{"properties":{"sa2_code":"309071557","sa2_name":"Upper Coomera - North","state":"Queensland"},"type":"Polygon","arcs":[[3613]],"id":"feature_1425"},{"properties":{"sa2_code":"309071558","sa2_name":"Willow Vale - Pimpama (West)","state":"Queensland"},"type":"Polygon","arcs":[[3614]],"id":"feature_1426"},{"properties":{"sa2_code":"309081259","sa2_name":"Clear Island Waters","state":"Queensland"},"type":"Polygon","arcs":[[3615]],"id":"feature_1427"},{"properties":{"sa2_code":"309081260","sa2_name":"Merrimac","state":"Queensland"},"type":"Polygon","arcs":[[3616]],"id":"feature_1428"},{"properties":{"sa2_code":"309081262","sa2_name":"Varsity Lakes","state":"Queensland"},"type":"Polygon","arcs":[[3617]],"id":"feature_1429"},{"properties":{"sa2_code":"309081559","sa2_name":"Robina - East","state":"Queensland"},"type":"Polygon","arcs":[[3618]],"id":"feature_1430"},{"properties":{"sa2_code":"309081560","sa2_name":"Robina - West","state":"Queensland"},"type":"Polygon","arcs":[[3619]],"id":"feature_1431"},{"properties":{"sa2_code":"309091263","sa2_name":"Ashmore","state":"Queensland"},"type":"Polygon","arcs":[[3620]],"id":"feature_1432"},{"properties":{"sa2_code":"309091264","sa2_name":"Molendinar","state":"Queensland"},"type":"Polygon","arcs":[[3621]],"id":"feature_1433"},{"properties":{"sa2_code":"309091265","sa2_name":"Parkwood","state":"Queensland"},"type":"Polygon","arcs":[[3622]],"id":"feature_1434"},{"properties":{"sa2_code":"309091540","sa2_name":"Southport - North","state":"Queensland"},"type":"Polygon","arcs":[[3623]],"id":"feature_1435"},{"properties":{"sa2_code":"309091541","sa2_name":"Southport - South","state":"Queensland"},"type":"Polygon","arcs":[[3624]],"id":"feature_1436"},{"properties":{"sa2_code":"309101267","sa2_name":"Benowa","state":"Queensland"},"type":"Polygon","arcs":[[3625]],"id":"feature_1437"},{"properties":{"sa2_code":"309101268","sa2_name":"Bundall","state":"Queensland"},"type":"Polygon","arcs":[[3626]],"id":"feature_1438"},{"properties":{"sa2_code":"309101269","sa2_name":"Main Beach","state":"Queensland"},"type":"MultiPolygon","arcs":[[[3627]],[[3628]]],"id":"feature_1439"},{"properties":{"sa2_code":"309101561","sa2_name":"Surfers Paradise - North","state":"Queensland"},"type":"Polygon","arcs":[[3629]],"id":"feature_1440"},{"properties":{"sa2_code":"309101562","sa2_name":"Surfers Paradise - South","state":"Queensland"},"type":"Polygon","arcs":[[3630]],"id":"feature_1441"},{"properties":{"sa2_code":"310011271","sa2_name":"Darra - Sumner","state":"Queensland"},"type":"Polygon","arcs":[[3631]],"id":"feature_1442"},{"properties":{"sa2_code":"310011272","sa2_name":"Durack","state":"Queensland"},"type":"Polygon","arcs":[[3632]],"id":"feature_1443"},{"properties":{"sa2_code":"310011274","sa2_name":"Inala - Richlands","state":"Queensland"},"type":"Polygon","arcs":[[3633]],"id":"feature_1444"},{"properties":{"sa2_code":"310011275","sa2_name":"Oxley (Qld)","state":"Queensland"},"type":"Polygon","arcs":[[3634]],"id":"feature_1445"},{"properties":{"sa2_code":"310011276","sa2_name":"Wacol","state":"Queensland"},"type":"Polygon","arcs":[[3635]],"id":"feature_1446"},{"properties":{"sa2_code":"310011563","sa2_name":"Doolandella","state":"Queensland"},"type":"Polygon","arcs":[[3636]],"id":"feature_1447"},{"properties":{"sa2_code":"310011564","sa2_name":"Forest Lake - Ellen Grove","state":"Queensland"},"type":"Polygon","arcs":[[3637]],"id":"feature_1448"},{"properties":{"sa2_code":"310021277","sa2_name":"Boonah","state":"Queensland"},"type":"Polygon","arcs":[[-3669,3638,-3696,3639,-3702,3640,3641,3642,3643,3644]],"id":"feature_1449"},{"properties":{"sa2_code":"310021278","sa2_name":"Esk","state":"Queensland"},"type":"Polygon","arcs":[[-4101,3645,-3664,3646,-3662,3647,-3660,3648,-4742,3649,3650,3651]],"id":"feature_1450"},{"properties":{"sa2_code":"310021279","sa2_name":"Lake Manchester - England Creek","state":"Queensland"},"type":"Polygon","arcs":[[3652]],"id":"feature_1451"},{"properties":{"sa2_code":"310021280","sa2_name":"Lockyer Valley - East","state":"Queensland"},"type":"Polygon","arcs":[[3653,-4744,3654,-3666,3655,-3671,3656,-4748,3657,-4736]],"id":"feature_1452"},{"properties":{"sa2_code":"310021281","sa2_name":"Lowood","state":"Queensland"},"type":"Polygon","arcs":[[3658,3659,3660,3661,3662,3663,3664,3665]],"id":"feature_1453"},{"properties":{"sa2_code":"310021282","sa2_name":"Rosewood","state":"Queensland"},"type":"Polygon","arcs":[[3666,-3683,3667,3668,3669,3670]],"id":"feature_1454"},{"properties":{"sa2_code":"310031283","sa2_name":"Brassall","state":"Queensland"},"type":"Polygon","arcs":[[3671]],"id":"feature_1455"},{"properties":{"sa2_code":"310031284","sa2_name":"Bundamba","state":"Queensland"},"type":"Polygon","arcs":[[3672]],"id":"feature_1456"},{"properties":{"sa2_code":"310031285","sa2_name":"Churchill - Yamanto","state":"Queensland"},"type":"Polygon","arcs":[[3673]],"id":"feature_1457"},{"properties":{"sa2_code":"310031286","sa2_name":"Ipswich - Central","state":"Queensland"},"type":"Polygon","arcs":[[3674]],"id":"feature_1458"},{"properties":{"sa2_code":"310031287","sa2_name":"Ipswich - East","state":"Queensland"},"type":"Polygon","arcs":[[3675]],"id":"feature_1459"},{"properties":{"sa2_code":"310031288","sa2_name":"Ipswich - North","state":"Queensland"},"type":"Polygon","arcs":[[3676]],"id":"feature_1460"},{"properties":{"sa2_code":"310031289","sa2_name":"Karalee - Barellan Point","state":"Queensland"},"type":"Polygon","arcs":[[3677]],"id":"feature_1461"},{"properties":{"sa2_code":"310031290","sa2_name":"Karana Downs","state":"Queensland"},"type":"Polygon","arcs":[[3678]],"id":"feature_1462"},{"properties":{"sa2_code":"310031291","sa2_name":"Leichhardt - One Mile","state":"Queensland"},"type":"Polygon","arcs":[[3679]],"id":"feature_1463"},{"properties":{"sa2_code":"310031292","sa2_name":"North Ipswich - Tivoli","state":"Queensland"},"type":"Polygon","arcs":[[3680]],"id":"feature_1464"},{"properties":{"sa2_code":"310031293","sa2_name":"Raceview","state":"Queensland"},"type":"Polygon","arcs":[[3681]],"id":"feature_1465"},{"properties":{"sa2_code":"310031294","sa2_name":"Ripley","state":"Queensland"},"type":"Polygon","arcs":[[3682,3683]],"id":"feature_1466"},{"properties":{"sa2_code":"310031295","sa2_name":"Riverview","state":"Queensland"},"type":"Polygon","arcs":[[3684]],"id":"feature_1467"},{"properties":{"sa2_code":"310041297","sa2_name":"Camira - Gailes","state":"Queensland"},"type":"Polygon","arcs":[[3685]],"id":"feature_1468"},{"properties":{"sa2_code":"310041298","sa2_name":"Carole Park","state":"Queensland"},"type":"Polygon","arcs":[[3686]],"id":"feature_1469"},{"properties":{"sa2_code":"310041299","sa2_name":"Collingwood Park - Redbank","state":"Queensland"},"type":"Polygon","arcs":[[3687]],"id":"feature_1470"},{"properties":{"sa2_code":"310041300","sa2_name":"Goodna","state":"Queensland"},"type":"Polygon","arcs":[[3688]],"id":"feature_1471"},{"properties":{"sa2_code":"310041301","sa2_name":"New Chum","state":"Queensland"},"type":"Polygon","arcs":[[3689]],"id":"feature_1472"},{"properties":{"sa2_code":"310041302","sa2_name":"Redbank Plains","state":"Queensland"},"type":"Polygon","arcs":[[3690]],"id":"feature_1473"},{"properties":{"sa2_code":"310041303","sa2_name":"Springfield","state":"Queensland"},"type":"Polygon","arcs":[[3691]],"id":"feature_1474"},{"properties":{"sa2_code":"310041304","sa2_name":"Springfield Lakes","state":"Queensland"},"type":"Polygon","arcs":[[3692]],"id":"feature_1475"},{"properties":{"sa2_code":"310041565","sa2_name":"Augustine Heights - Brookwater","state":"Queensland"},"type":"Polygon","arcs":[[3693]],"id":"feature_1476"},{"properties":{"sa2_code":"310041566","sa2_name":"Bellbird Park","state":"Queensland"},"type":"Polygon","arcs":[[3694]],"id":"feature_1477"},{"properties":{"sa2_code":"311011305","sa2_name":"Beaudesert","state":"Queensland"},"type":"Polygon","arcs":[[3695,3696,3697,3698,3699,3700,3701,3702]],"id":"feature_1478"},{"properties":{"sa2_code":"311021306","sa2_name":"Beenleigh","state":"Queensland"},"type":"Polygon","arcs":[[3703]],"id":"feature_1479"},{"properties":{"sa2_code":"311021307","sa2_name":"Eagleby","state":"Queensland"},"type":"Polygon","arcs":[[3704]],"id":"feature_1480"},{"properties":{"sa2_code":"311021308","sa2_name":"Edens Landing - Holmview","state":"Queensland"},"type":"Polygon","arcs":[[3705]],"id":"feature_1481"},{"properties":{"sa2_code":"311021309","sa2_name":"Mount Warren Park","state":"Queensland"},"type":"Polygon","arcs":[[3706]],"id":"feature_1482"},{"properties":{"sa2_code":"311021310","sa2_name":"Wolffdene - Bahrs Scrub","state":"Queensland"},"type":"Polygon","arcs":[[3707]],"id":"feature_1483"},{"properties":{"sa2_code":"311031311","sa2_name":"Boronia Heights - Park Ridge","state":"Queensland"},"type":"Polygon","arcs":[[3708]],"id":"feature_1484"},{"properties":{"sa2_code":"311031312","sa2_name":"Browns Plains","state":"Queensland"},"type":"Polygon","arcs":[[3709]],"id":"feature_1485"},{"properties":{"sa2_code":"311031313","sa2_name":"Chambers Flat - Logan Reserve","state":"Queensland"},"type":"Polygon","arcs":[[3710]],"id":"feature_1486"},{"properties":{"sa2_code":"311031314","sa2_name":"Crestmead","state":"Queensland"},"type":"Polygon","arcs":[[3711]],"id":"feature_1487"},{"properties":{"sa2_code":"311031315","sa2_name":"Greenbank Military Camp","state":"Queensland"},"type":"Polygon","arcs":[[3712]],"id":"feature_1488"},{"properties":{"sa2_code":"311031316","sa2_name":"Hillcrest","state":"Queensland"},"type":"Polygon","arcs":[[3713]],"id":"feature_1489"},{"properties":{"sa2_code":"311031317","sa2_name":"Marsden","state":"Queensland"},"type":"Polygon","arcs":[[3714]],"id":"feature_1490"},{"properties":{"sa2_code":"311031318","sa2_name":"Munruben - Park Ridge South","state":"Queensland"},"type":"Polygon","arcs":[[3715]],"id":"feature_1491"},{"properties":{"sa2_code":"311031319","sa2_name":"Regents Park - Heritage Park","state":"Queensland"},"type":"Polygon","arcs":[[3716]],"id":"feature_1492"},{"properties":{"sa2_code":"311041322","sa2_name":"Logan Village","state":"Queensland"},"type":"Polygon","arcs":[[3717]],"id":"feature_1493"},{"properties":{"sa2_code":"311041567","sa2_name":"Flagstone (East) - Riverbend","state":"Queensland"},"type":"Polygon","arcs":[[3718]],"id":"feature_1494"},{"properties":{"sa2_code":"311041568","sa2_name":"Flagstone (West) - New Beith","state":"Queensland"},"type":"Polygon","arcs":[[3719]],"id":"feature_1495"},{"properties":{"sa2_code":"311041569","sa2_name":"Greenbank - North Maclean","state":"Queensland"},"type":"Polygon","arcs":[[3720]],"id":"feature_1496"},{"properties":{"sa2_code":"311041570","sa2_name":"Jimboomba - Glenlogan","state":"Queensland"},"type":"Polygon","arcs":[[3721]],"id":"feature_1497"},{"properties":{"sa2_code":"311041571","sa2_name":"Yarrabilba","state":"Queensland"},"type":"Polygon","arcs":[[3722]],"id":"feature_1498"},{"properties":{"sa2_code":"311051323","sa2_name":"Bethania - Waterford","state":"Queensland"},"type":"Polygon","arcs":[[3723]],"id":"feature_1499"},{"properties":{"sa2_code":"311051324","sa2_name":"Cornubia - Carbrook","state":"Queensland"},"type":"Polygon","arcs":[[3724]],"id":"feature_1500"},{"properties":{"sa2_code":"311051325","sa2_name":"Loganholme - Tanah Merah","state":"Queensland"},"type":"Polygon","arcs":[[3725]],"id":"feature_1501"},{"properties":{"sa2_code":"311051326","sa2_name":"Loganlea","state":"Queensland"},"type":"Polygon","arcs":[[3726]],"id":"feature_1502"},{"properties":{"sa2_code":"311051327","sa2_name":"Shailer Park","state":"Queensland"},"type":"Polygon","arcs":[[3727]],"id":"feature_1503"},{"properties":{"sa2_code":"311051328","sa2_name":"Waterford West","state":"Queensland"},"type":"Polygon","arcs":[[3728]],"id":"feature_1504"},{"properties":{"sa2_code":"311061329","sa2_name":"Daisy Hill","state":"Queensland"},"type":"Polygon","arcs":[[3729]],"id":"feature_1505"},{"properties":{"sa2_code":"311061330","sa2_name":"Kingston (Qld)","state":"Queensland"},"type":"Polygon","arcs":[[3730]],"id":"feature_1506"},{"properties":{"sa2_code":"311061331","sa2_name":"Logan Central","state":"Queensland"},"type":"Polygon","arcs":[[3731]],"id":"feature_1507"},{"properties":{"sa2_code":"311061332","sa2_name":"Rochedale South - Priestdale","state":"Queensland"},"type":"Polygon","arcs":[[3732]],"id":"feature_1508"},{"properties":{"sa2_code":"311061333","sa2_name":"Slacks Creek","state":"Queensland"},"type":"Polygon","arcs":[[3733]],"id":"feature_1509"},{"properties":{"sa2_code":"311061334","sa2_name":"Springwood","state":"Queensland"},"type":"Polygon","arcs":[[3734]],"id":"feature_1510"},{"properties":{"sa2_code":"311061335","sa2_name":"Underwood","state":"Queensland"},"type":"Polygon","arcs":[[3735]],"id":"feature_1511"},{"properties":{"sa2_code":"311061336","sa2_name":"Woodridge","state":"Queensland"},"type":"Polygon","arcs":[[3736]],"id":"feature_1512"},{"properties":{"sa2_code":"312011337","sa2_name":"Bowen","state":"Queensland"},"type":"Polygon","arcs":[[3737]],"id":"feature_1513"},{"properties":{"sa2_code":"312011338","sa2_name":"Broadsound - Nebo","state":"Queensland"},"type":"MultiPolygon","arcs":[[[3738]],[[3739]],[[3740]],[[3741]],[[3742]],[[3743]],[[3744]],[[3745]],[[3746]],[[3747]],[[3748]],[[3749]],[[3750]],[[3751]],[[3752]],[[3753]],[[3754]],[[3755]],[[3756]],[[3757]],[[3758]],[[3759]],[[3760]],[[3761]],[[3762]],[[3763]],[[3764]],[[3765]],[[3766]],[[3767]],[[3768]],[[3769]],[[3770]],[[3771]],[[3772]],[[3773]],[[3774]],[[3775]],[[3776]],[[3777]],[[3778]],[[3779]],[[3780]],[[3781]],[[3782]],[[3783]],[[3784]],[[3785]],[[3786]],[[3787]],[[3788]],[[3789]],[[3790]],[[3791]],[[3792]],[[3793]],[[3794]],[[3795]],[[3796]],[[-3871,3797,-3869,3798,-3867,3799,-3889,3800,-3896,3801,-3907,3802,-3921,3803,3804,3805,3806,3807,3808,3809,3810,3811,3812,3813,3814,3815,-3848,3816,-3880,3817,-3878,3818]],[[3819]],[[3820]],[[3821]],[[3822]],[[3823]],[[3824]],[[3825]],[[3826]],[[3827]],[[3828]],[[3829]],[[3830]],[[3831]],[[3832]],[[3833]],[[3834]],[[3835]],[[3836]],[[3837]],[[3838]],[[3839]],[[3840]]],"id":"feature_1514"},{"properties":{"sa2_code":"312011339","sa2_name":"Clermont","state":"Queensland"},"type":"Polygon","arcs":[[-4615,3841,-4613,3842,-4792,3843,-3873,3844,-3876,3845,-3882,3846,3847,3848,3849,3850,3851,3852,-4617,3853]],"id":"feature_1515"},{"properties":{"sa2_code":"312011340","sa2_name":"Collinsville","state":"Queensland"},"type":"MultiPolygon","arcs":[[[3854]],[[3855]],[[3856]],[[3857]],[[3858]],[[3859]],[[3860]],[[3861]],[[3862]],[[-4766,3863,-4079,3864,-3891,3865,3866,3867,3868,3869,3870,3871,3872,3873,-4790,3874]]],"id":"feature_1516"},{"properties":{"sa2_code":"312011341","sa2_name":"Moranbah","state":"Queensland"},"type":"Polygon","arcs":[[3875,3876,3877,3878,3879,3880,3881,3882]],"id":"feature_1517"},{"properties":{"sa2_code":"312021342","sa2_name":"Andergrove - Beaconsfield","state":"Queensland"},"type":"Polygon","arcs":[[3883]],"id":"feature_1518"},{"properties":{"sa2_code":"312021343","sa2_name":"East Mackay","state":"Queensland"},"type":"MultiPolygon","arcs":[[[3884]],[[3885]],[[3886]]],"id":"feature_1519"},{"properties":{"sa2_code":"312021344","sa2_name":"Eimeo - Rural View","state":"Queensland"},"type":"Polygon","arcs":[[3887]],"id":"feature_1520"},{"properties":{"sa2_code":"312021345","sa2_name":"Eungella Hinterland","state":"Queensland"},"type":"Polygon","arcs":[[3888,3889,3890,3891,-3999,3892,-3904,3893,-3909,3894,3895,3896]],"id":"feature_1521"},{"properties":{"sa2_code":"312021346","sa2_name":"Mackay","state":"Queensland"},"type":"Polygon","arcs":[[3897]],"id":"feature_1522"},{"properties":{"sa2_code":"312021347","sa2_name":"Mackay Harbour","state":"Queensland"},"type":"Polygon","arcs":[[3898]],"id":"feature_1523"},{"properties":{"sa2_code":"312021348","sa2_name":"Mount Pleasant - Glenella","state":"Queensland"},"type":"Polygon","arcs":[[-3997,3899]],"id":"feature_1524"},{"properties":{"sa2_code":"312021349","sa2_name":"North Mackay","state":"Queensland"},"type":"Polygon","arcs":[[3900]],"id":"feature_1525"},{"properties":{"sa2_code":"312021350","sa2_name":"Ooralea - Bakers Creek","state":"Queensland"},"type":"Polygon","arcs":[[3901]],"id":"feature_1526"},{"properties":{"sa2_code":"312021351","sa2_name":"Pioneer Valley","state":"Queensland"},"type":"Polygon","arcs":[[3902,3903,3904,-4010,3905,3906,3907,3908]],"id":"feature_1527"},{"properties":{"sa2_code":"312021352","sa2_name":"Sarina","state":"Queensland"},"type":"MultiPolygon","arcs":[[[3909]],[[3910]],[[3911]],[[3912]],[[3913]],[[3914]],[[3915]],[[3916]],[[3917]],[[3918]],[[3919]],[[3920,3921,-4008,3922]]],"id":"feature_1528"},{"properties":{"sa2_code":"312021353","sa2_name":"Seaforth - Calen","state":"Queensland"},"type":"MultiPolygon","arcs":[[[3923]],[[3924]],[[3925]],[[3926]],[[3927]],[[3928]],[[3929]],[[3930]],[[3931]],[[3932]],[[3933]],[[3934]],[[3935]],[[3936]],[[3937]],[[3938]],[[3939]],[[3940]],[[3941]],[[3942]],[[3943]],[[3944]],[[3945]],[[3946]],[[3947]],[[3948]],[[3949]],[[3950]],[[3951]],[[3952]],[[3953]],[[3954]],[[3955]],[[3956]],[[3957]],[[3958]],[[3959]],[[3960]],[[3961]],[[3962]],[[3963]],[[3964]],[[3965]],[[3966]],[[3967]],[[3968]],[[3969]],[[3970]],[[3971]],[[3972]],[[3973]],[[3974]],[[3975]],[[3976]],[[3977]],[[3978]],[[3979]],[[3980]],[[3981]],[[3982]],[[3983]],[[3984]],[[3985]],[[3986]],[[3987]],[[3988]],[[3989]],[[3990]],[[3991]],[[3992]],[[3993]],[[3994]],[[3995]],[[3996,3997,3998,3999,-4077,4000]],[[4001]]],"id":"feature_1529"},{"properties":{"sa2_code":"312021354","sa2_name":"Shoal Point - Bucasia","state":"Queensland"},"type":"Polygon","arcs":[[4002]],"id":"feature_1530"},{"properties":{"sa2_code":"312021355","sa2_name":"Slade Point","state":"Queensland"},"type":"MultiPolygon","arcs":[[[4003]],[[4004]]],"id":"feature_1531"},{"properties":{"sa2_code":"312021356","sa2_name":"South Mackay","state":"Queensland"},"type":"Polygon","arcs":[[4005]],"id":"feature_1532"},{"properties":{"sa2_code":"312021357","sa2_name":"Walkerston - Eton","state":"Queensland"},"type":"Polygon","arcs":[[4006,4007,4008,4009]],"id":"feature_1533"},{"properties":{"sa2_code":"312021358","sa2_name":"West Mackay","state":"Queensland"},"type":"Polygon","arcs":[[4010]],"id":"feature_1534"},{"properties":{"sa2_code":"312031359","sa2_name":"Airlie - Whitsundays","state":"Queensland"},"type":"MultiPolygon","arcs":[[[4011]],[[4012]],[[4013]],[[4014]],[[4015]],[[4016]],[[4017]],[[4018]],[[4019]],[[4020]],[[4021]],[[4022]],[[4023]],[[4024]],[[4025]],[[4026]],[[4027]],[[4028]],[[4029]],[[4030]],[[4031]],[[4032]],[[4033]],[[4034]],[[4035]],[[4036]],[[4037]],[[4038]],[[4039]],[[4040]],[[4041]],[[4042]],[[4043]],[[4044]],[[4045]],[[4046]],[[4047]],[[4048]],[[4049]],[[4050]],[[4051]],[[4052]],[[4053]],[[-4075,4054]],[[4055]],[[4056]],[[4057]],[[4058]],[[4059]],[[4060]],[[4061]],[[4062]],[[4063]],[[4064]],[[4065]],[[4066]],[[4067]],[[4068]],[[4069]],[[4070]]],"id":"feature_1535"},{"properties":{"sa2_code":"312031360","sa2_name":"Cape Conway","state":"Queensland"},"type":"Polygon","arcs":[[4071]],"id":"feature_1536"},{"properties":{"sa2_code":"312031361","sa2_name":"Proserpine","state":"Queensland"},"type":"MultiPolygon","arcs":[[[4072]],[[4073,4074,4075,4076,4077,4078]]],"id":"feature_1537"},{"properties":{"sa2_code":"313011362","sa2_name":"Beachmere - Sandstone Point","state":"Queensland"},"type":"MultiPolygon","arcs":[[[4079]],[[4080]],[[4081]],[[4082]],[[4083]],[[4084]]],"id":"feature_1538"},{"properties":{"sa2_code":"313011363","sa2_name":"Bribie Island","state":"Queensland"},"type":"MultiPolygon","arcs":[[[4085]],[[4086]],[[4087]],[[4088]],[[4089]]],"id":"feature_1539"},{"properties":{"sa2_code":"313021364","sa2_name":"Burpengary - East","state":"Queensland"},"type":"Polygon","arcs":[[4090]],"id":"feature_1540"},{"properties":{"sa2_code":"313021366","sa2_name":"Caboolture - South","state":"Queensland"},"type":"Polygon","arcs":[[4091]],"id":"feature_1541"},{"properties":{"sa2_code":"313021367","sa2_name":"Elimbah","state":"Queensland"},"type":"Polygon","arcs":[[4092]],"id":"feature_1542"},{"properties":{"sa2_code":"313021368","sa2_name":"Morayfield - East","state":"Queensland"},"type":"Polygon","arcs":[[4093]],"id":"feature_1543"},{"properties":{"sa2_code":"313021369","sa2_name":"Wamuran","state":"Queensland"},"type":"Polygon","arcs":[[4094]],"id":"feature_1544"},{"properties":{"sa2_code":"313021572","sa2_name":"Caboolture - East","state":"Queensland"},"type":"Polygon","arcs":[[4095]],"id":"feature_1545"},{"properties":{"sa2_code":"313021573","sa2_name":"Caboolture - West","state":"Queensland"},"type":"Polygon","arcs":[[4096]],"id":"feature_1546"},{"properties":{"sa2_code":"313031370","sa2_name":"Kilcoy","state":"Queensland"},"type":"Polygon","arcs":[[-4930,4097,-4722,4098,-4103,4099,4100,4101]],"id":"feature_1547"},{"properties":{"sa2_code":"313031371","sa2_name":"Woodford - D'Aguilar","state":"Queensland"},"type":"Polygon","arcs":[[4102,4103]],"id":"feature_1548"},{"properties":{"sa2_code":"313041372","sa2_name":"Burpengary","state":"Queensland"},"type":"Polygon","arcs":[[4104]],"id":"feature_1549"},{"properties":{"sa2_code":"313041373","sa2_name":"Deception Bay","state":"Queensland"},"type":"Polygon","arcs":[[4105]],"id":"feature_1550"},{"properties":{"sa2_code":"313041374","sa2_name":"Morayfield","state":"Queensland"},"type":"Polygon","arcs":[[4106]],"id":"feature_1551"},{"properties":{"sa2_code":"313041375","sa2_name":"Narangba","state":"Queensland"},"type":"Polygon","arcs":[[4107]],"id":"feature_1552"},{"properties":{"sa2_code":"313041376","sa2_name":"Upper Caboolture","state":"Queensland"},"type":"Polygon","arcs":[[4108]],"id":"feature_1553"},{"properties":{"sa2_code":"313051377","sa2_name":"Clontarf","state":"Queensland"},"type":"Polygon","arcs":[[4109]],"id":"feature_1554"},{"properties":{"sa2_code":"313051378","sa2_name":"Margate - Woody Point","state":"Queensland"},"type":"Polygon","arcs":[[4110]],"id":"feature_1555"},{"properties":{"sa2_code":"313051379","sa2_name":"Redcliffe","state":"Queensland"},"type":"Polygon","arcs":[[4111]],"id":"feature_1556"},{"properties":{"sa2_code":"313051380","sa2_name":"Rothwell - Kippa-Ring","state":"Queensland"},"type":"Polygon","arcs":[[4112]],"id":"feature_1557"},{"properties":{"sa2_code":"313051574","sa2_name":"Moreton Island","state":"Queensland"},"type":"MultiPolygon","arcs":[[[4113]],[[4114]]],"id":"feature_1558"},{"properties":{"sa2_code":"313051575","sa2_name":"Scarborough - Newport","state":"Queensland"},"type":"Polygon","arcs":[[4115]],"id":"feature_1559"},{"properties":{"sa2_code":"314011382","sa2_name":"Albany Creek","state":"Queensland"},"type":"Polygon","arcs":[[4116]],"id":"feature_1560"},{"properties":{"sa2_code":"314011383","sa2_name":"Cashmere","state":"Queensland"},"type":"Polygon","arcs":[[-4119,4117]],"id":"feature_1561"},{"properties":{"sa2_code":"314011384","sa2_name":"Dayboro","state":"Queensland"},"type":"Polygon","arcs":[[4118,4119]],"id":"feature_1562"},{"properties":{"sa2_code":"314011385","sa2_name":"Eatons Hill","state":"Queensland"},"type":"Polygon","arcs":[[4120]],"id":"feature_1563"},{"properties":{"sa2_code":"314011386","sa2_name":"The Hills District","state":"Queensland"},"type":"Polygon","arcs":[[4121]],"id":"feature_1564"},{"properties":{"sa2_code":"314011387","sa2_name":"Samford Valley","state":"Queensland"},"type":"Polygon","arcs":[[4122]],"id":"feature_1565"},{"properties":{"sa2_code":"314021389","sa2_name":"Murrumba Downs - Griffin","state":"Queensland"},"type":"Polygon","arcs":[[4123]],"id":"feature_1566"},{"properties":{"sa2_code":"314021576","sa2_name":"Dakabin","state":"Queensland"},"type":"Polygon","arcs":[[4124]],"id":"feature_1567"},{"properties":{"sa2_code":"314021577","sa2_name":"Kallangur","state":"Queensland"},"type":"Polygon","arcs":[[4125]],"id":"feature_1568"},{"properties":{"sa2_code":"314021578","sa2_name":"Mango Hill","state":"Queensland"},"type":"Polygon","arcs":[[4126]],"id":"feature_1569"},{"properties":{"sa2_code":"314021579","sa2_name":"North Lakes","state":"Queensland"},"type":"Polygon","arcs":[[4127]],"id":"feature_1570"},{"properties":{"sa2_code":"314031391","sa2_name":"Bray Park","state":"Queensland"},"type":"Polygon","arcs":[[4128]],"id":"feature_1571"},{"properties":{"sa2_code":"314031392","sa2_name":"Lawnton","state":"Queensland"},"type":"Polygon","arcs":[[4129]],"id":"feature_1572"},{"properties":{"sa2_code":"314031393","sa2_name":"Petrie","state":"Queensland"},"type":"Polygon","arcs":[[4130]],"id":"feature_1573"},{"properties":{"sa2_code":"314031394","sa2_name":"Strathpine - Brendale","state":"Queensland"},"type":"Polygon","arcs":[[4131]],"id":"feature_1574"},{"properties":{"sa2_code":"315011395","sa2_name":"Aurukun","state":"Queensland"},"type":"MultiPolygon","arcs":[[[-4304]],[[-4301,4132,-4328,4133]],[[4134]]],"id":"feature_1575"},{"properties":{"sa2_code":"315011396","sa2_name":"Cape York","state":"Queensland"},"type":"MultiPolygon","arcs":[[[4135]],[[4136]],[[4137]],[[4138]],[[4139]],[[4140]],[[4141]],[[4142]],[[4143]],[[4144]],[[4145]],[[4146]],[[4147]],[[4148]],[[4149]],[[4150]],[[4151]],[[4152]],[[4153]],[[4154]],[[4155]],[[4156]],[[4157]],[[4158]],[[4159]],[[4160]],[[4161]],[[4162]],[[4163]],[[4164]],[[4165]],[[4166]],[[4167]],[[4168]],[[4169]],[[4170]],[[4171]],[[4172]],[[4173]],[[4174]],[[4175]],[[4176]],[[4177]],[[4178]],[[4179]],[[4180]],[[4181]],[[4182]],[[4183]],[[4184]],[[4185]],[[4186]],[[4187]],[[4188]],[[4189]],[[4190]],[[4191]],[[4192]],[[4193]],[[4194]],[[4195]],[[4196]],[[4197]],[[4198]],[[4199]],[[4200]],[[4201]],[[4202]],[[4203]],[[4204]],[[4205]],[[4206]],[[4207]],[[4208]],[[4209]],[[4210]],[[4211]],[[4212]],[[4213]],[[4214]],[[4215]],[[4216]],[[4217]],[[4218]],[[4219]],[[4220]],[[4221]],[[4222]],[[4223]],[[4224]],[[4225]],[[4226]],[[4227]],[[4228]],[[4229]],[[4230]],[[4231]],[[4232]],[[4233]],[[4234]],[[4235]],[[4236]],[[4237]],[[4238]],[[4239]],[[4240]],[[4241]],[[4242]],[[4243]],[[4244]],[[4245]],[[4246]],[[4247]],[[4248]],[[4249]],[[4250]],[[4251]],[[4252]],[[4253]],[[4254]],[[4255]],[[4256]],[[4257]],[[4258]],[[4259]],[[4260]],[[4261]],[[4262]],[[4263]],[[4264]],[[4265]],[[4266]],[[4267]],[[4268]],[[4269]],[[4270]],[[4271]],[[4272]],[[4273]],[[4274]],[[4275]],[[4276]],[[4277]],[[4278]],[[4279]],[[4280]],[[4281]],[[4282]],[[4283]],[[4284]],[[4285]],[[4286]],[[4287]],[[4288]],[[4289]],[[4290]],[[4291]],[[4292,4293,-4352,4294,-4350,4295,-4348,4296,-4346,4297,-4576,4298,-4330,4299,4300,4301,-4339,4302],[4303]],[[4304]],[[4305]],[[4306]],[[4307]],[[4308]],[[4309]],[[4310]],[[4311]],[[4312]],[[4313]],[[4314]],[[4315]],[[4316]],[[4317]]],"id":"feature_1576"},{"properties":{"sa2_code":"315011397","sa2_name":"Croydon - Etheridge","state":"Queensland"},"type":"Polygon","arcs":[[-4580,4318,-4362,4319,-4776,4320,-4774,4321,-4798,4322,-4601,4323,-4586,4324,-4584,4325,-4582,4326]],"id":"feature_1577"},{"properties":{"sa2_code":"315011398","sa2_name":"Kowanyama - Pormpuraaw","state":"Queensland"},"type":"MultiPolygon","arcs":[[[4327,4328,4329,4330,-4574,4331,-4572,4332]],[[4333]]],"id":"feature_1578"},{"properties":{"sa2_code":"315011399","sa2_name":"Northern Peninsula","state":"Queensland"},"type":"MultiPolygon","arcs":[[[4334]],[[4335]],[[4336]],[[-4494,4337,4338,4339,-4456,4340]],[[4341]],[[4342]],[[4343]]],"id":"feature_1579"},{"properties":{"sa2_code":"315011400","sa2_name":"Tablelands","state":"Queensland"},"type":"Polygon","arcs":[[4344,4345,4346,4347,4348,4349,4350,4351,4352,4353,4354,4355,4356,4357,4358,4359,4360,4361,4362,-4578]],"id":"feature_1580"},{"properties":{"sa2_code":"315011401","sa2_name":"Torres","state":"Queensland"},"type":"MultiPolygon","arcs":[[[4363]],[[4364]],[[4365]],[[4366]],[[4367]],[[4368]],[[4369]],[[4370]],[[4371]],[[4372]],[[4373]],[[4374]],[[4375]],[[4376]],[[4377]],[[4378]],[[4379]],[[4380]],[[4381]],[[4382]],[[4383]],[[4384]],[[4385]],[[4386]],[[4387]],[[4388]],[[4389]],[[4390]],[[4391]],[[4392]],[[4393]],[[4394]],[[4395]],[[4396]],[[4397]],[[4398]],[[4399]],[[4400]],[[4401]],[[4402]],[[4403]],[[4404]],[[4405]],[[4406]],[[4407]],[[4408]],[[4409]],[[4410]],[[4411]],[[4412]],[[4413]],[[4414]],[[4415]],[[4416]],[[4417]],[[4418]],[[4419]],[[4420]],[[4421]],[[4422]],[[4423]],[[4424]],[[4425]],[[4426]],[[4427]],[[4428]],[[4429]],[[4430]],[[4431]],[[4432]],[[4433]],[[4434]],[[4435]],[[4436]],[[4437]],[[4438]],[[4439]],[[4440]],[[4441]],[[4442]],[[4443]],[[4444]],[[4445]],[[4446]],[[4447]],[[4448]],[[4449]],[[4450]],[[4451]],[[4452]],[[4453]],[[4454]],[[4455,4456]],[[4457]],[[4458]],[[4459]],[[4460]],[[4461]],[[4462]],[[4463]],[[4464]],[[4465]],[[4466]],[[4467]],[[4468]],[[4469]],[[4470]],[[4471]],[[4472]],[[4473]],[[4474]],[[4475]],[[4476]],[[4477]],[[4478]],[[4479]],[[4480]],[[4481]],[[4482]],[[4483]],[[4484]],[[4485]],[[4486]],[[4487]],[[4488]],[[4489]],[[4490]],[[4491]],[[4492]],[[4493,4494]],[[4495]],[[4496]],[[4497]],[[4498]],[[4499]],[[4500]],[[4501]],[[4502]],[[4503]],[[4504]],[[4505]],[[4506]],[[4507]],[[4508]],[[4509]],[[4510]],[[4511]],[[4512]],[[4513]],[[4514]],[[4515]]],"id":"feature_1581"},{"properties":{"sa2_code":"315011402","sa2_name":"Torres Strait Islands","state":"Queensland"},"type":"MultiPolygon","arcs":[[[4516]],[[4517]],[[4518]],[[4519]],[[4520]],[[4521]],[[4522]],[[4523]],[[4524]],[[4525]],[[4526]],[[4527]],[[4528]],[[4529]],[[4530]],[[4531]],[[4532]],[[4533]]],"id":"feature_1582"},{"properties":{"sa2_code":"315011403","sa2_name":"Weipa","state":"Queensland"},"type":"Polygon","arcs":[[4534]],"id":"feature_1583"},{"properties":{"sa2_code":"315021404","sa2_name":"Carpentaria","state":"Queensland"},"type":"MultiPolygon","arcs":[[[4535]],[[4536]],[[4537]],[[4538]],[[4539]],[[4540]],[[4541]],[[4542]],[[4543]],[[4544]],[[4545]],[[4546]],[[4547]],[[4548]],[[4549]],[[4550]],[[4551]],[[4552]],[[4553]],[[4554]],[[4555]],[[4556]],[[4557]],[[4558]],[[4559]],[[4560]],[[4561]],[[4562]],[[4563]],[[4564]],[[4565]],[[4566]],[[4567]],[[4568]],[[4569]],[[4570]],[[4571,4572,4573,4574,4575,4576,4577,4578,4579,4580,4581,4582,4583,4584,4585,4586,-4599,4587,-4591,4588]]],"id":"feature_1584"},{"properties":{"sa2_code":"315021405","sa2_name":"Mount Isa","state":"Queensland"},"type":"Polygon","arcs":[[-4595]],"id":"feature_1585"},{"properties":{"sa2_code":"315021406","sa2_name":"Mount Isa Surrounds","state":"Queensland"},"type":"Polygon","arcs":[[4589,4590,4591,-4597,4592,-4606,4593,-4637],[4594]],"id":"feature_1586"},{"properties":{"sa2_code":"315021407","sa2_name":"Northern Highlands","state":"Queensland"},"type":"Polygon","arcs":[[4595,4596,4597,4598,4599,4600,4601,-4796,4602,-4610,4603,-4639,4604,4605]],"id":"feature_1587"},{"properties":{"sa2_code":"315031408","sa2_name":"Barcaldine - Blackall","state":"Queensland"},"type":"Polygon","arcs":[[4606,-4666,4607,-4641,4608,4609,4610,-4794,4611,4612,4613,4614,4615,4616,4617,4618,4619,4620,4621,-4629,4622,-4627,4623,-4652,4624,-4668]],"id":"feature_1588"},{"properties":{"sa2_code":"315031409","sa2_name":"Charleville","state":"Queensland"},"type":"Polygon","arcs":[[4625,4626,4627,4628,4629,4630,4631,4632,4633,4634,4635,-4654]],"id":"feature_1589"},{"properties":{"sa2_code":"315031410","sa2_name":"Far Central West","state":"Queensland"},"type":"Polygon","arcs":[[4636,4637,4638,4639,4640,4641,-4664,4642,-4674,4643,-4672,4644,-4649,4645,-4663,4646]],"id":"feature_1590"},{"properties":{"sa2_code":"315031411","sa2_name":"Far South West","state":"Queensland"},"type":"Polygon","arcs":[[4647,4648,4649,-4670,4650,4651,4652,4653,4654,4655,4656,4657,4658,4659,4660,4661,4662]],"id":"feature_1591"},{"properties":{"sa2_code":"315031412","sa2_name":"Longreach","state":"Queensland"},"type":"Polygon","arcs":[[4663,4664,4665,4666,4667,4668,4669,4670,4671,4672,4673,4674]],"id":"feature_1592"},{"properties":{"sa2_code":"316011413","sa2_name":"Buderim - North","state":"Queensland"},"type":"Polygon","arcs":[[4675]],"id":"feature_1593"},{"properties":{"sa2_code":"316011414","sa2_name":"Buderim - South","state":"Queensland"},"type":"Polygon","arcs":[[4676]],"id":"feature_1594"},{"properties":{"sa2_code":"316011415","sa2_name":"Mountain Creek","state":"Queensland"},"type":"Polygon","arcs":[[4677]],"id":"feature_1595"},{"properties":{"sa2_code":"316011416","sa2_name":"Sippy Downs","state":"Queensland"},"type":"Polygon","arcs":[[4678]],"id":"feature_1596"},{"properties":{"sa2_code":"316021417","sa2_name":"Aroona - Currimundi","state":"Queensland"},"type":"Polygon","arcs":[[4679]],"id":"feature_1597"},{"properties":{"sa2_code":"316021418","sa2_name":"Buddina - Minyama","state":"Queensland"},"type":"Polygon","arcs":[[4680]],"id":"feature_1598"},{"properties":{"sa2_code":"316021419","sa2_name":"Caloundra - Kings Beach","state":"Queensland"},"type":"Polygon","arcs":[[4681]],"id":"feature_1599"},{"properties":{"sa2_code":"316021421","sa2_name":"Golden Beach - Pelican Waters","state":"Queensland"},"type":"Polygon","arcs":[[4682]],"id":"feature_1600"},{"properties":{"sa2_code":"316021422","sa2_name":"Moffat Beach - Battery Hill","state":"Queensland"},"type":"Polygon","arcs":[[4683]],"id":"feature_1601"},{"properties":{"sa2_code":"316021423","sa2_name":"Parrearra - Warana","state":"Queensland"},"type":"Polygon","arcs":[[4684]],"id":"feature_1602"},{"properties":{"sa2_code":"316021424","sa2_name":"Wurtulla - Birtinya","state":"Queensland"},"type":"Polygon","arcs":[[4685]],"id":"feature_1603"},{"properties":{"sa2_code":"316021580","sa2_name":"Caloundra West - Baringa","state":"Queensland"},"type":"Polygon","arcs":[[4686]],"id":"feature_1604"},{"properties":{"sa2_code":"316021581","sa2_name":"Meridan Plains - Little Mountain (North)","state":"Queensland"},"type":"Polygon","arcs":[[4687]],"id":"feature_1605"},{"properties":{"sa2_code":"316031425","sa2_name":"Coolum Beach","state":"Queensland"},"type":"Polygon","arcs":[[4688]],"id":"feature_1606"},{"properties":{"sa2_code":"316031426","sa2_name":"Marcoola - Mudjimba","state":"Queensland"},"type":"MultiPolygon","arcs":[[[4689]],[[4690]]],"id":"feature_1607"},{"properties":{"sa2_code":"316031427","sa2_name":"Maroochydore - Kuluin","state":"Queensland"},"type":"Polygon","arcs":[[4691]],"id":"feature_1608"},{"properties":{"sa2_code":"316031428","sa2_name":"Mooloolaba - Alexandra Headland","state":"Queensland"},"type":"Polygon","arcs":[[4692]],"id":"feature_1609"},{"properties":{"sa2_code":"316051434","sa2_name":"Noosa Heads","state":"Queensland"},"type":"Polygon","arcs":[[4693]],"id":"feature_1610"},{"properties":{"sa2_code":"316051435","sa2_name":"Noosaville","state":"Queensland"},"type":"Polygon","arcs":[[4694]],"id":"feature_1611"},{"properties":{"sa2_code":"316051437","sa2_name":"Sunshine Beach","state":"Queensland"},"type":"Polygon","arcs":[[4695]],"id":"feature_1612"},{"properties":{"sa2_code":"316051438","sa2_name":"Tewantin","state":"Queensland"},"type":"Polygon","arcs":[[4696]],"id":"feature_1613"},{"properties":{"sa2_code":"316051543","sa2_name":"Peregian Beach - Marcus Beach","state":"Queensland"},"type":"Polygon","arcs":[[4697]],"id":"feature_1614"},{"properties":{"sa2_code":"316051544","sa2_name":"Peregian Springs","state":"Queensland"},"type":"Polygon","arcs":[[4698]],"id":"feature_1615"},{"properties":{"sa2_code":"316061439","sa2_name":"Beerwah","state":"Queensland"},"type":"MultiPolygon","arcs":[[[4699]],[[4700]],[[4701]],[[4702]],[[4703]],[[4704]],[[4705]],[[4706]]],"id":"feature_1616"},{"properties":{"sa2_code":"316061440","sa2_name":"Caloundra Hinterland","state":"Queensland"},"type":"Polygon","arcs":[[-4720,4707]],"id":"feature_1617"},{"properties":{"sa2_code":"316061441","sa2_name":"Glass House Mountains","state":"Queensland"},"type":"MultiPolygon","arcs":[[[4708]],[[4709]],[[4710]],[[4711]],[[4712]],[[4713]],[[4714]],[[4715]],[[4716]]],"id":"feature_1618"},{"properties":{"sa2_code":"316061442","sa2_name":"Landsborough","state":"Queensland"},"type":"Polygon","arcs":[[4717]],"id":"feature_1619"},{"properties":{"sa2_code":"316061443","sa2_name":"Maroochy Hinterland","state":"Queensland"},"type":"Polygon","arcs":[[-4727,4718,4719,4720,4721,4722]],"id":"feature_1620"},{"properties":{"sa2_code":"316061444","sa2_name":"Palmwoods","state":"Queensland"},"type":"Polygon","arcs":[[4723]],"id":"feature_1621"},{"properties":{"sa2_code":"316071545","sa2_name":"Bli Bli","state":"Queensland"},"type":"Polygon","arcs":[[4724]],"id":"feature_1622"},{"properties":{"sa2_code":"316071546","sa2_name":"Diddillibah - Rosemount","state":"Queensland"},"type":"Polygon","arcs":[[4725]],"id":"feature_1623"},{"properties":{"sa2_code":"316071547","sa2_name":"Eumundi - Yandina","state":"Queensland"},"type":"Polygon","arcs":[[4726,4727]],"id":"feature_1624"},{"properties":{"sa2_code":"316071548","sa2_name":"Nambour","state":"Queensland"},"type":"Polygon","arcs":[[4728]],"id":"feature_1625"},{"properties":{"sa2_code":"316081549","sa2_name":"Noosa Hinterland","state":"Queensland"},"type":"Polygon","arcs":[[-4968,4729,-4955,4730]],"id":"feature_1626"},{"properties":{"sa2_code":"317011445","sa2_name":"Cambooya - Wyreema","state":"Queensland"},"type":"Polygon","arcs":[[4731,4732]],"id":"feature_1627"},{"properties":{"sa2_code":"317011446","sa2_name":"Darling Heights","state":"Queensland"},"type":"Polygon","arcs":[[4733]],"id":"feature_1628"},{"properties":{"sa2_code":"317011447","sa2_name":"Drayton - Harristown","state":"Queensland"},"type":"Polygon","arcs":[[4734]],"id":"feature_1629"},{"properties":{"sa2_code":"317011448","sa2_name":"Gatton","state":"Queensland"},"type":"Polygon","arcs":[[4735,4736,-4746,4737]],"id":"feature_1630"},{"properties":{"sa2_code":"317011449","sa2_name":"Gowrie (Qld)","state":"Queensland"},"type":"Polygon","arcs":[[4738]],"id":"feature_1631"},{"properties":{"sa2_code":"317011450","sa2_name":"Highfields","state":"Queensland"},"type":"Polygon","arcs":[[4739,4740]],"id":"feature_1632"},{"properties":{"sa2_code":"317011451","sa2_name":"Lockyer Valley - West","state":"Queensland"},"type":"Polygon","arcs":[[4741,4742,4743,4744,4745,4746,4747,4748,4749,4750,-4758,4751]],"id":"feature_1633"},{"properties":{"sa2_code":"317011452","sa2_name":"Middle Ridge","state":"Queensland"},"type":"Polygon","arcs":[[4752]],"id":"feature_1634"},{"properties":{"sa2_code":"317011453","sa2_name":"Newtown (Qld)","state":"Queensland"},"type":"Polygon","arcs":[[4753]],"id":"feature_1635"},{"properties":{"sa2_code":"317011454","sa2_name":"North Toowoomba - Harlaxton","state":"Queensland"},"type":"Polygon","arcs":[[4754]],"id":"feature_1636"},{"properties":{"sa2_code":"317011455","sa2_name":"Rangeville","state":"Queensland"},"type":"Polygon","arcs":[[4755]],"id":"feature_1637"},{"properties":{"sa2_code":"317011456","sa2_name":"Toowoomba - Central","state":"Queensland"},"type":"Polygon","arcs":[[4756]],"id":"feature_1638"},{"properties":{"sa2_code":"317011457","sa2_name":"Toowoomba - East","state":"Queensland"},"type":"Polygon","arcs":[[4757,4758]],"id":"feature_1639"},{"properties":{"sa2_code":"317011458","sa2_name":"Toowoomba - West","state":"Queensland"},"type":"Polygon","arcs":[[4759]],"id":"feature_1640"},{"properties":{"sa2_code":"317011459","sa2_name":"Wilsonton","state":"Queensland"},"type":"Polygon","arcs":[[4760]],"id":"feature_1641"},{"properties":{"sa2_code":"318011460","sa2_name":"Ayr","state":"Queensland"},"type":"Polygon","arcs":[[-4770,4761]],"id":"feature_1642"},{"properties":{"sa2_code":"318011461","sa2_name":"Burdekin","state":"Queensland"},"type":"MultiPolygon","arcs":[[[4762]],[[-4858,4763,-4856,4764,4765,4766,-4788,4767,-4786,4768],[4769,4770]]],"id":"feature_1643"},{"properties":{"sa2_code":"318011462","sa2_name":"Charters Towers","state":"Queensland"},"type":"Polygon","arcs":[[4771]],"id":"feature_1644"},{"properties":{"sa2_code":"318011463","sa2_name":"Dalrymple","state":"Queensland"},"type":"Polygon","arcs":[[4772,4773,4774,4775,4776,4777,4778,4779,4780,-4805,4781,-4842,4782,-4846,4783,-4860,4784,4785,4786,4787,4788,4789,4790,4791,4792,4793,4794,4795,4796,4797],[4798]],"id":"feature_1645"},{"properties":{"sa2_code":"318011464","sa2_name":"Ingham","state":"Queensland"},"type":"Polygon","arcs":[[4799]],"id":"feature_1646"},{"properties":{"sa2_code":"318011465","sa2_name":"Ingham Surrounds","state":"Queensland"},"type":"MultiPolygon","arcs":[[[4800]],[[4801]],[[4802,-4844,4803,4804,4805,4806],[4807]]],"id":"feature_1647"},{"properties":{"sa2_code":"318011466","sa2_name":"Palm Island","state":"Queensland"},"type":"MultiPolygon","arcs":[[[4808]],[[4809]],[[4810]],[[4811]],[[4812]],[[4813]],[[4814]],[[4815]],[[4816]],[[4817]]],"id":"feature_1648"},{"properties":{"sa2_code":"318021467","sa2_name":"Aitkenvale","state":"Queensland"},"type":"Polygon","arcs":[[4818]],"id":"feature_1649"},{"properties":{"sa2_code":"318021468","sa2_name":"Annandale (Qld)","state":"Queensland"},"type":"Polygon","arcs":[[4819]],"id":"feature_1650"},{"properties":{"sa2_code":"318021469","sa2_name":"Belgian Gardens - Pallarenda","state":"Queensland"},"type":"Polygon","arcs":[[4820]],"id":"feature_1651"},{"properties":{"sa2_code":"318021470","sa2_name":"Bohle Plains","state":"Queensland"},"type":"Polygon","arcs":[[4821]],"id":"feature_1652"},{"properties":{"sa2_code":"318021471","sa2_name":"Condon - Rasmussen","state":"Queensland"},"type":"Polygon","arcs":[[-4831,4822]],"id":"feature_1653"},{"properties":{"sa2_code":"318021472","sa2_name":"Cranbrook","state":"Queensland"},"type":"Polygon","arcs":[[4823]],"id":"feature_1654"},{"properties":{"sa2_code":"318021474","sa2_name":"Douglas","state":"Queensland"},"type":"Polygon","arcs":[[-4864,4824]],"id":"feature_1655"},{"properties":{"sa2_code":"318021475","sa2_name":"Garbutt - West End","state":"Queensland"},"type":"Polygon","arcs":[[4825]],"id":"feature_1656"},{"properties":{"sa2_code":"318021476","sa2_name":"Gulliver - Currajong - Vincent","state":"Queensland"},"type":"Polygon","arcs":[[4826]],"id":"feature_1657"},{"properties":{"sa2_code":"318021477","sa2_name":"Heatley","state":"Queensland"},"type":"Polygon","arcs":[[4827]],"id":"feature_1658"},{"properties":{"sa2_code":"318021478","sa2_name":"Hermit Park - Rosslea","state":"Queensland"},"type":"Polygon","arcs":[[4828]],"id":"feature_1659"},{"properties":{"sa2_code":"318021479","sa2_name":"Hyde Park - Pimlico","state":"Queensland"},"type":"Polygon","arcs":[[4829]],"id":"feature_1660"},{"properties":{"sa2_code":"318021480","sa2_name":"Kelso","state":"Queensland"},"type":"Polygon","arcs":[[4830,4831,-4862,4832]],"id":"feature_1661"},{"properties":{"sa2_code":"318021481","sa2_name":"Kirwan - East","state":"Queensland"},"type":"Polygon","arcs":[[4833]],"id":"feature_1662"},{"properties":{"sa2_code":"318021482","sa2_name":"Kirwan - West","state":"Queensland"},"type":"Polygon","arcs":[[4834]],"id":"feature_1663"},{"properties":{"sa2_code":"318021483","sa2_name":"Magnetic Island","state":"Queensland"},"type":"Polygon","arcs":[[4835]],"id":"feature_1664"},{"properties":{"sa2_code":"318021484","sa2_name":"Mount Louisa","state":"Queensland"},"type":"Polygon","arcs":[[4836]],"id":"feature_1665"},{"properties":{"sa2_code":"318021485","sa2_name":"Mundingburra","state":"Queensland"},"type":"Polygon","arcs":[[4837]],"id":"feature_1666"},{"properties":{"sa2_code":"318021486","sa2_name":"Northern Beaches","state":"Queensland"},"type":"MultiPolygon","arcs":[[[4838]],[[4839]],[[4840]],[[4841,4842,4843,4844,4845,4846]]],"id":"feature_1667"},{"properties":{"sa2_code":"318021487","sa2_name":"Oonoonba","state":"Queensland"},"type":"Polygon","arcs":[[4847]],"id":"feature_1668"},{"properties":{"sa2_code":"318021488","sa2_name":"South Townsville - Railway Estate","state":"Queensland"},"type":"Polygon","arcs":[[4848]],"id":"feature_1669"},{"properties":{"sa2_code":"318021489","sa2_name":"Townsville - South","state":"Queensland"},"type":"MultiPolygon","arcs":[[[4849]],[[4850]],[[4851]],[[4852]],[[4853]],[[4854]],[[4855,4856,4857,4858,4859,4860,4861,4862,4863,4864]]],"id":"feature_1670"},{"properties":{"sa2_code":"318021490","sa2_name":"Townsville City - North Ward","state":"Queensland"},"type":"Polygon","arcs":[[4865]],"id":"feature_1671"},{"properties":{"sa2_code":"318021491","sa2_name":"Wulguru - Roseneath","state":"Queensland"},"type":"Polygon","arcs":[[4866]],"id":"feature_1672"},{"properties":{"sa2_code":"318021582","sa2_name":"Burdell - Mount Low","state":"Queensland"},"type":"Polygon","arcs":[[4867]],"id":"feature_1673"},{"properties":{"sa2_code":"318021583","sa2_name":"Deeragun - Jensen","state":"Queensland"},"type":"Polygon","arcs":[[4868]],"id":"feature_1674"},{"properties":{"sa2_code":"319011492","sa2_name":"Ashfield - Kepnock","state":"Queensland"},"type":"Polygon","arcs":[[4869]],"id":"feature_1675"},{"properties":{"sa2_code":"319011493","sa2_name":"Bargara - Burnett Heads","state":"Queensland"},"type":"MultiPolygon","arcs":[[[4870]],[[4871]]],"id":"feature_1676"},{"properties":{"sa2_code":"319011494","sa2_name":"Branyan - Kensington","state":"Queensland"},"type":"Polygon","arcs":[[4872]],"id":"feature_1677"},{"properties":{"sa2_code":"319011495","sa2_name":"Bundaberg","state":"Queensland"},"type":"Polygon","arcs":[[4873]],"id":"feature_1678"},{"properties":{"sa2_code":"319011496","sa2_name":"Bundaberg East - Kalkie","state":"Queensland"},"type":"Polygon","arcs":[[4874]],"id":"feature_1679"},{"properties":{"sa2_code":"319011497","sa2_name":"Bundaberg North - Gooburrum","state":"Queensland"},"type":"Polygon","arcs":[[4875]],"id":"feature_1680"},{"properties":{"sa2_code":"319011498","sa2_name":"Bundaberg Surrounds - North","state":"Queensland"},"type":"Polygon","arcs":[[4876,-4898,4877,4878]],"id":"feature_1681"},{"properties":{"sa2_code":"319011499","sa2_name":"Bundaberg Surrounds - South","state":"Queensland"},"type":"Polygon","arcs":[[-5019,4879,-4887,4880]],"id":"feature_1682"},{"properties":{"sa2_code":"319011500","sa2_name":"Millbank - Avoca","state":"Queensland"},"type":"Polygon","arcs":[[4881]],"id":"feature_1683"},{"properties":{"sa2_code":"319011501","sa2_name":"Svensson Heights - Norville","state":"Queensland"},"type":"Polygon","arcs":[[4882]],"id":"feature_1684"},{"properties":{"sa2_code":"319011502","sa2_name":"Walkervale - Avenell Heights","state":"Queensland"},"type":"Polygon","arcs":[[4883]],"id":"feature_1685"},{"properties":{"sa2_code":"319021503","sa2_name":"Gayndah - Mundubbera","state":"Queensland"},"type":"Polygon","arcs":[[-4924,4884,-4922,4885,4886,4887,-5038,4888,-5048,4889,-4974,4890,-4904,4891,-4902,4892,4893,4894]],"id":"feature_1686"},{"properties":{"sa2_code":"319021504","sa2_name":"Gin Gin","state":"Queensland"},"type":"Polygon","arcs":[[4895,4896,4897,4898,-4920,4899]],"id":"feature_1687"},{"properties":{"sa2_code":"319021505","sa2_name":"Kingaroy","state":"Queensland"},"type":"Polygon","arcs":[[-4915]],"id":"feature_1688"},{"properties":{"sa2_code":"319021506","sa2_name":"Kingaroy Surrounds - North","state":"Queensland"},"type":"Polygon","arcs":[[4900,4901,4902,4903,4904,-4981,4905,-4928,4906,-4910,4907,4908]],"id":"feature_1689"},{"properties":{"sa2_code":"319021507","sa2_name":"Kingaroy Surrounds - South","state":"Queensland"},"type":"Polygon","arcs":[[4909,4910,-4936,4911,4912,4913],[4914]],"id":"feature_1690"},{"properties":{"sa2_code":"319021508","sa2_name":"Monto - Eidsvold","state":"Queensland"},"type":"Polygon","arcs":[[4915,4916,4917,4918,4919,4920,4921,4922,4923,4924,4925,4926]],"id":"feature_1691"},{"properties":{"sa2_code":"319021509","sa2_name":"Nanango","state":"Queensland"},"type":"Polygon","arcs":[[4927,4928,4929,4930,4931,4932,4933,4934,4935,4936]],"id":"feature_1692"},{"properties":{"sa2_code":"319021510","sa2_name":"North Burnett","state":"Queensland"},"type":"Polygon","arcs":[[4937,4938]],"id":"feature_1693"},{"properties":{"sa2_code":"319031511","sa2_name":"Cooloola","state":"Queensland"},"type":"MultiPolygon","arcs":[[[4939]],[[4940]],[[4941]],[[4942]],[[4943]],[[4944]],[[4945]],[[4946]],[[4947]],[[4948]],[[4949]],[[4950]],[[4951]],[[4952,-5042,4953,4954,4955,-4966]],[[4956]],[[4957]],[[4958]],[[4959]],[[4960]]],"id":"feature_1694"},{"properties":{"sa2_code":"319031512","sa2_name":"Gympie - North","state":"Queensland"},"type":"Polygon","arcs":[[-4971,4961]],"id":"feature_1695"},{"properties":{"sa2_code":"319031513","sa2_name":"Gympie - South","state":"Queensland"},"type":"Polygon","arcs":[[4962]],"id":"feature_1696"},{"properties":{"sa2_code":"319031514","sa2_name":"Gympie Surrounds","state":"Queensland"},"type":"Polygon","arcs":[[-4977,4963,-5044,4964,4965,4966,4967,4968,-4979,4969],[4970,4971]],"id":"feature_1697"},{"properties":{"sa2_code":"319031515","sa2_name":"Kilkivan","state":"Queensland"},"type":"Polygon","arcs":[[4972,4973,4974,-5046,4975,4976,4977,4978,4979,4980]],"id":"feature_1698"},{"properties":{"sa2_code":"319041516","sa2_name":"Booral - River Heads","state":"Queensland"},"type":"Polygon","arcs":[[4981]],"id":"feature_1699"},{"properties":{"sa2_code":"319041517","sa2_name":"Craignish - Dundowran Beach","state":"Queensland"},"type":"Polygon","arcs":[[4982]],"id":"feature_1700"},{"properties":{"sa2_code":"319041518","sa2_name":"Pialba - Eli Waters","state":"Queensland"},"type":"Polygon","arcs":[[4983]],"id":"feature_1701"},{"properties":{"sa2_code":"319041519","sa2_name":"Point Vernon","state":"Queensland"},"type":"Polygon","arcs":[[4984]],"id":"feature_1702"},{"properties":{"sa2_code":"319041520","sa2_name":"Torquay - Scarness - Kawungan","state":"Queensland"},"type":"Polygon","arcs":[[4985]],"id":"feature_1703"},{"properties":{"sa2_code":"319041521","sa2_name":"Urangan - Wondunna","state":"Queensland"},"type":"Polygon","arcs":[[4986]],"id":"feature_1704"},{"properties":{"sa2_code":"319051522","sa2_name":"Burrum - Fraser","state":"Queensland"},"type":"MultiPolygon","arcs":[[[4987]],[[4988]],[[4989]],[[4990]],[[4991]],[[4992]],[[4993]],[[4994]],[[4995]],[[4996]],[[4997]],[[4998]],[[4999]],[[5000]],[[5001]],[[5002]],[[5003]],[[5004]],[[5005]],[[5006]],[[5007]],[[5008]],[[5009]],[[5010]],[[5011]],[[5012]],[[5013]],[[5014]],[[5015]],[[-5017]],[[5017]],[[5018,5019]],[[5020]]],"id":"feature_1705"},{"properties":{"sa2_code":"319051523","sa2_name":"Granville","state":"Queensland"},"type":"Polygon","arcs":[[5021,-5040]],"id":"feature_1706"},{"properties":{"sa2_code":"319051524","sa2_name":"Maryborough (Qld)","state":"Queensland"},"type":"Polygon","arcs":[[5022]],"id":"feature_1707"},{"properties":{"sa2_code":"319051525","sa2_name":"Maryborough Surrounds - South","state":"Queensland"},"type":"MultiPolygon","arcs":[[[5023]],[[5024]],[[5025]],[[5026]],[[5027]],[[5028]],[[5029]],[[5030]],[[5031]],[[5032]],[[5033]],[[5034]],[[5035]],[[5036]],[[5037,5038,5039,5040,5041,5042,5043,5044,5045,5046,5047,5048]],[[5049]],[[5050]],[[5051]],[[5052]],[[5053]],[[5054]],[[5055]],[[5056]],[[5057]],[[5058]],[[5059]],[[5060]],[[5061]],[[5062]],[[5063]],[[5064]],[[5065]],[[5066]],[[5067]],[[5068]],[[5069]],[[5070]],[[5071]],[[5072]],[[5073]],[[5074]],[[5075]],[[5076]],[[5077]],[[5078]],[[5079]],[[5080]],[[5081]],[[5082]],[[5083]],[[5084]],[[5085]],[[5086]],[[5087]],[[5088]],[[5089]],[[5090]],[[5091]],[[5092]],[[5093]],[[5094]],[[5095]],[[5096]],[[5097]],[[5098]]],"id":"feature_1708"},{"properties":{"sa2_code":"319051526","sa2_name":"Tinana","state":"Queensland"},"type":"Polygon","arcs":[[5099]],"id":"feature_1709"},{"properties":{"sa2_code":"401011001","sa2_name":"Adelaide","state":"South Australia"},"type":"Polygon","arcs":[[5100]],"id":"feature_1710"},{"properties":{"sa2_code":"401011002","sa2_name":"North Adelaide","state":"South Australia"},"type":"Polygon","arcs":[[5101]],"id":"feature_1711"},{"properties":{"sa2_code":"401021003","sa2_name":"Adelaide Hills","state":"South Australia"},"type":"Polygon","arcs":[[-5218,5102,-5657,5103]],"id":"feature_1712"},{"properties":{"sa2_code":"401021004","sa2_name":"Aldgate - Stirling","state":"South Australia"},"type":"Polygon","arcs":[[5104]],"id":"feature_1713"},{"properties":{"sa2_code":"401021005","sa2_name":"Hahndorf - Echunga","state":"South Australia"},"type":"Polygon","arcs":[[5105]],"id":"feature_1714"},{"properties":{"sa2_code":"401021006","sa2_name":"Lobethal - Woodside","state":"South Australia"},"type":"Polygon","arcs":[[5106]],"id":"feature_1715"},{"properties":{"sa2_code":"401021007","sa2_name":"Mount Barker","state":"South Australia"},"type":"Polygon","arcs":[[5107]],"id":"feature_1716"},{"properties":{"sa2_code":"401021008","sa2_name":"Mount Barker Surrounds","state":"South Australia"},"type":"Polygon","arcs":[[5108]],"id":"feature_1717"},{"properties":{"sa2_code":"401021009","sa2_name":"Nairne","state":"South Australia"},"type":"Polygon","arcs":[[5109]],"id":"feature_1718"},{"properties":{"sa2_code":"401021010","sa2_name":"Uraidla - Summertown","state":"South Australia"},"type":"Polygon","arcs":[[5110]],"id":"feature_1719"},{"properties":{"sa2_code":"401031011","sa2_name":"Burnside - Wattle Park","state":"South Australia"},"type":"Polygon","arcs":[[5111]],"id":"feature_1720"},{"properties":{"sa2_code":"401031012","sa2_name":"Beaumont - Glen Osmond","state":"South Australia"},"type":"Polygon","arcs":[[5112]],"id":"feature_1721"},{"properties":{"sa2_code":"401031013","sa2_name":"Toorak Gardens","state":"South Australia"},"type":"Polygon","arcs":[[5113]],"id":"feature_1722"},{"properties":{"sa2_code":"401041014","sa2_name":"Athelstone","state":"South Australia"},"type":"Polygon","arcs":[[5114]],"id":"feature_1723"},{"properties":{"sa2_code":"401041015","sa2_name":"Paradise - Newton","state":"South Australia"},"type":"Polygon","arcs":[[5115]],"id":"feature_1724"},{"properties":{"sa2_code":"401041016","sa2_name":"Rostrevor - Magill","state":"South Australia"},"type":"Polygon","arcs":[[5116]],"id":"feature_1725"},{"properties":{"sa2_code":"401051017","sa2_name":"Norwood (SA)","state":"South Australia"},"type":"Polygon","arcs":[[5117]],"id":"feature_1726"},{"properties":{"sa2_code":"401051018","sa2_name":"Payneham - Felixstow","state":"South Australia"},"type":"Polygon","arcs":[[5118]],"id":"feature_1727"},{"properties":{"sa2_code":"401051019","sa2_name":"St Peters - Marden","state":"South Australia"},"type":"Polygon","arcs":[[5119]],"id":"feature_1728"},{"properties":{"sa2_code":"401061020","sa2_name":"Nailsworth - Broadview","state":"South Australia"},"type":"Polygon","arcs":[[5120]],"id":"feature_1729"},{"properties":{"sa2_code":"401061021","sa2_name":"Prospect","state":"South Australia"},"type":"Polygon","arcs":[[5121]],"id":"feature_1730"},{"properties":{"sa2_code":"401061022","sa2_name":"Walkerville","state":"South Australia"},"type":"Polygon","arcs":[[5122]],"id":"feature_1731"},{"properties":{"sa2_code":"401071023","sa2_name":"Goodwood - Millswood","state":"South Australia"},"type":"Polygon","arcs":[[5123]],"id":"feature_1732"},{"properties":{"sa2_code":"401071024","sa2_name":"Unley - Parkside","state":"South Australia"},"type":"Polygon","arcs":[[5124]],"id":"feature_1733"},{"properties":{"sa2_code":"402011025","sa2_name":"Gawler - North","state":"South Australia"},"type":"Polygon","arcs":[[-5223,5125]],"id":"feature_1734"},{"properties":{"sa2_code":"402011026","sa2_name":"Gawler - South","state":"South Australia"},"type":"Polygon","arcs":[[5126]],"id":"feature_1735"},{"properties":{"sa2_code":"402011027","sa2_name":"Lewiston - Two Wells","state":"South Australia"},"type":"Polygon","arcs":[[5127]],"id":"feature_1736"},{"properties":{"sa2_code":"402021028","sa2_name":"Craigmore - Blakeview","state":"South Australia"},"type":"Polygon","arcs":[[5128]],"id":"feature_1737"},{"properties":{"sa2_code":"402021029","sa2_name":"Davoren Park","state":"South Australia"},"type":"Polygon","arcs":[[5129]],"id":"feature_1738"},{"properties":{"sa2_code":"402021030","sa2_name":"Elizabeth","state":"South Australia"},"type":"Polygon","arcs":[[5130]],"id":"feature_1739"},{"properties":{"sa2_code":"402021031","sa2_name":"Elizabeth East","state":"South Australia"},"type":"Polygon","arcs":[[5131]],"id":"feature_1740"},{"properties":{"sa2_code":"402021032","sa2_name":"Munno Para West - Angle Vale","state":"South Australia"},"type":"Polygon","arcs":[[5132]],"id":"feature_1741"},{"properties":{"sa2_code":"402021033","sa2_name":"One Tree Hill","state":"South Australia"},"type":"Polygon","arcs":[[5133]],"id":"feature_1742"},{"properties":{"sa2_code":"402021034","sa2_name":"Smithfield - Elizabeth North","state":"South Australia"},"type":"Polygon","arcs":[[5134]],"id":"feature_1743"},{"properties":{"sa2_code":"402021035","sa2_name":"Virginia - Waterloo Corner","state":"South Australia"},"type":"Polygon","arcs":[[5135]],"id":"feature_1744"},{"properties":{"sa2_code":"402031036","sa2_name":"Enfield - Blair Athol","state":"South Australia"},"type":"Polygon","arcs":[[5136]],"id":"feature_1745"},{"properties":{"sa2_code":"402031038","sa2_name":"Windsor Gardens","state":"South Australia"},"type":"Polygon","arcs":[[5137]],"id":"feature_1746"},{"properties":{"sa2_code":"402031175","sa2_name":"Northgate - Northfield","state":"South Australia"},"type":"Polygon","arcs":[[5138]],"id":"feature_1747"},{"properties":{"sa2_code":"402031176","sa2_name":"Valley View - Gilles Plains","state":"South Australia"},"type":"Polygon","arcs":[[5139]],"id":"feature_1748"},{"properties":{"sa2_code":"402041039","sa2_name":"Dry Creek - North","state":"South Australia"},"type":"Polygon","arcs":[[5140]],"id":"feature_1749"},{"properties":{"sa2_code":"402041040","sa2_name":"Ingle Farm","state":"South Australia"},"type":"Polygon","arcs":[[5141]],"id":"feature_1750"},{"properties":{"sa2_code":"402041041","sa2_name":"Para Hills","state":"South Australia"},"type":"Polygon","arcs":[[5142]],"id":"feature_1751"},{"properties":{"sa2_code":"402041042","sa2_name":"Parafield","state":"South Australia"},"type":"Polygon","arcs":[[5143]],"id":"feature_1752"},{"properties":{"sa2_code":"402041043","sa2_name":"Parafield Gardens","state":"South Australia"},"type":"Polygon","arcs":[[5144]],"id":"feature_1753"},{"properties":{"sa2_code":"402041044","sa2_name":"Paralowie","state":"South Australia"},"type":"Polygon","arcs":[[5145]],"id":"feature_1754"},{"properties":{"sa2_code":"402041046","sa2_name":"Salisbury","state":"South Australia"},"type":"Polygon","arcs":[[5146]],"id":"feature_1755"},{"properties":{"sa2_code":"402041047","sa2_name":"Salisbury East","state":"South Australia"},"type":"Polygon","arcs":[[5147]],"id":"feature_1756"},{"properties":{"sa2_code":"402041048","sa2_name":"Salisbury North","state":"South Australia"},"type":"Polygon","arcs":[[5148]],"id":"feature_1757"},{"properties":{"sa2_code":"402041171","sa2_name":"Mawson Lakes - Globe Derby Park","state":"South Australia"},"type":"Polygon","arcs":[[5149]],"id":"feature_1758"},{"properties":{"sa2_code":"402041172","sa2_name":"Pooraka - Cavan","state":"South Australia"},"type":"Polygon","arcs":[[5150]],"id":"feature_1759"},{"properties":{"sa2_code":"402051049","sa2_name":"Golden Grove","state":"South Australia"},"type":"Polygon","arcs":[[5151]],"id":"feature_1760"},{"properties":{"sa2_code":"402051050","sa2_name":"Greenwith","state":"South Australia"},"type":"Polygon","arcs":[[5152]],"id":"feature_1761"},{"properties":{"sa2_code":"402051051","sa2_name":"Highbury - Dernancourt","state":"South Australia"},"type":"Polygon","arcs":[[5153]],"id":"feature_1762"},{"properties":{"sa2_code":"402051052","sa2_name":"Hope Valley - Modbury","state":"South Australia"},"type":"Polygon","arcs":[[5154]],"id":"feature_1763"},{"properties":{"sa2_code":"402051053","sa2_name":"Modbury Heights","state":"South Australia"},"type":"Polygon","arcs":[[5155]],"id":"feature_1764"},{"properties":{"sa2_code":"402051054","sa2_name":"Redwood Park","state":"South Australia"},"type":"Polygon","arcs":[[5156]],"id":"feature_1765"},{"properties":{"sa2_code":"402051055","sa2_name":"St Agnes - Ridgehaven","state":"South Australia"},"type":"Polygon","arcs":[[5157]],"id":"feature_1766"},{"properties":{"sa2_code":"403011056","sa2_name":"Brighton (SA)","state":"South Australia"},"type":"Polygon","arcs":[[5158]],"id":"feature_1767"},{"properties":{"sa2_code":"403011057","sa2_name":"Glenelg (SA)","state":"South Australia"},"type":"Polygon","arcs":[[5159]],"id":"feature_1768"},{"properties":{"sa2_code":"403021058","sa2_name":"Edwardstown","state":"South Australia"},"type":"Polygon","arcs":[[5160]],"id":"feature_1769"},{"properties":{"sa2_code":"403021059","sa2_name":"Hallett Cove","state":"South Australia"},"type":"Polygon","arcs":[[5161]],"id":"feature_1770"},{"properties":{"sa2_code":"403021060","sa2_name":"Marino - Seaview Downs","state":"South Australia"},"type":"Polygon","arcs":[[5162]],"id":"feature_1771"},{"properties":{"sa2_code":"403021061","sa2_name":"Mitchell Park","state":"South Australia"},"type":"Polygon","arcs":[[5163]],"id":"feature_1772"},{"properties":{"sa2_code":"403021062","sa2_name":"Morphettville","state":"South Australia"},"type":"Polygon","arcs":[[5164]],"id":"feature_1773"},{"properties":{"sa2_code":"403021063","sa2_name":"Sheidow Park - Trott Park","state":"South Australia"},"type":"Polygon","arcs":[[5165]],"id":"feature_1774"},{"properties":{"sa2_code":"403021064","sa2_name":"Warradale","state":"South Australia"},"type":"Polygon","arcs":[[5166]],"id":"feature_1775"},{"properties":{"sa2_code":"403031065","sa2_name":"Belair","state":"South Australia"},"type":"Polygon","arcs":[[5167]],"id":"feature_1776"},{"properties":{"sa2_code":"403031066","sa2_name":"Bellevue Heights","state":"South Australia"},"type":"Polygon","arcs":[[5168]],"id":"feature_1777"},{"properties":{"sa2_code":"403031067","sa2_name":"Blackwood","state":"South Australia"},"type":"Polygon","arcs":[[5169]],"id":"feature_1778"},{"properties":{"sa2_code":"403031068","sa2_name":"Colonel Light Gardens","state":"South Australia"},"type":"Polygon","arcs":[[5170]],"id":"feature_1779"},{"properties":{"sa2_code":"403031069","sa2_name":"Mitcham (SA)","state":"South Australia"},"type":"Polygon","arcs":[[5171]],"id":"feature_1780"},{"properties":{"sa2_code":"403031070","sa2_name":"Panorama","state":"South Australia"},"type":"Polygon","arcs":[[5172]],"id":"feature_1781"},{"properties":{"sa2_code":"403041071","sa2_name":"Aberfoyle Park","state":"South Australia"},"type":"Polygon","arcs":[[5173]],"id":"feature_1782"},{"properties":{"sa2_code":"403041072","sa2_name":"Aldinga","state":"South Australia"},"type":"Polygon","arcs":[[5174]],"id":"feature_1783"},{"properties":{"sa2_code":"403041073","sa2_name":"Christie Downs","state":"South Australia"},"type":"Polygon","arcs":[[5175]],"id":"feature_1784"},{"properties":{"sa2_code":"403041074","sa2_name":"Christies Beach","state":"South Australia"},"type":"Polygon","arcs":[[5176]],"id":"feature_1785"},{"properties":{"sa2_code":"403041075","sa2_name":"Clarendon","state":"South Australia"},"type":"Polygon","arcs":[[5177]],"id":"feature_1786"},{"properties":{"sa2_code":"403041076","sa2_name":"Coromandel Valley","state":"South Australia"},"type":"Polygon","arcs":[[5178]],"id":"feature_1787"},{"properties":{"sa2_code":"403041077","sa2_name":"Flagstaff Hill","state":"South Australia"},"type":"Polygon","arcs":[[5179]],"id":"feature_1788"},{"properties":{"sa2_code":"403041078","sa2_name":"Hackham - Onkaparinga Hills","state":"South Australia"},"type":"Polygon","arcs":[[5180]],"id":"feature_1789"},{"properties":{"sa2_code":"403041079","sa2_name":"Hackham West - Huntfield Heights","state":"South Australia"},"type":"Polygon","arcs":[[-5188,5181]],"id":"feature_1790"},{"properties":{"sa2_code":"403041080","sa2_name":"Happy Valley","state":"South Australia"},"type":"Polygon","arcs":[[5182]],"id":"feature_1791"},{"properties":{"sa2_code":"403041081","sa2_name":"Happy Valley Reservoir","state":"South Australia"},"type":"Polygon","arcs":[[5183]],"id":"feature_1792"},{"properties":{"sa2_code":"403041082","sa2_name":"Lonsdale","state":"South Australia"},"type":"Polygon","arcs":[[5184]],"id":"feature_1793"},{"properties":{"sa2_code":"403041083","sa2_name":"McLaren Vale","state":"South Australia"},"type":"Polygon","arcs":[[5185]],"id":"feature_1794"},{"properties":{"sa2_code":"403041084","sa2_name":"Morphett Vale - East","state":"South Australia"},"type":"Polygon","arcs":[[5186]],"id":"feature_1795"},{"properties":{"sa2_code":"403041085","sa2_name":"Morphett Vale - West","state":"South Australia"},"type":"Polygon","arcs":[[5187,5188]],"id":"feature_1796"},{"properties":{"sa2_code":"403041086","sa2_name":"Reynella","state":"South Australia"},"type":"Polygon","arcs":[[5189]],"id":"feature_1797"},{"properties":{"sa2_code":"403041088","sa2_name":"Willunga","state":"South Australia"},"type":"Polygon","arcs":[[5190]],"id":"feature_1798"},{"properties":{"sa2_code":"403041089","sa2_name":"Woodcroft","state":"South Australia"},"type":"Polygon","arcs":[[5191]],"id":"feature_1799"},{"properties":{"sa2_code":"403041177","sa2_name":"Seaford - Seaford Meadows","state":"South Australia"},"type":"Polygon","arcs":[[5192]],"id":"feature_1800"},{"properties":{"sa2_code":"403041178","sa2_name":"Seaford Rise - Moana","state":"South Australia"},"type":"Polygon","arcs":[[5193]],"id":"feature_1801"},{"properties":{"sa2_code":"404011090","sa2_name":"Beverley","state":"South Australia"},"type":"Polygon","arcs":[[5194]],"id":"feature_1802"},{"properties":{"sa2_code":"404011091","sa2_name":"Flinders Park","state":"South Australia"},"type":"Polygon","arcs":[[5195]],"id":"feature_1803"},{"properties":{"sa2_code":"404011092","sa2_name":"Henley Beach","state":"South Australia"},"type":"Polygon","arcs":[[5196]],"id":"feature_1804"},{"properties":{"sa2_code":"404011093","sa2_name":"Hindmarsh - Brompton","state":"South Australia"},"type":"Polygon","arcs":[[5197]],"id":"feature_1805"},{"properties":{"sa2_code":"404011094","sa2_name":"Royal Park - Hendon - Albert Park","state":"South Australia"},"type":"Polygon","arcs":[[5198]],"id":"feature_1806"},{"properties":{"sa2_code":"404011095","sa2_name":"Seaton - Grange","state":"South Australia"},"type":"Polygon","arcs":[[5199]],"id":"feature_1807"},{"properties":{"sa2_code":"404011096","sa2_name":"West Lakes","state":"South Australia"},"type":"Polygon","arcs":[[5200]],"id":"feature_1808"},{"properties":{"sa2_code":"404011097","sa2_name":"Woodville - Cheltenham","state":"South Australia"},"type":"Polygon","arcs":[[5201]],"id":"feature_1809"},{"properties":{"sa2_code":"404021098","sa2_name":"Dry Creek - South","state":"South Australia"},"type":"Polygon","arcs":[[5202]],"id":"feature_1810"},{"properties":{"sa2_code":"404021099","sa2_name":"Largs Bay - Semaphore","state":"South Australia"},"type":"Polygon","arcs":[[5203]],"id":"feature_1811"},{"properties":{"sa2_code":"404021100","sa2_name":"North Haven","state":"South Australia"},"type":"Polygon","arcs":[[5204]],"id":"feature_1812"},{"properties":{"sa2_code":"404021101","sa2_name":"Port Adelaide","state":"South Australia"},"type":"Polygon","arcs":[[5205]],"id":"feature_1813"},{"properties":{"sa2_code":"404021102","sa2_name":"The Parks","state":"South Australia"},"type":"Polygon","arcs":[[5206]],"id":"feature_1814"},{"properties":{"sa2_code":"404021103","sa2_name":"Torrens Island","state":"South Australia"},"type":"MultiPolygon","arcs":[[[5207]],[[5208]],[[5209]]],"id":"feature_1815"},{"properties":{"sa2_code":"404031104","sa2_name":"Adelaide Airport","state":"South Australia"},"type":"Polygon","arcs":[[5210]],"id":"feature_1816"},{"properties":{"sa2_code":"404031105","sa2_name":"Fulham","state":"South Australia"},"type":"Polygon","arcs":[[5211]],"id":"feature_1817"},{"properties":{"sa2_code":"404031106","sa2_name":"Lockleys","state":"South Australia"},"type":"Polygon","arcs":[[5212]],"id":"feature_1818"},{"properties":{"sa2_code":"404031107","sa2_name":"Plympton","state":"South Australia"},"type":"Polygon","arcs":[[5213]],"id":"feature_1819"},{"properties":{"sa2_code":"404031108","sa2_name":"Richmond (SA)","state":"South Australia"},"type":"Polygon","arcs":[[5214]],"id":"feature_1820"},{"properties":{"sa2_code":"404031109","sa2_name":"West Beach","state":"South Australia"},"type":"Polygon","arcs":[[5215]],"id":"feature_1821"},{"properties":{"sa2_code":"405011110","sa2_name":"Barossa - Angaston","state":"South Australia"},"type":"Polygon","arcs":[[-5659,5216,5217,5218,-5225,5219]],"id":"feature_1822"},{"properties":{"sa2_code":"405011111","sa2_name":"Light","state":"South Australia"},"type":"Polygon","arcs":[[5220,-5243,5221,5222,-5228,5223,-5236]],"id":"feature_1823"},{"properties":{"sa2_code":"405011112","sa2_name":"Lyndoch","state":"South Australia"},"type":"Polygon","arcs":[[5224,5225]],"id":"feature_1824"},{"properties":{"sa2_code":"405011113","sa2_name":"Mallala","state":"South Australia"},"type":"Polygon","arcs":[[-5253,5226,5227,5228]],"id":"feature_1825"},{"properties":{"sa2_code":"405011114","sa2_name":"Nuriootpa","state":"South Australia"},"type":"Polygon","arcs":[[5229]],"id":"feature_1826"},{"properties":{"sa2_code":"405011115","sa2_name":"Tanunda","state":"South Australia"},"type":"Polygon","arcs":[[5230]],"id":"feature_1827"},{"properties":{"sa2_code":"405021116","sa2_name":"Clare","state":"South Australia"},"type":"Polygon","arcs":[[-5240,5231]],"id":"feature_1828"},{"properties":{"sa2_code":"405021117","sa2_name":"Gilbert Valley","state":"South Australia"},"type":"Polygon","arcs":[[5232,5233,-5245,5234,5235,5236,-5251,5237,-5249],[5238,5239]],"id":"feature_1829"},{"properties":{"sa2_code":"405021118","sa2_name":"Goyder","state":"South Australia"},"type":"Polygon","arcs":[[5240,-5700,5241,5242,5243,5244,5245,-5261,5246,-5259]],"id":"feature_1830"},{"properties":{"sa2_code":"405021119","sa2_name":"Wakefield - Barunga West","state":"South Australia"},"type":"Polygon","arcs":[[-5271,5247,5248,5249,5250,5251,5252,5253,-5275,5254,-5288,5255]],"id":"feature_1831"},{"properties":{"sa2_code":"405031120","sa2_name":"Jamestown","state":"South Australia"},"type":"Polygon","arcs":[[5256,-5265,5257,5258,5259,5260,5261,-5270]],"id":"feature_1832"},{"properties":{"sa2_code":"405031121","sa2_name":"Peterborough - Mount Remarkable","state":"South Australia"},"type":"Polygon","arcs":[[-5490,5262,-5503,-5514,5263,5264,5265]],"id":"feature_1833"},{"properties":{"sa2_code":"405031122","sa2_name":"Port Pirie","state":"South Australia"},"type":"Polygon","arcs":[[-5268,5266]],"id":"feature_1834"},{"properties":{"sa2_code":"405031123","sa2_name":"Port Pirie Surrounds","state":"South Australia"},"type":"MultiPolygon","arcs":[[[5267,5268,5269,5270,5271]],[[5272]],[[5273]]],"id":"feature_1835"},{"properties":{"sa2_code":"405041124","sa2_name":"Kadina","state":"South Australia"},"type":"Polygon","arcs":[[5274,5275,-5287,5276]],"id":"feature_1836"},{"properties":{"sa2_code":"405041125","sa2_name":"Moonta","state":"South Australia"},"type":"MultiPolygon","arcs":[[[5277]],[[5278]],[[5279]],[[5280]],[[5281]],[[5282]],[[5283]],[[5284,-5290,5285,5286]]],"id":"feature_1837"},{"properties":{"sa2_code":"405041126","sa2_name":"Wallaroo","state":"South Australia"},"type":"Polygon","arcs":[[5287,5288,5289,5290]],"id":"feature_1838"},{"properties":{"sa2_code":"405041127","sa2_name":"Yorke Peninsula - North","state":"South Australia"},"type":"MultiPolygon","arcs":[[[5291]],[[5292]],[[5293]],[[5294]],[[5295]],[[-5312,5296]]],"id":"feature_1839"},{"properties":{"sa2_code":"405041128","sa2_name":"Yorke Peninsula - South","state":"South Australia"},"type":"MultiPolygon","arcs":[[[5297]],[[5298]],[[5299]],[[5300]],[[5301]],[[5302]],[[5303]],[[5304]],[[5305]],[[5306]],[[5307]],[[5308]],[[5309]],[[5310]],[[5311,5312]]],"id":"feature_1840"},{"properties":{"sa2_code":"406011129","sa2_name":"Ceduna","state":"South Australia"},"type":"Polygon","arcs":[[-5456,5313]],"id":"feature_1841"},{"properties":{"sa2_code":"406011130","sa2_name":"Eyre Peninsula","state":"South Australia"},"type":"MultiPolygon","arcs":[[[5314]],[[5315]],[[5316]],[[5317]],[[5318]],[[5319]],[[5320]],[[5321]],[[5322]],[[5323]],[[5324]],[[5325]],[[5326]],[[5327]],[[5328]],[[5329]],[[5330]],[[5331]],[[5332]],[[5333]],[[5334]],[[5335]],[[5336]],[[5337]],[[5338]],[[5339]],[[5340]],[[5341]],[[5342]],[[5343]],[[5344]],[[5345]],[[5346]],[[5347]],[[5348]],[[5349]],[[5350]],[[5351]],[[5352]],[[5353]],[[5354]],[[5355]],[[5356]],[[5357]],[[5358]],[[5359]],[[5360]],[[5361]],[[5362]],[[5363]],[[5364]],[[5365]],[[5366]],[[5367]],[[5368]],[[5369]],[[5370]],[[5371]],[[5372]],[[5373]],[[5374]],[[5375]],[[5376]],[[5377]],[[5378]],[[5379]],[[-5387,5380,-5418,5381]]],"id":"feature_1842"},{"properties":{"sa2_code":"406011131","sa2_name":"Kimba - Cleve - Franklin Harbour","state":"South Australia"},"type":"Polygon","arcs":[[-5406,5382,-5529,5383,-5495,5384,-5484,5385,5386,5387,-5412,5388,-5410,5389,-5408,5390]],"id":"feature_1843"},{"properties":{"sa2_code":"406011132","sa2_name":"Le Hunte - Elliston","state":"South Australia"},"type":"MultiPolygon","arcs":[[[5391]],[[5392]],[[5393]],[[5394]],[[5395]],[[5396]],[[5397]],[[5398]],[[5399]],[[5400]],[[5401]],[[5402]],[[-5460,5403,-5531,5404,5405,5406,5407,5408,5409,5410,5411,5412]],[[5413]],[[5414]]],"id":"feature_1844"},{"properties":{"sa2_code":"406011133","sa2_name":"Port Lincoln","state":"South Australia"},"type":"MultiPolygon","arcs":[[[5415]],[[5416]],[[5417,5418]]],"id":"feature_1845"},{"properties":{"sa2_code":"406011134","sa2_name":"West Coast (SA)","state":"South Australia"},"type":"MultiPolygon","arcs":[[[5419]],[[5420]],[[5421]],[[5422]],[[5423]],[[5424]],[[5425]],[[5426]],[[5427]],[[5428]],[[5429]],[[5430]],[[5431]],[[5432]],[[5433]],[[5434]],[[5435]],[[5436]],[[5437]],[[5438]],[[5439]],[[5440]],[[5441]],[[5442]],[[5443]],[[5444]],[[5445]],[[5446]],[[5447]],[[5448]],[[5449]],[[5450]],[[5451]],[[5452]],[[5453]],[[5454]],[[5455,5456,-8691,-5482,5457,-5533,5458,5459,5460]],[[5461]],[[5462]],[[5463]],[[5464]],[[5465]],[[5466]],[[5467]],[[5468]],[[5469]],[[5470]],[[5471]],[[5472]],[[5473]],[[5474]],[[5475]],[[5476]]],"id":"feature_1846"},{"properties":{"sa2_code":"406011135","sa2_name":"Western","state":"South Australia"},"type":"Polygon","arcs":[[-8690,5477,-5488,5478,-5506,5479,-5535,5480,5481]],"id":"feature_1847"},{"properties":{"sa2_code":"406011136","sa2_name":"Whyalla","state":"South Australia"},"type":"Polygon","arcs":[[5482]],"id":"feature_1848"},{"properties":{"sa2_code":"406011137","sa2_name":"Whyalla - North","state":"South Australia"},"type":"Polygon","arcs":[[5483,5484]],"id":"feature_1849"},{"properties":{"sa2_code":"406021138","sa2_name":"APY Lands","state":"South Australia"},"type":"Polygon","arcs":[[5485,-5508,5486,5487]],"id":"feature_1850"},{"properties":{"sa2_code":"406021139","sa2_name":"Coober Pedy","state":"South Australia"},"type":"Polygon","arcs":[[-5537,5488]],"id":"feature_1851"},{"properties":{"sa2_code":"406021140","sa2_name":"Quorn - Lake Gilles","state":"South Australia"},"type":"MultiPolygon","arcs":[[[5489,5490,-5541,5491,-5539,5492,-5544,5493,5494,5495,-5527,5496,-5525,5497,-5523,5498,-5521,5499,-5519,5500,-5517,5501,-5515,5502,5503]],[[5504]]],"id":"feature_1852"},{"properties":{"sa2_code":"406021141","sa2_name":"Outback","state":"South Australia"},"type":"Polygon","arcs":[[5505,5506,5507,5508,-5675,5509,-5673,5510,-5636,5511,-5690,5512,5513,5514,5515,5516,5517,5518,5519,5520,5521,5522,5523,5524,5525,5526,5527,5528,5529,5530,5531,5532,5533,5534,5535],[5536,5537],[-5545]],"id":"feature_1853"},{"properties":{"sa2_code":"406021142","sa2_name":"Port Augusta","state":"South Australia"},"type":"MultiPolygon","arcs":[[[5538,5539,5540,5541]],[[5542,5543]]],"id":"feature_1854"},{"properties":{"sa2_code":"406021143","sa2_name":"Roxby Downs","state":"South Australia"},"type":"Polygon","arcs":[[5544]],"id":"feature_1855"},{"properties":{"sa2_code":"407011144","sa2_name":"Goolwa - Port Elliot","state":"South Australia"},"type":"MultiPolygon","arcs":[[[5545]],[[5546]]],"id":"feature_1856"},{"properties":{"sa2_code":"407011145","sa2_name":"Kangaroo Island","state":"South Australia"},"type":"MultiPolygon","arcs":[[[5547]],[[5548]],[[5549]],[[5550]],[[5551]],[[5552]],[[5553]],[[5554]],[[5555]],[[5556]],[[5557]],[[5558]],[[5559]],[[5560]],[[5561]],[[5562]],[[5563]],[[5564]],[[5565]],[[5566]],[[5567]]],"id":"feature_1857"},{"properties":{"sa2_code":"407011146","sa2_name":"Strathalbyn","state":"South Australia"},"type":"Polygon","arcs":[[5568,-5570]],"id":"feature_1858"},{"properties":{"sa2_code":"407011147","sa2_name":"Strathalbyn Surrounds","state":"South Australia"},"type":"Polygon","arcs":[[5569,5570,-5667,5571]],"id":"feature_1859"},{"properties":{"sa2_code":"407011148","sa2_name":"Victor Harbor","state":"South Australia"},"type":"MultiPolygon","arcs":[[[5572]],[[5573]],[[5574]],[[5575]],[[5576,-5581]]],"id":"feature_1860"},{"properties":{"sa2_code":"407011149","sa2_name":"Yankalilla","state":"South Australia"},"type":"MultiPolygon","arcs":[[[5577]],[[5578]],[[5579]],[[5580,5581]]],"id":"feature_1861"},{"properties":{"sa2_code":"407021150","sa2_name":"Grant","state":"South Australia"},"type":"MultiPolygon","arcs":[[[5582]],[[5583]],[[5584]],[[5585]],[[5586]],[[5587]],[[5588]],[[5589]],[[5590]],[[-5627,5591],[5592,-5633]]],"id":"feature_1862"},{"properties":{"sa2_code":"407021151","sa2_name":"Kingston - Robe","state":"South Australia"},"type":"MultiPolygon","arcs":[[[5593]],[[5594]],[[5595]],[[5596]],[[5597]],[[5598]],[[-5687,5599,-5615,5600,-5607,5601]]],"id":"feature_1863"},{"properties":{"sa2_code":"407021152","sa2_name":"Millicent","state":"South Australia"},"type":"Polygon","arcs":[[5602,-5630]],"id":"feature_1864"},{"properties":{"sa2_code":"407021154","sa2_name":"Naracoorte","state":"South Australia"},"type":"Polygon","arcs":[[-5608]],"id":"feature_1865"},{"properties":{"sa2_code":"407021155","sa2_name":"Naracoorte Surrounds","state":"South Australia"},"type":"Polygon","arcs":[[5603,-5613,5604,-5609,5605,5606],[5607]],"id":"feature_1866"},{"properties":{"sa2_code":"407021156","sa2_name":"Penola","state":"South Australia"},"type":"Polygon","arcs":[[5608,5609]],"id":"feature_1867"},{"properties":{"sa2_code":"407021157","sa2_name":"Tatiara","state":"South Australia"},"type":"Polygon","arcs":[[5610,-5685,-5642,5611,5612,5613,5614]],"id":"feature_1868"},{"properties":{"sa2_code":"407021158","sa2_name":"Wattle Range","state":"South Australia"},"type":"MultiPolygon","arcs":[[[5615]],[[5616]],[[5617]],[[5618]],[[5619]],[[5620]],[[5621]],[[5622]],[[5623]],[[5624]],[[5625]],[[5626,5627],[5628,5629]]],"id":"feature_1869"},{"properties":{"sa2_code":"407021173","sa2_name":"Mount Gambier - East","state":"South Australia"},"type":"Polygon","arcs":[[5630]],"id":"feature_1870"},{"properties":{"sa2_code":"407021174","sa2_name":"Mount Gambier - West","state":"South Australia"},"type":"Polygon","arcs":[[5631,5632]],"id":"feature_1871"},{"properties":{"sa2_code":"407031159","sa2_name":"Barmera","state":"South Australia"},"type":"Polygon","arcs":[[-5647,5633,-5692,5634,5635,5636,-5677,5637]],"id":"feature_1872"},{"properties":{"sa2_code":"407031160","sa2_name":"Berri","state":"South Australia"},"type":"Polygon","arcs":[[5638]],"id":"feature_1873"},{"properties":{"sa2_code":"407031161","sa2_name":"Karoonda - Lameroo","state":"South Australia"},"type":"Polygon","arcs":[[-5696,5639,-5651,5640,5641,-5684,5642,-5682,5643]],"id":"feature_1874"},{"properties":{"sa2_code":"407031162","sa2_name":"Loxton","state":"South Australia"},"type":"Polygon","arcs":[[-5649,5644]],"id":"feature_1875"},{"properties":{"sa2_code":"407031163","sa2_name":"Loxton Surrounds","state":"South Australia"},"type":"Polygon","arcs":[[-5694,5645,5646,5647,5648,5649,5650,5651]],"id":"feature_1876"},{"properties":{"sa2_code":"407031164","sa2_name":"Mannum","state":"South Australia"},"type":"Polygon","arcs":[[5652,-5698,5653,-5663,5654,-5661,5655,5656,5657,5658]],"id":"feature_1877"},{"properties":{"sa2_code":"407031165","sa2_name":"Murray Bridge","state":"South Australia"},"type":"Polygon","arcs":[[5659,-5669]],"id":"feature_1878"},{"properties":{"sa2_code":"407031166","sa2_name":"Murray Bridge Surrounds","state":"South Australia"},"type":"Polygon","arcs":[[5660,5661,5662,5663,-5680,5664,-5678,5665,5666,5667],[5668,5669]],"id":"feature_1879"},{"properties":{"sa2_code":"407031167","sa2_name":"Renmark","state":"South Australia"},"type":"Polygon","arcs":[[5670]],"id":"feature_1880"},{"properties":{"sa2_code":"407031168","sa2_name":"Renmark Surrounds","state":"South Australia"},"type":"Polygon","arcs":[[5671,5672,5673,5674,5675,5676]],"id":"feature_1881"},{"properties":{"sa2_code":"407031169","sa2_name":"The Coorong","state":"South Australia"},"type":"Polygon","arcs":[[5677,5678,5679,5680,5681,5682,5683,5684,5685,5686,5687]],"id":"feature_1882"},{"properties":{"sa2_code":"407031170","sa2_name":"Waikerie","state":"South Australia"},"type":"Polygon","arcs":[[5688,5689,5690,5691,5692,5693,5694,5695,5696,5697,5698,5699]],"id":"feature_1883"},{"properties":{"sa2_code":"501011001","sa2_name":"Augusta","state":"Western Australia"},"type":"MultiPolygon","arcs":[[[5700]],[[5701]],[[5702]],[[5703]],[[5704]],[[5705]],[[5706]],[[5707]],[[5708]],[[5709]],[[5710]],[[5711]],[[5712]],[[5713]],[[5714]],[[5715]],[[5716]],[[5717]],[[5718]],[[5719]],[[5720]],[[5721]],[[5722]],[[5723]],[[5724]],[[5725]],[[5726]],[[5727]],[[5728]],[[5729]],[[5730]],[[5731]],[[5732]],[[5733]],[[5734]],[[5735]],[[5736]],[[5737]],[[5738]],[[5739]],[[5740]],[[5741]],[[5742]],[[5743]],[[5744]],[[5745]],[[5746]],[[5747]],[[5748]],[[5749]],[[5750]],[[5751]],[[5752]],[[5753]],[[5754]],[[5755]],[[5756]],[[5757]],[[5758]],[[5759]],[[5760]],[[5761]],[[5762]],[[5763]],[[5764]],[[5765]],[[5766]],[[5767]],[[5768]],[[5769]],[[5770]],[[5771]],[[5772]],[[5773]],[[5774]],[[5775]],[[5776]],[[5777]],[[5778]],[[5779]],[[5780]],[[5781]],[[5782]],[[5783]],[[5784]],[[5793]],[[5785]],[[5786]],[[5787]],[[5788]],[[5789]],[[5790]],[[5791]],[[5792]],[[5793]],[[5794]],[[5795]],[[5796]],[[5797]],[[5798]],[[5799]],[[5800]],[[5801]],[[5802]],[[5803]],[[5804]],[[5805]],[[5806]],[[5807]],[[5808]],[[5809]],[[5810]],[[5811]],[[5812]],[[5813]],[[5814]],[[5815]],[[5816]],[[-5830,5817,-5884,5818]]],"id":"feature_1884"},{"properties":{"sa2_code":"501011003","sa2_name":"Busselton Surrounds","state":"Western Australia"},"type":"MultiPolygon","arcs":[[[5819]],[[5820]],[[5821]],[[5822]],[[5823]],[[5824]],[[5825]],[[5826]],[[5827]],[[-5871,5828,5829,5830]]],"id":"feature_1885"},{"properties":{"sa2_code":"501011004","sa2_name":"Margaret River","state":"Western Australia"},"type":"MultiPolygon","arcs":[[[5831]],[[5832]]],"id":"feature_1886"},{"properties":{"sa2_code":"501011293","sa2_name":"Busselton - East","state":"Western Australia"},"type":"Polygon","arcs":[[5833]],"id":"feature_1887"},{"properties":{"sa2_code":"501011294","sa2_name":"Busselton - West","state":"Western Australia"},"type":"Polygon","arcs":[[5834]],"id":"feature_1888"},{"properties":{"sa2_code":"501021005","sa2_name":"Australind - Leschenault","state":"Western Australia"},"type":"Polygon","arcs":[[-5848,5835]],"id":"feature_1889"},{"properties":{"sa2_code":"501021007","sa2_name":"Capel","state":"Western Australia"},"type":"Polygon","arcs":[[5836,-5853]],"id":"feature_1890"},{"properties":{"sa2_code":"501021008","sa2_name":"College Grove - Carey Park","state":"Western Australia"},"type":"Polygon","arcs":[[5837]],"id":"feature_1891"},{"properties":{"sa2_code":"501021009","sa2_name":"Collie","state":"Western Australia"},"type":"Polygon","arcs":[[-6322,5838,-6335,5839,-5864,5840,-5846]],"id":"feature_1892"},{"properties":{"sa2_code":"501021010","sa2_name":"Dardanup","state":"Western Australia"},"type":"Polygon","arcs":[[-5862,5841]],"id":"feature_1893"},{"properties":{"sa2_code":"501021011","sa2_name":"Davenport","state":"Western Australia"},"type":"Polygon","arcs":[[5842]],"id":"feature_1894"},{"properties":{"sa2_code":"501021012","sa2_name":"Eaton - Pelican Point","state":"Western Australia"},"type":"Polygon","arcs":[[5843]],"id":"feature_1895"},{"properties":{"sa2_code":"501021014","sa2_name":"Harvey","state":"Western Australia"},"type":"Polygon","arcs":[[5844,5845,5846,5847]],"id":"feature_1896"},{"properties":{"sa2_code":"501021015","sa2_name":"East Bunbury - Glen Iris","state":"Western Australia"},"type":"Polygon","arcs":[[5848]],"id":"feature_1897"},{"properties":{"sa2_code":"501021016","sa2_name":"Waroona","state":"Western Australia"},"type":"Polygon","arcs":[[5849]],"id":"feature_1898"},{"properties":{"sa2_code":"501021251","sa2_name":"Dalyellup","state":"Western Australia"},"type":"Polygon","arcs":[[-5856,5850]],"id":"feature_1899"},{"properties":{"sa2_code":"501021252","sa2_name":"Gelorup - Stratham","state":"Western Australia"},"type":"Polygon","arcs":[[5851,5852]],"id":"feature_1900"},{"properties":{"sa2_code":"501021253","sa2_name":"South Bunbury - Bunbury","state":"Western Australia"},"type":"Polygon","arcs":[[5853]],"id":"feature_1901"},{"properties":{"sa2_code":"501021254","sa2_name":"Withers - Usher","state":"Western Australia"},"type":"Polygon","arcs":[[5854,5855]],"id":"feature_1902"},{"properties":{"sa2_code":"501031017","sa2_name":"Bridgetown - Boyup Brook","state":"Western Australia"},"type":"Polygon","arcs":[[-5866,5856,-6333,5857,-6163,5858,-5888,5859,-5868,5860]],"id":"feature_1903"},{"properties":{"sa2_code":"501031018","sa2_name":"Donnybrook - Balingup","state":"Western Australia"},"type":"Polygon","arcs":[[5861,5862,5863,5864,5865,5866,5867,5868,-5886,5869,5870,5871]],"id":"feature_1904"},{"properties":{"sa2_code":"501031019","sa2_name":"Manjimup","state":"Western Australia"},"type":"Polygon","arcs":[[5872,-5893]],"id":"feature_1905"},{"properties":{"sa2_code":"501031020","sa2_name":"Pemberton","state":"Western Australia"},"type":"MultiPolygon","arcs":[[[5873]],[[5874]],[[5875]],[[5876]],[[5877]],[[5878]],[[5879]],[[5880]],[[5881]],[[5882]],[[5883,5884,5885,5886,5887,5888,-6161,5889,-6133,5890],[5891,5892]]],"id":"feature_1906"},{"properties":{"sa2_code":"502011021","sa2_name":"Dawesville - Bouvard","state":"Western Australia"},"type":"Polygon","arcs":[[5893]],"id":"feature_1907"},{"properties":{"sa2_code":"502011022","sa2_name":"Falcon - Wannanup","state":"Western Australia"},"type":"Polygon","arcs":[[5894]],"id":"feature_1908"},{"properties":{"sa2_code":"502011023","sa2_name":"Greenfields","state":"Western Australia"},"type":"Polygon","arcs":[[5895]],"id":"feature_1909"},{"properties":{"sa2_code":"502011024","sa2_name":"Halls Head - Erskine","state":"Western Australia"},"type":"MultiPolygon","arcs":[[[5896]],[[5897]]],"id":"feature_1910"},{"properties":{"sa2_code":"502011025","sa2_name":"Mandurah","state":"Western Australia"},"type":"Polygon","arcs":[[5898]],"id":"feature_1911"},{"properties":{"sa2_code":"502011026","sa2_name":"Mandurah - East","state":"Western Australia"},"type":"Polygon","arcs":[[5899]],"id":"feature_1912"},{"properties":{"sa2_code":"502011027","sa2_name":"Mandurah - North","state":"Western Australia"},"type":"Polygon","arcs":[[5900]],"id":"feature_1913"},{"properties":{"sa2_code":"502011028","sa2_name":"Mandurah - South","state":"Western Australia"},"type":"MultiPolygon","arcs":[[[5901]],[[5902]],[[5903]]],"id":"feature_1914"},{"properties":{"sa2_code":"502011029","sa2_name":"Pinjarra","state":"Western Australia"},"type":"Polygon","arcs":[[-6315,5904]],"id":"feature_1915"},{"properties":{"sa2_code":"503011030","sa2_name":"City Beach","state":"Western Australia"},"type":"Polygon","arcs":[[5905]],"id":"feature_1916"},{"properties":{"sa2_code":"503011031","sa2_name":"Claremont (WA)","state":"Western Australia"},"type":"Polygon","arcs":[[5906]],"id":"feature_1917"},{"properties":{"sa2_code":"503011032","sa2_name":"Cottesloe","state":"Western Australia"},"type":"Polygon","arcs":[[5907]],"id":"feature_1918"},{"properties":{"sa2_code":"503011033","sa2_name":"Floreat","state":"Western Australia"},"type":"Polygon","arcs":[[5908]],"id":"feature_1919"},{"properties":{"sa2_code":"503011034","sa2_name":"Mosman Park - Peppermint Grove","state":"Western Australia"},"type":"Polygon","arcs":[[5909]],"id":"feature_1920"},{"properties":{"sa2_code":"503011035","sa2_name":"Nedlands - Dalkeith - Crawley","state":"Western Australia"},"type":"Polygon","arcs":[[5910]],"id":"feature_1921"},{"properties":{"sa2_code":"503011036","sa2_name":"Swanbourne - Mount Claremont","state":"Western Australia"},"type":"Polygon","arcs":[[5911]],"id":"feature_1922"},{"properties":{"sa2_code":"503021037","sa2_name":"Kings Park (WA)","state":"Western Australia"},"type":"Polygon","arcs":[[5912]],"id":"feature_1923"},{"properties":{"sa2_code":"503021038","sa2_name":"Mount Hawthorn - Leederville","state":"Western Australia"},"type":"Polygon","arcs":[[5913]],"id":"feature_1924"},{"properties":{"sa2_code":"503021039","sa2_name":"Mount Lawley - Inglewood","state":"Western Australia"},"type":"Polygon","arcs":[[5914]],"id":"feature_1925"},{"properties":{"sa2_code":"503021040","sa2_name":"North Perth","state":"Western Australia"},"type":"Polygon","arcs":[[5915]],"id":"feature_1926"},{"properties":{"sa2_code":"503021042","sa2_name":"Subiaco - Shenton Park","state":"Western Australia"},"type":"Polygon","arcs":[[5916]],"id":"feature_1927"},{"properties":{"sa2_code":"503021043","sa2_name":"Wembley - West Leederville - Glendalough","state":"Western Australia"},"type":"Polygon","arcs":[[5917]],"id":"feature_1928"},{"properties":{"sa2_code":"503021295","sa2_name":"East Perth","state":"Western Australia"},"type":"Polygon","arcs":[[5918]],"id":"feature_1929"},{"properties":{"sa2_code":"503021296","sa2_name":"Perth (North) - Highgate","state":"Western Australia"},"type":"Polygon","arcs":[[5919]],"id":"feature_1930"},{"properties":{"sa2_code":"503021297","sa2_name":"Perth (West) - Northbridge","state":"Western Australia"},"type":"Polygon","arcs":[[5920]],"id":"feature_1931"},{"properties":{"sa2_code":"504011044","sa2_name":"Bassendean - Eden Hill - Ashfield","state":"Western Australia"},"type":"Polygon","arcs":[[5921]],"id":"feature_1932"},{"properties":{"sa2_code":"504011045","sa2_name":"Bayswater - Embleton - Bedford","state":"Western Australia"},"type":"Polygon","arcs":[[5922]],"id":"feature_1933"},{"properties":{"sa2_code":"504011046","sa2_name":"Maylands","state":"Western Australia"},"type":"Polygon","arcs":[[5923]],"id":"feature_1934"},{"properties":{"sa2_code":"504011047","sa2_name":"Morley","state":"Western Australia"},"type":"Polygon","arcs":[[5924]],"id":"feature_1935"},{"properties":{"sa2_code":"504011048","sa2_name":"Noranda","state":"Western Australia"},"type":"Polygon","arcs":[[5925]],"id":"feature_1936"},{"properties":{"sa2_code":"504021049","sa2_name":"Chidlow","state":"Western Australia"},"type":"Polygon","arcs":[[-5938,5926]],"id":"feature_1937"},{"properties":{"sa2_code":"504021050","sa2_name":"Glen Forrest - Darlington","state":"Western Australia"},"type":"Polygon","arcs":[[5927]],"id":"feature_1938"},{"properties":{"sa2_code":"504021051","sa2_name":"Helena Valley - Koongamia","state":"Western Australia"},"type":"Polygon","arcs":[[5928]],"id":"feature_1939"},{"properties":{"sa2_code":"504021052","sa2_name":"Malmalling - Reservoir","state":"Western Australia"},"type":"Polygon","arcs":[[-6285,5929,-6033,5930]],"id":"feature_1940"},{"properties":{"sa2_code":"504021053","sa2_name":"Mundaring","state":"Western Australia"},"type":"Polygon","arcs":[[5931]],"id":"feature_1941"},{"properties":{"sa2_code":"504021054","sa2_name":"Swan View - Greenmount - Midvale","state":"Western Australia"},"type":"Polygon","arcs":[[5932]],"id":"feature_1942"},{"properties":{"sa2_code":"504031055","sa2_name":"Avon Valley National Park","state":"Western Australia"},"type":"Polygon","arcs":[[-6279,5933]],"id":"feature_1943"},{"properties":{"sa2_code":"504031056","sa2_name":"Ballajura","state":"Western Australia"},"type":"Polygon","arcs":[[5934]],"id":"feature_1944"},{"properties":{"sa2_code":"504031057","sa2_name":"Beechboro","state":"Western Australia"},"type":"Polygon","arcs":[[5935]],"id":"feature_1945"},{"properties":{"sa2_code":"504031058","sa2_name":"Bullsbrook","state":"Western Australia"},"type":"Polygon","arcs":[[5936]],"id":"feature_1946"},{"properties":{"sa2_code":"504031060","sa2_name":"Gidgegannup","state":"Western Australia"},"type":"Polygon","arcs":[[5937,5938]],"id":"feature_1947"},{"properties":{"sa2_code":"504031061","sa2_name":"Hazelmere - Guildford","state":"Western Australia"},"type":"Polygon","arcs":[[5939]],"id":"feature_1948"},{"properties":{"sa2_code":"504031062","sa2_name":"Lockridge - Kiara","state":"Western Australia"},"type":"Polygon","arcs":[[5940]],"id":"feature_1949"},{"properties":{"sa2_code":"504031063","sa2_name":"Malaga","state":"Western Australia"},"type":"Polygon","arcs":[[5941]],"id":"feature_1950"},{"properties":{"sa2_code":"504031064","sa2_name":"Melaleuca - Lexia","state":"Western Australia"},"type":"Polygon","arcs":[[5942]],"id":"feature_1951"},{"properties":{"sa2_code":"504031065","sa2_name":"Middle Swan - Herne Hill","state":"Western Australia"},"type":"Polygon","arcs":[[5943]],"id":"feature_1952"},{"properties":{"sa2_code":"504031066","sa2_name":"Midland - Guildford","state":"Western Australia"},"type":"Polygon","arcs":[[5944]],"id":"feature_1953"},{"properties":{"sa2_code":"504031067","sa2_name":"Stratton - Jane Brook","state":"Western Australia"},"type":"Polygon","arcs":[[5945]],"id":"feature_1954"},{"properties":{"sa2_code":"504031068","sa2_name":"The Vines","state":"Western Australia"},"type":"Polygon","arcs":[[5946]],"id":"feature_1955"},{"properties":{"sa2_code":"504031069","sa2_name":"Walyunga National Park","state":"Western Australia"},"type":"Polygon","arcs":[[5947]],"id":"feature_1956"},{"properties":{"sa2_code":"504031298","sa2_name":"Aveley","state":"Western Australia"},"type":"Polygon","arcs":[[5948]],"id":"feature_1957"},{"properties":{"sa2_code":"504031299","sa2_name":"Brabham - Henley Brook","state":"Western Australia"},"type":"Polygon","arcs":[[5949]],"id":"feature_1958"},{"properties":{"sa2_code":"504031300","sa2_name":"Ellenbrook","state":"Western Australia"},"type":"Polygon","arcs":[[5950]],"id":"feature_1959"},{"properties":{"sa2_code":"505011070","sa2_name":"Craigie - Beldon","state":"Western Australia"},"type":"Polygon","arcs":[[5951]],"id":"feature_1960"},{"properties":{"sa2_code":"505011071","sa2_name":"Currambine - Kinross","state":"Western Australia"},"type":"Polygon","arcs":[[5952]],"id":"feature_1961"},{"properties":{"sa2_code":"505011072","sa2_name":"Duncraig","state":"Western Australia"},"type":"Polygon","arcs":[[5953]],"id":"feature_1962"},{"properties":{"sa2_code":"505011073","sa2_name":"Greenwood - Warwick","state":"Western Australia"},"type":"Polygon","arcs":[[5954]],"id":"feature_1963"},{"properties":{"sa2_code":"505011074","sa2_name":"Heathridge - Connolly","state":"Western Australia"},"type":"Polygon","arcs":[[5955]],"id":"feature_1964"},{"properties":{"sa2_code":"505011075","sa2_name":"Hillarys","state":"Western Australia"},"type":"Polygon","arcs":[[5956]],"id":"feature_1965"},{"properties":{"sa2_code":"505011076","sa2_name":"Iluka - Burns Beach","state":"Western Australia"},"type":"Polygon","arcs":[[5957]],"id":"feature_1966"},{"properties":{"sa2_code":"505011077","sa2_name":"Joondalup - Edgewater","state":"Western Australia"},"type":"Polygon","arcs":[[5958]],"id":"feature_1967"},{"properties":{"sa2_code":"505011078","sa2_name":"Kingsley","state":"Western Australia"},"type":"Polygon","arcs":[[5959]],"id":"feature_1968"},{"properties":{"sa2_code":"505011079","sa2_name":"Mullaloo - Kallaroo","state":"Western Australia"},"type":"Polygon","arcs":[[5960]],"id":"feature_1969"},{"properties":{"sa2_code":"505011080","sa2_name":"Ocean Reef","state":"Western Australia"},"type":"Polygon","arcs":[[5961]],"id":"feature_1970"},{"properties":{"sa2_code":"505011081","sa2_name":"Padbury","state":"Western Australia"},"type":"Polygon","arcs":[[5962]],"id":"feature_1971"},{"properties":{"sa2_code":"505011082","sa2_name":"Sorrento - Marmion","state":"Western Australia"},"type":"Polygon","arcs":[[5963]],"id":"feature_1972"},{"properties":{"sa2_code":"505011083","sa2_name":"Woodvale","state":"Western Australia"},"type":"Polygon","arcs":[[5964]],"id":"feature_1973"},{"properties":{"sa2_code":"505021084","sa2_name":"Balcatta - Hamersley","state":"Western Australia"},"type":"Polygon","arcs":[[5965]],"id":"feature_1974"},{"properties":{"sa2_code":"505021085","sa2_name":"Balga - Mirrabooka","state":"Western Australia"},"type":"Polygon","arcs":[[5966]],"id":"feature_1975"},{"properties":{"sa2_code":"505021087","sa2_name":"Herdsman","state":"Western Australia"},"type":"Polygon","arcs":[[5967]],"id":"feature_1976"},{"properties":{"sa2_code":"505021088","sa2_name":"Innaloo - Doubleview","state":"Western Australia"},"type":"Polygon","arcs":[[5968]],"id":"feature_1977"},{"properties":{"sa2_code":"505021089","sa2_name":"Karrinyup - Gwelup - Carine","state":"Western Australia"},"type":"Polygon","arcs":[[5969]],"id":"feature_1978"},{"properties":{"sa2_code":"505021090","sa2_name":"Nollamara - Westminster","state":"Western Australia"},"type":"Polygon","arcs":[[5970]],"id":"feature_1979"},{"properties":{"sa2_code":"505021091","sa2_name":"Osborne Park Industrial","state":"Western Australia"},"type":"Polygon","arcs":[[5971]],"id":"feature_1980"},{"properties":{"sa2_code":"505021092","sa2_name":"Scarborough","state":"Western Australia"},"type":"Polygon","arcs":[[5972]],"id":"feature_1981"},{"properties":{"sa2_code":"505021093","sa2_name":"Stirling - Osborne Park","state":"Western Australia"},"type":"Polygon","arcs":[[5973]],"id":"feature_1982"},{"properties":{"sa2_code":"505021094","sa2_name":"Trigg - North Beach - Watermans Bay","state":"Western Australia"},"type":"Polygon","arcs":[[5974]],"id":"feature_1983"},{"properties":{"sa2_code":"505021095","sa2_name":"Tuart Hill - Joondanna","state":"Western Australia"},"type":"Polygon","arcs":[[5975]],"id":"feature_1984"},{"properties":{"sa2_code":"505021096","sa2_name":"Wembley Downs - Churchlands - Woodlands","state":"Western Australia"},"type":"Polygon","arcs":[[5976]],"id":"feature_1985"},{"properties":{"sa2_code":"505021097","sa2_name":"Yokine - Coolbinia - Menora","state":"Western Australia"},"type":"Polygon","arcs":[[5977]],"id":"feature_1986"},{"properties":{"sa2_code":"505021301","sa2_name":"Dianella - North","state":"Western Australia"},"type":"Polygon","arcs":[[5978]],"id":"feature_1987"},{"properties":{"sa2_code":"505021302","sa2_name":"Dianella - South","state":"Western Australia"},"type":"Polygon","arcs":[[5979]],"id":"feature_1988"},{"properties":{"sa2_code":"505031098","sa2_name":"Alexander Heights - Koondoola","state":"Western Australia"},"type":"Polygon","arcs":[[5980]],"id":"feature_1989"},{"properties":{"sa2_code":"505031099","sa2_name":"Butler - Merriwa - Ridgewood","state":"Western Australia"},"type":"Polygon","arcs":[[5981]],"id":"feature_1990"},{"properties":{"sa2_code":"505031100","sa2_name":"Carramar","state":"Western Australia"},"type":"Polygon","arcs":[[5982]],"id":"feature_1991"},{"properties":{"sa2_code":"505031101","sa2_name":"Clarkson","state":"Western Australia"},"type":"Polygon","arcs":[[5983]],"id":"feature_1992"},{"properties":{"sa2_code":"505031102","sa2_name":"Girrawheen","state":"Western Australia"},"type":"Polygon","arcs":[[5984]],"id":"feature_1993"},{"properties":{"sa2_code":"505031104","sa2_name":"Marangaroo","state":"Western Australia"},"type":"Polygon","arcs":[[5985]],"id":"feature_1994"},{"properties":{"sa2_code":"505031105","sa2_name":"Mindarie - Quinns Rocks - Jindalee","state":"Western Australia"},"type":"Polygon","arcs":[[5986]],"id":"feature_1995"},{"properties":{"sa2_code":"505031106","sa2_name":"Neerabup National Park","state":"Western Australia"},"type":"Polygon","arcs":[[5987]],"id":"feature_1996"},{"properties":{"sa2_code":"505031107","sa2_name":"Tapping - Ashby - Sinagra","state":"Western Australia"},"type":"Polygon","arcs":[[5988]],"id":"feature_1997"},{"properties":{"sa2_code":"505031255","sa2_name":"Alkimos - Eglinton","state":"Western Australia"},"type":"Polygon","arcs":[[-5993,5989]],"id":"feature_1998"},{"properties":{"sa2_code":"505031256","sa2_name":"Carabooda - Pinjar","state":"Western Australia"},"type":"Polygon","arcs":[[5990]],"id":"feature_1999"},{"properties":{"sa2_code":"505031257","sa2_name":"Two Rocks","state":"Western Australia"},"type":"Polygon","arcs":[[5991]],"id":"feature_2000"},{"properties":{"sa2_code":"505031258","sa2_name":"Yanchep","state":"Western Australia"},"type":"Polygon","arcs":[[5992,5993]],"id":"feature_2001"},{"properties":{"sa2_code":"505031303","sa2_name":"Hocking - Pearsall","state":"Western Australia"},"type":"Polygon","arcs":[[5994]],"id":"feature_2002"},{"properties":{"sa2_code":"505031304","sa2_name":"Landsdale","state":"Western Australia"},"type":"Polygon","arcs":[[5995]],"id":"feature_2003"},{"properties":{"sa2_code":"505031305","sa2_name":"Madeley - Darch","state":"Western Australia"},"type":"Polygon","arcs":[[5996]],"id":"feature_2004"},{"properties":{"sa2_code":"505031306","sa2_name":"Wanneroo - Sinagra","state":"Western Australia"},"type":"Polygon","arcs":[[5997]],"id":"feature_2005"},{"properties":{"sa2_code":"506011110","sa2_name":"Armadale - Wungong - Brookdale","state":"Western Australia"},"type":"Polygon","arcs":[[5998]],"id":"feature_2006"},{"properties":{"sa2_code":"506011111","sa2_name":"Ashendon - Lesley","state":"Western Australia"},"type":"Polygon","arcs":[[-6295,5999]],"id":"feature_2007"},{"properties":{"sa2_code":"506011112","sa2_name":"Camillo - Champion Lakes","state":"Western Australia"},"type":"Polygon","arcs":[[6000]],"id":"feature_2008"},{"properties":{"sa2_code":"506011114","sa2_name":"Kelmscott","state":"Western Australia"},"type":"Polygon","arcs":[[6001]],"id":"feature_2009"},{"properties":{"sa2_code":"506011115","sa2_name":"Mount Nasura - Mount Richon - Bedfordale","state":"Western Australia"},"type":"Polygon","arcs":[[6002]],"id":"feature_2010"},{"properties":{"sa2_code":"506011116","sa2_name":"Roleystone","state":"Western Australia"},"type":"Polygon","arcs":[[6003]],"id":"feature_2011"},{"properties":{"sa2_code":"506011117","sa2_name":"Seville Grove","state":"Western Australia"},"type":"Polygon","arcs":[[6004]],"id":"feature_2012"},{"properties":{"sa2_code":"506011307","sa2_name":"Harrisdale","state":"Western Australia"},"type":"Polygon","arcs":[[6005]],"id":"feature_2013"},{"properties":{"sa2_code":"506011308","sa2_name":"Piara Waters - Forrestdale","state":"Western Australia"},"type":"Polygon","arcs":[[6006]],"id":"feature_2014"},{"properties":{"sa2_code":"506021118","sa2_name":"Belmont - Ascot - Redcliffe","state":"Western Australia"},"type":"Polygon","arcs":[[6007]],"id":"feature_2015"},{"properties":{"sa2_code":"506021119","sa2_name":"East Victoria Park - Carlisle","state":"Western Australia"},"type":"Polygon","arcs":[[6008]],"id":"feature_2016"},{"properties":{"sa2_code":"506021120","sa2_name":"Kewdale Commercial","state":"Western Australia"},"type":"Polygon","arcs":[[6009]],"id":"feature_2017"},{"properties":{"sa2_code":"506021121","sa2_name":"Perth Airport","state":"Western Australia"},"type":"Polygon","arcs":[[6010]],"id":"feature_2018"},{"properties":{"sa2_code":"506021123","sa2_name":"Victoria Park - Lathlain - Burswood","state":"Western Australia"},"type":"Polygon","arcs":[[-6041,6011]],"id":"feature_2019"},{"properties":{"sa2_code":"506021309","sa2_name":"Cloverdale","state":"Western Australia"},"type":"Polygon","arcs":[[6012]],"id":"feature_2020"},{"properties":{"sa2_code":"506021310","sa2_name":"Kewdale","state":"Western Australia"},"type":"Polygon","arcs":[[6013]],"id":"feature_2021"},{"properties":{"sa2_code":"506021311","sa2_name":"Rivervale","state":"Western Australia"},"type":"Polygon","arcs":[[6014]],"id":"feature_2022"},{"properties":{"sa2_code":"506031124","sa2_name":"Bentley - Wilson - St James","state":"Western Australia"},"type":"Polygon","arcs":[[6015]],"id":"feature_2023"},{"properties":{"sa2_code":"506031125","sa2_name":"Canning Vale - West","state":"Western Australia"},"type":"Polygon","arcs":[[6016,-6043]],"id":"feature_2024"},{"properties":{"sa2_code":"506031126","sa2_name":"Canning Vale Commercial","state":"Western Australia"},"type":"Polygon","arcs":[[6017]],"id":"feature_2025"},{"properties":{"sa2_code":"506031127","sa2_name":"Cannington - Queens Park","state":"Western Australia"},"type":"Polygon","arcs":[[6018]],"id":"feature_2026"},{"properties":{"sa2_code":"506031128","sa2_name":"Parkwood - Ferndale - Lynwood","state":"Western Australia"},"type":"Polygon","arcs":[[6019]],"id":"feature_2027"},{"properties":{"sa2_code":"506031129","sa2_name":"Riverton - Shelley - Rossmoyne","state":"Western Australia"},"type":"Polygon","arcs":[[6020]],"id":"feature_2028"},{"properties":{"sa2_code":"506031130","sa2_name":"Welshpool","state":"Western Australia"},"type":"Polygon","arcs":[[6021]],"id":"feature_2029"},{"properties":{"sa2_code":"506031131","sa2_name":"Willetton","state":"Western Australia"},"type":"Polygon","arcs":[[6022]],"id":"feature_2030"},{"properties":{"sa2_code":"506041132","sa2_name":"Beckenham - Kenwick - Langford","state":"Western Australia"},"type":"Polygon","arcs":[[6023]],"id":"feature_2031"},{"properties":{"sa2_code":"506041133","sa2_name":"Canning Vale - East","state":"Western Australia"},"type":"Polygon","arcs":[[6024]],"id":"feature_2032"},{"properties":{"sa2_code":"506041134","sa2_name":"Gosnells","state":"Western Australia"},"type":"Polygon","arcs":[[6025]],"id":"feature_2033"},{"properties":{"sa2_code":"506041135","sa2_name":"Huntingdale - Southern River","state":"Western Australia"},"type":"Polygon","arcs":[[6026]],"id":"feature_2034"},{"properties":{"sa2_code":"506041136","sa2_name":"Maddington - Orange Grove - Martin","state":"Western Australia"},"type":"Polygon","arcs":[[6027]],"id":"feature_2035"},{"properties":{"sa2_code":"506041137","sa2_name":"Thornlie","state":"Western Australia"},"type":"Polygon","arcs":[[6028]],"id":"feature_2036"},{"properties":{"sa2_code":"506051138","sa2_name":"Forrestfield - Wattle Grove","state":"Western Australia"},"type":"Polygon","arcs":[[6029]],"id":"feature_2037"},{"properties":{"sa2_code":"506051139","sa2_name":"High Wycombe","state":"Western Australia"},"type":"Polygon","arcs":[[6030]],"id":"feature_2038"},{"properties":{"sa2_code":"506051140","sa2_name":"Kalamunda - Maida Vale - Gooseberry Hill","state":"Western Australia"},"type":"Polygon","arcs":[[6031]],"id":"feature_2039"},{"properties":{"sa2_code":"506051141","sa2_name":"Lesmurdie - Bickley - Carmel","state":"Western Australia"},"type":"Polygon","arcs":[[6032,6033]],"id":"feature_2040"},{"properties":{"sa2_code":"506061142","sa2_name":"Byford","state":"Western Australia"},"type":"Polygon","arcs":[[6034,-6036]],"id":"feature_2041"},{"properties":{"sa2_code":"506061143","sa2_name":"Mundijong","state":"Western Australia"},"type":"Polygon","arcs":[[6035,6036]],"id":"feature_2042"},{"properties":{"sa2_code":"506061144","sa2_name":"Serpentine - Jarrahdale","state":"Western Australia"},"type":"Polygon","arcs":[[-6294,6037]],"id":"feature_2043"},{"properties":{"sa2_code":"506071145","sa2_name":"Como","state":"Western Australia"},"type":"Polygon","arcs":[[6038]],"id":"feature_2044"},{"properties":{"sa2_code":"506071146","sa2_name":"Manning - Waterford","state":"Western Australia"},"type":"Polygon","arcs":[[6039]],"id":"feature_2045"},{"properties":{"sa2_code":"506071147","sa2_name":"South Perth - Kensington","state":"Western Australia"},"type":"Polygon","arcs":[[6040,6041]],"id":"feature_2046"},{"properties":{"sa2_code":"507011148","sa2_name":"Banjup","state":"Western Australia"},"type":"Polygon","arcs":[[6042,6043]],"id":"feature_2047"},{"properties":{"sa2_code":"507011150","sa2_name":"Bibra Industrial","state":"Western Australia"},"type":"Polygon","arcs":[[6044,-6053]],"id":"feature_2048"},{"properties":{"sa2_code":"507011151","sa2_name":"Bibra Lake","state":"Western Australia"},"type":"Polygon","arcs":[[6045]],"id":"feature_2049"},{"properties":{"sa2_code":"507011152","sa2_name":"Coogee","state":"Western Australia"},"type":"Polygon","arcs":[[6046]],"id":"feature_2050"},{"properties":{"sa2_code":"507011153","sa2_name":"Coolbellup","state":"Western Australia"},"type":"Polygon","arcs":[[6047]],"id":"feature_2051"},{"properties":{"sa2_code":"507011154","sa2_name":"Hamilton Hill","state":"Western Australia"},"type":"Polygon","arcs":[[6048]],"id":"feature_2052"},{"properties":{"sa2_code":"507011155","sa2_name":"Henderson","state":"Western Australia"},"type":"Polygon","arcs":[[6049]],"id":"feature_2053"},{"properties":{"sa2_code":"507011158","sa2_name":"North Coogee","state":"Western Australia"},"type":"Polygon","arcs":[[6050]],"id":"feature_2054"},{"properties":{"sa2_code":"507011159","sa2_name":"South Lake - Cockburn Central","state":"Western Australia"},"type":"Polygon","arcs":[[6051]],"id":"feature_2055"},{"properties":{"sa2_code":"507011160","sa2_name":"Spearwood","state":"Western Australia"},"type":"Polygon","arcs":[[6052,6053]],"id":"feature_2056"},{"properties":{"sa2_code":"507011161","sa2_name":"Success - Hammond Park","state":"Western Australia"},"type":"Polygon","arcs":[[6054]],"id":"feature_2057"},{"properties":{"sa2_code":"507011163","sa2_name":"Yangebup","state":"Western Australia"},"type":"Polygon","arcs":[[6055]],"id":"feature_2058"},{"properties":{"sa2_code":"507011259","sa2_name":"Beeliar - Wattleup","state":"Western Australia"},"type":"Polygon","arcs":[[6056]],"id":"feature_2059"},{"properties":{"sa2_code":"507011260","sa2_name":"Jandakot","state":"Western Australia"},"type":"Polygon","arcs":[[6057]],"id":"feature_2060"},{"properties":{"sa2_code":"507021164","sa2_name":"East Fremantle","state":"Western Australia"},"type":"Polygon","arcs":[[6058]],"id":"feature_2061"},{"properties":{"sa2_code":"507021165","sa2_name":"Fremantle","state":"Western Australia"},"type":"MultiPolygon","arcs":[[[6059]],[[6060]],[[6061]],[[6062]],[[6063]]],"id":"feature_2062"},{"properties":{"sa2_code":"507021166","sa2_name":"Fremantle - South","state":"Western Australia"},"type":"Polygon","arcs":[[6064]],"id":"feature_2063"},{"properties":{"sa2_code":"507021167","sa2_name":"O'Connor (WA)","state":"Western Australia"},"type":"Polygon","arcs":[[6065]],"id":"feature_2064"},{"properties":{"sa2_code":"507031169","sa2_name":"Wellard (West) - Bertram","state":"Western Australia"},"type":"Polygon","arcs":[[6066]],"id":"feature_2065"},{"properties":{"sa2_code":"507031170","sa2_name":"Calista","state":"Western Australia"},"type":"Polygon","arcs":[[6067]],"id":"feature_2066"},{"properties":{"sa2_code":"507031172","sa2_name":"Hope Valley - Postans","state":"Western Australia"},"type":"Polygon","arcs":[[6068]],"id":"feature_2067"},{"properties":{"sa2_code":"507031173","sa2_name":"Kwinana Industrial","state":"Western Australia"},"type":"Polygon","arcs":[[6069]],"id":"feature_2068"},{"properties":{"sa2_code":"507031174","sa2_name":"Parmelia - Orelia","state":"Western Australia"},"type":"Polygon","arcs":[[6070]],"id":"feature_2069"},{"properties":{"sa2_code":"507031261","sa2_name":"Casuarina - Wandi","state":"Western Australia"},"type":"Polygon","arcs":[[6071]],"id":"feature_2070"},{"properties":{"sa2_code":"507041175","sa2_name":"Applecross - Ardross","state":"Western Australia"},"type":"Polygon","arcs":[[6072]],"id":"feature_2071"},{"properties":{"sa2_code":"507041176","sa2_name":"Bateman","state":"Western Australia"},"type":"Polygon","arcs":[[6073]],"id":"feature_2072"},{"properties":{"sa2_code":"507041177","sa2_name":"Bicton - Palmyra","state":"Western Australia"},"type":"Polygon","arcs":[[6074]],"id":"feature_2073"},{"properties":{"sa2_code":"507041178","sa2_name":"Booragoon","state":"Western Australia"},"type":"Polygon","arcs":[[6075]],"id":"feature_2074"},{"properties":{"sa2_code":"507041179","sa2_name":"Bull Creek","state":"Western Australia"},"type":"Polygon","arcs":[[6076]],"id":"feature_2075"},{"properties":{"sa2_code":"507041180","sa2_name":"Leeming","state":"Western Australia"},"type":"Polygon","arcs":[[6077]],"id":"feature_2076"},{"properties":{"sa2_code":"507041181","sa2_name":"Melville","state":"Western Australia"},"type":"Polygon","arcs":[[6078]],"id":"feature_2077"},{"properties":{"sa2_code":"507041182","sa2_name":"Murdoch - Kardinya","state":"Western Australia"},"type":"Polygon","arcs":[[6079]],"id":"feature_2078"},{"properties":{"sa2_code":"507041183","sa2_name":"Willagee","state":"Western Australia"},"type":"Polygon","arcs":[[6080]],"id":"feature_2079"},{"properties":{"sa2_code":"507041184","sa2_name":"Winthrop","state":"Western Australia"},"type":"Polygon","arcs":[[6081]],"id":"feature_2080"},{"properties":{"sa2_code":"507051186","sa2_name":"Cooloongup","state":"Western Australia"},"type":"Polygon","arcs":[[6082]],"id":"feature_2081"},{"properties":{"sa2_code":"507051187","sa2_name":"Port Kennedy","state":"Western Australia"},"type":"Polygon","arcs":[[6083]],"id":"feature_2082"},{"properties":{"sa2_code":"507051188","sa2_name":"Rockingham","state":"Western Australia"},"type":"MultiPolygon","arcs":[[[6084]],[[6085]],[[6086]],[[6087]],[[6088]],[[6089]]],"id":"feature_2083"},{"properties":{"sa2_code":"507051189","sa2_name":"Rockingham Lakes","state":"Western Australia"},"type":"Polygon","arcs":[[6090]],"id":"feature_2084"},{"properties":{"sa2_code":"507051190","sa2_name":"Safety Bay - Shoalwater","state":"Western Australia"},"type":"MultiPolygon","arcs":[[[6091]],[[6092]],[[6093]]],"id":"feature_2085"},{"properties":{"sa2_code":"507051191","sa2_name":"Singleton - Golden Bay - Secret Harbour","state":"Western Australia"},"type":"Polygon","arcs":[[6094]],"id":"feature_2086"},{"properties":{"sa2_code":"507051192","sa2_name":"Waikiki","state":"Western Australia"},"type":"Polygon","arcs":[[6095]],"id":"feature_2087"},{"properties":{"sa2_code":"507051193","sa2_name":"Warnbro","state":"Western Australia"},"type":"Polygon","arcs":[[6096]],"id":"feature_2088"},{"properties":{"sa2_code":"507051312","sa2_name":"Baldivis - North","state":"Western Australia"},"type":"Polygon","arcs":[[6097]],"id":"feature_2089"},{"properties":{"sa2_code":"507051313","sa2_name":"Baldivis - South","state":"Western Australia"},"type":"Polygon","arcs":[[6098]],"id":"feature_2090"},{"properties":{"sa2_code":"507051314","sa2_name":"Karnup","state":"Western Australia"},"type":"Polygon","arcs":[[6099]],"id":"feature_2091"},{"properties":{"sa2_code":"509011225","sa2_name":"Albany","state":"Western Australia"},"type":"Polygon","arcs":[[6100]],"id":"feature_2092"},{"properties":{"sa2_code":"509011226","sa2_name":"Albany Surrounds","state":"Western Australia"},"type":"MultiPolygon","arcs":[[[6101]],[[6102]],[[6103]],[[6104]],[[6105]],[[6106]],[[6107]],[[6108]],[[6109]],[[6110]],[[6111]],[[6112]],[[6113]],[[6114]],[[6115]],[[6116]],[[6117]],[[6118]],[[6119]],[[6120]],[[6121]],[[-6189,6122,-6146,6123,-6183,6124]],[[6125]]],"id":"feature_2093"},{"properties":{"sa2_code":"509011227","sa2_name":"Bayonet Head - Lower King","state":"Western Australia"},"type":"Polygon","arcs":[[6126]],"id":"feature_2094"},{"properties":{"sa2_code":"509011228","sa2_name":"Denmark","state":"Western Australia"},"type":"MultiPolygon","arcs":[[[6127]],[[6128]],[[6129]],[[6130]],[[6131]],[[6132,6133]]],"id":"feature_2095"},{"properties":{"sa2_code":"509011229","sa2_name":"Gnowangerup","state":"Western Australia"},"type":"MultiPolygon","arcs":[[[6134]],[[6135]],[[6136]],[[6137]],[[6138]],[[6139]],[[-6152,6140,-6308,6141,-6306,6142,-6304,6143,-8518,6144,6145,6146,-6158,6147]]],"id":"feature_2096"},{"properties":{"sa2_code":"509011230","sa2_name":"Katanning","state":"Western Australia"},"type":"Polygon","arcs":[[6148,-6329,6149,-6310,6150,6151,6152,-6156]],"id":"feature_2097"},{"properties":{"sa2_code":"509011231","sa2_name":"Kojonup","state":"Western Australia"},"type":"Polygon","arcs":[[6153,-6331,6154,6155,6156,6157,6158,-6185,6159,6160,6161,6162]],"id":"feature_2098"},{"properties":{"sa2_code":"509011232","sa2_name":"Little Grove - Elleker","state":"Western Australia"},"type":"MultiPolygon","arcs":[[[6163]],[[6164]],[[6165]],[[6166]],[[6167]],[[6168]],[[6169]],[[6169]],[[6170]],[[6171]],[[6172]],[[6173]],[[6174]],[[6175]],[[6176]],[[6177]],[[6178]],[[6179]],[[6180]],[[6181]]],"id":"feature_2099"},{"properties":{"sa2_code":"509011233","sa2_name":"McKail - Willyung","state":"Western Australia"},"type":"Polygon","arcs":[[6182,6183]],"id":"feature_2100"},{"properties":{"sa2_code":"509011234","sa2_name":"Plantagenet","state":"Western Australia"},"type":"Polygon","arcs":[[6184,6185,-6193,6186,-6191,6187,6188,6189]],"id":"feature_2101"},{"properties":{"sa2_code":"509011235","sa2_name":"Stirling Range National Park","state":"Western Australia"},"type":"Polygon","arcs":[[6190,6191,6192,6193]],"id":"feature_2102"},{"properties":{"sa2_code":"509021236","sa2_name":"Chittering","state":"Western Australia"},"type":"Polygon","arcs":[[-6254,6194,-6273,6195,-6235,6196]],"id":"feature_2103"},{"properties":{"sa2_code":"509021237","sa2_name":"Cunderdin","state":"Western Australia"},"type":"Polygon","arcs":[[6197,-6269,6198,-6205,6199,-6266,6200,-6244,6201,-6282]],"id":"feature_2104"},{"properties":{"sa2_code":"509021238","sa2_name":"Dowerin","state":"Western Australia"},"type":"Polygon","arcs":[[6202,-6268,6203,6204,6205,-6251,6206,-6249]],"id":"feature_2105"},{"properties":{"sa2_code":"509021239","sa2_name":"Gingin - Dandaragan","state":"Western Australia"},"type":"MultiPolygon","arcs":[[[6207]],[[6208]],[[6209]],[[6210]],[[6211]],[[6212]],[[6213]],[[6214]],[[6215]],[[6216]],[[6217]],[[6218]],[[6219]],[[6220]],[[6221]],[[6222]],[[6223]],[[6224]],[[6225]],[[6226]],[[6227]],[[6228]],[[6229]],[[-8742,6230,-8740,6231,-8738,6232,-6256,6233,6234,6235]],[[6236]],[[6237]],[[6238]]],"id":"feature_2106"},{"properties":{"sa2_code":"509021240","sa2_name":"Merredin","state":"Western Australia"},"type":"Polygon","arcs":[[6239,-6264,6240,-6301,6241,-6288,6242,6243]],"id":"feature_2107"},{"properties":{"sa2_code":"509021241","sa2_name":"Moora","state":"Western Australia"},"type":"Polygon","arcs":[[-8736,6244,-8718,6245,-6261,6246,-6259,6247,6248,6249,6250,6251,-6275,6252,6253,6254,6255,6256]],"id":"feature_2108"},{"properties":{"sa2_code":"509021242","sa2_name":"Mukinbudin","state":"Western Australia"},"type":"Polygon","arcs":[[6257,6258,6259,6260,6261,-8716,6262,6263,6264,6265,6266,6267]],"id":"feature_2109"},{"properties":{"sa2_code":"509021243","sa2_name":"Northam","state":"Western Australia"},"type":"Polygon","arcs":[[6268,6269,-6287,6270,-6277,6271]],"id":"feature_2110"},{"properties":{"sa2_code":"509021244","sa2_name":"Toodyay","state":"Western Australia"},"type":"Polygon","arcs":[[6272,6273,6274,6275,6276,6277,6278,6279]],"id":"feature_2111"},{"properties":{"sa2_code":"509021245","sa2_name":"York - Beverley","state":"Western Australia"},"type":"Polygon","arcs":[[6280,6281,6282,-6297,6283,6284,6285,6286]],"id":"feature_2112"},{"properties":{"sa2_code":"509031246","sa2_name":"Brookton","state":"Western Australia"},"type":"Polygon","arcs":[[6287,6288,-6299,6289,-6313,6290,-6325,6291,-6319,6292,-6317,6293,6294,6295,6296,6297]],"id":"feature_2113"},{"properties":{"sa2_code":"509031247","sa2_name":"Kulin","state":"Western Australia"},"type":"Polygon","arcs":[[6298,6299,6300,6301,-8694,-8514,6302,6303,6304,6305,6306,6307,6308,6309,6310,-6327,6311,6312,6313]],"id":"feature_2114"},{"properties":{"sa2_code":"509031248","sa2_name":"Murray","state":"Western Australia"},"type":"Polygon","arcs":[[6314,6315,6316,6317,6318,6319,-6337,6320,6321,6322]],"id":"feature_2115"},{"properties":{"sa2_code":"509031249","sa2_name":"Narrogin","state":"Western Australia"},"type":"Polygon","arcs":[[6323,-6339]],"id":"feature_2116"},{"properties":{"sa2_code":"509031250","sa2_name":"Wagin","state":"Western Australia"},"type":"Polygon","arcs":[[6324,6325,6326,6327,6328,6329,6330,6331,6332,6333,6334,6335,6336,6337],[6338,6339]],"id":"feature_2117"},{"properties":{"sa2_code":"510011262","sa2_name":"Broome","state":"Western Australia"},"type":"Polygon","arcs":[[-7889,6340]],"id":"feature_2118"},{"properties":{"sa2_code":"510011263","sa2_name":"Derby - West Kimberley","state":"Western Australia"},"type":"MultiPolygon","arcs":[[[6341]],[[6342]],[[6343]],[[6344]],[[6345]],[[6346]],[[6347]],[[6348]],[[6349]],[[6350]],[[6351]],[[6352]],[[6353]],[[6354]],[[6355]],[[6356]],[[6357]],[[6358]],[[6359]],[[6360]],[[6361]],[[6362]],[[6363]],[[6364]],[[6365]],[[6366]],[[6367]],[[6368]],[[6369]],[[6370]],[[6371]],[[6372]],[[6373]],[[6374]],[[6375]],[[6376]],[[6377]],[[6378]],[[6379]],[[6380]],[[6381]],[[6382]],[[6383]],[[6384]],[[6385]],[[6386]],[[6387]],[[6388]],[[6389]],[[6390]],[[6391]],[[6392]],[[6393]],[[6394]],[[6395]],[[6396]],[[6397]],[[6398]],[[6399]],[[6400]],[[6401]],[[6402]],[[6403]],[[6404]],[[6405]],[[6406]],[[6407]],[[6408]],[[6409]],[[6410]],[[6411]],[[6412]],[[6413]],[[6414]],[[6415]],[[6416]],[[6417]],[[6418]],[[6419]],[[6420]],[[6421]],[[6422]],[[6423]],[[6424]],[[6425]],[[6426]],[[6427]],[[6428]],[[6429]],[[6430]],[[6431]],[[6432]],[[6433]],[[6434]],[[6435]],[[6436]],[[6437]],[[6438]],[[6439]],[[6440]],[[6441]],[[6442]],[[6443]],[[6444]],[[6445]],[[6446]],[[6447]],[[6448]],[[6449]],[[6450]],[[6451]],[[6452]],[[6453]],[[6454]],[[6455]],[[6456]],[[6457]],[[6458]],[[6459]],[[6460]],[[6461]],[[6462]],[[6463]],[[6464]],[[6465]],[[6466]],[[6467]],[[6468]],[[6469]],[[6470]],[[6471]],[[6472]],[[6473]],[[6474]],[[6475]],[[6476]],[[6477]],[[6478]],[[6479]],[[6480]],[[6481]],[[6482]],[[6483]],[[6484]],[[6485]],[[6486]],[[6487]],[[6488]],[[6489]],[[6490]],[[6491]],[[6492]],[[6493]],[[6494]],[[6495]],[[6496]],[[6497]],[[6498]],[[6499]],[[6500]],[[6501]],[[6502]],[[6503]],[[6504]],[[6505]],[[6506]],[[6507]],[[6508]],[[6509]],[[6510]],[[6511]],[[6512]],[[6513]],[[6514]],[[6515]],[[6516]],[[6517]],[[6518]],[[6519]],[[6520]],[[6521]],[[6522]],[[6523]],[[6524]],[[6525]],[[6526]],[[6527]],[[6528]],[[6529]],[[6530]],[[6531]],[[6532]],[[6533]],[[6534]],[[6535]],[[6536]],[[6537]],[[6538]],[[6539]],[[6540]],[[6541]],[[6542]],[[6543]],[[6544]],[[6545]],[[6546]],[[6547]],[[6548]],[[6549]],[[6550]],[[6551]],[[6552]],[[6553]],[[6554]],[[6555]],[[6556]],[[6557]],[[6558]],[[6559]],[[6560]],[[6561]],[[6562]],[[6563]],[[6564]],[[6565]],[[6566]],[[6567]],[[6568]],[[6569]],[[6570]],[[6571]],[[6572]],[[6573]],[[6574]],[[6575]],[[6576]],[[6577]],[[6578]],[[6579]],[[6580]],[[6581]],[[6582]],[[6583]],[[6584]],[[6585]],[[6586]],[[6587]],[[6588]],[[6589]],[[6590]],[[6591]],[[6592]],[[6593]],[[6594]],[[6595]],[[6596]],[[6597]],[[6598]],[[6599]],[[6600]],[[6601]],[[6602]],[[6603]],[[6604]],[[6605]],[[6606]],[[6607]],[[6608]],[[6609]],[[6610]],[[6611]],[[6612]],[[6613]],[[6614]],[[6615]],[[6616]],[[6617]],[[6618]],[[6619]],[[6620]],[[6621]],[[6622]],[[6623]],[[6624]],[[6625]],[[6626]],[[6627]],[[6628]],[[6629]],[[6630]],[[6631]],[[6632]],[[6633]],[[6634]],[[6635]],[[6636]],[[6637]],[[6638]],[[6639]],[[6640]],[[6641]],[[6642]],[[6643]],[[6644]],[[6645]],[[6646]],[[6647]],[[6648]],[[6649]],[[6650]],[[6651]],[[6652]],[[6653]],[[6654]],[[6655]],[[6656]],[[6657]],[[6658]],[[6659]],[[6660]],[[6661]],[[6662]],[[6663]],[[6664]],[[6665]],[[6666]],[[6667]],[[6668]],[[6669]],[[6670]],[[6671]],[[6672]],[[6673]],[[6674]],[[6675]],[[6676]],[[6677]],[[6678]],[[6679]],[[6680]],[[6681]],[[6682]],[[6683]],[[6684]],[[6685]],[[6686]],[[6687]],[[6688]],[[6689]],[[6690]],[[6691]],[[6692]],[[6693]],[[6694]],[[6695]],[[6696]],[[6697]],[[6698]],[[6699]],[[6700]],[[6701]],[[6702]],[[6703]],[[6704]],[[6705]],[[6706]],[[6707]],[[6708]],[[6709]],[[6710]],[[6711]],[[6712]],[[6713]],[[6714]],[[6715]],[[6716]],[[6717]],[[6718]],[[6719]],[[6720]],[[6721]],[[6722]],[[6723]],[[6724]],[[6725]],[[6726]],[[6727]],[[6728]],[[6729]],[[6730]],[[6731]],[[6732]],[[6733]],[[6734]],[[6735]],[[6736]],[[6737]],[[6738]],[[6739]],[[6740]],[[6741]],[[6742]],[[6743]],[[-6920,6744,-7843,-6845,6745,-6848,6746,-7947,6747,-7886,6748]],[[6749]],[[6750]],[[6751]],[[6752]],[[6753]],[[6754]],[[6755]],[[6756]],[[6757]],[[6758]],[[6759]],[[6760]],[[6761]],[[6762]],[[6763]],[[6764]],[[6765]],[[6766]],[[6767]],[[6768]],[[6769]],[[6770]],[[6771]],[[6772]],[[6773]],[[6774]],[[6775]],[[6776]],[[6777]],[[6778]],[[6779]],[[6780]],[[6781]],[[6782]],[[6783]],[[6784]],[[6785]],[[6786]],[[6787]],[[6788]],[[6789]],[[6790]],[[6791]],[[6792]],[[6793]],[[6794]],[[6795]],[[6796]],[[6797]],[[6798]],[[6799]],[[6800]],[[6801]],[[6802]],[[6803]],[[6804]],[[6805]],[[6806]],[[6807]],[[6808]],[[6809]],[[6810]],[[6811]],[[6812]],[[6813]],[[6814]],[[6815]],[[6816]],[[6817]],[[6818]],[[6819]],[[6820]],[[6821]],[[6822]],[[6823]],[[6824]],[[6825]],[[6826]],[[6827]],[[6828]],[[6829]],[[6830]],[[6831]],[[6832]],[[6833]],[[6834]],[[6835]],[[6836]],[[6837]],[[6838]],[[6839]],[[6840]],[[6841]],[[6842]]],"id":"feature_2119"},{"properties":{"sa2_code":"510011264","sa2_name":"Halls Creek","state":"Western Australia"},"type":"Polygon","arcs":[[6843,6844,-7845,6845,-7949,6846,6847]],"id":"feature_2120"},{"properties":{"sa2_code":"510011265","sa2_name":"Kununurra","state":"Western Australia"},"type":"MultiPolygon","arcs":[[[6848]],[[6849]],[[6850]],[[6851]],[[6852]],[[6853]],[[6854]],[[6855]],[[6856]],[[6857]],[[6858]],[[6859]],[[6860]],[[6861]],[[6862]],[[6863]],[[6864]],[[6865]],[[6866]],[[6867]],[[6868]],[[6869]],[[6870]],[[6871]],[[6872]],[[6873]],[[6874]],[[6875]],[[6876]],[[6877]],[[6878]],[[6879]],[[6880]],[[6881]],[[6882]],[[6883]],[[6884]],[[6885]],[[6886]],[[6887]],[[6888]],[[6889]],[[6890]],[[6891]],[[6892]],[[6893]],[[6894]],[[6895]],[[6896]],[[6897]],[[6898]],[[6899]],[[6900]],[[6901]],[[6902]],[[6903]],[[6904]],[[6905]],[[6906]],[[6907]],[[6908]],[[6909]],[[6910]],[[6911]],[[6912]],[[6913]],[[6914]],[[6915]],[[6916]],[[6917]],[[6918]],[[6919,6920]],[[6921]],[[6922]],[[6923]],[[6924]],[[6925]],[[6926]],[[6927]],[[6928]],[[6929]],[[6930]],[[6931]],[[6932]],[[6933]],[[6934]],[[6935]],[[6936]],[[6937]],[[6938]],[[6939]],[[6940]],[[6941]],[[6942]],[[6943]],[[6944]],[[6945]],[[6946]],[[6947]],[[6948]],[[6949]],[[6950]],[[6951]],[[6952]],[[6953]],[[6954]],[[6955]],[[6956]],[[6957]],[[6958]],[[6959]],[[6960]],[[6961]],[[6962]],[[6963]],[[6964]],[[6965]],[[6966]],[[6967]],[[6968]],[[6969]],[[6970]],[[6971]],[[6972]],[[6973]],[[6974]],[[6975]],[[6976]],[[6977]],[[6978]],[[6979]],[[6980]],[[6981]],[[6982]],[[6983]],[[6984]],[[6985]],[[6986]],[[6987]],[[6988]],[[6989]],[[6990]],[[6991]],[[6992]],[[6993]],[[6994]],[[6995]],[[6996]],[[6997]],[[6998]],[[6999]],[[7000]],[[7001]],[[7002]],[[7003]],[[7004]],[[7005]],[[7006]],[[7007]],[[7008]],[[7009]],[[7010]],[[7011]],[[7012]],[[7013]],[[7014]],[[7015]],[[7016]],[[7017]],[[7018]],[[7019]],[[7020]],[[7021]],[[7022]],[[7023]],[[7024]],[[7025]],[[7026]],[[7027]],[[7028]],[[7029]],[[7030]],[[7031]],[[7032]],[[7033]],[[7034]],[[7035]],[[7036]],[[7037]],[[7038]],[[7039]],[[7040]],[[7041]],[[7042]],[[7043]],[[7044]],[[7045]],[[7046]],[[7047]],[[7048]],[[7049]],[[7050]],[[7051]],[[7052]],[[7053]],[[7054]],[[7055]],[[7056]],[[7057]],[[7058]],[[7059]],[[7060]],[[7061]],[[7062]],[[7063]],[[7064]],[[7065]],[[7066]],[[7067]],[[7068]],[[7069]],[[7070]],[[7071]],[[7072]],[[7073]],[[7074]],[[7075]],[[7076]],[[7077]],[[7078]],[[7079]],[[7080]],[[7081]],[[7082]],[[7083]],[[7084]],[[7085]],[[7086]],[[7087]],[[7088]],[[7089]],[[7090]],[[7091]],[[7092]],[[7093]],[[7094]],[[7095]],[[7096]],[[7097]],[[7098]],[[7099]],[[7100]],[[7101]],[[7102]],[[7103]],[[7104]],[[7105]],[[7106]],[[7107]],[[7108]],[[7109]],[[7110]],[[7111]],[[7112]],[[7113]],[[7114]],[[7115]],[[7116]],[[7117]],[[7118]],[[7119]],[[7120]],[[7121]],[[7122]],[[7123]],[[7124]],[[7125]],[[7126]],[[7127]],[[7128]],[[7129]],[[7130]],[[7131]],[[7132]],[[7133]],[[7134]],[[7135]],[[7136]],[[7137]],[[7138]],[[7139]],[[7140]],[[7141]],[[7142]],[[7143]],[[7144]],[[7145]],[[7146]],[[7147]],[[7148]],[[7149]],[[7150]],[[7151]],[[7152]],[[7153]],[[7154]],[[7155]],[[7156]],[[7157]],[[7158]],[[7159]],[[7160]],[[7161]],[[7162]],[[7163]],[[7164]],[[7165]],[[7166]],[[7167]],[[7168]],[[7169]],[[7170]],[[7171]],[[7172]],[[7173]],[[7174]],[[7175]],[[7176]],[[7177]],[[7178]],[[7179]],[[7180]],[[7181]],[[7182]],[[7183]],[[7184]],[[7185]],[[7186]],[[7187]],[[7188]],[[7189]],[[7190]],[[7191]],[[7192]],[[7193]],[[7194]],[[7195]],[[7196]],[[7197]],[[7198]],[[7199]],[[7200]],[[7201]],[[7202]],[[7203]],[[7204]],[[7205]],[[7206]],[[7207]],[[7208]],[[7209]],[[7210]],[[7211]],[[7212]],[[7213]],[[7214]],[[7215]],[[7216]],[[7217]],[[7218]],[[7219]],[[7220]],[[7221]],[[7222]],[[7223]],[[7224]],[[7225]],[[7226]],[[7227]],[[7228]],[[7229]],[[7230]],[[7231]],[[7232]],[[7233]],[[7234]],[[7235]],[[7236]],[[7237]],[[7238]],[[7239]],[[7240]],[[7241]],[[7242]],[[7243]],[[7244]],[[7245]],[[7246]],[[7247]],[[7248]],[[7249]],[[7250]],[[7251]],[[7252]],[[7253]],[[7254]],[[7255]],[[7256]],[[7257]],[[7258]],[[7259]],[[7260]],[[7261]],[[7262]],[[7263]],[[7264]],[[7265]],[[7266]],[[7267]],[[7268]],[[7269]],[[7270]],[[7271]],[[7272]],[[7273]],[[7274]],[[7275]],[[7276]],[[7277]],[[7278]],[[7279]],[[7280]],[[7281]],[[7282]],[[7283]],[[7284]],[[7285]],[[7286]],[[7287]],[[7288]],[[7289]],[[7290]],[[7291]],[[7292]],[[7293]],[[7294]],[[7295]],[[7296]],[[7297]],[[7298]],[[7299]],[[7300]],[[7301]],[[7302]],[[7303]],[[7304]],[[7305]],[[7306]],[[7307]],[[7308]],[[7309]],[[7310]],[[7311]],[[7312]],[[7313]],[[7314]],[[7315]],[[7316]],[[7317]],[[7318]],[[7319]],[[7320]],[[7321]],[[7322]],[[7323]],[[7324]],[[7325]],[[7326]],[[7327]],[[7328]],[[7329]],[[7330]],[[7331]],[[7332]],[[7333]],[[7334]],[[7335]],[[7336]],[[7337]],[[7338]],[[7339]],[[7340]],[[7341]],[[7342]],[[7343]],[[7344]],[[7345]],[[7346]],[[7347]],[[7348]],[[7349]],[[7350]],[[7351]],[[7352]],[[7353]],[[7354]],[[7355]],[[7356]],[[7357]],[[7358]],[[7359]],[[7360]],[[7361]],[[7362]],[[7363]],[[7364]],[[7365]],[[7366]],[[7367]],[[7368]],[[7369]],[[7370]],[[7371]],[[7372]],[[7373]],[[7374]],[[7375]],[[7376]],[[7377]],[[7378]],[[7379]],[[7380]],[[7381]],[[7382]],[[7383]],[[7384]],[[7385]],[[7386]],[[7387]],[[7388]],[[7389]],[[7390]],[[7391]],[[7392]],[[7393]],[[7394]],[[7395]],[[7396]],[[7397]],[[7398]],[[7399]],[[7400]],[[7401]],[[7402]],[[7403]],[[7404]],[[7405]],[[7406]],[[7407]],[[7408]],[[7409]],[[7410]],[[7411]],[[7412]],[[7413]],[[7414]],[[7415]],[[7416]],[[7417]],[[7418]],[[7419]],[[7420]],[[7421]],[[7422]],[[7423]],[[7424]],[[7425]],[[7426]],[[7427]],[[7428]],[[7429]],[[7430]],[[7431]],[[7432]],[[7433]],[[7434]],[[7435]],[[7436]],[[7437]],[[7438]],[[7439]],[[7440]],[[7441]],[[7442]],[[7443]],[[7444]],[[7445]],[[7446]],[[7447]],[[7448]],[[7449]],[[7450]],[[7451]],[[7452]],[[7453]],[[7454]],[[7455]],[[7456]],[[7457]],[[7458]],[[7459]],[[7460]],[[7461]],[[7462]],[[7463]],[[7464]],[[7465]],[[7466]],[[7467]],[[7468]],[[7469]],[[7470]],[[7471]],[[7472]],[[7473]],[[7474]],[[7475]],[[7476]],[[7477]],[[7478]],[[7479]],[[7480]],[[7481]],[[7482]],[[7483]],[[7484]],[[7485]],[[7486]],[[7487]],[[7488]],[[7489]],[[7490]],[[7491]],[[7492]],[[7493]],[[7494]],[[7495]],[[7496]],[[7497]],[[7498]],[[7499]],[[7500]],[[7501]],[[7502]],[[7503]],[[7504]],[[7505]],[[7506]],[[7507]],[[7508]],[[7509]],[[7510]],[[7511]],[[7512]],[[7513]],[[7514]],[[7515]],[[7516]],[[7517]],[[7518]],[[7519]],[[7520]],[[7521]],[[7522]],[[7523]],[[7524]],[[7525]],[[7526]],[[7527]],[[7528]],[[7529]],[[7530]],[[7531]],[[7532]],[[7533]],[[7534]],[[7535]],[[7536]],[[7537]],[[7538]],[[7539]],[[7540]],[[7541]],[[7542]],[[7543]],[[7544]],[[7545]],[[7546]],[[7547]],[[7548]],[[7549]],[[7550]],[[7551]],[[7552]],[[7553]],[[7554]],[[7555]],[[7556]],[[7557]],[[7558]],[[7559]],[[7560]],[[7561]],[[7562]],[[7563]],[[7564]],[[7565]],[[7566]],[[7567]],[[7568]],[[7569]],[[7570]],[[7571]],[[7572]],[[7573]],[[7574]],[[7575]],[[7576]],[[7577]],[[7578]],[[7579]],[[7580]],[[7581]],[[7582]],[[7583]],[[7584]],[[7585]],[[7586]],[[7587]],[[7588]],[[7589]],[[7590]],[[7591]],[[7592]],[[7593]],[[7594]],[[7595]],[[7596]],[[7597]],[[7598]],[[7599]],[[7600]],[[7601]],[[7602]],[[7603]],[[7604]],[[7605]],[[7606]],[[7607]],[[7608]],[[7609]],[[7610]],[[7611]],[[7612]],[[7613]],[[7614]],[[7615]],[[7616]],[[7617]],[[7618]],[[7619]],[[7620]],[[7621]],[[7622]],[[7623]],[[7624]],[[7625]],[[7626]],[[7627]],[[7628]],[[7629]],[[7630]],[[7631]],[[7632]],[[7633]],[[7634]],[[7635]],[[7636]],[[7637]],[[7638]],[[7639]],[[7640]],[[7641]],[[7642]],[[7643]],[[7644]],[[7645]],[[7646]],[[7647]],[[7648]],[[7649]],[[7650]],[[7651]],[[7652]],[[7653]],[[7654]],[[7655]],[[7656]],[[7657]],[[7658]],[[7659]],[[7660]],[[7661]],[[7662]],[[7663]],[[7664]],[[7665]],[[7666]],[[7667]],[[7668]],[[7669]],[[7670]],[[7671]],[[7672]],[[7673]],[[7674]],[[7675]],[[7676]],[[7677]],[[7678]],[[7679]],[[7680]],[[7681]],[[7682]],[[7683]],[[7684]],[[7685]],[[7686]],[[7687]],[[7688]],[[7689]],[[7690]],[[7691]],[[7692]],[[7693]],[[7694]],[[7695]],[[7696]],[[7697]],[[7698]],[[7699]],[[7700]],[[7701]],[[7702]],[[7703]],[[7704]],[[7705]],[[7706]],[[7707]],[[7708]],[[7709]],[[7710]],[[7711]],[[7712]],[[7713]],[[7714]],[[7715]],[[7716]],[[7717]],[[7718]],[[7719]],[[7720]],[[7721]],[[7722]],[[7723]],[[7724]],[[7725]],[[7726]],[[7727]],[[7728]],[[7729]],[[7730]],[[7731]],[[7732]],[[7733]],[[7734]],[[7735]],[[7736]],[[7737]],[[7738]],[[7739]],[[7740]],[[7741]],[[7742]],[[7743]],[[7744]],[[7745]],[[7746]],[[7747]],[[7748]],[[7749]],[[7750]],[[7751]],[[7752]],[[7753]],[[7754]],[[7755]],[[7756]],[[7757]],[[7758]],[[7759]],[[7760]],[[7761]],[[7762]],[[7763]],[[7764]],[[7765]],[[7766]],[[7767]],[[7768]],[[7769]],[[7770]],[[7771]],[[7772]],[[7773]],[[7774]],[[7775]],[[7776]],[[7777]],[[7778]],[[7779]],[[7780]],[[7781]],[[7782]],[[7783]],[[7784]],[[7785]],[[7786]],[[7787]],[[7788]],[[7789]],[[7790]],[[7791]],[[7792]],[[7793]],[[7794]],[[7795]],[[7796]],[[7797]],[[7798]],[[7799]],[[7800]],[[7801]],[[7802]],[[7803]],[[7804]],[[7805]],[[7806]],[[7807]],[[7808]],[[7809]],[[7810]],[[7811]],[[7812]],[[7813]],[[7814]],[[7815]],[[7816]],[[7817]],[[7818]],[[7819]],[[7820]],[[7821]],[[7822]],[[7823]],[[7824]],[[7825]],[[7826]],[[7827]],[[7828]],[[7829]],[[7830]],[[7831]],[[7832]],[[7833]],[[7834]],[[7835]],[[7836]],[[7837]],[[7838]],[[7839]],[[7840]],[[7841]],[[7842,7843,7844]],[[7845]]],"id":"feature_2121"},{"properties":{"sa2_code":"510011266","sa2_name":"Roebuck","state":"Western Australia"},"type":"MultiPolygon","arcs":[[[7846]],[[7847]],[[7848]],[[7849]],[[7850]],[[7851]],[[7852]],[[7853]],[[7854]],[[7855]],[[7856]],[[7857]],[[7858]],[[7859]],[[7860]],[[7861]],[[7862]],[[7863]],[[7864]],[[7865]],[[7866]],[[7867]],[[7868]],[[7869]],[[7870]],[[7871]],[[7872]],[[7873]],[[7874]],[[7875]],[[7876]],[[7877]],[[7878]],[[7879]],[[7880]],[[7881]],[[7882]],[[7883]],[[7884]],[[7885,7886,-7945,7887,7888,7889]],[[7890]],[[7891]],[[7892]],[[7893]],[[7894]],[[7895]],[[7896]],[[7897]],[[7898]],[[7899]],[[7900]],[[7901]],[[7902]],[[7903]],[[7904]],[[7905]],[[7906]],[[7907]],[[7908]],[[7909]],[[7910]],[[7911]],[[7912]],[[7913]],[[7914]],[[7915]],[[7916]],[[7917]],[[7918]],[[7919]],[[7920]],[[7921]],[[7922]],[[7923]],[[7924]],[[7925]],[[7926]],[[7927]],[[7928]],[[7929]],[[7930]],[[7931]],[[7932]],[[7933]],[[7934]]],"id":"feature_2122"},{"properties":{"sa2_code":"510021267","sa2_name":"East Pilbara","state":"Western Australia"},"type":"MultiPolygon","arcs":[[[7935]],[[7936]],[[7937]],[[7938]],[[7939]],[[7940]],[[7941]],[[7942]],[[7943]],[[7944,7945,7946,7947,7948,-11039,-8696,-8714,7949,-8712,-8103,7950,-8101,7951,-8099,-8214,7952,-7972,7953],[-7968,7954]],[[7955]],[[7956]],[[7957]],[[7958]],[[7959]],[[7960]],[[7961]],[[7962]],[[7963]],[[7964]],[[7965]]],"id":"feature_2123"},{"properties":{"sa2_code":"510021268","sa2_name":"Newman","state":"Western Australia"},"type":"Polygon","arcs":[[7966,7967]],"id":"feature_2124"},{"properties":{"sa2_code":"510021269","sa2_name":"Port Hedland","state":"Western Australia"},"type":"MultiPolygon","arcs":[[[7968]],[[7969]]],"id":"feature_2125"},{"properties":{"sa2_code":"510021270","sa2_name":"South Hedland","state":"Western Australia"},"type":"Polygon","arcs":[[7970,7971]],"id":"feature_2126"},{"properties":{"sa2_code":"510031271","sa2_name":"Ashburton (WA)","state":"Western Australia"},"type":"MultiPolygon","arcs":[[[7972]],[[7973]],[[7974]],[[7975]],[[7976]],[[7977]],[[7978]],[[7979]],[[7980]],[[7981]],[[7982]],[[7983]],[[7984]],[[7985]],[[7986]],[[7987]],[[7988]],[[7989]],[[7990]],[[7991]],[[7992]],[[7993]],[[7994]],[[7995]],[[7996]],[[7997]],[[7998]],[[7999]],[[8000]],[[8001]],[[8002]],[[8003]],[[8004]],[[8005]],[[8006]],[[8007]],[[8008]],[[8009]],[[8010]],[[8011]],[[8012]],[[8013]],[[8014]],[[8015]],[[8016]],[[8017]],[[8018]],[[8019]],[[8020]],[[8021]],[[8022]],[[8023]],[[8024]],[[8025]],[[8026]],[[8027]],[[8028]],[[8029]],[[8030]],[[8031]],[[8032]],[[8033]],[[8034]],[[8035]],[[8036]],[[8037]],[[8038]],[[8039]],[[8040]],[[8041]],[[8042]],[[8043]],[[8044]],[[8045]],[[8046]],[[8047]],[[8048]],[[8049]],[[8050]],[[8051]],[[8052]],[[8053]],[[8054]],[[8055]],[[8056]],[[8057]],[[8058]],[[8059]],[[8060]],[[8061]],[[8062]],[[8063]],[[8064]],[[8065]],[[8066]],[[8067]],[[8068]],[[8069]],[[8070]],[[8071]],[[8072]],[[8073]],[[8074]],[[8075]],[[8076]],[[8077]],[[8078]],[[8079]],[[8080]],[[8081]],[[8082]],[[8083]],[[8084]],[[8085]],[[8086]],[[8087]],[[8088]],[[8089]],[[8090]],[[8091]],[[8092]],[[8093]],[[8094]],[[8095]],[[8096]],[[8097]],[[8098,8099,8100,8101,8102,-8711,8103,-8709,8104,-8707,-8680,8105,-8678,8106,-8140,8107,-8215]],[[8108]],[[8109]],[[8110]],[[8111]],[[8112]]],"id":"feature_2127"},{"properties":{"sa2_code":"510031272","sa2_name":"Karratha","state":"Western Australia"},"type":"Polygon","arcs":[[8113]],"id":"feature_2128"},{"properties":{"sa2_code":"510031273","sa2_name":"Roebourne","state":"Western Australia"},"type":"MultiPolygon","arcs":[[[8114]],[[8115]],[[8116]],[[8117]],[[8118]],[[8119]],[[8120]],[[8121]],[[8122]],[[8123]],[[8124]],[[8125]],[[8126]],[[8127]],[[8128]],[[8129]],[[8130]],[[8131]],[[8132]],[[8133]],[[8134]],[[8135]],[[8136]],[[8137]],[[8138]],[[8139,8140]],[[8141]],[[8142]],[[8143]],[[8144]],[[8145]],[[8146]],[[8147]],[[8148]],[[8149]],[[8150]],[[8151]],[[8152]],[[8153]],[[8154]],[[8155]],[[8156]],[[8157]],[[8158]],[[8159]],[[8160]],[[8161]],[[8162]],[[8163]],[[8164]],[[8165]],[[8166]],[[8167]],[[8168]],[[8169]],[[8170]],[[8171]],[[8172]],[[8173]],[[8174]],[[8175]],[[8176]],[[8177]],[[8178]],[[8179]],[[8180]],[[8181]],[[8182]],[[8183]],[[8184]],[[8185]],[[8186]],[[8187]],[[8188]],[[8189]],[[8190]],[[8191]],[[8192]],[[8193]],[[8194]],[[8195]],[[8196]],[[8197]],[[8198]],[[8199]],[[8200]],[[8201]],[[8202]],[[8203]],[[8204]],[[8205]],[[8206]],[[8207]],[[8208]],[[8209]],[[8210]],[[8211]],[[8212]],[[8213,8214,8215]],[[8216]],[[8217]],[[8218]],[[8219]],[[8220]],[[8221]],[[8222]],[[8223]],[[8224]],[[8225]],[[8226]],[[8227]],[[8228]],[[8229]],[[8230]],[[8231]],[[8232]],[[8233]],[[8234]],[[8235]],[[8236]],[[8237]],[[8238]],[[8239]],[[8240]],[[8241]],[[8242]],[[8243]]],"id":"feature_2129"},{"properties":{"sa2_code":"511011274","sa2_name":"Esperance","state":"Western Australia"},"type":"Polygon","arcs":[[-8516,8244]],"id":"feature_2130"},{"properties":{"sa2_code":"511011275","sa2_name":"Esperance Surrounds","state":"Western Australia"},"type":"MultiPolygon","arcs":[[[8245]],[[8246]],[[8247]],[[8248]],[[8249]],[[8250]],[[8251]],[[8252]],[[8253]],[[8254]],[[8255]],[[8256]],[[8257]],[[8258]],[[8259]],[[8260]],[[8261]],[[8262]],[[8263]],[[8264]],[[8265]],[[8266]],[[8267]],[[8268]],[[8269]],[[8270]],[[8271]],[[8272]],[[8273]],[[8274]],[[8275]],[[8276]],[[8277]],[[8278]],[[8279]],[[8280]],[[8281]],[[8282]],[[8283]],[[8284]],[[8285]],[[8286]],[[8287]],[[8288]],[[8289]],[[8290]],[[8291]],[[8292]],[[8293]],[[8294]],[[8295]],[[8296]],[[8297]],[[8298]],[[8299]],[[8300]],[[8301]],[[8302]],[[8303]],[[8304]],[[8305]],[[8306]],[[8307]],[[8308]],[[8309]],[[8310]],[[8311]],[[8312]],[[8313]],[[8314]],[[8315]],[[8316]],[[8317]],[[8318]],[[8319]],[[8320]],[[8321]],[[8322]],[[8323]],[[8324]],[[8325]],[[8326]],[[8327]],[[8328]],[[8329]],[[8330]],[[8331]],[[8332]],[[8333]],[[8334]],[[8335]],[[8336]],[[8337]],[[8338]],[[8339]],[[8340]],[[8341]],[[8342]],[[8343]],[[8344]],[[8345]],[[8346]],[[8347]],[[8348]],[[8349]],[[8350]],[[8351]],[[8352]],[[8353]],[[8354]],[[8355]],[[8356]],[[8357]],[[8358]],[[8359]],[[8360]],[[8361]],[[8362]],[[8363]],[[8364]],[[8365]],[[8366]],[[8367]],[[8368]],[[8369]],[[8370]],[[8371]],[[8372]],[[8373]],[[8374]],[[8375]],[[8376]],[[8377]],[[8378]],[[8379]],[[8380]],[[8381]],[[8382]],[[8383]],[[8384]],[[8385]],[[8386]],[[8387]],[[8388]],[[8389]],[[8390]],[[8391]],[[8392]],[[8393]],[[8394]],[[8395]],[[8396]],[[8397]],[[8398]],[[8399]],[[8400]],[[8401]],[[8402]],[[8403]],[[8404]],[[8405]],[[8406]],[[8407]],[[8408]],[[8409]],[[8410]],[[8411]],[[8412]],[[8413]],[[8414]],[[8415]],[[8416]],[[8417]],[[8418]],[[8419]],[[8420]],[[8421]],[[8422]],[[8423]],[[8424]],[[8425]],[[8426]],[[8427]],[[8428]],[[8429]],[[8430]],[[8431]],[[8432]],[[8433]],[[8434]],[[8435]],[[8436]],[[8437]],[[8438]],[[8439]],[[8440]],[[8441]],[[8442]],[[8443]],[[8444]],[[8445]],[[8446]],[[8447]],[[8448]],[[8449]],[[8450]],[[8451]],[[8452]],[[8453]],[[8454]],[[8455]],[[8456]],[[8457]],[[8458]],[[8459]],[[8460]],[[8461]],[[8462]],[[8463]],[[8464]],[[8465]],[[8466]],[[8467]],[[8468]],[[8469]],[[8470]],[[8471]],[[8472]],[[8473]],[[8474]],[[8475]],[[8476]],[[8477]],[[8478]],[[8479]],[[8480]],[[8481]],[[8482]],[[8483]],[[8484]],[[8485]],[[8486]],[[8487]],[[8488]],[[8489]],[[8490]],[[8491]],[[8492]],[[8493]],[[8494]],[[8495]],[[8496]],[[8497]],[[8498]],[[8499]],[[8500]],[[8501]],[[8502]],[[8503]],[[8504]],[[8505]],[[8506]],[[8507]],[[8508]],[[8509]],[[8510]],[[8511]],[[8512]],[[8513,-8693,8514,8515,8516,8517,8518]],[[8519]],[[8520]],[[8521]],[[8522]],[[8523]],[[8524]],[[8525]],[[8526]],[[8527]],[[8528]],[[8529]],[[8530]],[[8531]],[[8532]],[[8533]],[[8534]],[[8535]],[[8536]],[[8537]],[[8538]],[[8539]],[[8540]],[[8541]],[[8542]],[[8543]],[[8544]],[[8545]],[[8546]],[[8547]],[[8548]],[[8549]],[[8550]],[[8551]],[[8552]],[[8553]],[[8554]],[[8555]]],"id":"feature_2131"},{"properties":{"sa2_code":"511021276","sa2_name":"Carnarvon","state":"Western Australia"},"type":"MultiPolygon","arcs":[[[8556]],[[8557]],[[-8683,8558]]],"id":"feature_2132"},{"properties":{"sa2_code":"511021277","sa2_name":"Exmouth","state":"Western Australia"},"type":"MultiPolygon","arcs":[[[8559]],[[8560]],[[8561]],[[8562]],[[8563]],[[8564]],[[8565]],[[8566]],[[8567]],[[8568]],[[8569]],[[8570]],[[8571]],[[8572]],[[8573]],[[8574]],[[8575]],[[8576]],[[8577]],[[8578]],[[8579]],[[8580]],[[8581]],[[8582]],[[8583]],[[8584]],[[8585]],[[8586]],[[8587]],[[8588]],[[8589]],[[8590]],[[8591]],[[8592]],[[8593]],[[8594]],[[8595]],[[8596]],[[8597]],[[8598]],[[8599]],[[8600]],[[8601]],[[8602]],[[8603]],[[8604]],[[8605]],[[8606]],[[8607]],[[8608]],[[8609]],[[8610]],[[8611]],[[8612]],[[8613]],[[8614]],[[8615]],[[8616]],[[8617]],[[8618]],[[8619]],[[8620]],[[8621]],[[8622]],[[8623]],[[8624]],[[8625]],[[8626]],[[8627]],[[8628]],[[8629]],[[8630]],[[8631]],[[8632]],[[8633]],[[8634]],[[8635]],[[8636]],[[8637]],[[8638]],[[8639]],[[8640]],[[8641]],[[8642]],[[8643]],[[8644]],[[8645]],[[8646]],[[8647]],[[8648]],[[8649]],[[8650]],[[8651]],[[8652]],[[8653]],[[8654]],[[8655]],[[8656]],[[8657]],[[8658]],[[8659]],[[8660]],[[8661]],[[8662]],[[8663]],[[8664]],[[8665]],[[8666]],[[8667]],[[8668]],[[8669]],[[8670]],[[8671]],[[8672]],[[8673]],[[8674]],[[8675]],[[8676]],[[8677,8678,8679,-8722,8680,-8836,8681,8682,8683]]],"id":"feature_2133"},{"properties":{"sa2_code":"511031278","sa2_name":"Boulder","state":"Western Australia"},"type":"Polygon","arcs":[[8684]],"id":"feature_2134"},{"properties":{"sa2_code":"511031279","sa2_name":"Kalgoorlie","state":"Western Australia"},"type":"Polygon","arcs":[[8685]],"id":"feature_2135"},{"properties":{"sa2_code":"511031280","sa2_name":"Kalgoorlie - North","state":"Western Australia"},"type":"Polygon","arcs":[[8686]],"id":"feature_2136"},{"properties":{"sa2_code":"511031281","sa2_name":"Kalgoorlie Airport","state":"Western Australia"},"type":"Polygon","arcs":[[8687]],"id":"feature_2137"},{"properties":{"sa2_code":"511031282","sa2_name":"Kambalda - Coolgardie - Norseman","state":"Western Australia"},"type":"Polygon","arcs":[[8688,-8698,8689,8690,8691,8692,8693],[8694]],"id":"feature_2138"},{"properties":{"sa2_code":"511031283","sa2_name":"Leinster - Leonora","state":"Western Australia"},"type":"Polygon","arcs":[[8695,8696,8697,8698,-8715]],"id":"feature_2139"},{"properties":{"sa2_code":"511031284","sa2_name":"Trafalgar (WA)","state":"Western Australia"},"type":"Polygon","arcs":[[8699]],"id":"feature_2140"},{"properties":{"sa2_code":"511041285","sa2_name":"Geraldton","state":"Western Australia"},"type":"Polygon","arcs":[[8700]],"id":"feature_2141"},{"properties":{"sa2_code":"511041286","sa2_name":"Geraldton - East","state":"Western Australia"},"type":"Polygon","arcs":[[-8844,8701]],"id":"feature_2142"},{"properties":{"sa2_code":"511041287","sa2_name":"Geraldton - North","state":"Western Australia"},"type":"Polygon","arcs":[[-8846,8702]],"id":"feature_2143"},{"properties":{"sa2_code":"511041288","sa2_name":"Geraldton - South","state":"Western Australia"},"type":"Polygon","arcs":[[8703]],"id":"feature_2144"},{"properties":{"sa2_code":"511041289","sa2_name":"Irwin","state":"Western Australia"},"type":"Polygon","arcs":[[-8842,8704,-8744,8705]],"id":"feature_2145"},{"properties":{"sa2_code":"511041290","sa2_name":"Meekatharra","state":"Western Australia"},"type":"Polygon","arcs":[[8706,8707,8708,8709,8710,8711,8712,8713,8714,8715,8716,8717,8718,-8734,8719,-8838,8720,8721]],"id":"feature_2146"},{"properties":{"sa2_code":"511041291","sa2_name":"Morawa","state":"Western Australia"},"type":"MultiPolygon","arcs":[[[8722]],[[8723]],[[8724]],[[8725]],[[8726]],[[8727]],[[8728]],[[8729]],[[8730]],[[8731,-8840,8732,8733,8734,8735,8736,8737,8738,8739,8740,8741,8742,8743]]],"id":"feature_2147"},{"properties":{"sa2_code":"511041292","sa2_name":"Northampton - Mullewa - Greenough","state":"Western Australia"},"type":"MultiPolygon","arcs":[[[8744]],[[8745]],[[8746]],[[8747]],[[8748]],[[8749]],[[8750]],[[8751]],[[8752]],[[8753]],[[8754]],[[8755]],[[8756]],[[8757]],[[8758]],[[8759]],[[8760]],[[8761]],[[8762]],[[8763]],[[8764]],[[8765]],[[8766]],[[8767]],[[8768]],[[8769]],[[8770]],[[8771]],[[8772]],[[8773]],[[8774]],[[8775]],[[8776]],[[8777]],[[8778]],[[8779]],[[8780]],[[8781]],[[8782]],[[8783]],[[8784]],[[8785]],[[8786]],[[8787]],[[8788]],[[8789]],[[8790]],[[8791]],[[8792]],[[8793]],[[8794]],[[8795]],[[8796]],[[8797]],[[8798]],[[8799]],[[8800]],[[8801]],[[8802]],[[8803]],[[8804]],[[8805]],[[8806]],[[8807]],[[8808]],[[8809]],[[8810]],[[8811]],[[8812]],[[8813]],[[8814]],[[8815]],[[8816]],[[8817]],[[8818]],[[8819]],[[8820]],[[8821]],[[8822]],[[8823]],[[8824]],[[8825]],[[8826]],[[8827]],[[8828]],[[8829]],[[8830]],[[8831]],[[8832]],[[8833]],[[8834]],[[8835,8836,8837,8838,8839,8840,8841,8842,8843,8844,8845,8846]]],"id":"feature_2148"},{"properties":{"sa2_code":"601011001","sa2_name":"Bridgewater - Gagebrook","state":"Tasmania"},"type":"MultiPolygon","arcs":[[[8847]],[[-8917,8848]],[[8849]],[[8850]],[[8851]],[[8852]],[[8853]],[[8854]],[[8855]],[[8856]],[[8857]],[[8858]],[[8859]],[[8860]],[[8861]],[[8862]],[[8863]],[[8864]],[[8865]],[[8866]],[[8867]],[[8868]],[[8869]],[[8870]],[[8871]],[[8872]],[[8873]],[[8874]],[[8875]],[[8876]],[[8877]],[[8878]],[[8879]]],"id":"feature_2149"},{"properties":{"sa2_code":"601011002","sa2_name":"Brighton - Pontville","state":"Tasmania"},"type":"Polygon","arcs":[[8880]],"id":"feature_2150"},{"properties":{"sa2_code":"601011003","sa2_name":"Old Beach - Otago","state":"Tasmania"},"type":"Polygon","arcs":[[8881]],"id":"feature_2151"},{"properties":{"sa2_code":"601021004","sa2_name":"Bellerive - Rosny","state":"Tasmania"},"type":"Polygon","arcs":[[8882]],"id":"feature_2152"},{"properties":{"sa2_code":"601021005","sa2_name":"Cambridge","state":"Tasmania"},"type":"MultiPolygon","arcs":[[[8883]],[[8884]],[[8885]],[[8886]],[[8887]],[[8888]]],"id":"feature_2153"},{"properties":{"sa2_code":"601021006","sa2_name":"Geilston Bay - Risdon","state":"Tasmania"},"type":"Polygon","arcs":[[8889]],"id":"feature_2154"},{"properties":{"sa2_code":"601021007","sa2_name":"Howrah - Tranmere","state":"Tasmania"},"type":"Polygon","arcs":[[8890]],"id":"feature_2155"},{"properties":{"sa2_code":"601021008","sa2_name":"Lindisfarne - Rose Bay","state":"Tasmania"},"type":"Polygon","arcs":[[8891]],"id":"feature_2156"},{"properties":{"sa2_code":"601021009","sa2_name":"Mornington - Warrane","state":"Tasmania"},"type":"Polygon","arcs":[[8892]],"id":"feature_2157"},{"properties":{"sa2_code":"601021010","sa2_name":"Risdon Vale","state":"Tasmania"},"type":"Polygon","arcs":[[8893]],"id":"feature_2158"},{"properties":{"sa2_code":"601021011","sa2_name":"Rokeby","state":"Tasmania"},"type":"Polygon","arcs":[[8894]],"id":"feature_2159"},{"properties":{"sa2_code":"601021012","sa2_name":"South Arm","state":"Tasmania"},"type":"MultiPolygon","arcs":[[[8895]],[[8896]],[[8897]],[[8898]],[[8899]],[[8900]],[[8901]],[[8902]],[[8903]],[[8904]],[[8905]],[[8906]],[[8907]],[[8908]]],"id":"feature_2160"},{"properties":{"sa2_code":"601031013","sa2_name":"Austins Ferry - Granton","state":"Tasmania"},"type":"Polygon","arcs":[[8909]],"id":"feature_2161"},{"properties":{"sa2_code":"601031014","sa2_name":"Berriedale - Chigwell","state":"Tasmania"},"type":"Polygon","arcs":[[8910]],"id":"feature_2162"},{"properties":{"sa2_code":"601031015","sa2_name":"Claremont (Tas.)","state":"Tasmania"},"type":"Polygon","arcs":[[8911]],"id":"feature_2163"},{"properties":{"sa2_code":"601031016","sa2_name":"Derwent Park - Lutana","state":"Tasmania"},"type":"Polygon","arcs":[[8912]],"id":"feature_2164"},{"properties":{"sa2_code":"601031017","sa2_name":"Glenorchy","state":"Tasmania"},"type":"Polygon","arcs":[[8913]],"id":"feature_2165"},{"properties":{"sa2_code":"601031018","sa2_name":"Montrose - Rosetta","state":"Tasmania"},"type":"Polygon","arcs":[[8914]],"id":"feature_2166"},{"properties":{"sa2_code":"601031019","sa2_name":"Moonah","state":"Tasmania"},"type":"Polygon","arcs":[[8915]],"id":"feature_2167"},{"properties":{"sa2_code":"601031020","sa2_name":"New Norfolk","state":"Tasmania"},"type":"Polygon","arcs":[[8916,8917]],"id":"feature_2168"},{"properties":{"sa2_code":"601031021","sa2_name":"West Moonah","state":"Tasmania"},"type":"Polygon","arcs":[[8918]],"id":"feature_2169"},{"properties":{"sa2_code":"601041022","sa2_name":"Kingston - Huntingfield","state":"Tasmania"},"type":"Polygon","arcs":[[-8937,8919]],"id":"feature_2170"},{"properties":{"sa2_code":"601041023","sa2_name":"Kingston Beach - Blackmans Bay","state":"Tasmania"},"type":"Polygon","arcs":[[8920]],"id":"feature_2171"},{"properties":{"sa2_code":"601041024","sa2_name":"Margate - Snug","state":"Tasmania"},"type":"MultiPolygon","arcs":[[[8921]],[[8922]],[[8923]],[[8924]],[[8925]],[[8926]],[[8927]]],"id":"feature_2172"},{"properties":{"sa2_code":"601041025","sa2_name":"Mount Wellington","state":"Tasmania"},"type":"Polygon","arcs":[[8928]],"id":"feature_2173"},{"properties":{"sa2_code":"601041026","sa2_name":"Taroona - Bonnet Hill","state":"Tasmania"},"type":"Polygon","arcs":[[8929]],"id":"feature_2174"},{"properties":{"sa2_code":"601051027","sa2_name":"Hobart","state":"Tasmania"},"type":"Polygon","arcs":[[8930]],"id":"feature_2175"},{"properties":{"sa2_code":"601051028","sa2_name":"Lenah Valley - Mount Stuart","state":"Tasmania"},"type":"Polygon","arcs":[[8931]],"id":"feature_2176"},{"properties":{"sa2_code":"601051029","sa2_name":"Mount Nelson - Dynnyrne","state":"Tasmania"},"type":"Polygon","arcs":[[8932]],"id":"feature_2177"},{"properties":{"sa2_code":"601051030","sa2_name":"New Town","state":"Tasmania"},"type":"Polygon","arcs":[[8933]],"id":"feature_2178"},{"properties":{"sa2_code":"601051031","sa2_name":"Sandy Bay","state":"Tasmania"},"type":"Polygon","arcs":[[8934]],"id":"feature_2179"},{"properties":{"sa2_code":"601051032","sa2_name":"South Hobart - Fern Tree","state":"Tasmania"},"type":"Polygon","arcs":[[8935,8936]],"id":"feature_2180"},{"properties":{"sa2_code":"601051033","sa2_name":"West Hobart","state":"Tasmania"},"type":"Polygon","arcs":[[8937]],"id":"feature_2181"},{"properties":{"sa2_code":"601061034","sa2_name":"Dodges Ferry - Lewisham","state":"Tasmania"},"type":"MultiPolygon","arcs":[[[8938]],[[8939]],[[8940]],[[8941]],[[8942]],[[8943]],[[8944]]],"id":"feature_2182"},{"properties":{"sa2_code":"601061035","sa2_name":"Sorell - Richmond","state":"Tasmania"},"type":"MultiPolygon","arcs":[[[8945]],[[8946]],[[8947]],[[8948]],[[8949]],[[8950]],[[8951]],[[-9199,8952]]],"id":"feature_2183"},{"properties":{"sa2_code":"602011036","sa2_name":"Invermay","state":"Tasmania"},"type":"Polygon","arcs":[[8953]],"id":"feature_2184"},{"properties":{"sa2_code":"602011037","sa2_name":"Kings Meadows - Punchbowl","state":"Tasmania"},"type":"Polygon","arcs":[[8954]],"id":"feature_2185"},{"properties":{"sa2_code":"602011038","sa2_name":"Launceston","state":"Tasmania"},"type":"Polygon","arcs":[[8955]],"id":"feature_2186"},{"properties":{"sa2_code":"602011039","sa2_name":"Legana","state":"Tasmania"},"type":"MultiPolygon","arcs":[[[8956]],[[8957]],[[8958]],[[8959]]],"id":"feature_2187"},{"properties":{"sa2_code":"602011040","sa2_name":"Mowbray","state":"Tasmania"},"type":"Polygon","arcs":[[8960]],"id":"feature_2188"},{"properties":{"sa2_code":"602011041","sa2_name":"Newnham - Mayfield","state":"Tasmania"},"type":"Polygon","arcs":[[8961]],"id":"feature_2189"},{"properties":{"sa2_code":"602011042","sa2_name":"Newstead","state":"Tasmania"},"type":"Polygon","arcs":[[8962]],"id":"feature_2190"},{"properties":{"sa2_code":"602011043","sa2_name":"Norwood (Tas.)","state":"Tasmania"},"type":"Polygon","arcs":[[8963]],"id":"feature_2191"},{"properties":{"sa2_code":"602011044","sa2_name":"Prospect Vale - Blackstone","state":"Tasmania"},"type":"Polygon","arcs":[[8964]],"id":"feature_2192"},{"properties":{"sa2_code":"602011045","sa2_name":"Ravenswood","state":"Tasmania"},"type":"Polygon","arcs":[[8965]],"id":"feature_2193"},{"properties":{"sa2_code":"602011046","sa2_name":"Riverside","state":"Tasmania"},"type":"MultiPolygon","arcs":[[[8966]],[[8967]]],"id":"feature_2194"},{"properties":{"sa2_code":"602011047","sa2_name":"South Launceston","state":"Tasmania"},"type":"Polygon","arcs":[[8968]],"id":"feature_2195"},{"properties":{"sa2_code":"602011048","sa2_name":"Summerhill - Prospect","state":"Tasmania"},"type":"Polygon","arcs":[[8969]],"id":"feature_2196"},{"properties":{"sa2_code":"602011049","sa2_name":"Trevallyn","state":"Tasmania"},"type":"Polygon","arcs":[[8970]],"id":"feature_2197"},{"properties":{"sa2_code":"602011050","sa2_name":"Waverley - St Leonards","state":"Tasmania"},"type":"Polygon","arcs":[[-8994,8971]],"id":"feature_2198"},{"properties":{"sa2_code":"602011051","sa2_name":"West Launceston","state":"Tasmania"},"type":"Polygon","arcs":[[8972]],"id":"feature_2199"},{"properties":{"sa2_code":"602011052","sa2_name":"Youngtown - Relbia","state":"Tasmania"},"type":"Polygon","arcs":[[8973]],"id":"feature_2200"},{"properties":{"sa2_code":"602021053","sa2_name":"Beauty Point - Beaconsfield","state":"Tasmania"},"type":"MultiPolygon","arcs":[[[8974]],[[8975]],[[8976]],[[8977]],[[8978]],[[8979]]],"id":"feature_2201"},{"properties":{"sa2_code":"602021054","sa2_name":"Deloraine","state":"Tasmania"},"type":"Polygon","arcs":[[-8989,8980,-9177,8981,-10895,-9631,8982]],"id":"feature_2202"},{"properties":{"sa2_code":"602021055","sa2_name":"Grindelwald - Lanena","state":"Tasmania"},"type":"Polygon","arcs":[[8983]],"id":"feature_2203"},{"properties":{"sa2_code":"602021056","sa2_name":"Hadspen - Carrick","state":"Tasmania"},"type":"Polygon","arcs":[[-8986,8984]],"id":"feature_2204"},{"properties":{"sa2_code":"602021057","sa2_name":"Westbury","state":"Tasmania"},"type":"Polygon","arcs":[[8985,8986,-9005,8987,8988,8989]],"id":"feature_2205"},{"properties":{"sa2_code":"602031058","sa2_name":"Dilston - Lilydale","state":"Tasmania"},"type":"Polygon","arcs":[[8990,-9173,8991,-9015,8992,8993,8994,-9000,8995,-9175]],"id":"feature_2206"},{"properties":{"sa2_code":"602031059","sa2_name":"George Town","state":"Tasmania"},"type":"MultiPolygon","arcs":[[[8996]],[[8997]],[[8998]],[[8999,9000]]],"id":"feature_2207"},{"properties":{"sa2_code":"602031060","sa2_name":"Longford","state":"Tasmania"},"type":"Polygon","arcs":[[-9007,9001]],"id":"feature_2208"},{"properties":{"sa2_code":"602031061","sa2_name":"Northern Midlands","state":"Tasmania"},"type":"Polygon","arcs":[[-9181,9002,-9179,9003,9004,9005,9006,9007,-9017,9008,-9042,9009,-9040,9010,-9555,9011,-9196,9012,-9183,9013]],"id":"feature_2209"},{"properties":{"sa2_code":"602031062","sa2_name":"Perth - Evandale","state":"Tasmania"},"type":"Polygon","arcs":[[9014,9015,9016,9017]],"id":"feature_2210"},{"properties":{"sa2_code":"602031064","sa2_name":"St Helens - Scamander","state":"Tasmania"},"type":"MultiPolygon","arcs":[[[9018]],[[9019]],[[9020]],[[9021]],[[9022]],[[9023]],[[9024]],[[9025]],[[9026]],[[9027]],[[9028]],[[9029]],[[9030]],[[9031]],[[9032]],[[9033]],[[9034]],[[9035]],[[9036]],[[9037]],[[-9171,9038,9039,9040,9041,9042]],[[9043]]],"id":"feature_2211"},{"properties":{"sa2_code":"602031099","sa2_name":"Flinders and Cape Barren Islands","state":"Tasmania"},"type":"MultiPolygon","arcs":[[[9044]],[[9045]],[[9046]],[[9047]],[[9048]],[[9049]],[[9050]],[[9051]],[[9052]],[[9053]],[[9054]],[[9055]],[[9056]],[[9057]],[[9058]],[[9059]],[[9060]],[[9061]],[[9062]],[[9063]],[[9064]],[[9065]],[[9066]],[[9067]],[[9068]],[[9069]],[[9070]],[[9071]],[[9072]],[[9073]],[[9074]],[[9075]],[[9076]],[[9077]],[[9078]],[[9079]],[[9080]],[[9081]],[[9082]],[[9083]],[[9084]],[[9085]],[[9086]],[[9087]],[[9088]],[[9089]],[[9090]],[[9091]],[[9092]],[[9093]],[[9094]],[[9095]],[[9096]],[[9097]],[[9098]],[[9099]],[[9100]],[[9101]],[[9102]],[[9103]],[[9104]],[[9105]],[[9106]],[[9107]],[[9108]],[[9109]],[[9110]],[[9111]],[[9112]],[[9113]],[[9114]],[[9115]],[[9116]],[[9117]],[[9118]],[[9119]],[[9120]],[[9121]],[[9122]],[[9123]],[[9124]],[[9125]],[[9126]],[[9127]],[[9128]],[[9129]],[[9130]],[[9131]]],"id":"feature_2212"},{"properties":{"sa2_code":"602031100","sa2_name":"Scottsdale - Bridport","state":"Tasmania"},"type":"MultiPolygon","arcs":[[[9132]],[[9133]],[[9134]],[[9135]],[[9136]],[[9137]],[[9138]],[[9139]],[[9140]],[[9141]],[[9142]],[[9143]],[[9144]],[[9145]],[[9146]],[[9147]],[[9148]],[[9149]],[[9150]],[[9151]],[[9152]],[[9153]],[[9154]],[[9155]],[[-9157]],[[9157]],[[9158]],[[9159]],[[9160]],[[9161]],[[9162]],[[9163]],[[9164]],[[9165]],[[9166]],[[9167]],[[9168]],[[9169]],[[9170,9171,9172,9173,9174,9175]]],"id":"feature_2213"},{"properties":{"sa2_code":"603011065","sa2_name":"Central Highlands","state":"Tasmania"},"type":"Polygon","arcs":[[9176,9177,9178,9179,9180,9181,9182,9183,-9201,9184,-9190,9185,-9235,9186,-9233,9187,9188]],"id":"feature_2214"},{"properties":{"sa2_code":"603011066","sa2_name":"Derwent Valley","state":"Tasmania"},"type":"Polygon","arcs":[[9189,9190,-9391,9191,-9397,9192,-9237,9193]],"id":"feature_2215"},{"properties":{"sa2_code":"603011067","sa2_name":"Southern Midlands","state":"Tasmania"},"type":"Polygon","arcs":[[9194,9195,9196,-9553,9197,9198,9199,9200]],"id":"feature_2216"},{"properties":{"sa2_code":"603011068","sa2_name":"Wilderness - East","state":"Tasmania"},"type":"MultiPolygon","arcs":[[[9201]],[[9202]],[[9203]],[[9204]],[[9205]],[[9206]],[[9207]],[[9208]],[[9209]],[[9210]],[[9211]],[[9212]],[[9213]],[[9214]],[[9215]],[[9216]],[[9217]],[[9218]],[[9219]],[[9220]],[[9221]],[[9222]],[[9223]],[[9224]],[[9225]],[[9226]],[[9227]],[[9228]],[[9229]],[[9230]],[[-10931,9231,9232,9233,9234,9235,9236,9237,-9395,9238,-9377,9239,-9375,9240]],[[9241]],[[9242]],[[9243]],[[9244]],[[9245]],[[9246]],[[9247]],[[9248]],[[9249]],[[9250]],[[9251]],[[9252]],[[9253]],[[9254]],[[9255]],[[9256]],[[9257]],[[9258]],[[9259]],[[9260]],[[9261]],[[9262]],[[9263]],[[9264]],[[9265]],[[9266]],[[9267]],[[9268]],[[9269]],[[9270]],[[9271]],[[9272]],[[9273]],[[9274]],[[9275]],[[9276]],[[9277]],[[9278]],[[9279]],[[9280]],[[9281]],[[9282]],[[9283]],[[9284]],[[9285]],[[9286]],[[9287]],[[9288]]],"id":"feature_2217"},{"properties":{"sa2_code":"603021069","sa2_name":"Bruny Island - Kettering","state":"Tasmania"},"type":"MultiPolygon","arcs":[[[9289]],[[9290]],[[9291]],[[9292]],[[9293]],[[9294]],[[9295]],[[9296]],[[9297]],[[9298]],[[9299]],[[9300]],[[9301]],[[9302]],[[9303]],[[9304]],[[9305]],[[9306]],[[9307]],[[9308]],[[9309]],[[9310]],[[9311]],[[9312]],[[9313]],[[9314]],[[9315]],[[9316]],[[9317]],[[9318]],[[9319]],[[9320]],[[9321]],[[9322]],[[9323]],[[9324]],[[9325]],[[9326]],[[9327]],[[9328]],[[9329]],[[9330]],[[9331]],[[9332]],[[9333]],[[9334]],[[9335,-9342]],[[9336]],[[9337]],[[9338]]],"id":"feature_2218"},{"properties":{"sa2_code":"603021070","sa2_name":"Cygnet","state":"Tasmania"},"type":"MultiPolygon","arcs":[[[9339]],[[9340]],[[9341,9342]],[[9343]]],"id":"feature_2219"},{"properties":{"sa2_code":"603021071","sa2_name":"Geeveston - Dover","state":"Tasmania"},"type":"MultiPolygon","arcs":[[[9344]],[[9345]],[[9346]],[[9347]],[[9348]],[[9349]],[[9350]],[[9351]],[[9352]],[[9353]],[[9354]],[[9355]],[[9356]],[[9357]],[[9358]],[[9359]],[[9360]],[[9361]],[[9362]],[[9363]],[[9364]],[[9365]],[[9366]],[[9367]],[[9368]],[[9369]],[[9370]],[[9371]],[[9372,-9393,9373,9374,9375,9376]]],"id":"feature_2220"},{"properties":{"sa2_code":"603021072","sa2_name":"Huonville - Franklin","state":"Tasmania"},"type":"MultiPolygon","arcs":[[[9377]],[[9378]],[[9379]],[[9380]],[[9381]],[[9382]],[[9383]],[[9384]],[[9385]],[[9386]],[[9387]],[[9388]],[[9389]],[[9390,9391,9392,9393,9394,9395,9396,9397]]],"id":"feature_2221"},{"properties":{"sa2_code":"603031073","sa2_name":"Forestier - Tasman","state":"Tasmania"},"type":"MultiPolygon","arcs":[[[9398]],[[9399]],[[9400]],[[9401]],[[9402]],[[9403]],[[9404]],[[9405]],[[9406]],[[9407]],[[9408]],[[9409]],[[9410]],[[9411]],[[9412]],[[9413]],[[9414]],[[9415]],[[9416]],[[9417]],[[9418]],[[9419]],[[9420]],[[9421]],[[9422]],[[9423]],[[9424]],[[9425]],[[9426]],[[9427]],[[9428]],[[9429]],[[9430]],[[9431]],[[9432]],[[9433]],[[9434]],[[9435]],[[9436]],[[9437]],[[9438]],[[9439]],[[9440]],[[9441]],[[9442]],[[9443]],[[9444]],[[9445]],[[9446]],[[9447]],[[9448]],[[9449]],[[9450]],[[9451]],[[9452]],[[9453]],[[9454]],[[9455]],[[9456]],[[9457]],[[9458]],[[9459]],[[9460]],[[9461]],[[9462]],[[9463]],[[9464]],[[9465]],[[9466]],[[9467,9471,-9470]],[[9468]],[[9469,9470]],[[9471,-9472]]],"id":"feature_2222"},{"properties":{"sa2_code":"603031074","sa2_name":"Triabunna - Bicheno","state":"Tasmania"},"type":"MultiPolygon","arcs":[[[9472]],[[9473]],[[9474]],[[9475]],[[9476]],[[9477]],[[9478]],[[9479]],[[9480]],[[9481]],[[9482]],[[9483]],[[9484]],[[9485]],[[9486]],[[9487]],[[9488]],[[9489]],[[9490]],[[9491]],[[9492]],[[9493]],[[9494]],[[9495]],[[9496]],[[9497]],[[9498]],[[9499]],[[9500]],[[9501]],[[-9507,9502]],[[9503]],[[9504]],[[9505]],[[9506,9507]],[[9508]],[[9509]],[[9510]],[[9511]],[[9512]],[[9513]],[[9514]],[[9515]],[[9516]],[[9517]],[[9518]],[[9519]],[[9520]],[[9521]],[[9522]],[[9523]],[[9524]],[[9525]],[[9526]],[[9527]],[[9528]],[[9529]],[[9530]],[[9531]],[[9532]],[[9533]],[[9534]],[[9535]],[[9536]],[[9537]],[[9538]],[[9539]],[[9540]],[[9541]],[[9542]],[[9543]],[[9544]],[[9545]],[[9546]],[[9547]],[[9548]],[[9549]],[[9550]],[[9551]],[[9552,9553,9554,9555]],[[9556]],[[9557]],[[9558]],[[9559]]],"id":"feature_2223"},{"properties":{"sa2_code":"604011075","sa2_name":"Acton - Upper Burnie","state":"Tasmania"},"type":"Polygon","arcs":[[9560]],"id":"feature_2224"},{"properties":{"sa2_code":"604011076","sa2_name":"Burnie - Ulverstone Surrounds","state":"Tasmania"},"type":"Polygon","arcs":[[-9633,9561]],"id":"feature_2225"},{"properties":{"sa2_code":"604011077","sa2_name":"Burnie - Wivenhoe","state":"Tasmania"},"type":"MultiPolygon","arcs":[[[9562]],[[9563]]],"id":"feature_2226"},{"properties":{"sa2_code":"604011078","sa2_name":"Parklands - Camdale","state":"Tasmania"},"type":"Polygon","arcs":[[9564]],"id":"feature_2227"},{"properties":{"sa2_code":"604011079","sa2_name":"Penguin - Sulphur Creek","state":"Tasmania"},"type":"MultiPolygon","arcs":[[[9565]],[[9566]],[[9567]]],"id":"feature_2228"},{"properties":{"sa2_code":"604011080","sa2_name":"Romaine - Havenview","state":"Tasmania"},"type":"Polygon","arcs":[[9568]],"id":"feature_2229"},{"properties":{"sa2_code":"604011081","sa2_name":"Somerset","state":"Tasmania"},"type":"Polygon","arcs":[[9569]],"id":"feature_2230"},{"properties":{"sa2_code":"604011082","sa2_name":"Ulverstone","state":"Tasmania"},"type":"Polygon","arcs":[[9570]],"id":"feature_2231"},{"properties":{"sa2_code":"604011083","sa2_name":"West Ulverstone","state":"Tasmania"},"type":"MultiPolygon","arcs":[[[9571]],[[9572]],[[9573]],[[9574]],[[9576,-9577]],[[9575,9576]],[[9577]],[[9578]],[[9579]],[[9580]],[[9581]],[[9582]],[[9583]]],"id":"feature_2232"},{"properties":{"sa2_code":"604011084","sa2_name":"Wynyard","state":"Tasmania"},"type":"MultiPolygon","arcs":[[[9584,-10871]],[[9585]]],"id":"feature_2233"},{"properties":{"sa2_code":"604021085","sa2_name":"Devonport","state":"Tasmania"},"type":"Polygon","arcs":[[9586]],"id":"feature_2234"},{"properties":{"sa2_code":"604021086","sa2_name":"East Devonport","state":"Tasmania"},"type":"Polygon","arcs":[[9587]],"id":"feature_2235"},{"properties":{"sa2_code":"604021087","sa2_name":"Latrobe","state":"Tasmania"},"type":"MultiPolygon","arcs":[[[9588]],[[9589]],[[9590,-9616,9591,-9629]],[[9592]],[[9593]]],"id":"feature_2236"},{"properties":{"sa2_code":"604021088","sa2_name":"Miandetta - Don","state":"Tasmania"},"type":"MultiPolygon","arcs":[[[9594]],[[9595]],[[9596]],[[9597]]],"id":"feature_2237"},{"properties":{"sa2_code":"604021089","sa2_name":"Port Sorell","state":"Tasmania"},"type":"MultiPolygon","arcs":[[[9598]],[[9599]],[[9600]],[[9601]],[[9602]],[[9603]],[[9604]],[[9605]],[[9606]],[[9607]],[[9608]],[[9609]],[[9610]],[[9611]],[[9612]],[[9613]],[[9614]],[[9615,9616]],[[9617]],[[9618]],[[9619]],[[9620]]],"id":"feature_2238"},{"properties":{"sa2_code":"604021090","sa2_name":"Quoiba - Spreyton","state":"Tasmania"},"type":"MultiPolygon","arcs":[[[9621]],[[9622]],[[9623]],[[9624]],[[9625]],[[9626]],[[9627]]],"id":"feature_2239"},{"properties":{"sa2_code":"604021091","sa2_name":"Sheffield - Railton","state":"Tasmania"},"type":"Polygon","arcs":[[9628,9629,9630,9631,9632,9633]],"id":"feature_2240"},{"properties":{"sa2_code":"604021092","sa2_name":"Turners Beach - Forth","state":"Tasmania"},"type":"MultiPolygon","arcs":[[[9634]],[[9635]],[[9636]],[[9637]],[[9638]],[[9639]],[[9640]],[[9641]],[[9642]],[[9643]]],"id":"feature_2241"},{"properties":{"sa2_code":"604031093","sa2_name":"King Island","state":"Tasmania"},"type":"MultiPolygon","arcs":[[[9644]],[[9645]],[[9646]],[[9646]],[[9647]],[[9648]],[[9649]],[[9650]],[[9651]],[[9652]],[[9653]],[[9654]],[[9655]],[[9656]],[[9657]],[[9658]],[[9659]],[[9660]],[[9661]],[[9662]],[[9663]],[[9664]],[[9665]],[[9666]],[[9667]],[[9668]],[[9669]],[[9670]],[[9671]],[[9672]],[[9673]],[[9674]],[[9675]],[[9676]],[[9677]],[[9678]],[[9679]],[[9680]],[[9681]],[[9682]],[[9683]],[[9684]],[[9685]],[[9686]],[[9687]],[[9688]],[[9689]],[[9690]],[[9691]],[[9692]],[[9693]],[[9694]],[[9695]],[[9696]],[[9697]],[[9697]],[[9698]],[[9699]],[[9700]],[[9701]],[[9702]],[[9703]],[[9704]],[[9705]],[[9706]],[[9707]],[[9708]],[[9709]],[[9710]],[[-9712]],[[9712]],[[9713]],[[9714]],[[9715]],[[9716]],[[9717]],[[9718]],[[9719]],[[9720]],[[9721]],[[9722]],[[9723]],[[9724]],[[9725]],[[9726]],[[9727]],[[9728]],[[9729]],[[9730]],[[9731]],[[9732]],[[9733]],[[9734]],[[9735]],[[9736]],[[9737]],[[9738]],[[9739]],[[9740]],[[9741]],[[9742]],[[9743]],[[9744]],[[9745]],[[9746]],[[9747]],[[9748]],[[9749]],[[9750]],[[9751]],[[9752]],[[9753]],[[9754]],[[9755]],[[9756]],[[9760,-9761]],[[9757]],[[9758]],[[9759,9760]],[[9761]],[[9762]],[[9763]],[[9764]],[[9765]],[[9766]],[[9767]],[[9768]],[[9769]],[[9770]],[[9771]],[[9772]],[[9773]],[[9790]],[[9774]],[[9775]],[[9776]],[[9777]],[[9778]],[[9779]],[[9780]],[[9781]],[[9782]],[[9783]],[[9784]],[[9785]],[[9786]],[[9787]],[[9788]],[[9789]],[[9795]],[[9790]],[[9791]],[[9792]],[[9793]],[[9794]],[[9795]],[[9796]],[[9797]],[[9798]],[[9799]],[[9800]],[[9801]],[[9802]],[[9803]],[[9804]],[[9805]],[[9806]],[[9807]],[[9808]],[[9809]],[[9810]],[[9811]],[[9812]],[[9813]],[[9814]],[[9815]],[[9816]],[[9817]],[[9818]],[[9819]],[[9820]],[[9821]],[[9822]],[[9823]],[[9824]],[[9825]],[[9826]],[[9827]],[[9828]],[[9829]],[[9830]],[[9831]],[[9832]],[[9833]],[[9834]],[[9835]],[[9836]],[[9837]],[[9838]],[[9839]],[[9840]],[[9841]],[[9842]],[[9843]],[[9844]],[[9845]],[[9846]],[[9847]],[[9848]],[[9849]],[[9850]],[[9851]],[[9852]],[[9853]],[[9854]],[[9855]],[[9856]],[[9857]],[[9858]],[[9859]],[[9860]],[[9861]],[[9862]],[[9863]]],"id":"feature_2242"},{"properties":{"sa2_code":"604031094","sa2_name":"North West","state":"Tasmania"},"type":"MultiPolygon","arcs":[[[9864]],[[9865]],[[9866]],[[9867]],[[9868]],[[9868]],[[9869]],[[9870]],[[9871]],[[9872]],[[9873]],[[9874]],[[9875]],[[9876]],[[9877]],[[9879,9878]],[[9879,-9880]],[[9880]],[[9881]],[[9882]],[[9883]],[[9884]],[[9885]],[[9886]],[[9887]],[[9888]],[[9889]],[[9890]],[[9891]],[[9892]],[[-9896,9893]],[[9894,9895]],[[9896]],[[9897]],[[9898]],[[9899]],[[9900]],[[9901]],[[9902]],[[9903]],[[9904]],[[10047]],[[9905]],[[9906]],[[9907]],[[9908]],[[9909]],[[9910]],[[9911]],[[9912]],[[9913]],[[9914]],[[9915]],[[-9918,9916]],[[9917,9918]],[[9919]],[[9938,-9921]],[[9921]],[[9922]],[[9923]],[[9924]],[[9925]],[[9926]],[[9927]],[[9928]],[[9929]],[[9931]],[[9930]],[[9931]],[[9932]],[[9933]],[[9934]],[[9935]],[[9936]],[[9937]],[[9938,-9939]],[[9939]],[[9940]],[[9941]],[[9942]],[[9943]],[[9944]],[[9945]],[[9946]],[[9947]],[[9948]],[[9949]],[[9950]],[[9951]],[[9952]],[[9953]],[[9954]],[[9955]],[[9956]],[[9957]],[[9958]],[[9959]],[[9960]],[[-9962]],[[9962]],[[9963]],[[9964]],[[9965]],[[9966]],[[9967]],[[9968]],[[9969]],[[9970]],[[9971]],[[9972]],[[9973]],[[9974]],[[9975]],[[9976]],[[9977]],[[9978]],[[9979]],[[9980]],[[9981]],[[9982]],[[9983]],[[9984]],[[9985]],[[9986]],[[9987]],[[9988]],[[9989]],[[9990]],[[9991]],[[9992]],[[9993]],[[9994]],[[9995]],[[9996]],[[9997]],[[9998]],[[9999]],[[10000]],[[10001]],[[10002]],[[10003]],[[10004]],[[10005]],[[10006]],[[10007]],[[10008]],[[10009]],[[10010]],[[10011]],[[10012]],[[10013]],[[10014]],[[10015]],[[10016]],[[10017]],[[10018]],[[10019]],[[10020]],[[10021]],[[10022]],[[10029]],[[10023]],[[10024]],[[10025]],[[10026]],[[10027]],[[10028]],[[10029]],[[10030]],[[10031]],[[10032]],[[10033]],[[10034]],[[10035]],[[10036]],[[10037]],[[10038]],[[10039]],[[10040]],[[10041]],[[10044]],[[10042]],[[10043]],[[10044]],[[10045]],[[10046]],[[10047]],[[10048]],[[10049]],[[10050]],[[10051]],[[10052]],[[10053]],[[10054]],[[10055]],[[10056]],[[10057]],[[10058]],[[10059]],[[10060]],[[10061]],[[10062]],[[10063]],[[10064]],[[10065]],[[10066]],[[10067]],[[10068]],[[10074]],[[10069]],[[10070]],[[10071]],[[10072]],[[10073]],[[10074]],[[10075]],[[10076]],[[10077]],[[10078]],[[10079]],[[10080]],[[10081]],[[10082,-10197]],[[10083]],[[10084]],[[10085]],[[10086]],[[10087]],[[10088]],[[10089]],[[10090]],[[10091]],[[10092]],[[10093]],[[10094]],[[10095]],[[10198]],[[10096]],[[10097]],[[10098]],[[10099]],[[10100]],[[10101]],[[10102]],[[10103]],[[10104]],[[10150]],[[10105]],[[10106]],[[10107]],[[10108]],[[10109]],[[10110]],[[10111,-10153]],[[10112]],[[10113]],[[10114]],[[10115]],[[10116]],[[10117]],[[10118]],[[10119]],[[10120]],[[10121]],[[10122]],[[10123]],[[10124]],[[10125]],[[10126]],[[10127]],[[10128]],[[10129]],[[10130]],[[10131]],[[10132]],[[10133]],[[10134]],[[10135]],[[10136]],[[10137]],[[10138]],[[10139]],[[10140]],[[10194]],[[10141]],[[10142]],[[10143]],[[10144]],[[10145]],[[10221]],[[10146]],[[10147]],[[10148]],[[10149]],[[10150]],[[10151]],[[10152,-10153]],[[10153]],[[10154]],[[10155]],[[10156]],[[10157]],[[10158]],[[10159]],[[10160]],[[10161]],[[10162]],[[10163]],[[10164]],[[10165]],[[10166]],[[10167]],[[10168]],[[10169]],[[10170]],[[10171]],[[10172]],[[10173]],[[10174]],[[10175]],[[10176]],[[10177]],[[10178]],[[10179]],[[10180]],[[10181]],[[10182]],[[10183]],[[10187]],[[10184]],[[10185]],[[10186]],[[10187]],[[10188]],[[10189]],[[10190]],[[10191]],[[10192]],[[10193]],[[10194]],[[10195]],[[10196,-10197]],[[10197]],[[10198]],[[10199]],[[10200]],[[10201]],[[10202]],[[10203]],[[10204]],[[10205]],[[10206]],[[10207]],[[10208]],[[10209]],[[10210]],[[10211]],[[10212]],[[10213]],[[10214]],[[10215]],[[10216]],[[10217]],[[10218]],[[10219]],[[10220]],[[10221]],[[10222]],[[10223]],[[10224]],[[10225]],[[10226]],[[10227]],[[10228]],[[10229]],[[10230]],[[10231]],[[10232]],[[10233]],[[10234]],[[10235]],[[10236]],[[10237]],[[10238]],[[10239]],[[10240]],[[10241]],[[10242]],[[10243]],[[10244]],[[10245]],[[10246]],[[10247]],[[10248]],[[10249]],[[10250]],[[10251]],[[10252]],[[10253]],[[10254]],[[10255]],[[10256]],[[10257]],[[10258]],[[10259]],[[10260]],[[10261]],[[10262]],[[10263]],[[10264]],[[10265]],[[10266]],[[10267]],[[10268]],[[10269]],[[10270]],[[10271]],[[10272]],[[10273]],[[10274]],[[10275]],[[10276]],[[10277]],[[10278]],[[10279]],[[10280]],[[10281]],[[10282]],[[10283]],[[10284]],[[10285]],[[10286]],[[10287]],[[10288]],[[10289]],[[10290]],[[10291]],[[10292]],[[10293]],[[10294]],[[10295]],[[10296]],[[10297]],[[10298]],[[10299]],[[10300]],[[10301]],[[10302]],[[-10304]],[[10304]],[[10305]],[[10306]],[[10307]],[[10308]],[[10309]],[[10310]],[[10311]],[[10312]],[[10313]],[[10314]],[[10315]],[[10316]],[[10317]],[[10318]],[[10319]],[[10320]],[[10321]],[[10322]],[[10323]],[[10324]],[[10325]],[[10326]],[[10327]],[[10328]],[[10329]],[[10330]],[[10331]],[[10332]],[[10333]],[[10334]],[[10335]],[[10336]],[[10337]],[[10338]],[[10339]],[[10340]],[[10341]],[[10342]],[[10343]],[[10344]],[[10345]],[[10346]],[[10347]],[[10348]],[[10349]],[[10350]],[[10351]],[[10352]],[[10353]],[[10354]],[[10355]],[[10356]],[[10357]],[[10358]],[[10359]],[[10360]],[[10361]],[[10362]],[[10363]],[[10364]],[[10365]],[[10366]],[[10367]],[[10368]],[[10369]],[[10370]],[[10371]],[[10372]],[[10388,10373]],[[10374]],[[10375]],[[10376]],[[10377]],[[10378]],[[10379]],[[10380]],[[10381]],[[10382]],[[10383]],[[10384]],[[10385]],[[10386]],[[10387]],[[10388,-10389]],[[10389]],[[10390]],[[10391]],[[10392]],[[10393]],[[10394]],[[10395]],[[10396]],[[10397]],[[10398]],[[10399]],[[10400]],[[10401]],[[10402]],[[10403]],[[10404]],[[10405]],[[10406]],[[10407]],[[10408]],[[10409]],[[10410]],[[10411]],[[10412]],[[10413]],[[10414]],[[10415]],[[10416]],[[10417]],[[10418]],[[10419]],[[10420]],[[10421]],[[10422]],[[10423]],[[10424]],[[10425]],[[10426]],[[-10428]],[[10428]],[[10429]],[[10451,-10452]],[[10430]],[[10431]],[[10432]],[[10433]],[[10434]],[[10435]],[[10436]],[[10437]],[[10438]],[[10439]],[[10440]],[[10441]],[[10442]],[[10447]],[[10443]],[[10444]],[[10445]],[[10446]],[[10447]],[[10448]],[[10449]],[[10450]],[[10451,10452]],[[10453]],[[10454]],[[10455]],[[10456]],[[10457]],[[10458]],[[10459]],[[10460]],[[10461]],[[10462]],[[10463]],[[10464]],[[10465]],[[10466]],[[10467]],[[10468]],[[10469]],[[10470]],[[10471]],[[10472]],[[10473]],[[10474]],[[10475]],[[10476]],[[10477]],[[10478]],[[10479]],[[10480]],[[10481]],[[10482]],[[10483]],[[10484]],[[10485]],[[10486]],[[10487]],[[10488]],[[10489]],[[10490]],[[10491]],[[10492]],[[10493]],[[10494]],[[10495]],[[10496]],[[10497]],[[10498]],[[10499]],[[10500]],[[10501]],[[10502]],[[10503]],[[10504]],[[10505]],[[10506]],[[10507]],[[10508]],[[10509]],[[10510]],[[10511]],[[10512]],[[10513]],[[10514]],[[10515]],[[10516]],[[10517]],[[10518]],[[10519]],[[10520]],[[10521]],[[10522]],[[10523]],[[10524]],[[10525]],[[10526]],[[10527]],[[10528]],[[10529]],[[10530]],[[10531]],[[10532]],[[10533]],[[10534]],[[10535]],[[10536]],[[10537]],[[10538]],[[10539]],[[10540]],[[10541]],[[10542]],[[10543]],[[10544]],[[10545]],[[10546]],[[10547]],[[10548]],[[10549]],[[10550]],[[10551]],[[10552]],[[10553]],[[10554]],[[10555]],[[10556]],[[10557]],[[10558]],[[10559]],[[10560]],[[10561]],[[10562]],[[10563]],[[10564]],[[10565]],[[10566]],[[10567]],[[10568]],[[10569]],[[10570]],[[10571]],[[10572]],[[10573]],[[10574]],[[10575]],[[10576]],[[10577]],[[10578]],[[10579]],[[10580]],[[10581]],[[10582]],[[10583]],[[10584]],[[10585]],[[-10867,10586,-10865,10587,-10874,10588]],[[10589]],[[10590]],[[10591]],[[10592]],[[10593]],[[10594]],[[10595]],[[10596]],[[10597]],[[10598]],[[10599]],[[10600]],[[10601]],[[10602]],[[10603]],[[10604]],[[10605]],[[10606]],[[10607]],[[10608]],[[10609]],[[10610]],[[10611]],[[10612]],[[10613]],[[10614]],[[10615]],[[10616]],[[10617]],[[10618]],[[10619]],[[10620]],[[10621]],[[10622]],[[10623]],[[10624]],[[10625]],[[10626]],[[10627]],[[10628]],[[10629]],[[10630]],[[10631]],[[10632]],[[10633]],[[10634]],[[10635]],[[10636]],[[10637]],[[10638]],[[10639]],[[10640]],[[10641]],[[10642]],[[10643]],[[10644]],[[10645]],[[10646]],[[10647]],[[10648]],[[10649]],[[10650]],[[10651]],[[10652]],[[10653]],[[10654]],[[10655]],[[10656]],[[10657]],[[10658]],[[10659]],[[10660]],[[10661]],[[10662]],[[10836,10663]],[[10664]],[[10665]],[[10666]],[[10667]],[[10668]],[[10669]],[[10670]],[[10671]],[[10672]],[[10673]],[[10674]],[[10675]],[[10676]],[[10677]],[[10678]],[[10679]],[[10680]],[[10681]],[[10682]],[[10683]],[[10684]],[[10685]],[[10686]],[[10687]],[[10688]],[[10689]],[[10690]],[[10691]],[[10692]],[[10693]],[[10694]],[[10695]],[[10696]],[[10697]],[[10698]],[[10699]],[[10700]],[[10701]],[[10702]],[[10703]],[[10704]],[[10705]],[[10706]],[[10707]],[[10708]],[[10709]],[[10710]],[[10711]],[[10712]],[[10713]],[[10714]],[[10715]],[[10716]],[[10717]],[[10718]],[[10719]],[[10720]],[[10721]],[[10722]],[[10723]],[[10724]],[[10725]],[[10726]],[[10727]],[[10728]],[[10729]],[[10730]],[[10731]],[[10732]],[[10733]],[[10734]],[[10735]],[[10736]],[[10737]],[[10815]],[[10738]],[[10739]],[[10740]],[[10741]],[[10742]],[[10743]],[[10744]],[[10745]],[[10746]],[[10747]],[[10748]],[[10749]],[[10750]],[[10751]],[[10752]],[[10753]],[[10754]],[[10755]],[[10756]],[[10757]],[[10758]],[[10759]],[[10760]],[[10761]],[[10762]],[[10763]],[[10764]],[[10765]],[[10766]],[[10767]],[[10768]],[[10769]],[[10770]],[[10817]],[[10824]],[[10771]],[[10772]],[[10773]],[[10774]],[[10775]],[[10776]],[[10777]],[[10778]],[[10779]],[[10780]],[[10781]],[[10782]],[[10783]],[[10784]],[[10785]],[[10800]],[[10786]],[[10787]],[[10788]],[[10789]],[[10790]],[[10796]],[[10791]],[[10792]],[[10793]],[[10794]],[[10795]],[[10796]],[[10797]],[[10798]],[[10799]],[[10800]],[[10801]],[[10802]],[[10803]],[[10804]],[[10805]],[[10806]],[[10807]],[[10808]],[[10809]],[[10810]],[[10811]],[[10812]],[[10813]],[[10814]],[[10815]],[[10816]],[[10817]],[[10818]],[[10819]],[[10820]],[[10821]],[[10822]],[[10823]],[[10824]],[[10825]],[[10826]],[[10827]],[[10828]],[[10829]],[[10830]],[[10831]],[[10832]],[[10833]],[[10834]],[[10835]],[[10836,-10837]],[[10837]],[[10838]],[[10839]],[[10840]],[[10841]],[[10842]],[[10843]],[[10844]],[[10845]],[[10846]],[[10847]],[[10848]],[[10849]],[[10850]],[[10851]],[[10852]],[[10861]],[[10853]],[[10854]],[[10855]],[[10856]],[[10857]],[[10858]],[[10859]],[[10860]],[[10861]],[[10862]]],"id":"feature_2243"},{"properties":{"sa2_code":"604031095","sa2_name":"Smithton","state":"Tasmania"},"type":"MultiPolygon","arcs":[[[10863]],[[10864,10865,10866,10867]],[[10868]]],"id":"feature_2244"},{"properties":{"sa2_code":"604031096","sa2_name":"Waratah","state":"Tasmania"},"type":"Polygon","arcs":[[10869,10870,10871,-10893,10872,10873]],"id":"feature_2245"},{"properties":{"sa2_code":"604031097","sa2_name":"West Coast (Tas.)","state":"Tasmania"},"type":"MultiPolygon","arcs":[[[10874]],[[10875]],[[10876]],[[10877]],[[10878]],[[10879]],[[10880]],[[10881]],[[10882]],[[10883]],[[10884]],[[10885]],[[10886]],[[10887]],[[10888]],[[10889]],[[10890]],[[10891]],[[10892,10893,10894,10895,-10929,10896]],[[10897]],[[10898]],[[10899]],[[10900]]],"id":"feature_2246"},{"properties":{"sa2_code":"604031098","sa2_name":"Wilderness - West","state":"Tasmania"},"type":"MultiPolygon","arcs":[[[10901]],[[10902]],[[10903]],[[10904]],[[10905]],[[10906]],[[10907]],[[10908]],[[10909]],[[10910]],[[10911]],[[10912]],[[10913]],[[10914]],[[10915]],[[10916]],[[10917]],[[10918]],[[10919]],[[10920]],[[10921]],[[10922]],[[10923]],[[10924]],[[10925]],[[10926]],[[10927]],[[10928,10929,10930,10931]],[[10932]],[[10933]],[[10934]],[[10935]],[[10936]],[[10937]],[[10938]],[[10939]],[[10940]],[[10941]],[[10942]],[[10943]],[[10944]],[[10945]],[[10946]],[[10947]],[[10948]],[[10949]],[[10950]],[[10951]],[[10952]],[[10953]],[[10954]]],"id":"feature_2247"},{"properties":{"sa2_code":"701011001","sa2_name":"Darwin Airport","state":"Northern Territory"},"type":"Polygon","arcs":[[10955]],"id":"feature_2248"},{"properties":{"sa2_code":"701011002","sa2_name":"Darwin City","state":"Northern Territory"},"type":"Polygon","arcs":[[10956]],"id":"feature_2249"},{"properties":{"sa2_code":"701011003","sa2_name":"East Point","state":"Northern Territory"},"type":"Polygon","arcs":[[10957]],"id":"feature_2250"},{"properties":{"sa2_code":"701011004","sa2_name":"Fannie Bay - The Gardens","state":"Northern Territory"},"type":"Polygon","arcs":[[10958]],"id":"feature_2251"},{"properties":{"sa2_code":"701011005","sa2_name":"Larrakeyah","state":"Northern Territory"},"type":"Polygon","arcs":[[10959]],"id":"feature_2252"},{"properties":{"sa2_code":"701011006","sa2_name":"Ludmilla - The Narrows","state":"Northern Territory"},"type":"Polygon","arcs":[[10960]],"id":"feature_2253"},{"properties":{"sa2_code":"701011007","sa2_name":"Parap","state":"Northern Territory"},"type":"Polygon","arcs":[[10961]],"id":"feature_2254"},{"properties":{"sa2_code":"701011008","sa2_name":"Stuart Park","state":"Northern Territory"},"type":"Polygon","arcs":[[10962]],"id":"feature_2255"},{"properties":{"sa2_code":"701011009","sa2_name":"Woolner - Bayview - Winnellie","state":"Northern Territory"},"type":"Polygon","arcs":[[10963]],"id":"feature_2256"},{"properties":{"sa2_code":"701021010","sa2_name":"Alawa","state":"Northern Territory"},"type":"Polygon","arcs":[[10964]],"id":"feature_2257"},{"properties":{"sa2_code":"701021011","sa2_name":"Anula","state":"Northern Territory"},"type":"Polygon","arcs":[[10965]],"id":"feature_2258"},{"properties":{"sa2_code":"701021012","sa2_name":"Berrimah","state":"Northern Territory"},"type":"Polygon","arcs":[[10966]],"id":"feature_2259"},{"properties":{"sa2_code":"701021013","sa2_name":"Brinkin - Nakara","state":"Northern Territory"},"type":"Polygon","arcs":[[10967]],"id":"feature_2260"},{"properties":{"sa2_code":"701021014","sa2_name":"Buffalo Creek","state":"Northern Territory"},"type":"Polygon","arcs":[[10968]],"id":"feature_2261"},{"properties":{"sa2_code":"701021015","sa2_name":"Charles Darwin","state":"Northern Territory"},"type":"Polygon","arcs":[[10969]],"id":"feature_2262"},{"properties":{"sa2_code":"701021016","sa2_name":"Coconut Grove","state":"Northern Territory"},"type":"Polygon","arcs":[[10970]],"id":"feature_2263"},{"properties":{"sa2_code":"701021017","sa2_name":"East Arm","state":"Northern Territory"},"type":"Polygon","arcs":[[10971]],"id":"feature_2264"},{"properties":{"sa2_code":"701021018","sa2_name":"Jingili","state":"Northern Territory"},"type":"Polygon","arcs":[[10972]],"id":"feature_2265"},{"properties":{"sa2_code":"701021019","sa2_name":"Karama","state":"Northern Territory"},"type":"Polygon","arcs":[[10973]],"id":"feature_2266"},{"properties":{"sa2_code":"701021020","sa2_name":"Leanyer","state":"Northern Territory"},"type":"Polygon","arcs":[[10974]],"id":"feature_2267"},{"properties":{"sa2_code":"701021021","sa2_name":"Lyons (NT)","state":"Northern Territory"},"type":"Polygon","arcs":[[10975]],"id":"feature_2268"},{"properties":{"sa2_code":"701021022","sa2_name":"Malak - Marrara","state":"Northern Territory"},"type":"Polygon","arcs":[[10976]],"id":"feature_2269"},{"properties":{"sa2_code":"701021023","sa2_name":"Millner","state":"Northern Territory"},"type":"Polygon","arcs":[[10977]],"id":"feature_2270"},{"properties":{"sa2_code":"701021024","sa2_name":"Moil","state":"Northern Territory"},"type":"Polygon","arcs":[[10978]],"id":"feature_2271"},{"properties":{"sa2_code":"701021025","sa2_name":"Nightcliff","state":"Northern Territory"},"type":"Polygon","arcs":[[10979]],"id":"feature_2272"},{"properties":{"sa2_code":"701021026","sa2_name":"Rapid Creek","state":"Northern Territory"},"type":"Polygon","arcs":[[10980]],"id":"feature_2273"},{"properties":{"sa2_code":"701021027","sa2_name":"Tiwi","state":"Northern Territory"},"type":"Polygon","arcs":[[10981]],"id":"feature_2274"},{"properties":{"sa2_code":"701021028","sa2_name":"Wagaman","state":"Northern Territory"},"type":"Polygon","arcs":[[10982]],"id":"feature_2275"},{"properties":{"sa2_code":"701021029","sa2_name":"Wanguri","state":"Northern Territory"},"type":"Polygon","arcs":[[10983]],"id":"feature_2276"},{"properties":{"sa2_code":"701021030","sa2_name":"Wulagi","state":"Northern Territory"},"type":"Polygon","arcs":[[10984]],"id":"feature_2277"},{"properties":{"sa2_code":"701031031","sa2_name":"Howard Springs","state":"Northern Territory"},"type":"Polygon","arcs":[[10985,-10998,10986,-10989]],"id":"feature_2278"},{"properties":{"sa2_code":"701031032","sa2_name":"Humpty Doo","state":"Northern Territory"},"type":"Polygon","arcs":[[-11005,10987,10988,10989]],"id":"feature_2279"},{"properties":{"sa2_code":"701031033","sa2_name":"Koolpinyah","state":"Northern Territory"},"type":"MultiPolygon","arcs":[[[10990]],[[10991]],[[10992]],[[10993]],[[10994]],[[10995]],[[-11007,10996,10997,10998]],[[10999]]],"id":"feature_2280"},{"properties":{"sa2_code":"701031034","sa2_name":"Virginia","state":"Northern Territory"},"type":"Polygon","arcs":[[11000]],"id":"feature_2281"},{"properties":{"sa2_code":"701031035","sa2_name":"Weddell","state":"Northern Territory"},"type":"MultiPolygon","arcs":[[[11001]],[[11002]],[[11003]],[[11004,11005,11006,11007,-11067,11008]],[[11009]],[[11010]]],"id":"feature_2282"},{"properties":{"sa2_code":"701041036","sa2_name":"Bakewell","state":"Northern Territory"},"type":"Polygon","arcs":[[11011]],"id":"feature_2283"},{"properties":{"sa2_code":"701041037","sa2_name":"Driver","state":"Northern Territory"},"type":"Polygon","arcs":[[11012]],"id":"feature_2284"},{"properties":{"sa2_code":"701041038","sa2_name":"Durack - Marlow Lagoon","state":"Northern Territory"},"type":"Polygon","arcs":[[11013]],"id":"feature_2285"},{"properties":{"sa2_code":"701041039","sa2_name":"Gray","state":"Northern Territory"},"type":"Polygon","arcs":[[11014]],"id":"feature_2286"},{"properties":{"sa2_code":"701041040","sa2_name":"Moulden","state":"Northern Territory"},"type":"Polygon","arcs":[[11015]],"id":"feature_2287"},{"properties":{"sa2_code":"701041041","sa2_name":"Palmerston - North","state":"Northern Territory"},"type":"Polygon","arcs":[[11016]],"id":"feature_2288"},{"properties":{"sa2_code":"701041042","sa2_name":"Palmerston - South","state":"Northern Territory"},"type":"MultiPolygon","arcs":[[[11017]],[[11018]],[[11019]]],"id":"feature_2289"},{"properties":{"sa2_code":"701041043","sa2_name":"Rosebery - Bellamack","state":"Northern Territory"},"type":"Polygon","arcs":[[11020]],"id":"feature_2290"},{"properties":{"sa2_code":"701041044","sa2_name":"Woodroffe","state":"Northern Territory"},"type":"Polygon","arcs":[[11021]],"id":"feature_2291"},{"properties":{"sa2_code":"702011045","sa2_name":"Charles","state":"Northern Territory"},"type":"Polygon","arcs":[[11022]],"id":"feature_2292"},{"properties":{"sa2_code":"702011046","sa2_name":"East Side","state":"Northern Territory"},"type":"Polygon","arcs":[[11023]],"id":"feature_2293"},{"properties":{"sa2_code":"702011047","sa2_name":"Flynn (NT)","state":"Northern Territory"},"type":"Polygon","arcs":[[11024]],"id":"feature_2294"},{"properties":{"sa2_code":"702011048","sa2_name":"Larapinta","state":"Northern Territory"},"type":"Polygon","arcs":[[-11034,11025]],"id":"feature_2295"},{"properties":{"sa2_code":"702011049","sa2_name":"Mount Johns","state":"Northern Territory"},"type":"Polygon","arcs":[[11026]],"id":"feature_2296"},{"properties":{"sa2_code":"702011050","sa2_name":"Petermann - Simpson","state":"Northern Territory"},"type":"Polygon","arcs":[[-11045,-11032,11027]],"id":"feature_2297"},{"properties":{"sa2_code":"702011051","sa2_name":"Ross","state":"Northern Territory"},"type":"Polygon","arcs":[[-11036,11028]],"id":"feature_2298"},{"properties":{"sa2_code":"702011052","sa2_name":"Sandover - Plenty","state":"Northern Territory"},"type":"Polygon","arcs":[[11029,-11053,11030,11031,-11044,11032,-11050],[11033,11034,11035,11036]],"id":"feature_2299"},{"properties":{"sa2_code":"702011053","sa2_name":"Tanami","state":"Northern Territory"},"type":"Polygon","arcs":[[11037,11038,11039,-11342,11040,-11057,11041,-11047,11042,11043,11044]],"id":"feature_2300"},{"properties":{"sa2_code":"702011054","sa2_name":"Yuendumu - Anmatjere","state":"Northern Territory"},"type":"Polygon","arcs":[[11045,11046,11047,-11055,11048,11049]],"id":"feature_2301"},{"properties":{"sa2_code":"702021055","sa2_name":"Barkly","state":"Northern Territory"},"type":"Polygon","arcs":[[11050,-11269,-11295,11051,11052,11053,11054,11055,11056,11057,-11340],[11058]],"id":"feature_2302"},{"properties":{"sa2_code":"702021056","sa2_name":"Tennant Creek","state":"Northern Territory"},"type":"Polygon","arcs":[[11059]],"id":"feature_2303"},{"properties":{"sa2_code":"702031057","sa2_name":"Alligator","state":"Northern Territory"},"type":"MultiPolygon","arcs":[[[11060]],[[11061]],[[11062]],[[11063]],[[11064]],[[11065]],[[11066,11067,-11131,11068,-11265,11069,-11084,11070]],[[11071]],[[11072]],[[11073]],[[11074]],[[11075]],[[11076]],[[11077]],[[11078]],[[11079]],[[11080]],[[11081]]],"id":"feature_2304"},{"properties":{"sa2_code":"702031058","sa2_name":"Daly","state":"Northern Territory"},"type":"MultiPolygon","arcs":[[[11082]],[[11083,11084,-11274,11085,-11332,11086,-11334,11087,-11093,11088,-11091,11089]]],"id":"feature_2305"},{"properties":{"sa2_code":"702031059","sa2_name":"Thamarrurr","state":"Northern Territory"},"type":"Polygon","arcs":[[11090,11091,11092,11093]],"id":"feature_2306"},{"properties":{"sa2_code":"702031060","sa2_name":"Tiwi Islands","state":"Northern Territory"},"type":"MultiPolygon","arcs":[[[11094]],[[11095]],[[11096]],[[11097]],[[11098]],[[11099]],[[11100]],[[11101]]],"id":"feature_2307"},{"properties":{"sa2_code":"702031061","sa2_name":"West Arnhem","state":"Northern Territory"},"type":"MultiPolygon","arcs":[[[11102]],[[11103]],[[11104]],[[11105]],[[11106]],[[11107]],[[11108]],[[11109]],[[11110]],[[11111]],[[11112]],[[11113]],[[11114]],[[11115]],[[11116]],[[11117]],[[11118]],[[11119]],[[11120]],[[11121]],[[11122]],[[11123]],[[11124]],[[11125]],[[11126]],[[11127]],[[11128]],[[-11229,-11267,11129,11130,11131]],[[11132]],[[11133]],[[11134]]],"id":"feature_2308"},{"properties":{"sa2_code":"702041062","sa2_name":"Anindilyakwa","state":"Northern Territory"},"type":"MultiPolygon","arcs":[[[11135]],[[11136]],[[11137]],[[11138]],[[11139]],[[11140]],[[11141]],[[11142]],[[11143]],[[11144]],[[11145]],[[11146]],[[11147]],[[11148]],[[11149]],[[11150]],[[11151]],[[11152]],[[11153]],[[11154]],[[11155]],[[11156]],[[11157]],[[11158]],[[11159]],[[11160]],[[11161]],[[11162]],[[11163]],[[11164]],[[11165]],[[11166]],[[11167]],[[11168]],[[11169]],[[11170]],[[11171]],[[11172]],[[11173]],[[11174]],[[11175]],[[11176]],[[11177]],[[11178]],[[11179]],[[11180]],[[11181]]],"id":"feature_2309"},{"properties":{"sa2_code":"702041063","sa2_name":"East Arnhem","state":"Northern Territory"},"type":"MultiPolygon","arcs":[[[11182]],[[11183]],[[11184]],[[11185]],[[11186]],[[11187]],[[11188]],[[11189]],[[11190]],[[11191]],[[11192]],[[11193]],[[11194]],[[11195]],[[11196]],[[11197]],[[11198]],[[11199]],[[11200]],[[11201]],[[11202]],[[11203]],[[11204]],[[11205]],[[11206]],[[11207]],[[11208]],[[11209]],[[11210]],[[11211]],[[11212]],[[11213]],[[11214]],[[11215]],[[11216]],[[11217]],[[11218]],[[11219]],[[11220]],[[11221]],[[11222]],[[11223]],[[11224]],[[11225]],[[11226]],[[11227]],[[-11293,-11268,11228,11229],[-11262,11230]],[[11231]],[[11232]],[[11233]],[[11234]],[[11235]],[[11236]],[[11237]],[[11238]],[[11239]],[[11240]],[[11241]],[[11242]],[[11243]],[[11244]],[[11245]],[[11246]],[[11247]],[[11248]],[[11249]],[[11250]],[[11251]],[[11252]],[[11253]],[[11254]],[[11255]],[[11256]],[[11257]],[[11258]],[[11259]],[[11260]]],"id":"feature_2310"},{"properties":{"sa2_code":"702041064","sa2_name":"Nhulunbuy","state":"Northern Territory"},"type":"Polygon","arcs":[[11261,11262]],"id":"feature_2311"},{"properties":{"sa2_code":"702051065","sa2_name":"Elsey","state":"Northern Territory"},"type":"Polygon","arcs":[[11263,11264,11265,11266,11267,-11296,11268,11269,-11338,11270,-11329,11271,-11327,11272,11273]],"id":"feature_2312"},{"properties":{"sa2_code":"702051066","sa2_name":"Gulf","state":"Northern Territory"},"type":"MultiPolygon","arcs":[[[11274]],[[11275]],[[11276]],[[11277]],[[11278]],[[11279]],[[11280]],[[11281]],[[11282]],[[11283]],[[11284]],[[11285]],[[11286]],[[11287]],[[11288]],[[11289]],[[11290]],[[11291]],[[11292,11293,11294,11295]],[[11296]],[[11297]],[[11298]],[[11299]],[[11300]],[[11301]],[[11302]],[[11303]],[[11304]],[[11305]],[[11306]],[[11307]],[[11308]],[[11309]],[[11310]],[[11311]],[[11312]],[[11313]],[[11314]],[[11315]],[[11316]],[[11317]],[[11318]],[[11319]],[[11320]],[[11321]],[[11322]],[[11323]],[[11324]],[[11325]]],"id":"feature_2313"},{"properties":{"sa2_code":"702051067","sa2_name":"Katherine","state":"Northern Territory"},"type":"Polygon","arcs":[[11326,11327,11328,11329,-11336,11330,11331,11332]],"id":"feature_2314"},{"properties":{"sa2_code":"702051068","sa2_name":"Victoria River","state":"Northern Territory"},"type":"MultiPolygon","arcs":[[[11333,11334,11335,11336,11337,11338,11339,11340,11341,11342]],[[11343]],[[11344]],[[11345]],[[11346]],[[11347]],[[11348]],[[11349]],[[11350]],[[11351]]],"id":"feature_2315"},{"properties":{"sa2_code":"801011001","sa2_name":"Aranda","state":"Australian Capital Territory"},"type":"Polygon","arcs":[[11352]],"id":"feature_2316"},{"properties":{"sa2_code":"801011002","sa2_name":"Belconnen","state":"Australian Capital Territory"},"type":"Polygon","arcs":[[11353]],"id":"feature_2317"},{"properties":{"sa2_code":"801011003","sa2_name":"Bruce","state":"Australian Capital Territory"},"type":"Polygon","arcs":[[11354]],"id":"feature_2318"},{"properties":{"sa2_code":"801011004","sa2_name":"Charnwood","state":"Australian Capital Territory"},"type":"Polygon","arcs":[[11355]],"id":"feature_2319"},{"properties":{"sa2_code":"801011005","sa2_name":"Cook","state":"Australian Capital Territory"},"type":"Polygon","arcs":[[11356]],"id":"feature_2320"},{"properties":{"sa2_code":"801011006","sa2_name":"Dunlop","state":"Australian Capital Territory"},"type":"Polygon","arcs":[[11357]],"id":"feature_2321"},{"properties":{"sa2_code":"801011007","sa2_name":"Evatt","state":"Australian Capital Territory"},"type":"Polygon","arcs":[[11358]],"id":"feature_2322"},{"properties":{"sa2_code":"801011008","sa2_name":"Florey","state":"Australian Capital Territory"},"type":"Polygon","arcs":[[11359]],"id":"feature_2323"},{"properties":{"sa2_code":"801011009","sa2_name":"Flynn (ACT)","state":"Australian Capital Territory"},"type":"Polygon","arcs":[[11360]],"id":"feature_2324"},{"properties":{"sa2_code":"801011010","sa2_name":"Fraser","state":"Australian Capital Territory"},"type":"Polygon","arcs":[[11361]],"id":"feature_2325"},{"properties":{"sa2_code":"801011011","sa2_name":"Giralang","state":"Australian Capital Territory"},"type":"Polygon","arcs":[[11362]],"id":"feature_2326"},{"properties":{"sa2_code":"801011012","sa2_name":"Gooromon","state":"Australian Capital Territory"},"type":"Polygon","arcs":[[11363]],"id":"feature_2327"},{"properties":{"sa2_code":"801011013","sa2_name":"Hawker","state":"Australian Capital Territory"},"type":"Polygon","arcs":[[11364]],"id":"feature_2328"},{"properties":{"sa2_code":"801011014","sa2_name":"Higgins","state":"Australian Capital Territory"},"type":"Polygon","arcs":[[11365]],"id":"feature_2329"},{"properties":{"sa2_code":"801011015","sa2_name":"Holt","state":"Australian Capital Territory"},"type":"Polygon","arcs":[[11366]],"id":"feature_2330"},{"properties":{"sa2_code":"801011016","sa2_name":"Kaleen","state":"Australian Capital Territory"},"type":"Polygon","arcs":[[11367]],"id":"feature_2331"},{"properties":{"sa2_code":"801011017","sa2_name":"Latham","state":"Australian Capital Territory"},"type":"Polygon","arcs":[[11368]],"id":"feature_2332"},{"properties":{"sa2_code":"801011018","sa2_name":"Lawson","state":"Australian Capital Territory"},"type":"Polygon","arcs":[[11369]],"id":"feature_2333"},{"properties":{"sa2_code":"801011019","sa2_name":"Macgregor (ACT)","state":"Australian Capital Territory"},"type":"Polygon","arcs":[[11370]],"id":"feature_2334"},{"properties":{"sa2_code":"801011020","sa2_name":"Macquarie","state":"Australian Capital Territory"},"type":"Polygon","arcs":[[-11378,11371]],"id":"feature_2335"},{"properties":{"sa2_code":"801011021","sa2_name":"McKellar","state":"Australian Capital Territory"},"type":"Polygon","arcs":[[11372]],"id":"feature_2336"},{"properties":{"sa2_code":"801011022","sa2_name":"Melba","state":"Australian Capital Territory"},"type":"Polygon","arcs":[[11373]],"id":"feature_2337"},{"properties":{"sa2_code":"801011023","sa2_name":"Page","state":"Australian Capital Territory"},"type":"Polygon","arcs":[[11374]],"id":"feature_2338"},{"properties":{"sa2_code":"801011024","sa2_name":"Scullin","state":"Australian Capital Territory"},"type":"Polygon","arcs":[[11375]],"id":"feature_2339"},{"properties":{"sa2_code":"801011025","sa2_name":"Spence","state":"Australian Capital Territory"},"type":"Polygon","arcs":[[11376]],"id":"feature_2340"},{"properties":{"sa2_code":"801011026","sa2_name":"Weetangera","state":"Australian Capital Territory"},"type":"Polygon","arcs":[[11377,11378]],"id":"feature_2341"},{"properties":{"sa2_code":"801011111","sa2_name":"Molonglo Corridor","state":"Australian Capital Territory"},"type":"Polygon","arcs":[[11379]],"id":"feature_2342"},{"properties":{"sa2_code":"801011142","sa2_name":"Macnamara","state":"Australian Capital Territory"},"type":"Polygon","arcs":[[-11383,11380]],"id":"feature_2343"},{"properties":{"sa2_code":"801011143","sa2_name":"Strathnairn","state":"Australian Capital Territory"},"type":"Polygon","arcs":[[11381,11382]],"id":"feature_2344"},{"properties":{"sa2_code":"801011144","sa2_name":"West Belconnen","state":"Australian Capital Territory"},"type":"Polygon","arcs":[[11383]],"id":"feature_2345"},{"properties":{"sa2_code":"801031031","sa2_name":"Hume","state":"Australian Capital Territory"},"type":"Polygon","arcs":[[11384]],"id":"feature_2346"},{"properties":{"sa2_code":"801031032","sa2_name":"Kowen","state":"Australian Capital Territory"},"type":"Polygon","arcs":[[11385,11386,11387,-11391]],"id":"feature_2347"},{"properties":{"sa2_code":"801031113","sa2_name":"Canberra East","state":"Australian Capital Territory"},"type":"Polygon","arcs":[[11388]],"id":"feature_2348"},{"properties":{"sa2_code":"801031114","sa2_name":"Canberra Airport","state":"Australian Capital Territory"},"type":"Polygon","arcs":[[11389]],"id":"feature_2349"},{"properties":{"sa2_code":"801031115","sa2_name":"Majura","state":"Australian Capital Territory"},"type":"Polygon","arcs":[[11390,11391],[11392]],"id":"feature_2350"},{"properties":{"sa2_code":"801041034","sa2_name":"Amaroo","state":"Australian Capital Territory"},"type":"Polygon","arcs":[[11393]],"id":"feature_2351"},{"properties":{"sa2_code":"801041035","sa2_name":"Bonner","state":"Australian Capital Territory"},"type":"Polygon","arcs":[[11394,-11398]],"id":"feature_2352"},{"properties":{"sa2_code":"801041036","sa2_name":"Casey","state":"Australian Capital Territory"},"type":"Polygon","arcs":[[11395]],"id":"feature_2353"},{"properties":{"sa2_code":"801041037","sa2_name":"Crace","state":"Australian Capital Territory"},"type":"Polygon","arcs":[[11396]],"id":"feature_2354"},{"properties":{"sa2_code":"801041038","sa2_name":"Forde","state":"Australian Capital Territory"},"type":"Polygon","arcs":[[11397,11398]],"id":"feature_2355"},{"properties":{"sa2_code":"801041039","sa2_name":"Franklin","state":"Australian Capital Territory"},"type":"Polygon","arcs":[[11399]],"id":"feature_2356"},{"properties":{"sa2_code":"801041040","sa2_name":"Gungahlin","state":"Australian Capital Territory"},"type":"Polygon","arcs":[[11400]],"id":"feature_2357"},{"properties":{"sa2_code":"801041043","sa2_name":"Hall","state":"Australian Capital Territory"},"type":"Polygon","arcs":[[11401]],"id":"feature_2358"},{"properties":{"sa2_code":"801041044","sa2_name":"Harrison","state":"Australian Capital Territory"},"type":"Polygon","arcs":[[11402]],"id":"feature_2359"},{"properties":{"sa2_code":"801041045","sa2_name":"Mitchell","state":"Australian Capital Territory"},"type":"Polygon","arcs":[[11403]],"id":"feature_2360"},{"properties":{"sa2_code":"801041046","sa2_name":"Ngunnawal","state":"Australian Capital Territory"},"type":"Polygon","arcs":[[11404]],"id":"feature_2361"},{"properties":{"sa2_code":"801041047","sa2_name":"Nicholls","state":"Australian Capital Territory"},"type":"Polygon","arcs":[[11405]],"id":"feature_2362"},{"properties":{"sa2_code":"801041048","sa2_name":"Palmerston","state":"Australian Capital Territory"},"type":"Polygon","arcs":[[11406]],"id":"feature_2363"},{"properties":{"sa2_code":"801041116","sa2_name":"Gungahlin - East","state":"Australian Capital Territory"},"type":"Polygon","arcs":[[11407]],"id":"feature_2364"},{"properties":{"sa2_code":"801041117","sa2_name":"Gungahlin - West","state":"Australian Capital Territory"},"type":"Polygon","arcs":[[11408]],"id":"feature_2365"},{"properties":{"sa2_code":"801041118","sa2_name":"Jacka","state":"Australian Capital Territory"},"type":"Polygon","arcs":[[11409]],"id":"feature_2366"},{"properties":{"sa2_code":"801041119","sa2_name":"Kenny","state":"Australian Capital Territory"},"type":"Polygon","arcs":[[11410]],"id":"feature_2367"},{"properties":{"sa2_code":"801041120","sa2_name":"Moncrieff","state":"Australian Capital Territory"},"type":"Polygon","arcs":[[11411]],"id":"feature_2368"},{"properties":{"sa2_code":"801041121","sa2_name":"Taylor","state":"Australian Capital Territory"},"type":"Polygon","arcs":[[11412]],"id":"feature_2369"},{"properties":{"sa2_code":"801041122","sa2_name":"Throsby","state":"Australian Capital Territory"},"type":"Polygon","arcs":[[11413]],"id":"feature_2370"},{"properties":{"sa2_code":"801051049","sa2_name":"Acton","state":"Australian Capital Territory"},"type":"Polygon","arcs":[[11414]],"id":"feature_2371"},{"properties":{"sa2_code":"801051050","sa2_name":"Ainslie","state":"Australian Capital Territory"},"type":"Polygon","arcs":[[11415]],"id":"feature_2372"},{"properties":{"sa2_code":"801051051","sa2_name":"Braddon","state":"Australian Capital Territory"},"type":"Polygon","arcs":[[11416]],"id":"feature_2373"},{"properties":{"sa2_code":"801051053","sa2_name":"Civic","state":"Australian Capital Territory"},"type":"Polygon","arcs":[[11417]],"id":"feature_2374"},{"properties":{"sa2_code":"801051054","sa2_name":"Dickson","state":"Australian Capital Territory"},"type":"Polygon","arcs":[[11418]],"id":"feature_2375"},{"properties":{"sa2_code":"801051055","sa2_name":"Downer","state":"Australian Capital Territory"},"type":"Polygon","arcs":[[11419]],"id":"feature_2376"},{"properties":{"sa2_code":"801051056","sa2_name":"Hackett","state":"Australian Capital Territory"},"type":"Polygon","arcs":[[11420]],"id":"feature_2377"},{"properties":{"sa2_code":"801051057","sa2_name":"Lyneham","state":"Australian Capital Territory"},"type":"Polygon","arcs":[[11421]],"id":"feature_2378"},{"properties":{"sa2_code":"801051058","sa2_name":"O'Connor (ACT)","state":"Australian Capital Territory"},"type":"Polygon","arcs":[[11422]],"id":"feature_2379"},{"properties":{"sa2_code":"801051060","sa2_name":"Turner","state":"Australian Capital Territory"},"type":"Polygon","arcs":[[11423]],"id":"feature_2380"},{"properties":{"sa2_code":"801051061","sa2_name":"Watson","state":"Australian Capital Territory"},"type":"Polygon","arcs":[[11424]],"id":"feature_2381"},{"properties":{"sa2_code":"801051123","sa2_name":"Black Mountain","state":"Australian Capital Territory"},"type":"Polygon","arcs":[[11425]],"id":"feature_2382"},{"properties":{"sa2_code":"801051124","sa2_name":"Campbell","state":"Australian Capital Territory"},"type":"Polygon","arcs":[[11426]],"id":"feature_2383"},{"properties":{"sa2_code":"801051125","sa2_name":"Duntroon","state":"Australian Capital Territory"},"type":"Polygon","arcs":[[11427]],"id":"feature_2384"},{"properties":{"sa2_code":"801051126","sa2_name":"Parkes (ACT) - North","state":"Australian Capital Territory"},"type":"Polygon","arcs":[[11428]],"id":"feature_2385"},{"properties":{"sa2_code":"801051127","sa2_name":"Reid","state":"Australian Capital Territory"},"type":"Polygon","arcs":[[11429]],"id":"feature_2386"},{"properties":{"sa2_code":"801051128","sa2_name":"Russell","state":"Australian Capital Territory"},"type":"Polygon","arcs":[[11430]],"id":"feature_2387"},{"properties":{"sa2_code":"801061062","sa2_name":"Deakin","state":"Australian Capital Territory"},"type":"Polygon","arcs":[[11431]],"id":"feature_2388"},{"properties":{"sa2_code":"801061063","sa2_name":"Forrest","state":"Australian Capital Territory"},"type":"Polygon","arcs":[[11432]],"id":"feature_2389"},{"properties":{"sa2_code":"801061064","sa2_name":"Griffith (ACT)","state":"Australian Capital Territory"},"type":"Polygon","arcs":[[11433]],"id":"feature_2390"},{"properties":{"sa2_code":"801061066","sa2_name":"Lake Burley Griffin","state":"Australian Capital Territory"},"type":"Polygon","arcs":[[11434]],"id":"feature_2391"},{"properties":{"sa2_code":"801061067","sa2_name":"Narrabundah","state":"Australian Capital Territory"},"type":"Polygon","arcs":[[11435]],"id":"feature_2392"},{"properties":{"sa2_code":"801061068","sa2_name":"Parkes (ACT) - South","state":"Australian Capital Territory"},"type":"Polygon","arcs":[[11436]],"id":"feature_2393"},{"properties":{"sa2_code":"801061069","sa2_name":"Red Hill (ACT)","state":"Australian Capital Territory"},"type":"Polygon","arcs":[[11437]],"id":"feature_2394"},{"properties":{"sa2_code":"801061070","sa2_name":"Yarralumla","state":"Australian Capital Territory"},"type":"Polygon","arcs":[[11438]],"id":"feature_2395"},{"properties":{"sa2_code":"801061129","sa2_name":"Barton","state":"Australian Capital Territory"},"type":"Polygon","arcs":[[11439,-11442]],"id":"feature_2396"},{"properties":{"sa2_code":"801061130","sa2_name":"Fyshwick","state":"Australian Capital Territory"},"type":"Polygon","arcs":[[11440]],"id":"feature_2397"},{"properties":{"sa2_code":"801061131","sa2_name":"Kingston (ACT)","state":"Australian Capital Territory"},"type":"Polygon","arcs":[[11441,11442]],"id":"feature_2398"},{"properties":{"sa2_code":"801071071","sa2_name":"Banks","state":"Australian Capital Territory"},"type":"Polygon","arcs":[[11443]],"id":"feature_2399"},{"properties":{"sa2_code":"801071072","sa2_name":"Bonython","state":"Australian Capital Territory"},"type":"Polygon","arcs":[[11444]],"id":"feature_2400"},{"properties":{"sa2_code":"801071073","sa2_name":"Calwell","state":"Australian Capital Territory"},"type":"Polygon","arcs":[[11445]],"id":"feature_2401"},{"properties":{"sa2_code":"801071074","sa2_name":"Chisholm","state":"Australian Capital Territory"},"type":"Polygon","arcs":[[11446]],"id":"feature_2402"},{"properties":{"sa2_code":"801071075","sa2_name":"Conder","state":"Australian Capital Territory"},"type":"Polygon","arcs":[[11447]],"id":"feature_2403"},{"properties":{"sa2_code":"801071076","sa2_name":"Fadden","state":"Australian Capital Territory"},"type":"Polygon","arcs":[[11448]],"id":"feature_2404"},{"properties":{"sa2_code":"801071077","sa2_name":"Gilmore","state":"Australian Capital Territory"},"type":"Polygon","arcs":[[11449]],"id":"feature_2405"},{"properties":{"sa2_code":"801071078","sa2_name":"Gordon (ACT)","state":"Australian Capital Territory"},"type":"Polygon","arcs":[[11450]],"id":"feature_2406"},{"properties":{"sa2_code":"801071079","sa2_name":"Gowrie (ACT)","state":"Australian Capital Territory"},"type":"Polygon","arcs":[[11451]],"id":"feature_2407"},{"properties":{"sa2_code":"801071080","sa2_name":"Greenway","state":"Australian Capital Territory"},"type":"Polygon","arcs":[[11452]],"id":"feature_2408"},{"properties":{"sa2_code":"801071081","sa2_name":"Isabella Plains","state":"Australian Capital Territory"},"type":"Polygon","arcs":[[11453]],"id":"feature_2409"},{"properties":{"sa2_code":"801071082","sa2_name":"Kambah","state":"Australian Capital Territory"},"type":"Polygon","arcs":[[11454]],"id":"feature_2410"},{"properties":{"sa2_code":"801071083","sa2_name":"Macarthur","state":"Australian Capital Territory"},"type":"Polygon","arcs":[[11455]],"id":"feature_2411"},{"properties":{"sa2_code":"801071084","sa2_name":"Monash","state":"Australian Capital Territory"},"type":"Polygon","arcs":[[11456]],"id":"feature_2412"},{"properties":{"sa2_code":"801071085","sa2_name":"Mount Taylor","state":"Australian Capital Territory"},"type":"Polygon","arcs":[[11457]],"id":"feature_2413"},{"properties":{"sa2_code":"801071086","sa2_name":"Oxley (ACT)","state":"Australian Capital Territory"},"type":"Polygon","arcs":[[11458]],"id":"feature_2414"},{"properties":{"sa2_code":"801071087","sa2_name":"Richardson","state":"Australian Capital Territory"},"type":"Polygon","arcs":[[11459]],"id":"feature_2415"},{"properties":{"sa2_code":"801071088","sa2_name":"Theodore","state":"Australian Capital Territory"},"type":"Polygon","arcs":[[11460]],"id":"feature_2416"},{"properties":{"sa2_code":"801071089","sa2_name":"Tuggeranong","state":"Australian Capital Territory"},"type":"Polygon","arcs":[[11461]],"id":"feature_2417"},{"properties":{"sa2_code":"801071090","sa2_name":"Wanniassa","state":"Australian Capital Territory"},"type":"Polygon","arcs":[[11462]],"id":"feature_2418"},{"properties":{"sa2_code":"801071132","sa2_name":"Tuggeranong - West","state":"Australian Capital Territory"},"type":"Polygon","arcs":[[11463]],"id":"feature_2419"},{"properties":{"sa2_code":"801081091","sa2_name":"Chapman","state":"Australian Capital Territory"},"type":"Polygon","arcs":[[11464]],"id":"feature_2420"},{"properties":{"sa2_code":"801081092","sa2_name":"Duffy","state":"Australian Capital Territory"},"type":"Polygon","arcs":[[11465]],"id":"feature_2421"},{"properties":{"sa2_code":"801081093","sa2_name":"Fisher","state":"Australian Capital Territory"},"type":"Polygon","arcs":[[11466]],"id":"feature_2422"},{"properties":{"sa2_code":"801081094","sa2_name":"Holder","state":"Australian Capital Territory"},"type":"Polygon","arcs":[[11467]],"id":"feature_2423"},{"properties":{"sa2_code":"801081095","sa2_name":"Rivett","state":"Australian Capital Territory"},"type":"Polygon","arcs":[[11468]],"id":"feature_2424"},{"properties":{"sa2_code":"801081096","sa2_name":"Stirling","state":"Australian Capital Territory"},"type":"Polygon","arcs":[[11469]],"id":"feature_2425"},{"properties":{"sa2_code":"801081097","sa2_name":"Waramanga","state":"Australian Capital Territory"},"type":"Polygon","arcs":[[11470]],"id":"feature_2426"},{"properties":{"sa2_code":"801081098","sa2_name":"Weston","state":"Australian Capital Territory"},"type":"Polygon","arcs":[[11471]],"id":"feature_2427"},{"properties":{"sa2_code":"801081133","sa2_name":"Scrivener","state":"Australian Capital Territory"},"type":"Polygon","arcs":[[11472]],"id":"feature_2428"},{"properties":{"sa2_code":"801091099","sa2_name":"Chifley","state":"Australian Capital Territory"},"type":"Polygon","arcs":[[11473]],"id":"feature_2429"},{"properties":{"sa2_code":"801091100","sa2_name":"Curtin","state":"Australian Capital Territory"},"type":"Polygon","arcs":[[11474]],"id":"feature_2430"},{"properties":{"sa2_code":"801091101","sa2_name":"Farrer","state":"Australian Capital Territory"},"type":"Polygon","arcs":[[11475]],"id":"feature_2431"},{"properties":{"sa2_code":"801091102","sa2_name":"Garran","state":"Australian Capital Territory"},"type":"Polygon","arcs":[[11476]],"id":"feature_2432"},{"properties":{"sa2_code":"801091103","sa2_name":"Hughes","state":"Australian Capital Territory"},"type":"Polygon","arcs":[[11477]],"id":"feature_2433"},{"properties":{"sa2_code":"801091104","sa2_name":"Isaacs","state":"Australian Capital Territory"},"type":"Polygon","arcs":[[11478]],"id":"feature_2434"},{"properties":{"sa2_code":"801091105","sa2_name":"Lyons (ACT)","state":"Australian Capital Territory"},"type":"Polygon","arcs":[[11479]],"id":"feature_2435"},{"properties":{"sa2_code":"801091106","sa2_name":"Mawson","state":"Australian Capital Territory"},"type":"Polygon","arcs":[[11480]],"id":"feature_2436"},{"properties":{"sa2_code":"801091107","sa2_name":"O'Malley","state":"Australian Capital Territory"},"type":"Polygon","arcs":[[11481]],"id":"feature_2437"},{"properties":{"sa2_code":"801091108","sa2_name":"Pearce","state":"Australian Capital Territory"},"type":"Polygon","arcs":[[11482]],"id":"feature_2438"},{"properties":{"sa2_code":"801091109","sa2_name":"Phillip","state":"Australian Capital Territory"},"type":"Polygon","arcs":[[11483]],"id":"feature_2439"},{"properties":{"sa2_code":"801091110","sa2_name":"Torrens","state":"Australian Capital Territory"},"type":"Polygon","arcs":[[11484]],"id":"feature_2440"},{"properties":{"sa2_code":"801101134","sa2_name":"Arboretum","state":"Australian Capital Territory"},"type":"Polygon","arcs":[[11485]],"id":"feature_2441"},{"properties":{"sa2_code":"801101135","sa2_name":"Coombs","state":"Australian Capital Territory"},"type":"Polygon","arcs":[[11486]],"id":"feature_2442"},{"properties":{"sa2_code":"801101136","sa2_name":"Denman Prospect","state":"Australian Capital Territory"},"type":"Polygon","arcs":[[11487]],"id":"feature_2443"},{"properties":{"sa2_code":"801101137","sa2_name":"Molonglo","state":"Australian Capital Territory"},"type":"Polygon","arcs":[[11488]],"id":"feature_2444"},{"properties":{"sa2_code":"801101139","sa2_name":"Wright","state":"Australian Capital Territory"},"type":"Polygon","arcs":[[11489]],"id":"feature_2445"},{"properties":{"sa2_code":"801101145","sa2_name":"Molonglo - East","state":"Australian Capital Territory"},"type":"Polygon","arcs":[[11490]],"id":"feature_2446"},{"properties":{"sa2_code":"801101146","sa2_name":"Whitlam","state":"Australian Capital Territory"},"type":"Polygon","arcs":[[11491]],"id":"feature_2447"},{"properties":{"sa2_code":"801111140","sa2_name":"ACT - South West","state":"Australian Capital Territory"},"type":"Polygon","arcs":[[11492,-11497,11493,-11495]],"id":"feature_2448"},{"properties":{"sa2_code":"801111141","sa2_name":"Namadgi","state":"Australian Capital Territory"},"type":"Polygon","arcs":[[11494,11495,11496,11497]],"id":"feature_2449"}],"type":"GeometryCollection"}},"bbox":[112.92817368034522,-43.73810452208673,159.1091927319769,-9.142482552289461],"transform":{"scale":[0.0004618148086644033,0.0003459596792947656],"translate":[112.92817368034522,-43.73810452208673]},"arcs":[[[79692,24896],[100,178],[197,-142],[96,165],[213,-35],[71,197],[212,-419],[158,-144],[-62,-17]],[[80357,24085],[-380,-891],[-223,-232],[-162,-25],[-11,-516]],[[79453,22477],[-110,-137],[-17,73],[-92,6],[-76,411],[84,71],[-45,710],[45,157],[144,63],[-45,60],[169,370]],[[78579,24145],[47,65],[39,-79],[-86,14]],[[78584,24217],[38,47],[5,-51],[-43,4]],[[78623,24187],[70,102],[-23,-161],[-47,59]],[[78494,24145],[97,81],[-37,-147]],[[78589,24052],[63,-48],[-76,-12],[13,60]],[[78554,24079],[139,210],[177,-47]],[[78964,24381],[-267,86],[-154,194],[213,96],[156,191],[36,367],[71,-152],[125,-53],[230,72],[75,-183]],[[79522,25111],[234,-95],[-64,-120]],[[79692,24896],[-137,22],[10,-235],[-97,-353],[42,-69]],[[79510,24261],[-92,-100],[-76,-261],[44,-69],[-162,-86],[-36,-280],[54,-564],[-58,3],[-24,-147],[-212,70],[-15,128],[-119,31],[-97,-27],[54,-50],[-20,-135]],[[78391,22903],[10,162],[-94,-44],[39,223],[-68,319],[140,-19],[-10,474],[86,127]],[[78494,24145],[60,-66]],[[78589,24052],[36,-69],[34,43],[-70,26]],[[77473,20234],[77,-162],[215,-16],[44,-92],[183,-36],[77,72],[-94,289],[11,208],[63,210],[86,44]],[[78712,20728],[26,-179]],[[78883,20528],[224,-30],[-51,-369]],[[78978,19200],[-78,-49],[-106,-284],[86,-150],[-2023,1081]],[[78216,21654],[121,148]],[[78424,21478],[-211,64],[51,85]],[[78391,22903],[273,-68],[2,-63],[85,2]],[[78751,22774],[-22,203],[203,-21],[16,-129],[187,-10],[89,-151],[10,-247],[96,-10],[39,-240],[-84,-110],[87,-104],[-29,-171],[-99,-99],[59,-215],[-16,-244]],[[79002,20694],[-5,-183],[-114,17]],[[78883,20528],[-17,98],[-128,-77]],[[78738,20549],[19,98],[-30,66],[-15,15]],[[78712,20728],[-259,1],[-174,-118],[-144,140]],[[78135,20751],[-133,-98],[-101,145],[36,91],[-108,69]],[[77946,21378],[82,45],[21,48]],[[77659,21772],[-76,165]],[[77364,22141],[6,-42],[-8,-55],[-47,68],[14,-93],[-77,-43],[40,-86],[-148,53],[14,412],[-265,304],[198,514],[139,-63],[86,267],[186,-48],[135,-201],[50,66],[113,-137],[60,125],[53,-390],[296,-195],[147,451],[51,7],[-16,-152]],[[78424,21478],[58,338],[-145,-14]],[[78337,21802],[-46,-130],[-75,-18]],[[78216,21654],[48,-27]],[[78264,21627],[-48,-23],[28,-90],[180,-36]],[[76486,20795],[80,389],[173,202]],[[76939,22025],[143,88],[62,-170],[147,-54],[-40,79],[78,51],[-17,90],[50,-65],[2,97]],[[77364,22141],[119,40],[-39,-180],[139,-64]],[[77583,21937],[14,-76],[62,-89]],[[77659,21772],[46,87],[129,-31],[86,-280],[129,-77]],[[78049,21471],[-103,-93]],[[77946,21378],[3,-270],[-45,27],[-75,-177]],[[77829,20958],[73,-14],[56,-100],[-57,-47],[131,-147],[-57,-361],[93,-293],[-196,-66],[-105,126],[-214,14],[-80,164]],[[77473,20234],[-158,36],[-78,189],[-151,-257],[-226,-55],[-61,-150],[58,-199]],[[76857,19798],[-479,261],[110,267]],[[80843,23232],[-25,-54],[-160,47],[48,-46],[-40,-95],[-97,41],[-38,170],[58,63],[177,-34],[77,-92]],[[80735,23160],[-1,3],[2,-1],[-1,-2]],[[80736,23164],[0,0]],[[80783,22891],[-2,6],[7,-3],[-5,-3]],[[80836,23092],[6,2],[-3,-8],[-3,6]],[[80738,23131],[1,-1],[-1,0],[0,1]],[[80831,23093],[1,-12],[-5,4],[4,8]],[[80708,22877],[-10,289],[85,-139],[-23,-107],[20,-81],[-72,38]],[[80239,20199],[0,0]],[[80256,20258],[-1,1],[1,0],[0,-1]],[[80207,20096],[1,-3],[0,-1],[-1,4]],[[80217,20117],[0,0]],[[80217,20119],[0,0]],[[80238,20192],[-1,0],[1,1],[0,-1]],[[80237,20201],[0,0]],[[80237,20179],[-1,1],[1,0],[0,-1]],[[79892,20502],[162,5],[38,-110],[167,-14],[-109,-393],[-73,-14],[-26,204],[-136,18],[-53,106]],[[80388,18718],[-1,0],[0,1],[1,-1]],[[80385,20674],[-1,1],[2,-1],[-1,0]],[[80316,18947],[0,-1],[-1,1],[1,0]],[[80321,18931],[-1,1],[1,0],[0,-1]],[[80386,18715],[1,0],[0,-1],[-1,1]],[[80385,18715],[0,0]],[[80297,18974],[0,0]],[[80319,18945],[-1,0],[1,1],[0,-1]],[[80315,18947],[0,0]],[[80176,19163],[0,0]],[[80180,19160],[0,0]],[[80181,19160],[0,0]],[[80286,19065],[3,2],[-1,-3],[-2,1]],[[80275,19069],[-1,-1],[0,2],[1,-1]],[[80188,19147],[-1,1],[1,0],[0,-1]],[[80286,19006],[0,0]],[[80286,19007],[0,0]],[[80307,20502],[0,0]],[[79792,21164],[65,-63],[5,127]],[[79720,21338],[-79,-24],[8,202]],[[79835,21363],[97,199],[98,-89],[-17,-161],[173,6],[-12,306],[70,28],[72,-93],[-23,-248],[101,-23],[-133,-222],[161,-301],[-148,-320],[-2,-61],[-180,13],[-27,108],[-173,-3]],[[79892,20502],[-30,-198]],[[79862,20304],[74,-120],[115,-4],[-28,-64],[67,-62],[-59,-85],[23,-110],[-71,48]],[[79979,19616],[53,-91],[-101,-67]],[[79939,19146],[235,39],[-3,-23],[76,-93],[38,-1],[-4,-79],[44,-125],[-18,-7],[-4,9],[-3,0],[-2,-2],[89,-146],[-141,65],[-93,-109],[56,-93],[-43,-187],[58,-377],[-1344,700],[-83,130],[36,177],[145,176]],[[78978,19200],[36,271],[-79,78],[2,133],[197,-48],[-30,147],[80,-42],[52,141],[-76,205],[-104,44]],[[79056,20129],[48,167],[-45,45],[48,157],[58,12],[-36,120],[250,123],[149,-256],[8,112]],[[80638,22846],[20,77],[62,-54],[-115,-167],[-72,57],[20,82],[85,5]],[[80718,22851],[-4,0],[3,3],[1,-3]],[[79453,22477],[128,-56]],[[79581,22421],[11,517],[241,83],[96,170],[116,-121],[77,27],[100,-233],[-22,-337],[67,-34]],[[80190,21919],[-133,92],[8,69],[-41,-93],[42,-179],[276,18],[73,-137],[-20,-90],[-69,-114],[-118,191],[-55,-193],[69,-141],[-170,-44],[-50,231],[-90,37],[-77,-203]],[[79835,21363],[-186,153]],[[79649,21516],[-9,-201],[80,23]],[[79720,21338],[57,-43],[-30,-69],[115,2]],[[79862,21228],[7,-83],[-77,19]],[[79792,21164],[13,-148],[-168,68],[107,-292],[-80,-205],[-128,22]],[[79536,20609],[-6,-109],[-59,21],[-101,234],[-232,-111],[18,-153],[-147,-7],[-7,210]],[[79002,20694],[116,119],[122,-21],[9,93],[-150,80],[59,160],[129,101]],[[79287,21226],[-16,492],[101,237],[-87,102],[88,76],[-33,209],[113,135]],[[80157,19623],[0,0]],[[80159,19622],[-1,3],[2,-3],[-1,0]],[[80158,19313],[0,0]],[[80156,19324],[-1,0],[1,1],[0,-1]],[[80163,19424],[-1,3],[2,-3],[-1,0]],[[80087,19275],[0,0]],[[80088,19276],[0,0]],[[80093,19263],[0,0]],[[80155,19316],[0,0]],[[79939,19146],[-8,312]],[[79931,19458],[143,56],[-43,78],[89,53],[31,-303],[-153,-105],[87,-86],[-146,-5]],[[80945,23329],[5,3],[0,-6],[-5,3]],[[80993,23436],[7,-9],[-10,8],[3,1]],[[80921,23259],[-1,0],[1,1],[0,-1]],[[81063,23586],[0,5],[2,-5],[-2,0]],[[81052,23562],[0,0]],[[81042,23560],[-3,4],[4,-3],[-1,-1]],[[80190,21919],[108,221],[-53,93],[36,58],[-82,54],[68,148]],[[80267,22493],[-84,151],[38,232],[-99,221],[-146,51],[158,344],[62,318],[91,-126],[46,100],[154,37],[51,-108],[288,-98],[63,131],[165,-34],[41,-99],[-31,-5],[-91,-124],[-124,-326],[1,116],[-84,50],[-226,-3],[2,-150],[154,-70],[21,-167],[-184,-175],[-74,51],[-116,-174],[85,-296],[137,-164],[-17,-278],[-116,21],[-56,-134],[-92,67],[-74,-71],[-144,27],[-30,259],[154,-148]],[[80885,23204],[0,2],[1,-1],[-1,-1]],[[80126,19773],[0,0]],[[80133,19809],[0,0]],[[79979,19616],[-86,-16],[73,91],[-91,39],[13,115],[95,62]],[[79983,19907],[66,-52],[-18,114],[79,16],[56,-90],[-43,-54],[-1,-60],[1,-6],[7,-7],[6,1],[4,-10],[-69,-25],[23,-103],[-63,-39],[49,-29],[-6,-49],[-95,102]],[[80377,22447],[-34,188],[116,175],[140,-73],[32,-408],[-50,-146],[-204,264]],[[80432,21021],[0,0]],[[80572,21484],[0,0]],[[80601,21603],[0,0]],[[80595,21691],[0,0]],[[80399,20959],[0,0]],[[80406,20929],[0,0]],[[80398,20958],[0,0]],[[80398,20961],[0,0]],[[80397,20957],[0,0]],[[80396,20934],[0,0]],[[80431,21058],[0,0]],[[80431,21056],[0,0]],[[80432,21058],[-1,0],[0,1],[1,-1]],[[80433,21055],[0,0]],[[80432,21058],[0,0]],[[80432,21056],[0,0]],[[80437,21087],[-1,0],[1,1],[0,-1]],[[80584,21582],[0,0]],[[80586,21585],[0,1],[1,-1],[-1,0]],[[80757,21657],[8,-7],[1,-33],[-9,40]],[[80756,21630],[1,1],[1,-1],[-2,0]],[[80772,21654],[0,1],[1,0],[-1,-1]],[[80756,21627],[0,0]],[[80432,21021],[-1,1],[1,0],[0,-1]],[[80431,21022],[0,0]],[[80431,21035],[1,1],[0,-1],[-1,0]],[[80449,21273],[-1,0],[0,1],[1,-1]],[[80448,21271],[0,0]],[[80446,21272],[0,0]],[[80451,21274],[0,0]],[[80449,21275],[0,0]],[[80568,21467],[-1,0],[1,1],[0,-1]],[[80570,21492],[0,0]],[[80601,21608],[0,1],[1,-1],[-1,0]],[[80598,21604],[1,1],[0,-1],[-1,0]],[[80599,21600],[1,-1],[-1,0],[0,1]],[[80430,21073],[0,0]],[[80431,21066],[0,0]],[[80431,21065],[0,0]],[[80432,21069],[0,0]],[[80419,21171],[0,0]],[[80583,21733],[0,0]],[[80449,21143],[0,0]],[[80419,21165],[0,0]],[[80421,21160],[0,0]],[[80452,21146],[0,0]],[[80434,21148],[0,0]],[[80437,21149],[0,0]],[[80435,21148],[0,0]],[[80592,21693],[1,-2],[-1,1],[0,1]],[[80592,21694],[-1,-1],[0,1],[1,0]],[[80449,21281],[0,0]],[[80451,21278],[0,0]],[[80451,21282],[0,0]],[[80450,21278],[0,0]],[[80375,21784],[57,135],[104,6],[60,-327],[-6,-5],[-19,-28],[-14,-33],[8,-39],[12,-7],[-4,1],[-3,-4],[-20,-42],[-74,-85],[-51,-119],[-9,-44],[0,-15],[4,-21],[38,-30],[-27,-44],[2,-7],[-4,-3],[0,-8],[5,-3],[-6,-6],[6,-16],[-37,-62],[-4,-39],[11,-54],[-41,-2],[-102,183],[133,221],[-109,49],[130,353],[-40,95]],[[79541,25984],[57,-8],[31,95],[142,61]],[[79452,27843],[161,-281],[485,57],[67,168],[-45,132],[160,-13],[76,-107]],[[80306,27731],[100,-81],[-17,-225],[96,-238]],[[80439,27140],[102,-76],[-139,-261]],[[80476,26668],[-103,-43],[106,-82]],[[80475,26181],[230,-219],[151,71],[140,-60],[-369,-204],[-231,152],[-41,-212],[110,-148],[-71,-206],[66,-66],[-133,-41],[11,-144],[-71,-65],[-182,58],[-97,-165],[-149,140],[-130,-65],[-187,104]],[[79522,25111],[-73,-112]],[[79449,24999],[-71,182],[-233,-71],[-127,54],[-109,271]],[[78440,26641],[-123,296],[52,175],[-63,191],[86,43],[-277,492],[128,315],[-98,24],[-24,133],[131,149],[33,-59],[107,54],[105,-262],[261,112],[292,-222],[99,22],[153,-227]],[[79771,26132],[-230,-148]],[[79541,25984],[-15,-106],[219,-3],[26,257]],[[77855,25706],[-93,16],[72,172],[232,-13],[-6,-220],[-177,-41],[-28,86]],[[76690,25942],[220,-49],[-18,214],[281,32]],[[78176,26788],[80,177],[50,-12],[134,-312]],[[78440,26641],[61,-438],[130,-56],[-8,-138],[155,-20],[-9,-256],[191,-79],[-51,-219]],[[78909,25435],[14,-457],[-112,-176],[-268,-138],[-32,128],[-152,101],[-661,-524]],[[77698,24369],[-68,-172],[-78,55],[-8,229],[-115,212],[-103,-150],[-204,23],[82,206],[-82,138],[84,340]],[[77094,25287],[39,233],[-338,7],[15,116],[-144,-15],[-76,73],[-92,219],[33,139],[186,-7]],[[77826,25851],[-45,-174],[76,29],[26,-86],[92,-8],[97,67],[-6,202],[-150,46],[-90,-76]],[[75563,27165],[-98,383],[-147,131],[246,131],[244,1]],[[75999,27806],[-20,259],[281,-150]],[[76894,27934],[6,180],[236,-22],[259,-225]],[[77871,28325],[93,-126],[106,168],[64,-25],[12,-166],[97,-22],[-87,-161],[-23,-253],[260,-396],[-87,-41],[62,-194],[-192,-321]],[[78176,26788],[-185,55],[2,70],[-200,6],[-79,-118],[13,-246],[-89,-60],[-279,85],[13,-207],[-140,-13],[-59,-221]],[[77173,26139],[-256,-5],[-7,-241],[-61,-15],[-159,64]],[[76690,25942],[27,110]],[[76717,26052],[-286,-32]],[[76381,26132],[-19,285],[95,48],[-68,77],[39,37],[-51,151],[-201,69],[-103,158],[-95,-3]],[[76485,27598],[-137,-564],[50,-76],[92,75],[167,-67],[-21,92],[339,-214],[106,49],[-131,227],[22,363],[-128,-60],[-94,108],[-127,-24],[-28,103],[-110,-12]],[[83355,29625],[23,104],[23,-109],[-46,5]],[[83251,29592],[11,68],[107,-48],[-28,-88],[-154,-66],[-20,71],[60,4],[-36,44],[-13,47],[73,-32]],[[82903,29497],[-4,16],[10,-6],[-6,-10]],[[82633,30093],[28,556],[72,71],[173,-70],[-15,-200],[199,-148],[-126,13],[-4,-22],[129,-179],[-19,-88],[110,-85],[-150,-176],[42,-159],[-51,-200],[-69,108],[63,123],[-81,-131],[-63,81],[83,77],[0,63],[-99,-101],[16,-137],[-37,102],[-48,-29],[14,243],[-150,-155],[-142,218],[-81,18],[13,139],[193,68]],[[83219,29690],[110,239],[75,-23],[-75,-171],[-110,-45]],[[83180,29736],[-52,122],[164,-57],[-112,-65]],[[83031,29740],[41,77],[41,-3],[-9,-96],[-73,22]],[[83247,29688],[97,44],[33,-86],[-46,-27],[-84,69]],[[83188,29853],[-50,81],[66,-10],[-16,-71]],[[83278,29857],[-118,127],[169,-56],[-51,-71]],[[83108,29699],[51,78],[-27,-126],[-24,48]],[[83204,29625],[43,67],[3,-69],[-46,2]],[[83319,29754],[53,47],[48,-66],[-72,-39],[-29,58]],[[83128,29424],[-4,10],[10,-6],[-6,-4]],[[83090,29584],[109,-35],[-183,-117],[-5,75],[79,77]],[[83346,29811],[68,151],[76,-76],[-91,-130],[-53,55]],[[83064,29552],[40,166],[-16,-113],[80,34],[21,-67],[-125,-20]],[[83185,29847],[56,57],[36,-51],[-92,-6]],[[83404,29991],[91,-35],[-5,-70],[-49,0],[-37,105]],[[83501,30438],[80,79],[77,-75],[-47,-65],[-110,61]],[[83656,30346],[-45,31],[22,48],[27,14],[-4,-93]],[[83654,30290],[51,144],[38,0],[-89,-144]],[[83296,29940],[98,187],[60,-36],[-61,-13],[3,-166],[-100,28]],[[83451,30188],[88,220],[12,-8],[13,-118],[-113,-94]],[[83303,30502],[199,-24],[-140,-94],[-101,-205],[-4,71],[-129,-22],[18,56],[-221,131],[-36,238],[211,259],[160,-162]],[[83600,30624],[205,-97],[-11,-59],[-207,25],[13,131]],[[83093,29992],[-129,323],[293,-65],[14,-171],[77,-23],[-54,-116],[-201,52]],[[83644,30643],[60,40],[-10,54],[5,5],[29,-167],[-84,68]],[[83526,30066],[54,116],[57,38],[-2,-46],[-109,-108]],[[83498,30038],[34,-47],[-39,-41],[-28,23],[33,65]],[[83678,30202],[0,-5],[-3,3],[3,2]],[[83567,30280],[76,53],[51,-108],[-59,-51],[-68,106]],[[83446,30167],[-156,-103],[-36,77],[44,109],[148,-83]],[[83320,30281],[181,157],[38,-30],[-69,-179],[-150,52]],[[83317,30233],[112,49],[24,-109],[-136,60]],[[79486,29613],[-87,18],[39,42],[-35,359],[61,26]],[[78796,30615],[-4,162],[148,285],[94,-48],[64,173]],[[79184,31096],[328,-37],[6,-220],[250,-92],[-31,-221]],[[79911,30103],[206,-127],[-57,-128],[46,-190],[-33,-95],[-161,-47]],[[79857,29321],[-105,-67],[1,-141],[-73,18],[21,-73]],[[79475,29110],[-130,-221]],[[78964,28155],[-207,149],[-260,-112],[-75,78],[22,89],[-79,163],[138,36]],[[78875,29517],[20,217],[-139,68]],[[78839,30091],[-51,257]],[[79486,29613],[93,306],[-115,139]],[[79464,30058],[-31,-62],[-21,100]],[[79258,30120],[-101,-253],[156,-178],[75,11],[7,-142],[91,55]],[[79475,29110],[226,-52]],[[79701,29058],[68,237],[88,26]],[[79857,29321],[55,195]],[[79912,29516],[78,21],[63,-59],[-19,-74],[105,3]],[[80218,29261],[23,-212],[-48,-74],[44,-82],[105,-52],[70,133],[286,-151],[-94,-237],[-175,-180],[-59,65],[-124,-44],[-26,-407],[64,-67],[-164,-34],[18,-260],[-524,-97],[-162,281]],[[79452,27843],[-36,-51],[-114,85]],[[79302,27877],[-82,179],[-256,99]],[[78964,28155],[40,405],[67,-11],[-16,79],[101,-36],[35,284],[154,13]],[[79345,28889],[26,103],[104,118]],[[79270,29707],[126,122],[31,-265],[-39,136],[-118,7]],[[79258,30120],[154,-24]],[[79412,30096],[-74,-260],[-95,-61],[-86,102],[101,243]],[[74208,33610],[147,129],[57,204],[72,7],[196,-136],[133,-241],[46,-259],[407,-286],[70,-244],[402,-104],[57,-143],[-42,-169],[-327,-127],[-46,-246],[-306,-199]],[[74898,30912],[-59,-319],[47,-315],[-99,-258],[-62,11],[-73,-517],[-98,6]],[[72567,29533],[-748,-238]],[[71730,29663],[27,340],[153,378],[212,-39],[27,63],[93,-23],[38,115],[109,-21],[63,-119],[157,111],[30,251]],[[73139,30945],[-383,1919]],[[77245,28818],[-98,166],[44,48],[105,-31]],[[77341,28863],[212,54],[83,-109]],[[77478,28571],[-146,-23],[3,73]],[[77156,29942],[123,21],[18,-155]],[[77773,29557],[-111,-76],[278,-172]],[[78359,28734],[43,-153],[-37,-124],[-78,-57],[-36,59],[-95,-119],[-88,27],[-101,-167],[-96,125]],[[77871,28325],[-126,-19],[-172,-156],[23,-112],[-70,-117],[-131,-54]],[[77395,27867],[-241,220],[-253,27],[160,274],[-92,256],[-149,-159],[-57,147]],[[76714,29171],[-59,-6],[47,114]],[[77296,29001],[-148,-14],[97,-169]],[[77245,28818],[-167,-16],[-14,-83],[271,-98]],[[77335,28621],[29,-95],[114,45]],[[77478,28571],[47,-84],[111,321]],[[77636,28808],[-27,64],[-268,-9]],[[77341,28863],[-45,138]],[[76153,30237],[163,69],[135,-49],[-20,-111],[164,-50],[164,108]],[[76767,30112],[70,-24],[44,105]],[[77033,30207],[255,-62],[-56,-209],[-76,6]],[[77156,29942],[-47,-140],[-130,21],[-24,-162],[-66,-33],[85,-86],[-64,18],[-25,-114],[-96,20],[72,-59],[-78,-23],[57,-92],[-138,-13]],[[76702,29279],[-56,-136],[-325,68]],[[75220,28943],[-396,60],[-172,511],[57,400],[177,364],[-48,63],[33,92],[122,-18],[125,-140],[83,217],[561,-47],[10,-113]],[[74911,28720],[-32,257],[341,-34]],[[75220,28943],[11,85],[202,-33],[61,59],[628,-98],[40,209],[159,46]],[[76321,29211],[393,-40]],[[76714,29171],[42,-124],[-89,-168],[80,10],[-134,-268],[150,11]],[[76763,28632],[70,-146],[133,162],[95,-260],[-154,-232],[-13,-222]],[[76894,27934],[-66,-10],[-52,-153],[-319,217],[-183,-6],[-14,-67]],[[76260,27915],[-252,152],[-9,-261]],[[75999,27806],[-180,69],[-11,-64]],[[75808,27811],[-379,-77],[47,213],[-189,413],[-338,47]],[[76216,30762],[47,16],[277,-66],[3,-231],[-85,-18]],[[76494,30328],[-59,-87],[-169,44],[-26,172],[-102,22]],[[76695,31976],[-42,-362],[120,-144],[-24,-349]],[[76875,31126],[159,-223],[-24,-400],[200,-358],[-177,62]],[[77033,30207],[-84,-86],[-68,72]],[[76881,30193],[-43,-105],[-71,24]],[[76767,30112],[-8,92]],[[76759,30204],[-136,-108],[-192,50],[17,189],[46,-7]],[[76494,30328],[-36,135]],[[76458,30463],[87,34],[-2,208],[-94,76],[-20,-56],[-213,37]],[[76216,30762],[16,-107],[-69,-7],[-25,-169]],[[76138,30479],[154,-120],[-139,-122]],[[76153,30237],[-381,95]],[[75772,30332],[-14,114],[-557,46],[-84,-217],[-124,140],[-170,25],[75,472]],[[74898,30912],[82,-13],[94,897]],[[75074,31796],[57,83],[156,9],[24,114],[91,48],[24,191],[316,115],[53,181],[157,-239],[189,-116]],[[72054,29368],[513,165]],[[72567,29533],[11,-124],[786,-125],[25,228],[915,-184],[250,192]],[[74554,29520],[100,-6],[168,-510],[70,-20],[19,-264]],[[74911,28720],[67,-86],[-29,-227]],[[74949,28407],[373,-75],[147,-430],[-47,-165],[-88,-60],[-114,95]],[[75043,27807],[-189,33],[-57,-295]],[[74011,27231],[-842,55]],[[72989,27711],[-384,53],[75,616]],[[80422,29638],[76,207],[128,-14],[70,-132],[-134,-264],[-103,40],[-37,163]],[[79911,30103],[9,192],[-61,11],[47,80],[-169,140]],[[79737,30526],[29,157],[93,81],[229,-121],[71,265],[-35,130],[100,-72]],[[80299,31308],[134,73],[229,-29],[-49,-37],[68,-86],[-72,15],[84,-79],[-90,-37],[49,-125]],[[80765,30775],[210,-90],[47,-95],[-57,78],[-255,6]],[[80692,30555],[80,12],[62,-23]],[[80487,29970],[98,-142],[-132,-10],[16,-102],[-70,-105],[62,-138],[101,-38],[122,159],[-17,86],[169,49],[-19,-303],[-83,-2],[128,-175],[-138,-258]],[[80666,29003],[63,-63],[-121,-68],[-204,100],[-66,-132],[-132,95],[12,326]],[[80218,29261],[-79,146]],[[80139,29407],[-104,-3],[18,74],[-108,37],[155,121],[-9,345],[-180,122]],[[79293,32139],[-26,159],[168,31],[9,-96],[1,5],[3,-1],[3,7],[14,6],[66,-41],[-73,-16]],[[79936,32063],[104,316],[137,-163],[135,28],[39,90],[-53,206],[120,395],[214,69]],[[80852,32840],[114,-32],[-113,-178],[-87,-19],[44,-79]],[[81013,31635],[44,-214],[-176,-152],[-233,115],[-349,-76]],[[80299,31308],[-24,-168],[92,-113],[-143,-61]],[[80224,30966],[-95,80],[24,-181],[-102,-248],[-191,147],[-75,-62],[-242,112],[-52,191],[52,151],[200,153],[27,213],[143,111]],[[78586,33402],[-49,209],[-218,-15],[-81,81]],[[78177,34150],[471,-152],[121,66],[-87,274]],[[79733,34017],[272,-43]],[[80318,33398],[113,-23],[-53,-86]],[[80321,33050],[118,-148],[-141,-362],[52,-207],[-41,-93],[-119,-28],[-153,165],[-101,-314]],[[79936,32063],[-23,-430]],[[79913,31633],[-147,-117],[-23,-207],[-303,-255],[-256,42]],[[79184,31096],[-86,91]],[[79098,31187],[-6,-119],[-57,15],[-1,-69],[-94,49],[-106,-219],[-132,67]],[[78716,31015],[-103,27],[106,218]],[[78685,31329],[-90,-42],[21,183]],[[78640,31563],[-14,89],[-162,78],[42,122],[64,-57],[54,18],[-95,34],[-101,243],[106,99],[13,-106]],[[78671,32170],[-24,17],[-2,-12],[-28,-5],[-7,9],[143,315],[-83,47],[27,189],[-213,37],[21,190],[93,119]],[[79293,32139],[266,-128],[-101,182]],[[79458,32193],[73,15],[-93,21],[-3,100],[-168,-55],[26,-135]],[[80765,30775],[102,184],[-27,242],[-48,39],[25,-186],[-124,64],[65,-136],[-106,21]],[[80652,31003],[-45,146],[87,21],[-85,74],[83,26],[-80,95],[269,-96],[463,487],[140,-17],[-8,-377],[95,-197]],[[81485,31049],[131,-328],[-77,-168],[-130,-76]],[[81453,30400],[-41,-49],[109,-150],[-51,-78],[84,-71],[-195,-231]],[[81219,29609],[-176,26],[-52,-107],[-126,73],[-62,149],[-115,-50],[-201,270]],[[80487,29970],[17,108],[98,53],[-46,23],[26,106],[163,-21],[-53,70],[112,81],[-15,143],[45,11]],[[80834,30544],[-142,11]],[[80692,30555],[18,119]],[[80710,30674],[316,-53],[-54,66],[-207,88]],[[78579,29816],[317,-87],[-21,-212]],[[78875,29517],[148,-49],[-7,-220],[-54,-213],[-128,-150],[-40,61],[-127,-46],[-157,-167],[-7,-175]],[[78503,28558],[-104,-31],[-40,207]],[[78359,28734],[-105,21],[-5,-65],[-164,91],[11,173],[-187,137],[31,218]],[[77940,29309],[-180,86],[174,350],[285,-47]],[[78428,30241],[-8,-177],[-147,16],[-12,165],[167,-4]],[[78630,30283],[-369,-38],[-9,-59],[-64,39],[15,171]],[[76875,31126],[-126,-5]],[[76749,31121],[27,329],[-119,135],[1,275]],[[77160,31665],[-21,-147],[62,-110],[159,56]],[[77491,31515],[26,31],[-10,57],[4,28],[3,2]],[[77862,31332],[155,21],[59,-206]],[[78153,31132],[22,-228],[145,11]],[[78433,31036],[89,-107],[90,113],[104,-27]],[[78716,31015],[-14,-104]],[[78702,30911],[108,-51],[-14,-245]],[[78796,30615],[72,-13],[-14,-254],[-66,0]],[[78788,30348],[-1,0],[52,-257]],[[78839,30091],[-83,-289]],[[78756,29802],[140,-72],[-317,86]],[[78579,29816],[-327,7],[-33,-125]],[[78219,29698],[-254,57],[-230,-376],[-81,126],[119,52]],[[77773,29557],[-11,131],[-200,-51],[41,48],[-113,48],[-32,180],[-124,-22],[-37,-83]],[[77297,29808],[-3,152],[-62,-24],[-17,86],[73,123],[-115,54],[-176,483],[45,202],[-167,242]],[[78630,30283],[-166,167],[-19,-67],[-242,13]],[[78203,30396],[-24,-148],[94,-168],[147,-17],[5,194],[205,26]],[[87620,39929],[-9,-1],[1,5],[8,-4]],[[87625,39904],[-5,13],[1,3],[4,-16]],[[87427,40364],[1,3],[1,-3],[-2,0]],[[87423,40372],[-2,1],[2,0],[0,-1]],[[87369,39945],[2,-5],[-3,1],[1,4]],[[85323,41613],[-72,99],[115,169],[136,58]],[[85601,42509],[6,161],[52,17],[385,-99],[193,-278]],[[86817,41613],[180,80],[239,-234],[-54,-321]],[[87280,40681],[128,-71],[86,41],[-83,-181],[-52,-525],[-22,-62],[-66,124],[-211,-108],[23,-132],[-109,-45],[-37,-288],[-234,24],[10,-123],[-85,17]],[[86233,39377],[30,143],[-163,100]],[[86080,39709],[-257,34],[-62,-182],[-244,47],[-63,-158]],[[85354,39394],[59,-96],[-134,-151],[-69,276],[82,270],[-97,157],[21,274],[-237,-41],[-5,140],[96,176]],[[85169,40413],[4,173],[140,124],[60,314]],[[86657,40869],[-159,-365],[199,-103],[-48,184],[132,178],[-62,-11],[6,106],[-68,11]],[[87563,41559],[-1,2],[2,0],[-1,-2]],[[87554,41571],[-1,1],[1,0],[0,-1]],[[87083,41786],[-5,101],[57,31]],[[87549,41838],[-42,-163],[24,-101],[55,-30],[-17,-342],[-77,-549],[-51,-37],[-161,65]],[[87280,40681],[42,276],[-140,181]],[[87182,41138],[49,264],[-117,202],[-90,30],[-12,174]],[[86348,38842],[348,-139],[-18,-116],[143,-98]],[[86657,38378],[72,-14],[-77,-67],[35,-198],[-1009,113],[-33,-107],[-173,152],[-18,173],[97,122],[249,-16],[130,93]],[[87082,38854],[0,4],[1,-3],[-1,-1]],[[86866,38849],[189,105],[35,-46],[-35,-78],[-189,19]],[[86863,38801],[178,71],[9,-41],[18,23],[8,-16],[29,-10],[-109,-144],[-133,117]],[[87086,38838],[0,-1],[-1,0],[1,1]],[[87085,38838],[0,-1],[-1,1],[1,0]],[[86730,39082],[36,107],[-56,-3],[-7,272],[368,-54],[-51,-60],[29,-282],[-208,-315],[-175,-53],[-23,388]],[[85354,39394],[100,56]],[[85454,39450],[65,160],[242,-49],[46,169],[113,22],[160,-43]],[[86080,39709],[20,-89]],[[86100,39620],[155,-90],[-22,-153]],[[86233,39377],[228,-94],[56,61],[75,-80],[36,88]],[[86628,39352],[104,-21],[-22,-145],[57,11],[-37,-115]],[[86730,39082],[-87,0]],[[86643,39082],[20,-380],[-315,140]],[[86348,38842],[-17,-121],[-87,33],[17,-85],[-78,-5],[6,-132],[-259,97]],[[85930,38629],[-398,-130]],[[85364,39030],[-89,114],[139,165],[-60,85]],[[87162,39018],[-1,-5],[-3,3],[4,2]],[[87111,39032],[0,0]],[[87345,39119],[9,-4],[-5,-5],[-4,9]],[[87049,39062],[35,232],[105,-61],[-119,-282],[-114,-2],[93,113]],[[86934,38468],[6,-6],[-2,-3],[-4,9]],[[86696,38703],[167,98],[145,-119],[-107,-269],[-223,175],[18,115]],[[86657,38378],[8,81],[156,30]],[[86821,38489],[80,-76],[-94,-336],[-123,62],[-32,158],[75,73],[-70,8]],[[87261,39241],[2,9],[3,-5],[-5,-4]],[[87221,39514],[0,0]],[[87356,39664],[2,2],[-2,-12],[0,10]],[[87221,39332],[-2,2],[4,0],[-2,-2]],[[87330,39785],[2,3],[0,-3],[-2,0]],[[87335,39782],[-3,1],[2,2],[1,-3]],[[87221,39433],[0,0]],[[87218,39334],[-1,2],[2,-1],[-1,-1]],[[87216,39434],[1,-2],[-2,0],[1,2]],[[87219,39435],[1,-2],[-1,1],[0,1]],[[87221,39432],[0,0]],[[87007,39721],[76,46],[-35,110],[58,61],[174,70],[46,-63],[-129,-355],[-5,-356],[-142,50],[17,125],[-130,25],[70,287]],[[67790,39479],[-366,70],[145,202]],[[73659,42603],[438,0]],[[74641,40802],[-114,-183],[176,-224]],[[74668,39783],[-15,-72],[-32,-309]],[[74682,39346],[-89,-49],[-150,79],[-150,-87],[9,-251]],[[74136,38491],[39,-231],[-314,17]],[[72586,37258],[-515,-274]],[[68797,37201],[-83,-78]],[[67360,35963],[-43,187],[447,342]],[[67991,36573],[111,160],[-64,63],[77,139],[293,202],[243,-49],[146,113]],[[68797,37201],[248,-361],[359,286],[64,-93],[120,107],[49,-72],[83,66],[-136,268],[358,193],[37,-95],[300,196],[391,-818],[93,60],[-69,140],[190,134],[-6,97],[160,102],[96,-194],[308,198],[-71,150],[174,87],[151,-322],[104,42],[54,-110],[81,54],[136,-332]],[[72071,36984],[337,209],[153,-259]],[[72447,34425],[692,-3480]],[[73139,30945],[-130,3],[-111,-158],[-259,-71]],[[72639,30719],[10,-137],[-112,-182],[-92,-43],[-56,119],[-110,21],[-37,-116],[-332,1],[-91,-142],[-79,186]],[[69805,31863],[-12,-94]],[[75423,36574],[-132,716],[-398,84],[167,439],[-40,242],[245,52],[52,-241]],[[76551,38698],[-39,68],[88,25],[200,-210]],[[77547,38213],[204,-33],[-82,-661]],[[77895,36683],[138,-593],[-751,-54],[-51,-342]],[[76287,35364],[66,-114],[-23,-187]],[[76138,35071],[-33,-220],[-369,-46],[-113,142],[-31,-58],[-96,36],[-151,436],[-33,300]],[[72561,36934],[-137,225],[162,99]],[[72586,37258],[39,-54],[206,54],[98,-155],[117,30],[-79,159],[173,44],[-151,228],[119,131],[143,-195],[185,46],[106,-161],[134,35],[-108,158],[187,43],[16,69],[-273,364],[239,59],[-32,100],[145,-23],[11,87]],[[73861,38277],[311,-20],[-43,105],[61,103],[148,-65]],[[75045,37915],[-41,-322],[-113,-210],[400,-93],[70,-288],[62,-428]],[[75423,36574],[-88,-66],[47,-195],[-49,-113],[112,-355],[-68,-48],[41,-86],[-106,-50]],[[75312,35661],[64,-414],[145,-351],[102,51],[60,-123],[116,-19],[111,-97],[-58,-164]],[[75325,34109],[-231,-267]],[[74849,33384],[-169,430],[-268,129],[-58,-206],[-146,-127]],[[74208,33610],[-9,122],[-267,-239],[155,-225],[-212,-186],[-94,16],[-10,-85],[-75,112],[-293,-231],[94,-137],[-137,-121],[-284,331],[-320,-103]],[[72756,32864],[-51,205],[-258,1356]],[[72447,34425],[199,169],[-66,101],[150,232],[-179,263],[104,90],[-141,212],[286,454],[-177,354],[-218,-143],[-111,223],[106,86],[-170,262],[331,206]],[[74641,40802],[-230,34],[11,108],[-240,91],[-151,152],[110,60],[-202,195],[159,186],[-208,203],[202,167],[-226,230],[298,273],[-67,102]],[[74097,42603],[3921,0],[-311,-239]],[[77408,41127],[487,100]],[[78301,40541],[-88,-696]],[[77985,39167],[-47,-433],[-78,35],[-72,-595],[-241,39]],[[77547,38213],[-210,-184],[-124,47],[-242,167],[-181,256],[10,82]],[[76800,38581],[-274,210],[25,-93]],[[76551,38698],[-113,0],[9,-262],[-249,-208],[-54,137],[34,134],[-237,53],[-332,-227],[6,-227],[70,-12],[-13,-108],[-54,9],[9,-143],[-310,22]],[[75317,37866],[-28,198],[-102,54],[-166,-62],[24,-141]],[[75045,37915],[-365,-82],[-270,39],[-72,528]],[[74338,38400],[-202,91]],[[74136,38491],[102,477],[64,70]],[[74302,39038],[3,282],[377,26]],[[74682,39346],[-61,56]],[[74621,39402],[47,381]],[[74668,39783],[140,-20],[40,372],[-174,54],[-71,150],[100,56]],[[74703,40395],[-36,108],[-139,105],[113,194]],[[61961,33922],[-283,0],[-41,66],[43,269]],[[60791,30088],[-7,12515]],[[68133,42603],[-77,-251],[59,-71],[123,18],[85,-186],[-26,-182],[-137,-225],[15,-349],[-534,-754],[-61,10],[4,-251],[-62,-122],[73,-197],[-26,-292]],[[67569,39751],[-145,-222],[366,-50]],[[67790,39479],[-54,-462],[294,-41],[-342,-308],[1026,-1545]],[[68714,37123],[-186,-50],[-120,64],[-214,-130],[-155,-207],[63,-66],[-111,-161]],[[67991,36573],[-177,75],[-50,-156]],[[67764,36492],[-446,-341],[42,-188]],[[67360,35963],[630,-917],[179,156],[224,-333],[-584,-514],[125,-182],[-322,-216],[-96,143],[-151,-132],[228,-333],[149,128],[224,-332],[-86,-75],[222,-334],[128,113],[348,-546],[164,111],[-21,-189],[331,-48],[160,-152],[210,91],[-66,-564],[437,-69]],[[69793,31769],[-113,-828]],[[69415,30976],[-48,-190],[-117,37],[9,74]],[[68466,30171],[-615,79],[33,54],[-90,13]],[[66053,31592],[-1013,173]],[[61961,33922],[45,340],[-326,-5]],[[61680,34257],[-24,-298],[166,-85],[139,48]],[[77895,36683],[-146,54],[85,332],[-115,122],[129,129],[-179,199]],[[77669,37519],[30,244]],[[79476,37062],[172,-53],[276,39],[-40,-473]],[[80026,35748],[61,-224],[-66,-11]],[[79986,35267],[104,-66],[-30,-186]],[[79930,35039],[138,-262],[132,16]],[[80335,34839],[178,-184],[-413,-398],[-168,-281],[-199,41]],[[79733,34017],[-86,-122],[-94,23],[18,113],[-49,32],[-175,-69],[27,207],[-177,95],[24,177],[-191,-3],[-81,99],[-108,-221],[-159,-10]],[[78682,34338],[94,-230],[-128,-110],[-103,80],[-104,-45],[-19,87],[-69,12],[-1,-69],[-27,60],[-231,1],[-50,74],[99,66],[-25,143],[204,144]],[[78203,35833],[42,149],[-80,-45],[-210,119],[77,93],[-137,534]],[[77493,33013],[-118,41],[-27,146],[-106,27],[18,157],[190,-24]],[[77234,33205],[112,-4],[47,-48],[-12,-64],[-141,27],[-6,89]],[[77188,33134],[-82,240],[75,98],[99,-116],[-58,-167],[78,-117],[-165,4]],[[76723,33344],[210,173],[-93,21],[-15,187],[73,91]],[[76845,33856],[454,361],[247,41],[631,-108]],[[78177,34150],[-74,-327],[49,-209],[86,63]],[[78238,33677],[224,-107],[66,57],[58,-225]],[[78586,33402],[-60,-56],[-8,-257],[80,-13]],[[78598,33076],[-78,-83]],[[78216,33058],[3,-126],[-268,213]],[[77460,32493],[52,-219],[-130,-198],[-190,-57],[-23,-197],[-47,-7],[38,-150]],[[77160,31665],[-395,64],[30,109],[-137,22]],[[76658,31860],[42,228],[118,35],[37,99],[-89,475]],[[77188,33134],[-53,-58]],[[77135,33076],[225,37],[133,-100]],[[77493,33013],[35,153],[-70,45],[-8,149]],[[77450,33360],[-214,19],[-55,93],[-53,-150],[60,-188]],[[76330,35063],[-43,301]],[[76287,35364],[84,8],[-10,158],[83,46],[0,119],[267,-61],[229,190],[94,-102],[197,-28]],[[77231,35694],[49,340],[329,65],[329,-27],[227,-135],[80,46],[-42,-150]],[[78203,35833],[-84,2],[-108,-325],[200,25],[-33,-98],[212,-36],[20,-108],[-157,-417],[69,-325]],[[78322,34551],[-142,-45],[-97,-315],[-784,26],[-404,-337]],[[76137,34780],[1,291]],[[76138,35071],[192,-8]],[[74849,33384],[294,256],[-49,202]],[[75094,33842],[134,165],[97,102]],[[75325,34109],[93,-67],[108,223],[69,-57],[-7,220],[80,-10],[61,139],[123,-13]],[[75852,34544],[58,165],[-67,36],[6,86],[298,32],[-10,-83]],[[76137,34780],[155,-6],[47,-112],[129,31],[128,-164],[91,-417],[208,-232]],[[76895,33880],[-50,-24]],[[76845,33856],[53,-40]],[[76898,33816],[-76,-182],[18,-96],[92,-23],[-209,-171]],[[76723,33344],[91,-229],[-50,-324],[62,-10],[-60,-84]],[[76766,32697],[64,-162],[-38,-137],[44,-259],[-111,-9],[-30,-154]],[[76695,31976],[-474,-20],[-80,226]],[[76141,32182],[-190,116],[-213,382],[-391,96],[-81,252],[-417,356]],[[77460,32493],[126,66],[21,382],[79,-74],[265,278]],[[77951,33145],[252,-210],[48,28],[-69,47],[34,48]],[[78216,33058],[304,-65]],[[78520,32993],[-36,-226],[182,8],[60,-101],[-65,-39],[13,-107],[79,-33],[-143,-316],[61,-9]],[[78671,32170],[-5,-82],[-119,-5]],[[78547,32083],[-13,105],[-113,-126],[108,-216],[95,-33],[-118,39],[-43,-108],[164,-93],[13,-88]],[[78640,31563],[-71,-22],[47,-71]],[[78616,31470],[-21,-184],[90,43]],[[78685,31329],[34,-69]],[[78719,31260],[-127,-286],[-119,-35],[-40,97]],[[78433,31036],[-122,-27],[9,-94]],[[78320,30915],[-181,5],[14,212]],[[78153,31132],[-77,15]],[[78076,31147],[-56,204],[-158,-19]],[[77862,31332],[-10,-65],[-146,56],[41,83],[-53,-20],[-180,247]],[[77514,31633],[-23,-118]],[[77491,31515],[-117,42],[-14,-93]],[[77360,31464],[-182,-41],[-39,95],[37,239],[-53,63],[46,2],[24,198],[271,136],[-8,102],[56,22],[-52,213]],[[82945,31779],[52,463],[381,-100],[-66,-129],[77,-228],[-98,-203],[-107,73],[-47,-124],[-193,11],[39,98],[-91,110],[53,29]],[[83084,31434],[100,221],[151,-30],[-36,-93],[49,17],[-23,-119],[-115,-17],[-126,21]],[[82639,31528],[281,152],[62,-40],[-19,-113],[174,4],[-53,-97],[54,-25],[177,16],[25,99],[33,-64]],[[83525,31468],[-19,67],[106,131],[178,-79],[-31,-202],[-148,23],[-52,-273],[-283,-115],[-118,-161],[-141,13],[-11,-119],[-128,-116],[-215,180],[-110,-9],[-58,-133],[-386,79],[17,190],[-117,93],[27,233]],[[84147,32136],[54,59],[-15,44]],[[83890,32256],[-141,-147],[-284,69],[59,294],[-98,97],[41,117],[-287,469],[8,245],[-90,192],[68,99],[117,-2],[50,117],[514,-170],[173,-393],[68,-78],[102,52],[28,-193],[62,-36],[-15,-245],[162,-94],[-147,-601]],[[83525,31468],[-152,-8]],[[83373,31460],[10,56],[-84,16],[-2,150],[83,74],[208,-105],[-63,-183]],[[82865,32311],[131,-188],[-17,-113],[-328,234],[90,50],[-54,183]],[[82865,32311],[39,167],[-217,-1]],[[82687,32477],[57,-201],[-91,-38],[323,-247],[-65,-322],[-272,-141]],[[82639,31528],[-186,-355],[-417,97]],[[82036,31270],[-19,-249],[-129,-46],[-129,73]],[[81850,30830],[-316,53],[-49,166]],[[81485,31049],[86,116]],[[81571,31165],[-95,196],[44,277],[-58,61],[135,169],[126,30],[28,203]],[[82186,32570],[33,211]],[[82478,32767],[24,166],[153,26]],[[82677,33115],[116,71],[-9,133],[88,-63],[248,268],[68,-124],[-14,-229],[281,-459],[-32,-123],[104,-190],[-68,-257],[-461,101],[-47,-114],[-86,182]],[[83499,31688],[121,161],[69,-44],[-85,-192],[-105,75]],[[83672,31913],[-90,64],[23,160],[144,-28],[-18,-102],[112,-141],[-192,-56],[21,103]],[[83680,31758],[75,-10],[30,-83],[-144,-5],[39,98]],[[83671,31920],[-36,-85],[-130,84],[-116,-134],[-77,233],[93,154],[129,-8],[71,-27],[-12,-180],[78,-37]],[[83349,31786],[183,127],[86,-131],[-97,-63],[-172,67]],[[83710,31778],[29,82],[106,-22],[-70,-112],[-65,52]],[[83792,31586],[53,252],[206,-93],[-259,-159]],[[84874,31661],[-2,-1],[1,2],[1,-1]],[[84810,31638],[0,0]],[[84867,31648],[-3,0],[0,1],[3,-1]],[[84780,31647],[0,0]],[[84779,31646],[-2,1],[2,0],[0,-1]],[[84488,31677],[299,105],[80,-21],[-12,-124],[-118,25],[-235,-82]],[[84773,31648],[-1,1],[1,0],[0,-1]],[[84547,31827],[192,-53],[-88,-3],[-50,-53],[-17,9],[-57,-45],[-92,-16],[100,48]],[[84723,31920],[-1,3],[3,-2],[-2,-1]],[[84753,31921],[-4,4],[5,-1],[-1,-3]],[[84717,31931],[-1,1],[0,1],[1,-2]],[[84936,31708],[0,0]],[[84990,31743],[-1,3],[4,-3],[-3,0]],[[85047,31784],[2,-3],[-2,2],[0,1]],[[84729,31910],[1,2],[0,-2],[-1,0]],[[84915,31708],[0,5],[4,-4],[-4,-1]],[[84919,31707],[-1,1],[1,0],[0,-1]],[[84727,31895],[2,11],[5,-6],[-7,-5]],[[84947,31716],[-1,2],[1,-1],[0,-1]],[[84922,31716],[0,0]],[[84937,31718],[0,0]],[[84953,31720],[2,2],[0,-5],[-2,3]],[[84979,31725],[-2,1],[2,0],[0,-1]],[[85022,31791],[-5,-33],[-12,4],[17,29]],[[84746,31863],[261,11],[3,-87],[-68,-70],[-155,65],[-44,-37],[3,118]],[[84193,31712],[-90,-246],[-185,93],[126,175],[32,234],[119,-23],[-17,-134],[-67,-45]],[[83890,32256],[204,-101],[92,84]],[[84186,32239],[-39,-103]],[[84147,32136],[133,-88]],[[84280,32048],[-87,-102],[-117,22],[-47,-167],[39,-38],[-49,-32],[-11,74],[-127,-15],[-156,243],[4,102],[161,121]],[[85095,31880],[8,10],[3,-13],[-11,3]],[[85131,31901],[-1,4],[2,0],[-1,-4]],[[84642,31985],[0,-5],[-3,0],[3,5]],[[85327,32125],[6,13],[0,-15],[-6,2]],[[85093,31928],[1,-1],[-1,-1],[0,2]],[[85092,31927],[1,0],[-1,-1]],[[85091,31927],[-4,25],[13,-9],[-9,-16]],[[85092,31926],[-1,1],[1,0]],[[85092,31927],[0,-1]],[[85297,32115],[0,2],[1,-1],[-1,-1]],[[85295,32113],[0,0]],[[85279,32157],[2,-40],[-15,57],[13,-17]],[[85293,32107],[-4,6],[3,2],[1,-8]],[[85294,32124],[0,2],[1,-2],[-1,0]],[[85081,32296],[156,-52],[-208,-188],[20,-154],[-164,45],[-16,81],[-115,-92],[-14,112],[-157,-38],[65,37],[-2,192],[118,-22],[10,65]],[[84604,31895],[4,6],[4,-12],[-8,6]],[[84577,31989],[-6,4],[5,-2],[1,-2]],[[84563,31881],[0,2],[1,-3],[-1,1]],[[84569,31985],[0,2],[1,-2],[-1,0]],[[84565,31993],[-3,-22],[-13,35],[16,-13]],[[84540,31976],[1,24],[10,-37],[-11,13]],[[84547,31827],[-12,-113]],[[84535,31714],[-32,-28],[-56,-10],[-12,-10],[53,11]],[[84488,31677],[14,-97]],[[84502,31580],[-160,-83],[-229,65],[80,150]],[[84193,31712],[-82,54]],[[84111,31766],[186,390]],[[84594,32249],[54,-202],[-112,-9],[-51,-65],[73,-84],[-76,-97],[65,35]],[[82014,33150],[18,103],[310,51],[-42,-191],[103,-56],[75,-290]],[[82478,32767],[-259,14]],[[82219,32781],[-98,125]],[[81967,32925],[-30,98],[182,146]],[[82164,33419],[421,31],[190,-97],[33,-113],[-131,-125]],[[82677,33115],[-22,-156]],[[82655,32959],[-111,10],[-54,-115],[-93,212],[-83,-1],[28,239],[-309,-50],[-19,-104]],[[82014,33150],[105,19]],[[82119,33169],[19,-33],[-212,-127],[41,-84]],[[81967,32925],[163,74],[-9,-93]],[[82121,32906],[98,-121],[-33,-215]],[[82186,32570],[-61,56],[-42,-102],[-124,36],[48,-81],[-58,10],[-63,-414],[-135,26]],[[81751,32101],[-43,-218],[-228,-146],[-136,19],[-285,-272],[-46,151]],[[81013,31635],[-142,133],[97,288],[-201,103],[83,100],[-63,11],[23,262]],[[80810,32532],[-45,71],[346,227],[16,135],[163,34],[99,-138]],[[81471,32931],[-136,325],[20,297]],[[83425,35055],[66,127],[108,-85]],[[83726,34537],[-37,-188],[-106,20],[-128,-142],[-59,-159],[28,-127],[-134,-246],[-124,-4],[-88,-251],[-210,-186],[-285,196],[-419,-31]],[[82164,33419],[5,-68],[-814,202]],[[81355,33553],[-27,-318],[143,-304]],[[81471,32931],[-82,-70]],[[81389,32861],[-98,137],[-159,-31],[-21,-136],[-138,-83],[-36,100],[-85,-8]],[[80852,32840],[-26,214],[-142,-137],[-52,87]],[[80632,33004],[-241,-89],[-70,135]],[[80321,33050],[49,174],[69,32],[-61,33]],[[80378,33289],[48,96],[-108,13]],[[80318,33398],[-44,169],[-171,-35],[25,53],[-297,76],[28,155],[144,23],[2,135]],[[80005,33974],[-79,-8],[137,239],[427,450],[216,-216],[204,-73],[89,68],[462,-95],[380,57],[-12,121],[182,183]],[[82254,34947],[178,27],[5,102],[149,24],[108,-107],[259,-61],[194,266],[219,-3]],[[81955,33968],[152,-415],[111,27],[21,357],[-284,31]],[[81805,26662],[222,106],[56,-67],[-67,-149],[-262,15],[51,95]],[[81805,26662],[81,197],[100,28],[93,-85],[-274,-140]],[[82322,26807],[0,-4],[-3,3],[3,1]],[[82286,26827],[2,8],[2,-7],[-4,-1]],[[82244,26805],[-55,19],[69,-80],[-126,89],[88,41],[24,-69]],[[82002,26906],[75,73],[81,-177],[-139,13],[-17,91]],[[82163,26724],[-136,51],[92,38],[51,-14],[-7,-75]],[[82306,26717],[1,4],[0,-2],[-1,-2]],[[82290,26729],[-7,7],[17,-13],[-10,6]],[[82274,26730],[0,2],[2,-1],[-2,-1]],[[82164,26748],[59,18],[48,-45],[-53,-20],[-54,47]],[[82142,26618],[76,83],[-49,-120],[-27,37]],[[81821,27339],[154,150],[202,-92],[42,80],[128,-95],[-155,-170],[-59,-206],[-247,-147],[-137,-309],[-97,20],[-57,208],[-141,-106],[-37,169],[97,182],[-91,12],[66,154],[108,46],[121,204],[103,-100]],[[81669,26474],[24,94],[265,-14],[42,-127],[-84,-51],[-247,98]],[[82017,26571],[37,-81],[-108,37],[71,44]],[[82116,26081],[-27,196],[58,-70],[-31,-126]],[[82071,26302],[17,78],[53,-49],[-16,-99],[-54,70]],[[81789,26311],[149,106],[65,-125],[83,7],[-25,-413],[-95,-28],[-183,313],[-216,-107],[153,284],[69,-37]],[[81987,26453],[177,76],[69,-106],[-223,-134],[-23,164]],[[82013,26513],[68,37],[20,-53],[-88,16]],[[82178,26568],[1,6],[5,-4],[-6,-2]],[[82095,26580],[71,-6],[-24,-84],[-42,9],[-5,81]],[[82185,26953],[-45,103],[119,-15],[-74,-88]],[[82259,27041],[-76,76],[108,-35],[-32,-41]],[[82123,26850],[-8,166],[73,-38],[-65,-128]],[[82221,27605],[57,273],[61,-119],[244,-109],[-236,-268],[-216,210],[90,13]],[[82212,27219],[144,220],[53,24],[-132,-250],[-65,6]],[[82203,27222],[85,-30],[-15,-100],[-90,25],[20,105]],[[82204,26957],[43,-27],[-23,-61],[-37,8],[17,80]],[[82137,26857],[29,80],[38,32],[-67,-112]],[[84604,33441],[20,-59],[186,22],[25,157],[300,-81],[21,-483],[96,-112],[142,58],[73,-125]],[[85580,32797],[131,-178],[-317,-160],[-194,-229],[-119,66]],[[85081,32296],[-138,-114],[-169,100]],[[84774,32282],[-161,-126],[-19,93]],[[84594,32249],[-110,-100],[-187,7]],[[84297,32156],[132,478],[-36,85],[-128,24],[12,223],[-88,252],[-102,-53],[-128,177],[-113,265],[33,68],[214,-33],[72,-166]],[[85757,33279],[-81,63],[36,51],[129,-87],[-102,-226],[-28,155]],[[85803,32590],[-1,4],[1,0],[0,-4]],[[85777,32635],[1,2],[2,-2],[-3,0]],[[85787,33695],[-1,2],[2,-2],[-1,0]],[[85757,33279],[-46,-44]],[[85711,33235],[16,-153],[73,-121],[-77,-216],[50,-98],[-90,-24],[-103,174]],[[85580,32797],[-62,-2],[-21,-97],[-67,33],[37,87]],[[85467,32818],[-53,109],[-162,-42],[-130,174],[51,422],[122,-24],[122,198],[142,86],[225,-41],[-84,-196],[-78,35],[-13,-75],[148,-185]],[[85711,33429],[-102,35],[4,67],[13,10],[85,-112]],[[86239,36794],[174,-116],[25,121]],[[86626,36610],[-151,-262],[-87,120],[-178,2],[-34,216]],[[86912,36657],[-1,2],[2,0],[-1,-2]],[[86887,36613],[0,1],[1,-1],[-1,0]],[[86913,36661],[0,0]],[[86914,36680],[-1,0],[1,1],[0,-1]],[[86905,36651],[0,0]],[[86134,36297],[-34,118],[-88,-42],[-116,89],[-166,-125],[-296,5],[-100,173],[14,189]],[[85245,37019],[-273,57],[-65,215],[216,642],[189,80],[143,250],[234,-190],[121,-384]],[[86192,37212],[65,-175],[281,129],[230,343],[63,-321],[-42,-124],[101,-133],[-37,-202],[61,-47],[-193,-358],[-23,-402],[-329,81]],[[86239,36794],[-63,-108]],[[86176,36686],[12,-192],[200,-26],[74,-119],[82,41],[82,220]],[[86626,36610],[-102,20],[-7,152],[-79,17]],[[86438,36799],[-56,-96],[-143,91]],[[86543,37591],[34,115],[91,121],[-8,-77],[136,77],[-25,-311],[-166,-46]],[[86813,37834],[0,-1],[-1,1],[1,0]],[[86676,37737],[117,241],[21,-140],[-138,-101]],[[85810,37689],[-132,523],[698,-33],[168,-81],[70,59],[193,-80],[-264,-486]],[[86543,37591],[62,-121]],[[86605,37470],[125,28],[-25,-85],[-107,-58],[-60,-189],[-263,-138],[-83,184]],[[86192,37212],[-147,5],[40,143],[-275,329]],[[86988,36996],[1,3],[1,-4],[-2,1]],[[86992,36997],[0,0]],[[86953,37115],[0,0]],[[86937,37169],[0,0]],[[86937,36967],[0,1],[1,0],[-1,-1]],[[86935,36967],[-1,-1],[1,2],[0,-1]],[[86966,37075],[0,4],[2,-3],[-2,-1]],[[86962,37062],[-2,4],[3,-2],[-1,-2]],[[86960,37079],[2,-1],[1,-1],[-3,2]],[[86963,37075],[0,0]],[[86865,37161],[0,0]],[[86808,37125],[118,52],[25,-50],[-4,-35],[20,-47],[-106,-109],[-53,189]],[[99916,35385],[-3,4],[3,3],[0,-7]],[[99916,35412],[0,-4],[-1,0],[1,4]],[[99920,35087],[-2,2],[3,-2],[-1,0]],[[99995,35253],[0,0]],[[99892,35275],[1,-3],[-4,2],[3,1]],[[99899,35348],[-1,2],[3,-1],[-2,-1]],[[99910,35360],[0,4],[1,-2],[-1,-2]],[[99919,35367],[3,3],[0,-1],[-3,-2]],[[99903,35369],[-1,2],[1,-1],[0,-1]],[[99992,35257],[-1,2],[1,0],[0,-2]],[[99913,35383],[-6,-7],[-3,6],[9,1]],[[99900,35329],[91,-139],[-69,-98],[7,158],[-87,76],[58,3]],[[85691,34909],[113,270],[270,64],[99,110],[141,-109],[175,22],[-142,-551],[-656,194]],[[86370,35442],[87,217],[135,-73],[-109,-155],[-113,11]],[[86134,36297],[99,-40],[-47,-85],[190,-11],[-7,-158]],[[86369,36003],[107,-15],[1,-24],[235,-44],[7,-8],[-136,-321],[-24,63],[-253,12]],[[86020,35597],[21,-157],[141,-26],[-17,-124],[-234,-32],[-190,-162],[-54,-168],[-172,25],[-28,-65],[-198,159]],[[85361,35154],[-32,176],[-115,-25]],[[85034,35264],[-46,236],[-64,41],[36,-216],[-169,28],[-39,315]],[[84873,36014],[55,4],[7,259],[355,-44],[49,257],[103,-152],[288,-1],[169,125],[235,-78],[0,-87]],[[86020,35597],[286,69]],[[86306,35666],[86,-45],[-22,-179],[111,41],[17,-74],[-32,-138],[-151,-27],[-127,76],[-19,112],[-121,43],[-28,122]],[[86630,35529],[0,0]],[[86622,35569],[0,0]],[[86605,35578],[0,0]],[[86614,35539],[-1,-1],[-1,0],[2,1]],[[86600,35579],[0,0]],[[86600,35580],[0,0]],[[86608,35421],[-37,163],[35,-8],[6,-37],[14,-13],[-18,-105]],[[86522,35499],[69,69],[17,-148],[-119,-154],[33,233]],[[83726,34537],[-165,59],[38,501]],[[83599,35097],[480,-122],[56,152],[150,-205],[273,-101],[-70,-331],[190,-110]],[[84891,33923],[-81,-519],[-166,-25],[-40,62]],[[84604,33441],[-439,35]],[[84165,33476],[-70,164],[-103,58],[-265,-75],[-228,160],[-183,18],[108,140],[-9,149],[142,264],[103,-24],[46,69],[20,138]],[[85793,33722],[0,2],[1,-2],[-1,0]],[[85556,33973],[64,103],[140,-4],[-22,98],[110,116],[265,0],[-257,-316],[-72,-270],[-184,33],[30,214]],[[85439,34157],[119,40],[-87,55],[53,121],[148,-138],[52,109],[74,-141],[-60,-33],[21,-98],[-195,25],[-133,-82]],[[84416,35442],[544,-117],[-8,210],[82,-271]],[[85034,35264],[123,147],[57,-106]],[[85214,35305],[116,24],[31,-175]],[[85361,35154],[-72,-107]],[[85289,35047],[70,-9],[10,-102],[118,-48],[117,63],[746,-242],[-150,-228],[39,-104],[-200,-133],[-98,82],[-143,-123],[-100,153],[-26,-121],[-108,139],[-219,101],[-79,-46],[75,-249],[118,128],[98,-108],[-118,-43]],[[85439,34157],[-8,-142]],[[85431,34015],[187,67],[-62,-109]],[[85556,33973],[74,-26]],[[85630,33947],[-20,-173],[-193,-119],[-123,-199],[-217,8],[-102,105],[-140,-8],[56,362]],[[84891,33923],[-36,178],[74,171],[-157,158],[-94,-50]],[[84678,34380],[-191,110],[71,331],[-344,166],[-143,346]],[[85353,34179],[-39,175],[-11,4],[-37,-15],[-24,46],[103,86],[179,-101],[-171,-195]],[[73651,22181],[132,144],[180,14],[30,-94],[-141,-211],[-167,107],[-50,-96],[16,136]],[[73544,22186],[-40,130],[50,42],[46,-137],[77,-13],[-133,-22]],[[73405,22143],[15,179],[215,-155],[-43,-126],[-19,84],[-168,18]],[[73013,23108],[-2,608],[122,-82],[403,-33]],[[75132,23679],[283,37],[123,-275],[15,-341],[-115,-243],[-112,19],[-121,-101]],[[75242,22695],[-139,8],[-42,-124],[52,-127],[-146,18],[76,-59],[-63,-53],[-132,172]],[[74654,22530],[-183,-339],[-380,67],[-44,125],[-60,-133],[-27,90],[-540,-18],[-45,-152],[-251,124],[17,214]],[[73677,22208],[-123,153],[179,-60],[-56,-93]],[[68080,30222],[386,-51]],[[68466,30171],[214,225],[190,-26],[30,201],[67,-5],[43,368],[249,-37]],[[69259,30897],[-134,-623]],[[69833,25688],[-1209,12],[-497,86],[-1059,472],[86,423]],[[67420,27359],[23,151],[98,92],[194,-182],[628,113],[111,115],[13,114],[259,141],[28,89],[-283,74]],[[63553,27459],[-96,-54],[23,133],[-52,85],[-114,-5],[-42,100],[-141,-72],[-16,122],[-135,76],[20,-57],[-96,36],[-98,-74],[-70,78],[-52,-76],[-360,113],[232,66],[252,-82]],[[60791,30088],[663,-36],[-6,-61],[91,-12],[119,1095],[369,-51],[-27,-263],[1034,-137],[-33,171],[476,-134],[110,42],[43,192],[150,130],[-14,91],[112,-16],[-8,-75],[268,-35],[-70,491],[928,-125],[44,410]],[[65040,31765],[664,-91],[349,-82]],[[66053,31592],[-33,-286],[178,-31],[14,122],[187,-26],[-15,-133],[187,-28],[-39,-207],[-175,0],[-44,-370],[184,-28],[63,-84],[118,112],[384,-61],[16,132],[748,-114],[-32,-273]],[[67794,30317],[286,-95]],[[68080,30222],[-8,-224],[66,-10],[-28,-222],[128,-35],[-21,-175],[62,-10],[-28,-246],[182,-26],[-40,-340],[94,-15],[-31,-431],[79,-12],[-44,-410]],[[68491,28066],[280,-58],[2,-55],[-274,-178],[-25,-127],[-174,-144],[-551,-85],[-208,183],[-87,-80],[-34,-163]],[[67420,27359],[-301,-294],[35,-384]],[[67154,26681],[-80,-376],[-124,56]],[[66156,25263],[146,-72],[-2,-48]],[[66130,25057],[-272,-42],[-54,377],[51,36],[-43,151]],[[65880,25667],[-3,186],[-161,5]],[[65710,25972],[-107,-17],[-12,85],[-243,80],[12,60],[-158,-63],[-108,116]],[[65058,26139],[-106,136],[-80,-92],[-57,42],[17,109]],[[64655,26445],[50,82],[-40,42],[-17,-95],[-76,7],[23,-68],[-128,3],[-23,-154],[46,-67],[-69,-15],[45,-126],[-176,-12],[44,-151],[-282,90],[16,249],[-87,-26],[18,105],[-68,8],[34,200]],[[63929,26459],[-182,156],[70,23],[-54,21],[43,63],[-76,-16],[53,60],[-67,25],[-5,211],[100,167],[-245,35]],[[63571,27291],[-115,-21],[97,189]],[[63553,27459],[-87,132],[14,136],[-180,46],[26,226],[-269,31],[-249,-182]],[[62808,27848],[-477,57],[-175,-108],[-31,-101],[-74,13],[41,-114]],[[61941,27595],[-46,-73],[-33,177],[-113,-37]],[[60979,27926],[-118,119],[-32,-64],[-38,2107]],[[72418,22553],[115,-105],[-119,-227],[-67,70],[-78,-48],[38,224]],[[72510,24635],[-61,-92],[59,-10]],[[72380,24137],[81,-124],[169,-138],[433,-121],[-52,-38],[-44,-501],[59,-30],[-13,-77]],[[73013,23108],[-162,-192],[80,-81],[-43,-164],[186,0],[-46,-102],[113,-61]],[[73141,22508],[9,-240],[-117,23],[-94,155],[-107,14]],[[72699,22488],[-22,-95],[-259,160]],[[72418,22553],[-111,-86]],[[72307,22467],[-45,-238],[-37,106],[-210,-89],[-110,114],[-353,-38],[-60,139],[64,760],[197,1104],[-155,33],[-66,169],[70,123],[63,-23],[233,182],[305,-147]],[[67078,23813],[-309,221],[1,90],[-172,69],[-114,-79],[-150,169],[62,160],[-59,111],[35,85],[-399,61],[-18,160],[-101,122],[159,10],[11,91],[106,-26]],[[66130,25057],[17,146],[153,-60]],[[66300,25143],[-144,120]],[[66156,25263],[8,66],[206,36],[122,-138],[130,39],[89,-78],[69,78],[136,-47],[16,127],[91,-11],[-82,134],[79,453],[-108,16],[38,423]],[[66950,26361],[945,-511],[340,-84],[2508,-96]],[[70190,23200],[30,-448],[-509,134],[-327,-117],[-29,-289],[-73,-80],[129,-176],[-20,-77],[-59,-19],[-127,150],[-202,-18]],[[68823,22180],[-123,-31],[-39,81],[-42,-86],[-4,132]],[[68545,22254],[-380,391],[8,130],[-65,19],[-70,246],[-115,87]],[[69259,23897],[-39,-291],[301,-47],[37,291],[-299,47]],[[68823,22180],[4,291],[176,-211]],[[69003,22260],[263,-43],[-116,-21],[-119,-186],[-175,16],[-96,97],[63,57]],[[70743,25670],[388,-10],[-85,-187]],[[71203,25189],[475,-89],[-51,-228],[72,-188],[-98,-36],[-81,-197],[233,-126],[-282,-1879],[-139,50],[-126,-105],[-172,92],[-427,456],[-346,-165],[-70,40],[-1,386]],[[70190,23200],[108,-45],[139,86],[306,2429]],[[83743,38073],[-93,256],[15,175]],[[84115,38406],[-34,-392]],[[83512,39746],[198,135],[168,-115],[19,-109],[502,-11],[445,76]],[[84900,39649],[2,204],[109,17],[77,-126],[106,135],[97,-173],[-81,-283],[67,-293],[87,-100]],[[85364,39030],[3,-347],[165,-184]],[[85532,38499],[-78,-69],[35,-134],[-70,-150],[-324,-265],[-84,-386],[-98,-126],[10,-174],[-137,78],[-91,-54],[-57,177],[-136,17],[20,172],[-118,74],[8,132]],[[84273,37779],[-68,186],[-124,79],[34,362]],[[84115,38406],[-450,98]],[[83665,38504],[-14,-175],[-61,65],[-28,-126]],[[83190,38829],[-92,115],[34,195]],[[83251,39062],[79,16],[98,212],[317,51],[-57,197]],[[82321,38499],[39,539],[151,9],[293,-176],[282,109],[104,-151]],[[83190,38829],[-48,-92],[159,-94],[34,-194],[105,-19],[11,-103],[111,-59]],[[83562,38268],[62,105],[119,-300]],[[83743,38073],[338,-59]],[[84081,38014],[19,52],[173,-287]],[[84273,37779],[139,12]],[[84412,37791],[-8,-131],[86,-16],[46,-132],[-513,-81],[-192,-251],[-113,90]],[[83245,37343],[-144,-57],[6,135],[-100,73],[-2,110],[-244,371]],[[83003,37279],[242,64]],[[83245,37343],[193,-226],[280,153]],[[83718,37270],[111,-91],[194,252],[445,91],[49,-135],[122,8],[50,-174],[98,51],[143,-69],[59,-138],[256,-46]],[[85245,37019],[-56,-197],[159,-118]],[[85348,36704],[14,-223],[-72,-248],[-356,43],[2,-245],[-63,-17]],[[84873,36014],[-52,-330],[-69,-16]],[[84752,35668],[34,-295],[-370,69]],[[84416,35442],[7,-97],[-352,-12]],[[84071,35333],[106,-172],[-99,-81],[1,-105],[-226,103],[-181,-21],[-197,132],[-50,-134]],[[83425,35055],[-59,140]],[[83366,35195],[-168,-5],[-63,370]],[[83469,40857],[0,471],[-105,442]],[[83442,41907],[331,-126]],[[83955,41652],[181,-77],[48,-209],[434,58]],[[85255,41511],[68,102]],[[85323,41613],[261,-51],[-137,-249],[51,-177],[-125,-112]],[[85373,41024],[-40,-275],[-120,-72],[-44,-264]],[[85169,40413],[-99,-14]],[[85070,40399],[-96,-175],[5,-141],[236,41],[-31,-316],[-96,-64],[-76,125],[-86,0],[-26,-220]],[[84900,39649],[-56,73]],[[84844,39722],[-949,-64],[-17,108],[-133,92],[-20,203]],[[82790,40319],[20,-143],[-190,-29],[-39,209],[-86,-9],[-5,230],[185,63],[207,-175]],[[81896,42211],[-298,390],[43,167],[-42,158]],[[81731,43348],[-290,98],[-114,145],[316,-57]],[[81901,43658],[334,-155],[71,-125],[187,-64],[60,-278],[110,37],[372,-295],[9,-464],[74,-187],[111,-26],[115,-216],[93,-328],[32,-700]],[[83469,40857],[124,-208],[-60,-217],[91,-28],[31,-343],[70,0]],[[83725,40061],[24,-172],[-237,-143]],[[83512,39746],[43,-114],[173,2],[-40,-96]],[[83688,39538],[53,-204],[-268,-20],[-133,-238],[-89,-14]],[[83251,39062],[-14,115],[-65,-81],[-40,43]],[[83132,39139],[-34,-196],[-292,-72],[-310,180],[-136,-13],[12,-114],[-291,75],[26,131],[249,41],[-31,325]],[[82399,39994],[417,185],[-26,140]],[[82790,40319],[75,35],[17,111]],[[82882,40465],[-105,39],[-48,114],[-174,-42],[-174,112]],[[81912,41472],[140,27],[-154,344]],[[81529,42671],[83,-5],[36,-173],[248,-282]],[[81896,42211],[2,-368]],[[81898,41843],[158,-318],[-144,-53]],[[81912,41472],[86,-36],[-16,-111],[100,42],[74,-250],[148,-25],[66,-154],[-60,-119],[97,-16],[-26,-115]],[[82381,40688],[139,-65],[-25,-276],[116,-25],[11,-237],[-223,-91]],[[82399,39994],[42,-495],[-116,-3]],[[82325,39496],[30,-327],[-277,-28],[-254,-284],[-32,61]],[[81505,38867],[-122,161],[-83,2],[-177,-253],[-302,246],[-43,-238],[-144,132],[-5,150],[-133,88],[-61,252],[105,102]],[[80813,39729],[94,7],[47,273],[-49,102],[24,374]],[[84628,43569],[-114,431],[127,-27],[115,164],[196,102],[123,-46]],[[85504,44630],[115,116],[142,-14]],[[85860,44511],[39,71],[65,-36],[-204,-540],[-201,-48],[37,-111],[-182,-340],[76,-109]],[[85645,43236],[133,-5],[34,-119],[-44,-71],[78,-46],[-54,-131],[71,-57],[-77,-22]],[[85814,42629],[-198,48],[-15,-168]],[[85601,42509],[-78,-14],[43,-9],[-54,-120],[78,-23],[-89,-208],[1,-196]],[[85502,41939],[-233,-157],[-14,-88],[80,-68],[-80,-115]],[[85255,41511],[-533,104],[-100,-87],[-4,-104]],[[84618,41424],[-431,-59],[-40,200],[-192,87]],[[83955,41652],[-51,-81],[-112,27],[-19,183]],[[83773,41781],[-76,45],[-255,81]],[[83442,41907],[1,-96],[-79,-41]],[[83364,41770],[-133,326],[189,140],[108,163],[7,182],[478,404],[109,-266],[116,-8],[42,157],[144,-63],[204,65]],[[79666,41205],[194,60],[72,143]],[[79199,43831],[181,3],[253,-175],[38,71]],[[80735,43831],[170,107],[267,-331],[559,-259]],[[81731,43348],[-2,-152],[-130,-270]],[[81599,42926],[20,-251],[-90,-4]],[[81529,42671],[-132,-236],[-120,54],[-86,-88],[-26,-317],[-113,-12],[-103,-886],[-142,71],[-14,-202],[-60,14],[-37,-261],[233,-323]],[[80929,40485],[-20,-745],[-96,-11]],[[80813,39729],[-118,-205],[-107,-66],[-48,51]],[[80540,39509],[-96,-104],[-104,340]],[[78288,40435],[13,106]],[[78301,40541],[-452,241],[46,445]],[[77895,41227],[-218,-88],[-203,-30],[-66,18]],[[77408,41127],[85,257],[-69,93],[28,181],[56,30],[94,358],[93,41],[12,277]],[[77707,42364],[181,179],[95,-13],[195,196],[105,331]],[[79666,41205],[203,8],[99,-84],[21,196],[72,62],[-129,21]],[[79932,41408],[-81,-149],[-185,-54]],[[79606,38792],[103,-35],[-38,75],[63,36],[382,-78]],[[77985,39167],[84,58],[25,146],[59,-35],[75,107],[57,167],[28,218],[-100,17]],[[78213,39845],[75,590]],[[78288,40435],[1015,-197],[207,123],[129,-134],[32,123],[81,-14],[-13,-116],[78,-41],[2,-112],[261,-24],[29,-225],[231,-73]],[[80340,39745],[128,-531],[168,-164],[51,-394],[201,-191],[98,82],[73,-87],[-17,-277]],[[81127,38129],[-76,-57],[71,-115],[-126,-130]],[[79890,37632],[-78,-28],[-13,-236]],[[79713,37298],[-8,-169],[-104,-87],[-125,20]],[[79476,37062],[59,93],[-303,60],[-51,-86],[-398,85],[-225,-124],[-114,352],[-71,-37],[-5,235],[-156,9],[10,212],[-58,99],[-121,-40],[-46,-102],[-55,88],[-243,-143]],[[77699,37763],[161,1006],[68,-47],[57,445]],[[79606,38792],[1,-120],[96,-17],[-48,-76],[170,10],[122,-107],[169,308]],[[80116,38790],[-445,42],[29,-85],[-94,45]],[[79713,37298],[86,70]],[[79799,37368],[15,241],[76,23]],[[79890,37632],[24,238],[305,-75],[-2,70],[158,42],[3,77],[69,-13],[9,-88],[50,253],[237,-79],[161,72],[82,-62],[10,-240]],[[80996,37827],[136,167],[90,-11],[156,-181],[-112,-87]],[[81469,36787],[103,-103],[-113,-898],[-276,51]],[[80279,35532],[-193,-23],[-60,239]],[[80026,35748],[-174,-7],[18,163],[-54,23],[16,245],[184,63],[52,303],[-184,37]],[[79884,36575],[58,422],[-293,48],[82,149],[-18,104]],[[80660,36988],[9,-259],[144,-3],[82,102],[-76,175],[-86,29],[-73,-44]],[[81183,35837],[268,-66],[106,811],[49,-10],[166,-268],[136,-92]],[[81949,35854],[480,-698],[9,-172],[-184,-37]],[[82254,34947],[-141,-239],[-102,-8]],[[82011,34700],[-184,-186],[14,-118],[-383,-57],[-131,78],[-93,-68],[-528,90],[-371,400]],[[80335,34839],[-95,-123],[-40,77]],[[80200,34793],[-186,25],[-84,221]],[[79930,35039],[130,-24]],[[80060,35015],[30,153],[-23,100],[-81,-1]],[[79986,35267],[35,246]],[[80021,35513],[258,19]],[[80279,35532],[-34,336],[200,-26],[53,284],[76,46],[58,-26],[-9,-352],[556,-124],[4,167]],[[82221,36304],[10,129],[-48,9],[67,108],[246,-168],[4,-98]],[[82386,36551],[137,1],[24,-84],[-51,-91],[-373,338],[208,-40]],[[82038,36450],[95,244],[140,-119],[-138,-145],[-97,20]],[[81266,37715],[107,113],[-151,155],[-160,39],[-7,71],[65,-28],[7,64]],[[81127,38129],[-85,54]],[[81042,38183],[-11,328],[-143,-46],[-206,205],[-10,182],[106,-67],[22,234],[305,-243],[195,254],[114,-8],[91,-155]],[[81505,38867],[287,51]],[[81792,38918],[48,-59],[240,283],[49,-186],[68,52],[160,-60],[-36,-449]],[[82321,38499],[175,22],[-30,-137],[119,-300],[176,-109]],[[82761,37975],[220,-300],[44,-211],[83,-46],[-24,-125],[-81,-14]],[[83003,37279],[-115,-543],[191,11],[-15,-199],[42,34],[69,-111],[-45,-159],[139,-91],[-54,-234],[-65,23],[-27,-88],[35,-115],[130,-55],[-50,-212],[-103,20]],[[83135,35560],[64,-362],[-205,-163],[-45,-128],[-363,193],[-150,-24],[-212,424],[-182,159],[8,112],[-101,83]],[[81949,35854],[46,82],[-30,200],[-67,6],[10,70]],[[81908,36212],[-351,370],[12,127],[-100,78]],[[81469,36787],[-64,254],[-66,6],[83,53],[-16,161],[52,-33],[36,83],[-232,165],[4,239]],[[82221,36304],[197,-86],[82,66]],[[82500,36284],[50,208],[-164,59]],[[82386,36551],[-55,124]],[[82331,36675],[-207,39],[-86,-264],[163,24],[20,-170]],[[83826,30968],[145,95],[-35,-75],[56,3],[-119,-92],[-47,69]],[[83842,30866],[-19,13],[77,25],[-29,-108],[-45,-3],[16,73]],[[83823,30871],[3,-5],[6,-5],[-4,-2],[-5,12]],[[83904,31140],[114,28],[0,-160],[-87,51],[-27,81]],[[83802,31237],[139,8],[-32,-134],[-97,54],[-10,72]],[[83890,31017],[11,96],[32,-51],[-43,-45]],[[83936,30988],[48,78],[32,-60],[-80,-18]],[[83886,30767],[-2,1],[2,0],[0,-1]],[[83895,30788],[3,-4],[-6,-3],[3,7]],[[83732,30542],[83,296],[12,-77],[54,27],[-10,-29],[-5,0],[-14,-17],[-11,-26],[-9,-84],[-28,-39],[15,-66],[-87,15]],[[83860,30749],[0,1],[1,-1],[-1,0]],[[83800,30994],[69,91],[-39,-137],[-30,46]],[[83788,31139],[32,82],[63,-124],[-50,-14],[-45,56]],[[83775,31022],[-90,187],[103,20],[-13,-207]],[[83530,30720],[120,48],[21,-60],[-141,12]],[[83779,31228],[-38,131],[103,-91],[-65,-40]],[[83303,30502],[-43,248]],[[83260,30750],[-100,89],[284,292],[166,22],[-47,-247],[101,-34],[-134,-152],[65,-39],[-51,-40],[38,-123],[-157,-66],[-122,50]],[[83560,30960],[12,126],[93,22],[116,-208],[-122,55],[5,-83],[-104,88]],[[83719,30784],[3,-34],[-16,24],[13,10]],[[83662,30916],[60,27],[-25,-101],[66,-12],[6,-29],[-92,21],[-15,94]],[[83572,31086],[39,322],[146,-23],[-99,-327],[-86,28]],[[83919,31175],[99,73],[22,-32],[-121,-41]],[[83793,31593],[152,55],[18,-187],[-77,-66],[-117,57],[24,141]],[[84000,31231],[37,73],[49,-76],[-86,3]],[[83933,31199],[5,110],[73,-25],[-78,-85]],[[83897,31343],[-156,16],[28,93],[138,-52],[-10,-57]],[[84072,31326],[-99,46],[19,33],[80,-79]],[[84033,31146],[37,89],[28,-17],[-65,-72]],[[84085,31246],[93,36],[-25,-16],[-12,-12],[-56,-8]],[[84122,31259],[-174,219],[0,44],[169,-70],[6,-131],[-7,37],[-64,37],[-24,-9],[75,-44],[19,-83]],[[83938,31309],[25,152],[32,-114],[-57,-38]],[[84141,31269],[75,289],[121,-51],[-196,-238]],[[83754,31344],[168,15],[7,-115],[-175,100]],[[83950,31305],[45,42],[42,-43],[-87,1]],[[84043,31303],[41,11],[1,-39],[8,-18],[-50,46]],[[84087,31278],[18,29],[-5,-38],[-13,9]],[[88007,42968],[2,-2],[-1,-1],[-2,0],[1,3]],[[87858,42983],[138,209],[37,-63],[-14,-78],[65,3],[-32,-94],[-32,21],[-5,82],[-6,-95],[-1,1],[-10,-3],[-8,0],[-37,18],[-53,-26],[-42,25]],[[87557,42946],[70,106],[-19,123],[220,137],[-7,77],[194,44],[-45,-351],[-121,-75],[51,-49],[108,-25],[3,23],[20,6],[5,-1],[12,-7],[-231,-327],[-128,-29],[-105,136]],[[88062,43473],[-240,-83],[-29,-102],[-64,146],[-91,37],[148,297],[43,-86],[119,38],[131,-94]],[[87922,44015],[-55,141],[101,-44],[59,-434],[-107,35],[27,91],[-72,147],[47,64]],[[88117,43450],[1,1],[0,-1],[-1,0]],[[88119,43451],[-1,0],[1,1],[0,-1]],[[88115,43452],[-1,1],[1,0],[0,-1]],[[88112,43446],[0,-1],[-1,0],[1,1]],[[88111,43401],[0,0]],[[88110,43435],[0,0]],[[88079,43626],[-75,66],[149,-32],[-72,-324],[-74,115],[55,22]],[[88062,43473],[17,153]],[[87549,41838],[-414,80]],[[87135,41918],[31,169],[-53,132],[51,124],[100,-25],[94,209],[75,-101]],[[87497,42397],[77,25],[36,135],[207,70],[-107,-291],[49,-141],[-210,-357]],[[88019,43051],[11,328],[51,-43],[7,-283],[-69,-2]],[[87591,43808],[-109,120],[97,199],[287,12],[81,-335],[-51,-145],[-110,109],[-93,-137],[-115,85]],[[86859,43270],[112,-29],[-23,-402],[-205,84],[-35,208],[44,95]],[[85814,42629],[-28,156]],[[85786,42785],[76,67],[-70,12],[54,130],[-78,47],[13,185],[-136,10]],[[85645,43236],[38,122],[-193,40]],[[85490,43398],[-76,107],[182,342],[-37,112],[340,-27]],[[86202,43848],[-49,-137],[95,-172],[-2,-171],[355,-53],[-27,118],[318,-29],[285,-359]],[[87406,42614],[-142,-296],[-64,53],[-55,-65],[-32,-92],[54,-136],[-84,-292]],[[87083,41786],[-71,22]],[[87012,41808],[-24,-124],[-171,-71]],[[86817,41613],[-63,97],[-393,-24],[-5,233],[-194,123],[75,268]],[[86237,42310],[-140,225],[-283,94]],[[86752,43226],[-9,-303],[216,-72],[10,393],[-110,26]],[[86859,43270],[-16,-94],[-91,50]],[[87558,43107],[-88,-47],[26,-73],[-62,158],[108,49]],[[85899,43932],[-226,10],[87,65],[206,477],[-69,101],[38,127],[55,-123],[241,-150],[280,157],[494,-135],[93,-441],[70,-39],[-132,-292]],[[86944,43653],[5,-276],[-358,60],[10,-122],[-123,0],[-30,71],[-134,-63],[-86,69],[20,147],[-94,171],[48,138]],[[86202,43848],[-65,288],[-238,-204]],[[87278,43100],[108,182],[101,-53],[-54,-89],[20,-168],[-118,-4],[14,72],[-71,60]],[[86944,43653],[92,36]],[[87036,43689],[132,293],[214,18],[209,-192]],[[87591,43808],[-13,-92]],[[87578,43716],[86,-13],[38,-118],[-61,-124],[139,-122],[-172,-164],[20,-121],[-71,-108]],[[87557,42946],[55,-105],[-28,-107]],[[87584,42734],[122,-165],[-70,35],[-57,-180],[-82,-27]],[[87497,42397],[-19,91],[-45,-62]],[[87433,42426],[-80,138],[53,50]],[[87406,42614],[-52,148],[-209,63],[32,220]],[[87177,43045],[-107,92],[21,88],[-149,101],[2,327]],[[87558,43107],[-16,87]],[[87542,43194],[-153,88],[-111,-182],[59,-134],[159,21],[-25,73],[87,47]],[[88023,44929],[2,-6],[-7,3],[5,3]],[[87870,44700],[124,199],[-36,85],[3,12],[14,4],[65,-255],[-31,-172],[-20,92],[-119,35]],[[87539,44493],[178,80]],[[87741,44272],[-127,-95],[37,-66],[-72,16],[-72,-179],[-106,-22],[-19,74],[-265,-24],[-115,397],[151,397],[122,-45],[201,84],[145,-132],[255,51],[31,-236],[-74,-122],[-88,16]],[[87717,44573],[-95,31],[-83,-111]],[[87539,44493],[169,-20],[9,100]],[[87741,44272],[4,114]],[[87745,44386],[156,68],[14,243],[74,-32],[33,-145],[-54,-408],[-339,24],[112,136]],[[87785,45022],[190,-18],[-279,-300],[-142,20],[231,298]],[[87913,44788],[5,102],[64,-23],[-69,-79]],[[87698,44714],[218,101],[-45,-90],[-173,-11]],[[87890,44932],[97,-44],[-110,-9],[13,53]],[[71595,27246],[30,138],[187,87]],[[69125,30274],[125,549],[153,-27],[12,180]],[[69415,30976],[265,-35]],[[69680,30941],[125,922]],[[69805,31863],[182,-28],[17,154],[189,-33],[-30,-243],[178,-27],[119,155],[93,-16],[-14,-122],[101,-62],[13,169],[84,-13],[-20,-169],[185,-28],[-57,-794],[836,-38],[135,-276],[-76,-66]],[[71740,30426],[79,-192],[-89,-571]],[[71730,29663],[89,-368]],[[71819,29295],[235,73]],[[72054,29368],[-77,-257],[176,-60],[-20,-154],[137,-110],[289,-45],[-42,-336],[163,-26]],[[72680,28380],[-149,-879],[46,-134],[-50,-226]],[[72459,27152],[-9,-118],[-88,15],[-75,-540],[109,-59],[-15,-67],[-49,-80],[-222,61],[-167,-822]],[[71775,25552],[-82,-462],[-490,99]],[[71203,25189],[62,209],[-219,75]],[[71046,25473],[98,184],[-1311,31]],[[69833,25688],[136,997],[-75,50],[115,891],[-209,288],[-85,12],[23,78],[-215,317],[389,330],[-113,158],[53,255],[101,0],[-126,72],[48,80],[-151,537],[-394,74],[72,452],[-277,-5]],[[71812,27471],[-187,-84],[-30,-141]],[[71595,27246],[238,57],[-21,168]],[[72526,26195],[-175,129],[45,126],[-108,58],[74,541],[110,-19],[8,-158],[178,-62]],[[72526,26195],[61,104],[97,-91],[42,405],[-94,16],[26,181]],[[72658,26810],[-206,121],[7,221]],[[72459,27152],[68,-11]],[[72527,27141],[47,207],[-43,153],[75,263],[383,-53]],[[72989,27711],[-25,-212],[227,-35],[-22,-178]],[[73169,27286],[226,-36],[-68,-467]],[[73587,26753],[-147,-1203],[-140,-118]],[[73104,25061],[-594,-426]],[[72510,24635],[-115,119],[-192,-92]],[[72203,24662],[-237,146],[-264,-118],[-75,182],[112,291],[36,389]],[[71775,25552],[168,-10]],[[71943,25542],[47,321],[51,7],[102,515],[96,-75],[153,19],[134,-134]],[[76252,23293],[146,-134],[234,126]],[[76747,22843],[-38,-401],[161,16],[53,-99],[36,176],[199,-180],[2,-291],[-106,50],[-115,-89]],[[76939,22025],[-69,-169],[7,-231],[-126,-90],[-12,-149]],[[76739,21386],[-225,-327],[-28,-264]],[[76486,20795],[132,-150],[-133,-86],[3,-233]],[[76488,20326],[-142,-284],[-142,-5],[-48,54],[219,333],[40,214],[-183,90],[-19,296],[-188,215]],[[75943,22234],[-143,-4],[-46,151]],[[75312,22574],[-199,-122],[-46,72],[39,182],[136,-11]],[[75242,22695],[-37,80]],[[75205,22775],[318,173],[11,389],[-119,346],[728,-52]],[[76268,24384],[249,-9]],[[76747,22843],[-43,234],[-72,30],[45,44],[-45,134]],[[76632,23285],[-222,-131],[-158,139]],[[76252,23293],[-21,226],[-91,-30],[3,142]],[[76143,23631],[-375,-14],[-26,106]],[[75669,23937],[75,89],[-18,132],[-122,185],[116,245],[171,58]],[[77080,25004],[0,-105],[124,-80],[-82,-253],[199,-24],[124,139],[99,-200],[8,-230],[136,-49],[-93,-377],[56,-268],[-46,-171],[80,-192],[-48,-66],[-67,148],[-245,105],[-95,-271],[-136,66],[-183,-402],[-18,-115],[74,-56],[-47,-244],[-50,99],[-165,-9],[42,394]],[[76268,24384],[47,-95],[91,61],[55,-140],[71,-2],[-51,71],[36,96]],[[76517,24375],[-95,66],[-154,-57]],[[75503,27043],[102,20],[-42,102]],[[75563,27165],[440,-28],[-25,-183]],[[75978,26954],[329,-166],[116,-177],[-34,-69],[66,-92],[-92,-22],[44,-102],[-44,-97],[18,-97]],[[76381,26132],[73,-12],[-23,-100]],[[76431,26020],[96,-23],[-129,-201]],[[76401,25679],[-195,-28],[-186,134],[-208,-56],[23,269],[-187,110],[15,203],[-227,346],[105,277]],[[76401,25679],[-3,117]],[[76398,25796],[106,118],[123,-271],[182,2],[-14,-118],[337,-5],[-38,-235]],[[77094,25287],[112,-37]],[[77206,25250],[-89,-384],[-37,138]],[[77080,25004],[-120,22],[-27,-215],[-71,-29],[-486,155],[52,-150],[-86,-77],[-481,6],[30,-70]],[[75891,24646],[-170,-57],[-54,-147],[-218,282]],[[75366,24992],[-102,18],[86,64],[192,-75],[66,165],[-11,214],[138,297],[285,110],[29,-73],[249,-66],[103,33]],[[74784,26327],[0,14],[317,-16]],[[75304,26466],[141,141],[218,-296],[18,-260],[154,-53],[-15,-264],[-223,-356],[0,-306],[-111,-95],[-121,93],[-95,-38],[-192,264],[-402,52],[-43,43]],[[73576,26672],[11,81]],[[73587,26753],[-260,30]],[[73327,26783],[72,501],[612,-53]],[[74011,27231],[47,118],[272,-43],[22,162],[69,-55],[9,226],[367,-94]],[[74797,27545],[56,295],[190,-33]],[[75043,27807],[-8,-58],[185,23]],[[75220,27772],[193,-160],[193,-539],[-103,-30]],[[75503,27043],[38,-109]],[[75541,26934],[-116,-386],[-121,-82]],[[75304,26466],[-126,46],[-77,-187]],[[75101,26325],[-243,51],[-269,-131]],[[74504,26514],[-598,97],[-35,-148]],[[74692,24716],[-142,2],[45,178],[152,39]],[[74657,25013],[20,-112],[-151,150],[8,71]],[[74456,24855],[141,35],[-47,-172],[-114,9],[20,128]],[[74312,24821],[112,206],[61,-90],[95,61],[27,-75],[-147,-60],[13,-121],[-161,79]],[[73576,26672],[107,-17],[76,-185],[112,-7]],[[73871,26463],[8,130],[101,10],[524,-89]],[[74504,26514],[85,-269]],[[74589,26245],[195,82]],[[74784,26327],[0,-360],[-172,-266],[70,-56],[-49,-254]],[[74633,25391],[445,-95],[99,-181],[100,-19],[-13,-87],[102,-17]],[[75366,24992],[83,-268]],[[75449,24724],[182,-236],[-22,-184],[136,-265],[-76,-102]],[[75669,23937],[119,-172],[-46,-42]],[[75742,23723],[50,-80],[-418,80],[-242,-44]],[[75132,23679],[-223,185],[-74,-184],[-150,35],[-59,-87],[-60,144],[-387,189],[-59,-59],[-190,46],[-394,-347]],[[73536,23601],[-311,18],[-155,34],[-7,101],[-566,210],[-117,173]],[[72380,24137],[40,193],[67,48],[21,155]],[[72508,24533],[-52,55],[648,473]],[[73104,25061],[195,-88],[65,328],[-64,131]],[[73300,25432],[137,107],[139,1133]],[[74692,24716],[55,219]],[[74747,24935],[-90,78]],[[74657,25013],[99,-1],[36,142],[-182,-96],[-76,64]],[[74534,25122],[-48,-185],[-71,86],[-25,-166],[-78,-36],[178,-107],[202,2]],[[81485,26302],[39,-164],[105,226],[64,-21],[-95,-86],[5,-53],[80,3],[-116,-143],[265,89],[-47,-69],[72,-8],[109,-218],[-69,-197],[-71,-35],[-113,157],[-81,2],[6,66],[-278,-29],[-16,-200],[57,-30],[-42,-41],[-174,122],[-9,123],[127,71],[-145,20],[8,82],[-82,37],[43,99]],[[81957,25252],[-99,22],[-130,-124],[-4,90],[-154,89],[13,146],[376,-42],[43,-187],[112,-27],[-94,-234],[-71,43],[8,224]],[[81730,25550],[-54,128],[221,-17],[79,-204],[-288,-10],[42,103]],[[81234,24928],[-14,-219],[-96,-24],[-8,-237],[-70,45]],[[80980,24381],[-48,-242],[-232,-89],[-107,-160],[-3,-120],[-159,49],[-144,-135],[-62,156],[132,245]],[[80357,24085],[14,254],[259,139],[73,116],[-26,85]],[[80677,24679],[64,-2],[-333,474],[-26,82],[78,58],[-66,67],[79,156],[-98,128],[-23,169],[53,116],[222,-158],[520,225],[11,-107],[92,17],[53,-37],[-134,-97],[-3,-258]],[[81734,24912],[-95,201],[-9,92],[102,-29],[62,-274],[-60,10]],[[81335,25801],[303,50],[105,-178],[-372,-22],[-36,150]],[[81513,25638],[163,40],[33,-259],[-116,68],[-20,-103],[-156,13],[-5,114],[101,127]],[[81442,25012],[240,93],[52,-193],[-183,-70],[-5,67],[-38,-28],[-62,33],[60,17],[-64,81]],[[81511,24742],[-131,117],[13,84],[178,-52],[-4,-184],[-102,-59],[-20,14],[66,80]],[[81166,25512],[17,160],[185,-121],[33,41],[-52,51],[125,44],[-65,-280],[177,-27],[35,-121],[104,-22],[-95,-32],[-6,-175],[-157,1],[8,-89],[-82,1],[-148,-177],[-11,162]],[[81234,24928],[57,-9],[77,192],[-231,92],[30,216],[72,23],[-73,70]],[[81194,24321],[36,105],[99,-106],[11,-122],[-103,-128],[-44,9],[46,157],[-45,85]],[[81185,23737],[-16,-18],[-4,6],[20,12]],[[81393,24467],[-5,8],[7,-5],[-2,-3]],[[81119,23654],[1,5],[3,-4],[-4,-1]],[[80980,24381],[66,112]],[[81046,24493],[85,-2],[-7,194],[70,-13],[170,240],[148,-121],[-89,-203],[30,-51],[-116,-87],[-36,-68],[-108,-3],[29,-306],[-101,-171],[36,-175],[-49,-48],[4,-48],[-214,116],[-71,-132],[-289,98],[87,241],[160,160],[146,24],[49,243]],[[81131,26604],[-53,240],[68,16],[191,-141],[-206,-115]],[[81305,27178],[83,191],[76,-12],[27,-208],[-68,-114],[91,-11],[-28,-120],[-262,-7],[-79,212],[-35,138]],[[81129,26834],[247,118],[77,-59],[-16,-186],[-67,-47],[-241,174]],[[80924,26646],[40,122],[146,67],[-35,-118],[45,-108],[102,61],[40,-154],[-72,-89],[-111,65],[-78,-53],[11,116],[-88,91]],[[81485,26302],[-358,-197]],[[81127,26105],[-76,-120],[-187,58],[4,83],[290,203],[78,136],[-11,206],[212,36],[56,-57],[101,128],[99,-210],[-31,-89],[229,-98],[-171,-33],[-32,-111],[-85,-33],[90,139],[-71,20],[-98,-225],[-39,35],[16,32],[-20,82],[6,7],[0,7],[-2,1]],[[80439,27140],[46,47]],[[80485,27187],[-78,184],[294,-102]],[[80851,27534],[539,-158],[-85,-198]],[[81305,27178],[-195,69]],[[81110,27247],[118,-346],[-261,-130],[-49,-125],[94,-91],[-27,-106],[94,43],[92,-65],[-3,-82],[-300,-219],[7,-96],[-161,-71],[-239,222]],[[80475,26181],[4,362]],[[80479,26543],[-106,81],[103,44]],[[80476,26668],[-74,135]],[[80402,26803],[138,256],[-101,81]],[[82386,28804],[21,93],[55,-53],[-76,-40]],[[82361,28826],[0,132],[46,-85],[-46,-47]],[[82443,28973],[-74,68],[124,-56],[-50,-12]],[[82460,28846],[81,44],[5,-44],[-86,0]],[[82428,28882],[-24,66],[44,-30],[-20,-36]],[[82476,28927],[33,29],[-16,-34],[-17,5]],[[82400,28948],[79,21],[-4,-44],[-75,23]],[[82426,28878],[65,44],[-31,-66],[-34,22]],[[82382,28940],[20,42],[1,-5],[-21,-37]],[[82543,28908],[0,89],[42,7],[-42,-96]],[[82360,28959],[12,77],[32,-53],[-44,-24]],[[82296,28981],[53,-2],[10,-49],[-42,-9],[-21,60]],[[82162,29590],[-2,81],[73,3]],[[82170,29730],[40,74],[125,-1],[61,95],[-31,62],[46,21],[65,-290],[149,-57],[-18,-116],[-101,-55],[-5,-222],[10,-115],[120,-46],[-122,-123],[-211,202],[14,229],[-113,35],[21,135]],[[82772,29512],[-2,7],[2,1],[0,-8]],[[82702,29305],[-91,-204],[-100,25],[-9,323],[129,149],[-68,100],[-87,-7],[-43,174],[75,3],[134,-222],[132,48],[-50,-75],[49,-95],[-92,49],[69,-66],[-12,-35],[-23,13],[-22,-25],[75,-46],[-106,-74],[40,-35]],[[82170,29730],[63,-56]],[[82233,29674],[-87,-39],[-59,66]],[[81745,29586],[-354,-10],[-194,-169],[-35,101],[70,-21]],[[81298,29598],[-251,-58],[8,67],[164,2]],[[81219,29609],[70,97],[37,-73],[33,188]],[[81359,29821],[194,227],[-85,79],[53,74],[-108,147],[40,52]],[[81453,30400],[-44,77]],[[81409,30477],[186,147],[2,224],[253,-18]],[[81850,30830],[-99,79],[8,139]],[[81759,31048],[366,-102],[-17,-191],[82,-61],[326,-14],[37,127],[68,14],[98,-51],[-64,-148],[-21,-528],[-248,-111],[-51,-180],[-116,13],[-49,-86]],[[81745,29586],[50,122],[140,-36],[108,118],[85,-34],[-41,-55]],[[82087,29701],[75,-111]],[[82162,29590],[121,-11],[-63,-21]],[[82220,29558],[-18,-155],[-110,-13],[-34,-93],[-171,186]],[[81757,29414],[23,-138],[-115,-30],[-98,154],[49,110],[-87,17],[-11,27],[89,72],[138,-40]],[[82288,29263],[-121,-122],[-109,44],[33,203],[77,44],[137,-26],[-17,-143]],[[82184,29175],[48,95],[73,-94],[-58,-88],[-63,87]],[[82297,29052],[-3,80],[79,-105],[-76,25]],[[82289,29003],[5,129],[47,-120],[-52,-9]],[[82267,28776],[-44,122],[-15,17],[75,-53],[-16,-86]],[[82191,28828],[27,77],[15,-86],[-42,9]],[[82127,28837],[69,27],[-36,-115],[-20,11],[-13,77]],[[82265,28806],[73,51],[30,-76],[-103,25]],[[82231,28725],[-4,69],[42,-24],[-38,-45]],[[82178,28774],[55,45],[-15,-72],[-40,27]],[[82215,28713],[111,70],[-40,-76],[-71,6]],[[82280,28747],[55,8],[-39,-49],[-16,41]],[[82261,28902],[44,54],[33,-99],[-77,45]],[[82237,28928],[25,-24],[-22,7],[-3,17]],[[82151,28940],[18,49],[84,-60],[-102,11]],[[82244,28951],[27,92],[18,-40],[-45,-52]],[[81944,28962],[89,118],[72,-147],[-161,29]],[[82033,29080],[101,90],[103,-75],[-135,-131],[-69,116]],[[82112,28920],[40,119],[35,-93],[-75,-26]],[[82163,29045],[74,50],[34,-52],[-53,-72],[-55,74]],[[82253,28929],[36,74],[16,-47],[-52,-27]],[[82011,28869],[63,71],[-12,-90],[-51,19]],[[82107,28841],[52,78],[-32,-82],[-20,4]],[[82062,28850],[43,83],[2,-92],[-45,9]],[[82006,28865],[-71,109],[113,-30],[-42,-79]],[[81993,28844],[34,33],[52,-58],[-20,-40],[-66,65]],[[82162,28763],[82,-110],[-210,10],[-2,90],[130,10]],[[82014,28793],[113,44],[31,-113],[-144,69]],[[82877,28231],[42,75],[-1,-66],[-41,-9]],[[82892,28251],[-11,73],[24,-66],[-13,-7]],[[82884,28321],[50,44],[7,-78],[-17,-17],[-40,51]],[[82899,28193],[19,73],[9,-1],[25,-50],[-53,-22]],[[82786,28308],[69,32],[7,-116],[-76,84]],[[82884,28321],[-19,54],[60,-23],[-41,-31]],[[82857,28323],[8,52],[24,-41],[-32,-11]],[[82762,28434],[53,40],[0,-51],[-53,11]],[[82787,28339],[46,78],[9,-28],[-55,-50]],[[82762,28431],[46,4],[11,-24],[-24,-18],[-33,38]],[[82776,28361],[-21,57],[41,-26],[-20,-31]],[[82912,28480],[-12,33],[36,-9],[-24,-24]],[[82831,28382],[40,69],[-6,-76],[-34,7]],[[82822,28475],[34,38],[6,-30],[-40,-8]],[[82936,28504],[-2,55],[6,-4],[-4,-51]],[[82877,28469],[33,23],[-1,-32],[-32,9]],[[82816,28451],[29,30],[25,-11],[-54,-19]],[[82877,28469],[3,16],[7,-6],[-10,-10]],[[82819,28411],[9,52],[21,-8],[-30,-44]],[[82860,28506],[8,37],[0,-32],[-8,-5]],[[82841,28437],[68,23],[-2,-16],[-66,-7]],[[82865,28375],[36,27],[3,-35],[-39,8]],[[82929,28567],[-2,1],[2,0],[0,-1]],[[82865,28571],[0,8],[5,0],[-5,-8]],[[82899,28504],[-12,67],[35,-17],[-23,-50]],[[82887,28478],[-17,51],[29,-25],[-12,-26]],[[82862,28482],[6,29],[11,-27],[-17,-2]],[[82879,28421],[-8,30],[36,-7],[-28,-23]],[[82878,28408],[26,18],[-3,-24],[-23,6]],[[83001,28412],[37,30],[-12,-37],[-25,7]],[[83030,28449],[12,50],[17,-38],[-29,-12]],[[82963,28429],[38,39],[1,-54],[-39,15]],[[82944,28467],[19,-38],[-41,4],[22,34]],[[83025,28498],[35,62],[-4,-75],[-31,13]],[[82904,28426],[50,62],[-34,-65],[-16,3]],[[82998,28560],[-1,-3],[-1,3],[2,0]],[[83050,28631],[0,0]],[[83026,28588],[-1,1],[1,1],[0,-2]],[[83020,28480],[21,99],[7,52],[12,-71],[-40,-80]],[[82961,28493],[28,-29],[-47,7],[19,22]],[[82994,28468],[0,75],[26,-63],[-26,-12]],[[82959,28534],[15,-58],[-38,30],[23,28]],[[82904,28426],[47,-44],[-47,-15],[0,59]],[[82911,28387],[44,-50],[-49,29],[5,21]],[[83003,28306],[-48,36],[60,-25],[-12,-11]],[[82958,28317],[41,-35],[-27,-13],[-14,48]],[[82938,28281],[17,56],[9,-53],[-26,-3]],[[82980,28395],[-15,35],[27,-17],[-12,-18]],[[82977,28338],[-46,86],[49,-29],[-3,-57]],[[83016,28361],[-2,2],[2,1],[0,-3]],[[83003,28355],[-13,63],[38,-19],[-25,-44]],[[82979,28143],[-1,137],[37,-13],[-36,-124]],[[82952,28218],[12,66],[5,-74],[-17,8]],[[82976,28331],[-3,29],[33,-27],[-30,-2]],[[82386,28477],[71,-30],[-11,-58],[-63,3],[3,85]],[[82527,28420],[-28,52],[86,14],[-58,-66]],[[82383,28389],[106,-2],[1,-54],[-64,-22],[-43,78]],[[82493,28214],[33,105],[10,-85],[-43,-20]],[[82474,28226],[24,113],[-9,-112],[-15,-1]],[[82446,28389],[28,88],[48,-25],[-76,-63]],[[82464,28392],[57,34],[30,-55],[-87,21]],[[82489,28387],[37,-68],[-44,18],[7,50]],[[82530,28424],[58,60],[15,-74]],[[82530,28424],[73,-14]],[[82603,28410],[-27,-24],[-46,38]],[[82415,28352],[-17,-101],[-29,91],[46,10]],[[82433,28199],[30,86],[24,-69],[-54,-17]],[[82635,28346],[5,85],[14,-78],[-19,-7]],[[82527,28314],[49,72],[-1,-74],[-48,2]],[[82575,28312],[53,52],[6,-41],[-59,-11]],[[82604,28354],[1,61],[23,-51],[-24,-10]],[[82579,28347],[7,45],[18,-38],[-25,-7]],[[82648,28396],[25,35],[17,-22],[-42,-13]],[[82652,28377],[25,33],[4,-8],[-29,-25]],[[82649,28375],[52,20],[-47,-42],[-5,22]],[[82684,28331],[49,68],[43,-32],[-92,-36]],[[82637,28305],[38,52],[9,-26],[-47,-26]],[[82589,28269],[38,51],[10,-31],[-48,-20]],[[82590,28177],[62,33],[-57,-45],[-5,12]],[[82519,28174],[13,107],[64,-20],[-77,-87]],[[82565,28272],[-35,46],[50,-6],[-15,-40]],[[82626,28178],[74,17],[-11,-51],[-63,34]],[[82641,28253],[37,13],[19,-29],[-56,16]],[[82658,28251],[2,43],[18,-28],[-20,-15]],[[82569,28239],[38,-45],[-48,-5],[10,50]],[[82621,28241],[-32,28],[55,-21],[-23,-7]],[[82637,28289],[73,59],[19,-3],[-92,-56]],[[82715,28241],[35,21],[-5,-57],[-30,36]],[[82678,28232],[52,1],[5,-36],[-31,-13],[-26,48]],[[82746,28211],[36,94],[21,-12],[-57,-82]],[[82754,28248],[-20,70],[46,-16],[-26,-54]],[[82742,28138],[-20,59],[42,11],[-22,-70]],[[82703,28323],[57,35],[28,-52],[-85,17]],[[82684,28257],[23,63],[14,-8],[-37,-55]],[[82697,28237],[21,58],[13,-20],[-34,-38]],[[82763,28330],[12,31],[11,-20],[-23,-11]],[[82681,28525],[-16,102],[37,-22],[-21,-80]],[[82731,28558],[68,9],[-58,-40],[-10,31]],[[82681,28525],[67,67],[-1,-69],[-66,2]],[[82609,28592],[53,23],[-16,-82],[-37,59]],[[82619,28627],[25,26],[-22,-34],[-3,8]],[[82806,28592],[11,-8],[-12,2],[1,6]],[[82828,28541],[13,52],[24,-38],[-37,-14]],[[82767,28512],[40,49],[39,-19],[-79,-30]],[[82800,28487],[22,-12],[-31,-4],[9,16]],[[82791,28471],[-26,45],[41,-4],[-15,-41]],[[82690,28403],[41,18],[-4,-28],[-37,10]],[[82681,28428],[-38,51],[51,-9],[-13,-42]],[[82756,28405],[-3,62],[9,-1],[-6,-61]],[[82725,28435],[-9,77],[50,6],[-41,-83]],[[82562,28540],[54,42],[23,-57],[-77,15]],[[82607,28416],[22,42],[9,15],[-31,-57]],[[82720,28470],[-4,42],[25,-34],[-21,-8]],[[82711,28450],[15,18],[-14,-53],[-1,35]],[[82646,28478],[29,48],[-11,-55],[-18,7]],[[82668,28474],[13,51],[35,-13],[-48,-38]],[[82620,28461],[34,68],[-25,-71],[-9,3]],[[82573,28486],[56,36],[-9,-61],[-47,25]],[[82749,28721],[81,36],[-2,-52],[-79,16]],[[82826,28679],[55,11],[14,-15],[-32,-25],[-37,29]],[[82859,28690],[-22,28],[22,0],[0,-28]],[[82942,28687],[-77,91],[78,-15],[-1,-76]],[[82828,28710],[37,68],[14,-24],[-51,-44]],[[82788,28673],[57,-72],[-76,62],[19,10]],[[82755,28642],[65,48],[9,-37],[-74,-11]],[[82859,28690],[29,61],[-3,-64],[-26,3]],[[82626,29101],[82,150],[83,-68],[-92,-151],[-73,69]],[[82836,29538],[-15,27],[2,7],[13,-34]],[[82815,29533],[55,-84],[69,34],[-38,-100],[74,-18],[-132,-38],[58,-45],[-148,-107],[-56,159],[94,40],[-29,113],[53,46]],[[82955,29471],[-2,16],[15,-1],[-13,-15]],[[82617,29033],[16,-131],[-68,58],[52,73]],[[82659,28964],[2,68],[41,5],[-43,-73]],[[82612,29000],[57,64],[-16,-96],[-41,32]],[[82676,28957],[-6,49],[25,4],[-19,-53]],[[82750,28775],[30,117],[84,-32],[-114,-85]],[[82761,28797],[127,-10],[-127,-44],[0,54]],[[82699,28818],[86,84],[-48,-106],[-38,22]],[[82767,28943],[35,107],[52,-43],[-2,-129],[-85,65]],[[82641,28883],[97,195],[51,54],[-22,-189],[-98,-106],[-28,46]],[[82638,28885],[100,175],[12,-92],[-112,-83]],[[82886,28667],[58,7],[0,-88],[-18,53],[-40,28]],[[82849,28636],[56,5],[-46,-53],[-10,48]],[[82898,28579],[29,58],[-14,-63],[-15,5]],[[82880,28581],[25,59],[-7,-60],[-18,1]],[[82940,28646],[32,70],[17,-71],[-49,1]],[[82973,28571],[43,87],[6,-11],[-49,-76]],[[82950,28714],[74,49],[9,-71],[-83,22]],[[83023,28745],[43,21],[27,-107],[-31,7],[-39,79]],[[83104,29186],[55,51],[-35,62],[31,68],[22,-158],[-73,-23]],[[82894,29263],[213,112],[-78,-241],[70,-5],[-64,-150],[-79,71]],[[83071,29176],[5,23],[4,-15],[-9,-8]],[[83153,29128],[-4,3],[6,-3],[-2,0]],[[83125,29100],[-3,101],[42,-22],[-39,-79]],[[83047,29088],[57,36],[29,-36],[-28,-48],[-58,48]],[[83073,28973],[-21,93],[70,-40],[-49,-53]],[[83020,28837],[-31,54],[59,-3],[-28,-51]],[[83005,28878],[19,91],[39,-82],[-58,-9]],[[82864,28859],[50,11],[42,-82],[-52,-10],[-40,81]],[[83002,28834],[80,-1],[-2,-54],[-61,3],[-17,52]],[[82985,28748],[-39,109],[91,-84],[-52,-25]],[[82894,29263],[107,-113],[-45,-100]],[[82956,29050],[80,-67],[-184,6],[-55,203],[97,71]],[[82927,28896],[-75,93],[102,-8],[-27,-85]],[[83071,28881],[18,62],[39,-49],[-57,-13]],[[83046,28832],[38,30],[11,-44],[-49,14]],[[83048,28888],[34,-35],[-41,-7],[7,42]],[[82945,28825],[-104,104],[153,10],[-49,-114]],[[83041,28917],[65,89],[-17,-63],[-48,-26]],[[81679,27911],[91,178],[-29,-79],[58,-2],[23,-119],[-143,22]],[[81887,28031],[85,5],[-4,-59],[-81,54]],[[81791,27941],[35,168],[65,-79],[-100,-89]],[[81887,28031],[-44,83],[79,-24],[-35,-59]],[[81924,27904],[-33,126],[84,-61],[-51,-65]],[[81795,27927],[77,48],[25,-32],[-102,-16]],[[82020,27897],[85,28],[-68,-99],[84,-30],[-78,-149],[-48,31],[25,219]],[[82049,28015],[17,-96],[-121,-10],[28,62],[76,44]],[[81973,27971],[34,193],[44,20],[3,-157],[-81,-56]],[[82194,28055],[177,18],[-12,-65],[73,-39],[-78,-127],[-76,36],[-56,-278],[-179,47],[79,135],[-85,45],[157,228]],[[82063,27991],[101,99],[47,-55],[-66,-126],[-82,82]],[[82086,28004],[-13,111],[92,-23],[-79,-88]],[[81876,27877],[148,36],[-14,-260],[-107,21],[-27,203]],[[82168,28244],[-91,-118],[-61,57],[80,92],[19,-64]],[[82226,28195],[-31,74],[57,-19],[-26,-55]],[[82091,28139],[73,82],[31,-8],[-1,-137],[-103,63]],[[82174,28187],[73,22],[-9,-112],[-30,-5],[-34,95]],[[81463,27347],[66,117],[51,-49],[1,65],[94,12],[44,-56],[-122,-201],[-106,-44],[-28,156]],[[81623,27485],[3,261],[-67,12],[98,45],[-3,111],[145,-59],[71,70],[33,-251],[225,-40],[91,-158],[-45,-79],[-262,97],[-109,-152],[-180,143]],[[81373,27399],[-80,91],[-41,272],[367,-3],[41,-84],[-73,-256],[-214,-20]],[[81190,28017],[38,113],[57,-54],[82,66],[56,-67],[47,26],[-13,168],[116,-22],[52,72],[10,-91],[92,-44],[-70,-381],[-125,-62],[-277,17],[-65,259]],[[80910,29183],[57,-19],[-2,-27],[-104,-41],[-22,-126],[53,-41],[-85,-45],[-24,-130],[-86,-16],[-52,20],[53,65],[-35,67],[71,64],[-68,49]],[[80666,29003],[58,-12]],[[80724,28991],[137,247],[-120,217],[76,-29],[13,184],[44,-10],[47,-62],[-76,-46]],[[81659,28787],[-102,192],[129,-10],[-27,-182]],[[81298,29598],[-66,-111]],[[81232,29487],[-69,22],[11,-98],[217,165],[227,-58],[-51,-118],[122,-257],[-178,-1],[-160,-175],[-27,78],[-209,-70],[37,66],[-271,62],[84,34],[-55,46]],[[80910,29183],[86,96],[-158,48],[7,165]],[[80845,29492],[50,-16],[-28,62],[55,13],[-48,45],[119,-67],[50,106],[36,-106],[219,69]],[[80839,28970],[31,136],[156,-41],[22,-121],[-163,-22],[7,66],[-53,-18]],[[81133,28928],[191,117],[91,-72],[-148,-124],[-134,79]],[[81433,29084],[265,42],[-4,-160],[-290,8],[29,110]],[[81100,28939],[-63,51],[115,51],[-60,-42],[48,-162]],[[81100,28939],[-22,-127],[62,25]],[[81140,28837],[-44,26],[37,65],[193,-68],[123,133],[218,-208],[-114,-167],[46,-102],[-167,-174],[38,-241],[-242,29],[-43,-94],[84,-251],[-29,-109],[119,-272],[-508,130]],[[80851,27534],[-150,-265]],[[80701,27269],[-301,112],[8,259],[-102,91]],[[80306,27731],[50,68]],[[80356,27799],[-135,220],[-8,267],[47,166],[169,-46],[221,270],[-5,82],[138,-4],[65,175],[159,-23],[45,76],[48,-43]],[[81862,28850],[-33,71],[90,-36],[-57,-35]],[[81662,28784],[19,185],[78,-62],[-97,-123]],[[81774,28711],[-73,120],[97,-63],[-24,-57]],[[81718,28813],[49,25],[49,-43],[-18,-27],[-80,45]],[[81816,28797],[108,79],[10,-96],[-118,17]],[[81548,28593],[141,226],[84,-108],[49,91],[122,-30],[8,-262],[-303,-83],[3,136],[-104,30]],[[81721,28846],[107,68],[-17,-84],[-90,16]],[[81433,28340],[219,223],[27,-175],[-106,-141],[-140,93]],[[81706,28918],[26,271],[78,-24],[18,-251],[-122,4]],[[81839,28951],[36,113],[97,-31],[-54,-138],[-79,56]],[[81757,29414],[130,69]],[[81887,29483],[174,-134],[-118,-142],[-162,45],[-24,162]],[[81943,29207],[73,91],[80,0],[-50,-215],[-103,124]],[[81727,29176],[-37,-117],[-16,190],[107,28],[187,-81],[65,-116],[-183,-36],[-68,35],[28,86],[-83,11]],[[81953,28692],[81,-30],[-73,-15],[-8,45]],[[81977,28695],[-33,77],[79,-20],[-46,-57]],[[81969,28767],[42,46],[20,-61],[-62,15]],[[81919,28899],[72,-38],[-22,-94],[-51,27],[1,105]],[[82580,28520],[-28,-40],[-9,59],[37,-19]],[[82472,28543],[9,75],[44,-60],[-53,-15]],[[82521,28567],[-39,53],[54,-15],[-15,-38]],[[82466,28511],[42,38],[-29,-58],[-13,20]],[[82493,28500],[38,18],[-5,-38],[-33,20]],[[82518,28547],[60,17],[-31,-90],[-22,-1],[-7,74]],[[82474,28477],[45,15],[6,-19],[-51,4]],[[82551,28592],[-5,63],[28,-1],[-23,-62]],[[82549,28592],[73,70],[-33,-104],[-40,34]],[[82493,28715],[89,-57],[-94,27],[5,30]],[[82499,28714],[58,55],[26,-22],[-84,-33]],[[82582,28753],[-36,92],[42,-5],[-6,-87]],[[82500,28761],[46,85],[18,-71],[-64,-14]],[[82394,28477],[25,64],[52,-93],[-77,29]],[[82382,28468],[20,93],[17,-20],[-37,-73]],[[82451,28574],[4,76],[50,-26],[-54,-50]],[[82428,28529],[48,59],[-8,-88],[-40,29]],[[82398,28556],[-44,83],[62,-50],[-18,-33]],[[82277,28624],[72,-8],[-7,-50],[-65,58]],[[82361,28528],[-8,43],[45,-15],[-37,-28]],[[82349,28616],[-53,59],[63,0],[-10,-59]],[[82416,28589],[-16,81],[50,-24],[-34,-57]],[[82276,28605],[31,89],[53,-16],[-84,-73]],[[82360,28678],[38,-18],[-44,-21],[6,39]],[[82488,28685],[-20,102],[30,-11],[-10,-91]],[[82439,28752],[42,92],[26,-56],[-68,-36]],[[82385,28703],[44,113],[22,6],[-14,-107],[-52,-12]],[[82385,28703],[-50,90],[80,-35],[-30,-55]],[[82409,28759],[-59,67],[85,-23],[-26,-44]],[[82285,28706],[50,49],[27,-73],[-77,24]],[[82360,28678],[54,24],[13,-38],[-67,14]],[[82487,28670],[-57,46],[58,-31],[-1,-15]],[[82413,28655],[42,15],[0,-21],[-42,6]],[[82505,28624],[-13,61],[56,-29],[-43,-32]],[[82546,28845],[19,115],[92,-97],[-111,-18]],[[82616,28810],[52,39],[-41,-75],[-11,36]],[[82578,28772],[41,58],[2,-52],[-43,-6]],[[82710,28606],[23,80],[29,-73],[-52,-7]],[[82789,28597],[-54,87],[95,-63],[-41,-24]],[[82654,28830],[87,-31],[20,-61],[-84,6],[-23,86]],[[82744,28677],[-51,95],[86,-24],[-35,-71]],[[82634,28665],[-53,70],[82,-30],[-29,-40]],[[82676,28623],[-17,51],[31,-20],[-14,-31]],[[82598,28731],[67,-4],[-63,-12],[-4,16]],[[82592,28727],[50,65],[26,-39],[-76,-26]],[[82697,28667],[-29,86],[64,-68],[-35,-18]],[[82648,28687],[55,-26],[-62,9],[7,17]],[[82166,28357],[24,74],[50,-35],[-74,-39]],[[81812,28389],[96,124],[192,-9],[-44,-217],[-442,-15],[69,181],[129,-64]],[[81756,28434],[162,61],[-106,-106],[-56,45]],[[82084,28453],[62,32],[-19,-49],[-43,17]],[[82169,28406],[-39,47],[60,-22],[-21,-25]],[[82169,28406],[-64,23],[-18,18],[82,-41]],[[82113,28288],[7,95],[31,-34],[-38,-61]],[[82052,28354],[68,29],[-64,-96],[-4,67]],[[81725,28173],[-85,107],[267,34],[-156,-313],[21,85],[-90,29],[43,58]],[[81922,28090],[58,76],[19,-30],[-30,-98],[-47,52]],[[81924,28094],[-19,223],[192,-25],[-173,-198]],[[81842,28153],[32,106],[34,-6],[14,-163],[-80,63]],[[82138,28468],[64,20],[28,-25],[-33,-38],[-59,43]],[[82123,28544],[95,-15],[-120,-23],[25,38]],[[82263,28422],[106,43],[26,-46],[-132,3]],[[82240,28396],[4,80],[29,-5],[-33,-75]],[[82352,28455],[-74,57],[91,-47],[-17,-10]],[[82173,28473],[12,54],[17,-39],[-29,-15]],[[82302,28506],[37,64],[23,-61],[-60,-3]],[[82299,28491],[-37,64],[72,-13],[-35,-51]],[[82196,28491],[21,72],[45,-8],[-66,-64]],[[81961,28647],[163,19],[66,-21],[-46,-105],[-147,-48],[-60,15],[24,140]],[[82221,28579],[62,28],[50,-45],[-7,-18],[-105,35]],[[82229,28463],[17,74],[13,-26],[-30,-48]],[[82193,28573],[49,80],[33,-48],[-82,-32]],[[82168,28244],[95,82],[-11,-76],[-84,-6]],[[82284,28359],[74,82],[36,-88],[-34,-55],[-76,61]],[[82264,28313],[172,-93],[-109,-191],[-133,27],[70,257]],[[82237,28358],[-18,3],[-53,-4],[50,19],[21,-18]],[[82284,28359],[46,71],[6,-49],[-52,-22]],[[82168,28244],[-53,-33]],[[82115,28211],[-19,69],[76,-7],[-4,-29]],[[82253,28329],[45,59],[-34,-64],[-11,5]],[[82220,28360],[48,33],[-34,-66],[-14,33]],[[82113,28288],[106,73],[-5,-57],[-101,-16]],[[82596,27967],[48,110],[-12,-118],[-36,8]],[[82659,27977],[-14,112],[56,-11],[-42,-101]],[[82633,28079],[18,76],[79,-74],[-97,-2]],[[82721,28010],[-20,68],[35,-35],[-15,-33]],[[82671,27970],[52,49],[9,-39],[-61,-10]],[[82744,27903],[40,12],[-5,-36],[-35,24]],[[82714,27904],[12,25],[3,-14],[-15,-11]],[[82771,27937],[-24,169],[43,42],[38,-75],[58,33],[-16,0],[0,13],[-25,5],[-1,3],[90,9],[-17,-102],[-115,-1],[-31,-96]],[[82686,27968],[34,-20],[-39,-9],[5,29]],[[82731,27940],[29,101],[-17,-106],[-12,5]],[[82483,27907],[-53,-186],[-128,99],[130,154],[51,-67]],[[82479,28203],[37,-36],[67,2],[-111,-38],[7,72]],[[82353,28021],[96,187],[96,-120],[-114,-114],[-78,47]],[[82547,28089],[91,55],[-8,-68],[-83,13]],[[82565,28030],[31,-63],[-24,-4],[-9,-27],[107,4],[-18,-40],[-19,-1],[-5,-6],[-8,3],[-9,-4],[-1,-2],[202,8],[-197,-232],[-141,1],[-44,189],[135,174]],[[82548,28086],[74,-4],[-17,-69],[-54,-3],[-3,76]],[[82465,27918],[-21,107],[83,19],[-62,-126]],[[82476,27967],[79,74],[-10,-43],[-69,-31]],[[82470,28030],[38,47],[24,-30],[-62,-17]],[[66883,17828],[-281,30],[15,126],[112,26],[147,-98],[7,-84]],[[66884,17833],[73,76],[40,-63],[-113,-13]],[[66939,17696],[121,8],[115,-81],[-211,-115],[-25,188]],[[66894,17702],[-246,162],[264,-36],[-18,-126]],[[66704,17675],[-168,39],[15,108],[97,42],[270,-176],[14,-98],[-231,-78],[3,163]],[[66957,17909],[-228,101],[21,152],[214,-80],[-7,-173]],[[67016,17874],[139,-22],[9,-65],[-93,-36],[-55,123]],[[66957,17909],[15,213],[189,-62],[14,-202],[-218,51]],[[66957,17816],[121,-6],[-18,-106],[-109,12],[6,100]],[[66887,17703],[68,121],[-30,-150],[-38,29]],[[68154,17373],[183,92],[-93,-486],[-82,182],[-164,-131],[-334,126]],[[67564,17765],[124,108],[-63,219],[34,124],[194,-29],[170,74],[182,-111],[96,87],[-38,-458],[-148,-56]],[[66637,18787],[-68,11],[2,4],[120,57]],[[66975,18796],[36,142],[161,-23],[111,-133],[-50,-83],[99,-172],[-74,11],[-22,-106],[121,-271],[-186,-148],[-58,92],[-363,57],[-28,-200],[-114,24],[0,177]],[[66528,18176],[-27,97],[78,264]],[[67915,19004],[98,-6],[93,-27],[-8,-74],[-144,-267],[185,-112],[47,-168],[-77,-10]],[[68103,18208],[-80,53],[-588,-130],[-173,174],[-4,233],[71,-4],[-96,165],[13,57],[120,-61],[52,53],[25,302]],[[67564,17765],[105,-201],[-58,-178],[62,-18],[-9,-212]],[[67664,17156],[-252,20]],[[67191,17085],[-142,116],[13,184],[-104,112],[217,126],[-119,97],[105,98],[46,279],[99,-15],[59,133],[70,-84],[203,-4],[74,-242],[-148,-120]],[[66307,18967],[330,-180]],[[66637,18787],[-18,-127],[-96,-91],[56,-32]],[[66579,18537],[-35,-167],[-288,23]],[[66133,18698],[-258,105],[-30,77],[-130,30],[-163,-105],[-85,11]],[[65431,18941],[-124,-35],[-54,87],[71,34],[24,726],[1029,-118]],[[65670,18443],[-62,193],[101,20],[-78,194],[201,35],[301,-187]],[[66133,18698],[-27,-147],[131,-22],[19,-136]],[[66256,18393],[239,-14],[33,-203]],[[66528,18176],[80,-13]],[[66608,18163],[-6,-305],[-74,-252],[-645,-67]],[[65775,17290],[-502,107]],[[66534,16619],[-379,138],[-79,101],[50,728],[381,11],[64,120],[132,-29],[-24,-125],[70,-59],[174,83],[139,-202],[-9,-198],[-330,31]],[[66658,19255],[-17,160],[184,31]],[[66377,19635],[-250,42],[95,179],[-8,176],[-102,177],[59,138],[313,-90]],[[66763,19930],[293,-51],[-132,-311],[111,-20]],[[67158,19501],[59,-102],[-49,-401]],[[67079,19015],[-104,-219]],[[66975,18796],[-284,63]],[[66691,18859],[-196,-50],[9,65],[-197,93]],[[66307,18967],[72,128],[-67,109],[23,175],[89,127],[-61,24],[14,105]],[[66825,19446],[-213,-99],[46,-92]],[[66658,19255],[151,-38],[-42,87],[58,142]],[[67810,20220],[77,50],[41,-49],[-65,-81],[-53,80]],[[67803,20230],[7,174],[128,-23],[-35,-128],[-100,-23]],[[67911,20166],[44,98],[80,5],[-68,-167],[-56,64]],[[67877,20137],[61,-17],[-2,-100],[-75,11],[16,106]],[[67724,19966],[123,213],[36,-105],[-100,-172],[-59,64]],[[67669,20083],[-10,146],[90,89],[61,-151],[-56,-98]],[[68098,20229],[23,-173],[79,-13],[-109,-63],[-148,97],[43,109]],[[67925,20213],[-56,267],[41,73],[160,1],[-35,-285],[-110,-56]],[[68353,19807],[102,-1],[-52,-244],[-471,80]],[[67695,19650],[-460,175],[201,327],[-20,136],[-142,23]],[[67274,20411],[117,0],[0,85],[203,-43],[75,-370]],[[67669,20083],[85,-14]],[[67754,20069],[-18,-146],[216,111],[476,-55]],[[67933,19132],[-120,32],[-71,-79],[-89,185],[64,106]],[[67695,19650],[163,168],[74,-176]],[[67932,19642],[185,-70],[114,51],[172,-61],[59,124],[-49,-225],[50,-22],[-1,-315],[-38,-160],[-291,122],[-40,-110],[-178,28]],[[67915,19004],[-34,-132],[-438,178]],[[67443,19050],[-23,-295],[-58,-58],[-190,218],[-130,18],[37,82]],[[67079,19015],[89,-17]],[[67168,18998],[57,380],[-67,123]],[[67158,19501],[-131,-20],[8,67]],[[67035,19548],[-111,19],[132,312],[110,22],[143,-125],[386,-126]],[[67717,19376],[-60,-71],[30,-179],[246,6]],[[67933,19132],[-35,206],[-181,38]],[[68353,19807],[75,172]],[[68428,19979],[-139,68],[-38,148],[60,90],[416,-15]],[[68724,20163],[279,34]],[[69011,19960],[118,-122],[-122,-262]],[[68773,19445],[-353,-8],[43,248],[-43,-17],[53,38],[-43,148],[-77,-47]],[[68874,19111],[-51,-144],[-115,-13],[-203,-343]],[[68352,18632],[-103,-271],[-295,269],[179,456],[279,-125],[43,187],[69,42],[307,-3]],[[68352,18632],[153,-21]],[[68505,18611],[70,127],[137,-108]],[[68655,18504],[-398,-330],[-154,34]],[[68103,18208],[6,132]],[[68109,18340],[160,82],[83,210]],[[67934,21295],[148,-107],[647,4],[7,-146],[-110,-70],[12,-133],[-218,-383],[-15,-188],[-94,13],[-59,-89],[42,-170],[-173,30],[25,93],[-48,80]],[[68098,20229],[-112,-43]],[[67986,20186],[84,368],[-201,-74],[44,-95],[-103,19],[-150,-152],[-72,38],[6,163],[-99,0],[-110,169]],[[66161,22073],[-14,366]],[[66983,22555],[131,-51],[569,17]],[[67688,22634],[164,-69],[36,-236],[82,-106],[-110,-506]],[[68001,21420],[0,-125],[-67,0]],[[67934,21295],[-75,-253],[-372,-106],[-43,-146],[64,0],[-60,-42],[59,-42],[-122,-84]],[[67385,20622],[101,-126],[-212,-85]],[[67274,20411],[0,-100]],[[67274,20311],[172,-92],[-162,-337],[-521,48]],[[66763,19930],[47,192],[-180,2],[24,135],[-86,72],[-76,0],[-8,-74]],[[66484,20257],[-295,54],[-19,247],[-104,33]],[[66029,20757],[-227,213],[195,-48],[70,380]],[[67507,16228],[20,358],[178,32],[-12,-87],[208,-164],[-49,-188],[-345,49]],[[66723,17218],[145,-62],[8,59],[190,-3],[125,-127]],[[67191,17085],[209,-14],[12,105]],[[67412,17176],[343,-32],[65,-193]],[[67795,16753],[56,-327],[-215,228],[-144,-96],[-17,-289],[-605,-52]],[[66478,16518],[60,46],[-74,74],[70,-19]],[[66534,16619],[23,168],[-63,10],[54,299],[175,122]],[[67738,15712],[-98,-117],[-271,75]],[[67276,15583],[13,-144],[-146,14]],[[66943,15239],[77,549],[-98,-18],[16,114],[87,2],[92,201],[-36,196],[156,-73],[275,86],[-2,-70],[76,41],[102,-103],[157,24],[-40,-289],[118,-19]],[[67976,16021],[69,90],[28,-57],[-97,-33]],[[68041,16112],[87,43],[-23,-127],[-64,84]],[[67924,16311],[122,-151],[-134,-28],[-65,77],[77,102]],[[67849,16177],[130,-10],[10,-132],[-174,-61],[34,203]],[[67795,16753],[-74,12],[99,186]],[[67820,16951],[-56,184],[283,-102],[19,100],[96,28],[51,-163],[109,-91],[33,-247],[113,7],[96,-96],[-166,-118],[-19,-132],[-203,22],[4,85],[-161,-28],[25,135],[-241,26],[-8,192]],[[68264,16083],[96,37],[2,-128],[-159,-83],[61,174]],[[68114,16092],[90,136],[67,-99],[-74,-216],[-83,179]],[[67971,16182],[75,-22],[-5,-48],[-49,-9],[-21,79]],[[67856,16266],[94,98],[148,-69],[-56,-91],[-99,101],[-87,-39]],[[68002,15867],[66,183],[79,-99],[-145,-84]],[[68110,16334],[-266,63],[-28,140],[227,7],[-24,-144],[166,21],[-75,-87]],[[67815,15974],[231,49],[-44,-156],[-197,32],[10,75]],[[68011,16344],[99,-10],[2,-15],[-71,-34],[-30,59]],[[68670,16019],[-303,11],[-7,91],[328,24]],[[67276,15583],[79,-12],[14,99]],[[67369,15670],[87,-61],[152,48],[114,-56],[2,-116],[65,23],[-109,-161],[-322,-139],[-162,-286],[-294,26],[59,64],[-18,227]],[[66943,15239],[203,16],[-3,198]],[[67143,15453],[146,-13],[-13,143]],[[68670,16019],[18,126]],[[68688,16145],[-137,52],[75,56],[215,-90],[-1,-78],[-41,-134],[-11,72],[-118,-4]],[[68771,15877],[-7,1],[0,1],[7,-2]],[[68802,15883],[-74,-37],[-10,12],[32,40],[2,-36],[50,21]],[[68725,15843],[-4,-9],[-6,4],[10,5]],[[68537,15812],[58,38],[-109,150],[271,5],[-126,-146],[22,-53],[73,22],[12,-9],[-27,-24],[-100,-54],[-74,71]],[[68664,15813],[1,2],[1,-2],[-2,0]],[[67923,15880],[138,-21],[35,-162],[-264,-254],[-108,42],[-42,122],[56,105]],[[67738,15712],[158,-24],[27,192]],[[68097,15711],[-43,234],[153,-37],[84,72],[47,-24],[-53,-67],[97,-76],[-17,-66],[-268,-36]],[[68361,15766],[-80,160],[86,104],[120,-25],[108,-155],[-234,-84]],[[70639,19079],[-79,372],[227,204],[95,-209],[322,-278],[172,-42]],[[71278,18974],[55,-1]],[[71537,18809],[19,-23],[-22,-26],[1,-18],[13,-28]],[[71673,18775],[146,-612],[78,-3],[48,-209],[71,-20],[-779,19]],[[71200,17845],[-153,-6],[-3,-79],[-152,-82],[-228,216],[7,235],[225,0],[51,206],[-121,145]],[[71016,21140],[214,-85]],[[71336,20055],[-13,-296],[-164,-87],[-395,-24],[-235,-148],[-22,-90],[-144,53],[97,298]],[[70175,20256],[-95,216],[133,288]],[[69261,19031],[12,-139],[94,-35],[72,148],[85,12],[302,-133],[-26,-208],[70,-50],[-301,89]],[[69513,18524],[-299,-45],[-93,66],[-90,436]],[[71673,18775],[-60,39],[-65,-100]],[[71548,18714],[-11,95]],[[71537,18809],[-224,111],[20,53]],[[71333,18973],[-51,-11],[-4,12]],[[71278,18974],[69,16],[-51,72],[62,-31],[18,95]],[[71376,19126],[-186,51],[-412,415],[9,63],[528,91],[184,-95],[41,189],[95,61],[116,-93],[10,67],[-71,87],[149,1],[105,-162],[396,-188],[674,-608],[-461,-1319],[-498,59],[-131,380],[-105,39],[-146,611]],[[69542,20486],[270,-71],[22,-73]],[[70102,20512],[73,-256]],[[70175,20256],[-39,-200],[98,0],[34,-235],[114,31],[78,-91]],[[70460,19761],[-121,-270],[-84,57]],[[69925,19477],[-48,84],[-147,0],[-16,209],[-78,85],[-333,97]],[[69326,19890],[-188,-70],[-127,140]],[[69011,19960],[-8,237]],[[69003,20197],[297,8]],[[69726,19387],[-63,26],[67,148],[200,-44],[-172,-305],[-32,175]],[[68874,19111],[-43,76]],[[68831,19187],[-377,-42],[0,286],[319,14]],[[68773,19445],[64,105],[170,26]],[[69007,19576],[56,190],[263,124]],[[69326,19890],[-23,62]],[[69303,19952],[407,-169],[35,-182],[-82,-192],[88,-36],[4,-161],[170,265]],[[69925,19477],[196,-50],[134,121]],[[70255,19548],[115,-69],[-141,-81],[11,-204]],[[69970,18965],[-97,-84],[-349,136],[-195,-160],[-68,174]],[[69261,19031],[-230,-50]],[[69031,18981],[10,-123]],[[68806,18861],[68,250]],[[71106,17693],[-25,109],[119,43]],[[71200,17845],[37,105]],[[71237,17950],[781,-24],[10,-148],[-134,-175]],[[71453,17078],[-72,13],[-227,300]],[[69970,18965],[-24,126],[105,-28],[21,126],[168,5]],[[70240,19194],[-26,141],[60,112],[232,-38],[60,98],[73,-428]],[[70639,19079],[65,-40],[-42,-161],[167,-223],[-3,-175]],[[70826,18480],[121,-142],[-51,-209],[-338,26]],[[70314,18221],[-261,49],[-113,356],[-140,50],[2,177],[168,112]],[[71450,20862],[23,148],[181,38]],[[71727,20671],[129,-115],[-48,-109],[-51,31],[-19,-113]],[[71230,21055],[-102,17],[-101,139]],[[71897,21630],[34,-128],[74,5]],[[72165,20220],[-25,-373],[80,-154],[-276,108],[-21,100],[-189,91],[-50,-63],[67,-121],[-111,15],[-8,77],[-98,-67],[-17,-146],[-18,-36],[-186,95],[23,309]],[[71336,20055],[-91,39],[-39,147],[59,201],[-68,138],[33,475]],[[71450,20862],[-55,0],[8,-305],[60,-96],[275,-96]],[[71738,20365],[122,244],[-133,62]],[[71727,20671],[61,68],[-134,309]],[[71654,21048],[-182,-43],[-22,-143]],[[72699,22488],[104,-99],[29,71]],[[72832,22460],[121,-23],[-98,-279],[-92,-22],[-18,-265],[-517,85]],[[72251,22114],[-259,132],[233,89],[1,-88],[121,44],[66,-71],[122,252],[145,-80],[19,96]],[[72185,21483],[75,-5],[151,-272]],[[72005,21507],[-107,42],[-1,278]],[[72056,22004],[-6,162],[201,-52]],[[72251,22114],[-23,-158]],[[72228,21956],[518,-85],[27,-164]],[[72722,21654],[128,-20],[-29,-217]],[[72988,21490],[-50,-268],[245,-65],[-12,-169],[-165,-65],[59,-201],[-105,-180],[19,-148]],[[73072,19149],[-76,-40],[18,-104],[-848,743],[-1,472]],[[72165,20220],[-88,274],[24,140],[-66,35],[32,245],[-73,86],[105,69],[-44,111],[33,155],[-83,56],[0,116]],[[72185,21483],[12,-222],[214,-55]],[[72411,21206],[-50,168],[-125,119],[-51,-10]],[[72988,21490],[-167,-73]],[[72821,21417],[25,185],[154,-41]],[[73044,21655],[311,-68],[31,-118]],[[73377,21072],[-193,-32],[-1,117],[-241,107],[46,226]],[[72979,20394],[-9,161]],[[73320,20532],[220,-134],[23,145]],[[73603,21078],[-86,-32],[120,141]],[[73816,21232],[45,-7],[13,3],[3,-2],[31,-185]],[[74032,21034],[19,-261],[84,-56],[18,-196],[305,-179],[-100,-229],[33,-136]],[[74348,19457],[273,-72],[-19,-194]],[[74463,19147],[148,-282],[-103,-185],[-1106,208]],[[73266,19055],[-171,2],[-71,73],[48,19]],[[73072,19149],[-3,377],[-101,365],[36,127],[-165,207],[140,169]],[[73291,21998],[115,-399],[-362,56]],[[73044,21655],[-44,-94]],[[73000,21561],[-278,93]],[[72722,21654],[51,53]],[[72773,21707],[-10,429],[194,248],[143,-135],[98,49],[-55,-294]],[[73603,21078],[111,-238],[-57,-267],[-94,-30]],[[73563,20543],[-28,-146],[-215,135]],[[73320,20532],[-188,41],[-21,-109],[-40,105],[-101,-14]],[[72970,20555],[95,167],[-20,132],[-59,3],[31,91],[442,140],[144,-10]],[[74654,22530],[194,0]],[[74848,22530],[125,-175],[70,56],[-79,18],[3,41],[113,-43],[232,147]],[[75312,22574],[442,-193]],[[75754,22381],[25,-137],[164,-10]],[[75943,22234],[-42,-117],[52,-155],[72,-2],[-6,-491],[52,-27],[-46,-203]],[[76025,21239],[186,-210],[2,-255],[177,-104],[22,-152],[-177,-301]],[[75857,20597],[-905,-362],[-34,-97],[-189,-86],[-128,145],[-129,8],[-26,168],[-201,55],[-104,117],[6,137],[-96,91],[-41,185],[196,429],[-355,623],[194,373],[46,-125],[364,-68],[199,340]],[[73291,21998],[-148,6]],[[73143,22004],[45,277],[306,-246],[-15,-226],[-166,-6],[-22,195]],[[73858,21833],[198,-97],[-30,-75],[180,-274],[-67,-59],[-46,-264],[-90,-87],[29,57]],[[74032,21034],[-124,7]],[[73908,21041],[-31,184],[-61,7]],[[73816,21232],[-179,-45]],[[73637,21187],[-116,-133],[-144,18]],[[73377,21072],[34,259],[-90,129],[65,9]],[[73386,21469],[-21,129],[239,127]],[[73858,21833],[-165,-173],[-89,65]],[[73604,21725],[-211,-102],[-81,178],[167,8],[86,254],[110,-17],[8,95],[111,-16],[144,-306],[-80,14]],[[73479,21917],[-41,206],[139,-1],[1,-153],[-99,-52]],[[71440,16375],[-89,-348],[-155,-222],[-205,53],[-22,165],[113,197],[22,342],[-58,110],[142,-21]],[[71188,16651],[-158,51],[84,228],[104,67]],[[71169,17121],[107,50],[177,-93]],[[71453,17078],[-19,151],[57,56],[205,-47],[110,60],[96,-99],[64,117],[-72,287]],[[71894,17603],[117,194],[143,-85],[106,56],[149,-111],[57,74],[107,-24],[156,-184],[-92,-926],[86,-163],[-14,-83],[-66,17],[7,-82],[-136,-34],[-193,86],[-43,-201],[-114,20],[-70,-75],[3,69]],[[71704,16439],[-38,-154],[-280,14],[54,76]],[[71440,16375],[-172,13],[-80,263]],[[71704,16439],[50,-7],[70,-30],[6,-95],[185,-10],[-3,-114],[85,-32]],[[72097,16151],[-22,-230],[169,8],[-72,-108],[53,-102],[-347,-174]],[[71584,15639],[53,47],[18,284],[108,103],[-99,233],[40,133]],[[71200,15834],[203,477],[292,-43],[-3,-112],[74,-60],[-124,-87],[3,-276],[-161,-103],[-209,24],[-75,180]],[[75301,20284],[10,92],[546,221]],[[75857,20597],[378,-380]],[[76235,20217],[-56,-165],[309,-53]],[[75940,18610],[6,-262]],[[75745,19271],[-137,28],[131,260]],[[75337,17122],[-72,-134],[-69,32],[43,-111],[-372,-4],[158,172]],[[74348,19457],[56,294],[114,125],[-18,92],[-109,9]],[[74391,19977],[-33,138],[62,131],[348,-201],[184,190],[362,144],[-13,-95]],[[75301,20284],[82,-9],[47,-179],[174,121],[281,0],[-20,-590],[-126,-68]],[[75739,19559],[-131,-252],[137,-36]],[[75745,19271],[-73,-564],[97,-58],[-31,-217],[208,-84]],[[75946,18348],[-1,-380],[-82,-139],[56,-52],[-211,-223]],[[75716,17371],[107,-123],[-219,-35],[-57,-177],[-135,-35],[-129,25],[54,96]],[[75337,17122],[-152,74],[0,117],[-59,10],[-47,-108],[-68,64],[-64,-101],[-15,-59],[93,-42]],[[75025,17077],[-51,-113],[-143,-68]],[[74812,16778],[-257,47]],[[74541,16749],[-169,68],[15,421],[-103,15],[62,49],[-138,76]],[[74218,18734],[290,-54],[103,207],[-148,260]],[[74463,19147],[139,44]],[[74602,19191],[23,171],[-277,95]],[[75199,17027],[337,-13],[18,-94],[112,15],[20,-65],[-102,4],[-96,-107],[-28,141],[-194,-19],[119,108],[-191,-31],[5,61]],[[76143,16997],[-449,-131],[-27,68],[-114,-14],[-45,85],[96,208],[227,57],[55,-168]],[[75940,18610],[326,-3],[-20,158],[87,43],[114,-72],[44,96],[-44,109],[37,68],[-66,43],[88,270],[-101,3],[-62,170],[43,82],[93,-28],[9,450]],[[76488,19999],[3735,-1983],[-151,-109],[-284,-43],[-212,-368],[-417,-261],[-454,-82],[-327,77],[-683,-27],[-176,-83],[-779,33],[-597,-156]],[[76143,16997],[-62,18],[33,52],[-228,35]],[[75886,17102],[-70,215],[-100,54]],[[75716,17371],[-8,183]],[[75708,17554],[210,222],[-55,53],[85,207],[-8,574]],[[80098,17834],[-21,37],[-9,21],[30,-58]],[[79935,17867],[4,6],[3,-7],[-7,1]],[[74561,16824],[251,-46]],[[74812,16778],[19,118]],[[74831,16896],[187,-26],[14,83],[199,-47],[97,73],[12,-3],[17,15],[27,6],[-122,-100],[198,11],[10,-123],[-261,-131],[-196,-224],[-259,-67],[28,185]],[[72216,14352],[-4,5],[6,-1],[-2,-4]],[[71691,15133],[164,62],[58,-37]],[[71884,15078],[414,4],[-8,-120],[121,-87],[340,-79],[0,-211],[-67,36],[-190,-123],[-122,143],[-300,-58],[37,-24],[-80,-72],[40,-34],[-39,27],[-15,-43],[102,-189],[87,8],[-6,-157],[-216,60],[39,-96],[-321,177],[-91,-99],[17,-93],[-184,-91],[-112,386],[-303,378],[189,-7],[34,199],[111,-68]],[[70202,15368],[-1,-1],[0,1],[1,0]],[[70245,15375],[1,22],[7,-18],[-8,-4]],[[70032,15404],[61,367],[117,-85],[217,13],[110,-134],[-210,-56],[-116,-137],[-179,32]],[[71034,15750],[45,93],[176,-72],[20,-117],[213,-25],[-128,-433]],[[71272,15194],[-152,-278],[-164,89]],[[70906,15197],[33,119],[-166,215],[1,230]],[[71360,15196],[129,476],[89,69],[59,-54],[-53,-48]],[[71584,15639],[148,13],[146,-107]],[[71878,15545],[392,160]],[[72112,15357],[-83,-35],[78,-69],[115,35],[9,-206],[-245,-36],[-102,32]],[[71884,15078],[29,80]],[[71913,15158],[-61,37],[-161,-62]],[[71691,15133],[-147,-248],[-111,-6],[-9,-106],[-173,-6],[110,78]],[[71361,14845],[-225,160],[136,189]],[[71272,15194],[88,2]],[[70193,14963],[0,0]],[[69688,15084],[-3,4],[5,-1],[-2,-3]],[[70200,14958],[0,0]],[[70207,14951],[0,0]],[[69695,15086],[-2,1],[3,1],[-1,-2]],[[70168,15142],[28,-13],[1,-13],[-29,26]],[[70087,15269],[-4,5],[6,-3],[-2,-2]],[[69699,15087],[268,210],[109,-12],[18,-4],[8,-7],[-17,6],[-33,-7],[-1,-10],[-8,-2],[-4,-6],[81,0],[-27,-135],[75,7],[16,-14],[15,-2],[6,10],[28,-15],[-47,-66],[43,-90],[-195,177],[-108,-73],[-227,33]],[[72251,13236],[-2,8],[5,-1],[-3,-7]],[[72261,13246],[0,0]],[[73089,13825],[-2,8],[7,-4],[-5,-4]],[[73144,13837],[-7,5],[7,-1],[0,-4]],[[73083,13867],[-12,5],[1,4],[11,-9]],[[73043,13907],[9,10],[1,-8],[-10,-2]],[[72269,13251],[-3,0],[1,2],[2,-2]],[[72391,13289],[2,9],[17,-5],[-19,-4]],[[72099,13776],[-1,16],[21,-4],[-20,-12]],[[72722,13960],[-1,-15],[-13,1],[14,14]],[[72296,13243],[-19,12],[5,7],[14,-19]],[[72274,13257],[-2,2],[3,-2],[-1,0]],[[72125,13413],[-25,36],[-6,40],[42,-50],[-11,-26]],[[72125,13631],[21,-6],[-9,-15],[-12,21]],[[72135,13383],[-12,9],[2,12],[10,-21]],[[72126,13355],[3,18],[2,-8],[-5,-10]],[[72326,13293],[-26,-8],[-11,21],[37,-13]],[[72137,13356],[0,10],[3,-9],[-3,-1]],[[71982,14158],[327,-185],[202,150],[50,211],[86,-32],[25,-348],[-124,-290],[94,-43],[18,-101],[-114,-15],[-11,-186],[-173,14],[-55,130],[43,10],[26,53],[-224,181],[44,67],[-214,384]],[[72411,14146],[5,9],[-1,-8],[-4,-1]],[[72463,14255],[4,-2],[-4,-1],[0,3]],[[70906,15197],[50,-192]],[[70956,15005],[74,-80],[236,17],[-50,-228],[-256,-2],[-101,-86],[-186,66],[-178,287],[-260,92],[153,88],[-25,236],[208,-5],[73,177],[-80,101],[92,62],[130,-112],[49,-232],[112,-14],[-41,-175]],[[72270,15705],[-86,21],[54,177],[285,-80],[98,114],[167,-73],[37,114],[209,-78],[-127,-212],[-70,-343],[-305,-124],[-137,-182],[-166,34],[-22,231],[-100,-51],[-78,64],[83,40]],[[72112,15357],[22,133],[-65,27],[133,38],[68,150]],[[72075,15921],[89,236],[282,-61],[-49,-222],[-322,47]],[[72397,15874],[47,224],[245,-13],[-162,-262],[-130,51]],[[72965,16444],[84,-15],[-102,-42],[-69,-217],[-95,-62],[-442,-31],[-64,56],[44,205],[196,-86],[192,99],[-14,213],[-57,37],[109,90],[225,-23],[60,-73],[-67,-151]],[[72832,15973],[-83,119],[71,57],[335,-11],[-122,-237],[-201,72]],[[72618,15917],[135,181],[35,-234],[-170,53]],[[73266,19055],[136,-167]],[[73402,18888],[816,-154]],[[74218,18734],[9,-292],[-269,10],[109,-156],[-50,-67],[123,-106],[-22,-381],[141,-94],[-51,-270]],[[74208,17378],[140,-83],[-143,-64],[-242,96]],[[73108,17553],[-143,-12],[-36,90]],[[72706,17467],[-20,133],[-129,90],[467,1440],[143,-112],[99,37]],[[73985,16382],[-37,-39],[-21,80]],[[74212,16715],[159,-18],[3,117],[167,-65]],[[74541,16749],[14,76]],[[74555,16825],[6,-1]],[[74561,16824],[43,-180],[178,-96]],[[74782,16548],[-17,-189],[249,72],[195,223],[336,126],[39,94],[299,29],[-700,-412],[-1003,-1009],[-202,166],[-331,21],[19,188],[-131,78],[55,187],[141,-31]],[[73750,16255],[247,-91]],[[72706,17467],[223,164]],[[72929,17631],[38,-90],[141,12]],[[73108,17553],[21,127],[864,-157],[-30,-196]],[[73963,17327],[424,-89],[3,-520],[-178,-3]],[[74212,16715],[-75,-200],[-86,30],[-21,-144],[-103,22]],[[73927,16423],[-99,-121],[-59,151],[-210,119],[-248,15],[-68,-77],[-131,122],[-105,-40],[-36,77],[-215,23],[-118,-91],[68,866]],[[73750,16255],[-19,-164]],[[73731,16091],[-121,35],[-57,-67],[-11,-147],[124,-55],[-36,-135],[-247,51],[-48,-116]],[[73115,15552],[-183,-32],[-44,9],[19,159],[248,450],[-304,3],[79,212],[93,21],[26,55],[-80,56],[143,147],[93,-115],[142,75],[325,-63],[155,-227],[-77,-47]],[[73985,16382],[12,-218]],[[73997,16164],[-236,73],[102,153],[122,-8]],[[73004,14426],[-41,-2],[37,11],[4,-9]],[[72862,14542],[-1,0],[1,1],[0,-1]],[[72852,14562],[5,-11],[-7,-2],[2,13]],[[72784,14430],[2,-4],[-6,-1],[4,5]],[[72799,14431],[-4,17],[16,-4],[-12,-13]],[[72618,14453],[1,8],[3,-5],[-4,-3]],[[72756,14442],[-2,5],[3,-2],[-1,-3]],[[72783,14429],[1,3],[1,0],[-2,-3]],[[72764,14517],[2,1],[8,-3],[-10,2]],[[72563,14482],[86,46],[51,-12],[-137,-34]],[[72722,14493],[-6,7],[16,2],[-10,-9]],[[72842,14440],[119,-46],[98,31],[-265,-125],[-110,46],[-65,104],[167,33],[-73,-73],[34,1],[-56,-18],[6,-12],[145,59]],[[72976,14493],[73,9],[13,8],[-36,-26],[-50,9]],[[73114,14533],[3,9],[11,-7],[-14,-2]],[[72842,14517],[-2,8],[12,-6],[-10,-2]],[[73104,14537],[1,-9],[-5,3],[1,3],[3,3]],[[72880,14517],[171,41],[29,-19],[-200,-22]],[[73084,14484],[90,83],[24,7],[-101,-92],[-6,-2],[-7,4]],[[72818,14549],[-6,7],[17,-8],[-11,1]],[[72836,14572],[14,-4],[-18,3],[4,1]],[[73136,14555],[-2,3],[4,-2],[-2,-1]],[[73103,14573],[-2,-4],[-1,-3],[0,2],[3,5]],[[72862,14563],[3,1],[-1,-4],[-2,3]],[[73103,14561],[-2,4],[6,-5],[-4,1]],[[72868,14555],[-1,2],[3,0],[-2,-2]],[[73281,14675],[-31,19],[40,-15],[-9,-4]],[[73308,14684],[-22,0],[7,4],[15,-4]],[[73034,14677],[-2,5],[6,0],[-4,-5]],[[73398,14668],[7,9],[2,-2],[-9,-7]],[[73230,14667],[5,1],[1,-2],[-6,1]],[[73355,14628],[47,-20],[-159,-15],[98,39],[14,-4]],[[73189,14675],[-27,-66],[-12,21],[39,45]],[[73125,14583],[21,47],[17,-30],[-38,-17]],[[73378,14681],[-39,-5],[-24,-24],[17,36],[46,-7]],[[73092,14592],[-16,38],[21,-3],[-5,-35]],[[72959,14578],[17,-3],[10,-4],[-27,7]],[[72925,14610],[2,-8],[-18,2],[16,6]],[[73211,14653],[19,3],[3,-4],[-22,1]],[[73209,14658],[-14,11],[-4,4],[18,-15]],[[73226,14636],[-2,-14],[-9,1],[11,13]],[[73245,14633],[15,7],[4,1],[-16,-10],[-3,2]],[[73365,14661],[-12,1],[17,3],[22,13],[-27,-17]],[[73032,14641],[-7,7],[6,3],[1,-10]],[[72885,14590],[13,2],[-9,-6],[-4,4]],[[73180,14610],[-4,-7],[-6,2],[10,5]],[[73023,14610],[-17,-2],[12,4],[5,-2]],[[73037,14603],[-12,2],[9,0],[3,-2]],[[73193,14603],[-4,6],[10,-3],[-6,-3]],[[73254,14641],[2,8],[4,0],[-6,-8]],[[73092,14636],[-3,5],[6,-6],[-3,1]],[[73193,14625],[-3,4],[2,1],[1,-5]],[[73239,14637],[-1,-6],[-5,-1],[6,7]],[[72975,14620],[-4,2],[8,2],[-4,-4]],[[72927,14620],[2,-4],[-4,1],[2,3]],[[73342,14660],[-2,1],[5,-1],[-3,0]],[[73106,14602],[-1,3],[2,1],[-1,-4]],[[73333,14658],[-2,3],[3,-1],[-1,-2]],[[72849,14589],[-1,3],[1,0],[0,-3]],[[73110,14618],[-6,-1],[7,2],[-1,-1]],[[73227,14640],[1,4],[2,1],[-3,-5]],[[73396,14620],[-1,8],[2,-8],[-1,0]],[[73201,14625],[2,2],[1,-1],[-3,-1]],[[73353,14631],[1,0],[0,-1],[-1,1]],[[73369,14657],[0,3],[1,-3],[-1,0]],[[73098,14603],[-1,2],[1,1],[0,-3]],[[73145,14631],[6,2],[-2,-2],[-4,0]],[[73201,14614],[-2,0],[3,2],[-1,-2]],[[73373,14656],[-1,1],[2,-1],[-1,0]],[[73519,14820],[0,3],[3,-2],[-3,-1]],[[73518,14807],[-130,-102],[-62,51],[192,51]],[[73407,14622],[63,79],[-48,-6],[94,47],[-99,-120],[-10,0]],[[73501,14759],[10,1],[4,10],[-4,-12],[-10,1]],[[73460,14748],[-1,0],[1,1],[0,-1]],[[73115,15552],[32,125],[188,-20]],[[73335,15657],[107,129],[333,-158],[203,20],[203,-149],[-655,-747],[91,116],[-305,-82],[-92,-122],[-64,50],[-32,-80],[-41,14],[-25,1],[-13,-5],[-8,1],[28,25],[-38,58],[-149,-99],[20,-22],[-25,-20],[2,-20],[-5,55],[-74,-15],[44,-19],[-34,-36],[-64,43],[9,201],[-461,166],[29,94],[91,-11],[26,103],[401,197],[51,184],[227,23]],[[69384,17224],[20,64],[15,-50],[-35,-14]],[[69311,17228],[36,68],[-9,-65],[-27,-3]],[[69337,17349],[-7,-50],[-37,57]],[[69387,17256],[-40,40],[51,-7],[-11,-33]],[[69338,17231],[49,25],[-3,-32],[-46,7]],[[69365,17294],[45,55],[-6,-61],[-39,6]],[[69330,17299],[37,57],[-2,-62],[-35,5]],[[69478,17211],[37,50],[10,-36],[-47,-14]],[[69420,17276],[95,16],[0,-31],[-95,15]],[[69478,17211],[-31,59],[39,-11],[-8,-48]],[[69414,17247],[33,25],[-9,-64],[-24,39]],[[69230,17250],[77,-9],[4,-13],[-74,-34],[-7,56]],[[69269,17212],[42,16],[7,-28],[-49,12]],[[69233,17251],[67,32],[14,-37],[-81,5]],[[69207,17274],[34,77],[-2,-85],[-32,8]],[[69245,17278],[58,48],[1,-44],[-59,-4]],[[69370,17185],[19,-44],[-34,19],[15,25]],[[69307,17137],[45,-39],[-53,3],[8,36]],[[69379,17107],[50,29],[-8,-58],[-42,29]],[[69249,17215],[31,-19],[-43,-6],[12,25]],[[69259,17178],[54,18],[-4,-38],[-50,20]],[[69315,17217],[46,11],[8,-65],[-14,-3],[-40,57]],[[69405,17019],[16,57],[-8,-58],[-8,1]],[[69246,17097],[41,69],[44,-35],[-85,-34]],[[69372,17112],[13,30],[8,-22],[-21,-8]],[[69360,17127],[13,17],[3,-11],[-16,-6]],[[69352,17098],[6,34],[21,-23],[-27,-11]],[[69323,17143],[-5,57],[42,-54],[-37,-3]],[[69387,17069],[31,13],[3,-6],[-34,-7]],[[69323,17094],[32,-12],[-34,8],[2,4]],[[69369,17098],[16,-20],[-30,4],[14,16]],[[69340,17125],[12,22],[1,-17],[-13,-5]],[[69345,17053],[57,-41],[-79,19],[22,22]],[[69415,16901],[8,59],[18,-38],[-26,-21]],[[69296,17027],[34,49],[9,-10],[-43,-39]],[[69423,16960],[47,30],[-30,-67],[-17,37]],[[69246,17021],[53,83],[56,-22],[-109,-61]],[[69332,17046],[32,37],[22,-12],[-54,-25]],[[69407,16970],[26,27],[-29,-47],[3,20]],[[69404,16950],[-25,57],[34,11],[-9,-68]],[[69470,16990],[42,25],[-5,-43],[-37,18]],[[69415,17032],[55,-42],[-59,13],[4,29]],[[69512,17015],[-37,61],[43,-20],[-6,-41]],[[69418,17053],[43,20],[-3,-26]],[[69418,17053],[40,-6]],[[69458,17047],[-4,-22],[-36,28]],[[69481,17129],[-47,47],[16,1],[31,-48]],[[69395,17184],[-34,44],[39,-7],[-5,-37]],[[69410,17138],[24,38],[-5,-40],[-19,2]],[[69389,17141],[26,40],[-5,-43],[-21,3]],[[69395,17184],[24,54],[19,-36],[-43,-18]],[[69438,17208],[107,2],[-130,-29],[23,27]],[[69439,17065],[41,41],[29,-32],[-70,-9]],[[69426,17113],[55,16],[-1,-23],[-54,7]],[[69589,16969],[23,27],[38,-9],[-40,-42],[-21,24]],[[69636,17109],[-53,53],[91,-7],[-38,-46]],[[69587,17189],[30,42],[61,-49],[-31,-31],[-60,38]],[[69564,17032],[96,28],[-6,-41],[-90,13]],[[69586,16967],[-41,66],[109,-14],[-68,-52]],[[69535,17032],[41,82],[-32,-89],[-9,7]],[[69583,17162],[-38,60],[43,-22],[-5,-38]],[[69660,17060],[-83,58],[91,2],[-8,-60]],[[69485,17090],[-4,39],[67,-11],[-63,-28]],[[69501,17064],[44,35],[-9,-65],[-35,30]],[[69520,17147],[37,19],[26,-4],[-7,-48],[-56,33]],[[69446,17148],[30,58],[81,-40],[-59,-40],[-52,22]],[[69593,17219],[57,81],[21,-84],[-78,3]],[[69685,17179],[49,80],[21,-86],[-70,6]],[[69803,17236],[-89,100],[116,15],[-27,-115]],[[69655,17281],[55,21],[22,-43],[-18,-36],[-59,58]],[[69761,17221],[54,99],[24,-17],[-14,-100],[-64,18]],[[69808,17157],[-47,64],[61,-29],[-14,-35]],[[69743,17076],[72,80],[-10,-90],[-62,10]],[[69778,17025],[-35,51],[51,-8],[-16,-43]],[[69686,17040],[63,80],[-13,-88],[-50,8]],[[69749,17120],[-71,67],[77,-14],[-6,-53]],[[69653,17010],[83,22],[-4,-34],[-79,12]],[[69814,16985],[-82,13],[71,31],[11,-44]],[[69689,17056],[-18,77],[27,-5],[-9,-72]],[[69530,16596],[-33,84],[68,-14],[-35,-70]],[[69416,16799],[25,123],[15,-132],[-40,9]],[[69456,16790],[48,79],[18,-89],[-66,10]],[[69525,16672],[7,74],[33,-80],[-40,6]],[[69436,16745],[86,35],[10,-34],[-96,-1]],[[69499,16627],[-63,118],[92,-56],[-29,-62]],[[69561,16845],[-9,-70],[-56,41],[6,41],[59,-12]],[[69578,16856],[-23,74],[38,-10]],[[69443,16942],[104,1],[0,-31],[-104,30]],[[69474,16874],[48,55],[1,-63],[-49,8]],[[69461,16876],[22,59],[-9,-61],[-13,2]],[[69608,16852],[30,43],[-6,-47],[-24,4]],[[69593,16920],[15,-68],[-30,4]],[[69578,16856],[15,64]],[[69502,16857],[45,55],[15,-65],[-60,10]],[[69626,16806],[-63,53],[69,-11],[-6,-42]],[[69552,16775],[74,31],[-6,-43],[-68,12]],[[69714,16488],[-17,73],[55,-6],[-38,-67]],[[69686,16638],[75,-26],[-9,-57],[-81,-4],[15,87]],[[69719,16379],[42,58],[25,-46],[-17,-46],[-50,34]],[[69706,16374],[14,99],[30,-74],[-44,-25]],[[69714,16488],[47,-51],[-22,-10],[-25,61]],[[69546,16719],[69,12],[32,-58],[-82,-10],[-19,56]],[[69685,16453],[-54,103],[89,-83],[-35,-20]],[[69562,16644],[48,15],[44,-28],[-58,-30],[-34,43]],[[69526,16764],[120,-7],[43,-91],[-74,65],[-89,33]],[[69684,16625],[-48,50],[53,-9],[-5,-41]],[[69600,16621],[84,4],[-13,-73],[-41,2],[-30,67]],[[69530,16951],[1,101],[54,-82],[-55,-19]],[[69532,16966],[115,-9],[-9,-62],[-79,30],[-27,41]],[[69610,17428],[-15,66],[24,-4],[-9,-62]],[[69688,17394],[-35,79],[106,30],[-71,-109]],[[69608,17279],[-19,88],[45,-45],[-26,-43]],[[69564,17286],[-33,88],[48,-6],[-15,-82]],[[69509,17276],[55,10],[21,-68],[-55,-6],[-21,64]],[[69592,17211],[-28,75],[55,-13],[-27,-62]],[[69685,17293],[33,152],[28,-88],[-61,-64]],[[69646,17296],[-49,112],[93,-18],[-44,-94]],[[69609,17406],[34,69],[3,-74],[-37,5]],[[69503,17413],[27,44],[81,-36],[-32,-53],[-76,45]],[[69515,17292],[-56,74],[71,-10],[-15,-64]],[[69405,17309],[44,57],[-13,-62],[-31,5]],[[69494,17400],[-22,68],[64,-10],[-42,-58]],[[69467,17428],[-83,49],[88,-9],[-5,-40]],[[69459,17366],[43,41],[33,-47],[-76,6]],[[69459,17364],[-55,71],[63,-7],[-8,-64]],[[69756,17485],[66,-16],[45,-108],[-126,-26],[15,150]],[[69853,17578],[0,119],[87,-98],[-87,-21]],[[70314,18221],[-11,-97],[263,89],[-8,-58]],[[70558,18155],[123,-9],[8,-364],[-337,174],[-165,-50],[-102,129],[-93,-34],[-58,151],[89,140],[291,-71]],[[69760,17828],[206,239],[275,-166],[-27,-286],[-91,-208],[-86,0],[-45,148],[-68,-5],[13,110],[-196,25],[19,143]],[[69672,17503],[-43,39],[54,110],[124,33],[-71,-188],[-89,-30],[-29,21],[54,15]],[[69830,17451],[73,127],[127,-115],[-138,-130],[-62,118]],[[69712,17509],[90,145],[102,-72],[-49,-101],[-143,28]],[[69540,17491],[106,22],[26,-11],[-132,-11]],[[69518,17461],[41,32],[36,1],[-22,-41],[-55,8]],[[69534,17581],[104,13],[15,-31],[-26,-32],[-93,50]],[[69539,17521],[26,41],[75,-35],[-101,-6]],[[69407,17540],[129,-17],[25,-37],[-174,-7],[20,61]],[[69513,18524],[56,191]],[[69569,18715],[133,1],[17,-89],[221,-1],[83,-362],[-94,-153],[-78,145]],[[69449,18198],[-19,-211],[-241,38],[88,490],[236,9]],[[69449,18198],[156,-24],[83,141],[163,-59]],[[69851,18256],[118,-160],[-14,-115],[-236,-165],[-357,51],[101,158],[-44,7],[30,166]],[[69591,17601],[-81,75],[77,-10],[4,-65]],[[69349,17698],[245,-97],[-129,-28],[-116,125]],[[69504,17613],[-77,74],[83,-11],[-6,-63]],[[69681,17626],[-136,88],[170,-34],[-34,-54]],[[69579,17652],[90,-21],[12,-57],[-90,28],[-12,50]],[[69539,17672],[-207,48],[37,146],[210,-29],[-40,-165]],[[69675,17738],[84,83],[-13,-95],[-71,12]],[[69725,17676],[-50,61],[71,-11],[-21,-50]],[[69480,17526],[46,39],[20,-33],[-66,-6]],[[69481,17529],[-90,79],[101,-39],[-11,-40]],[[69675,17737],[-114,21],[18,79],[125,-19],[-29,-81]],[[69685,17703],[-140,10],[4,43],[136,-53]],[[69160,17382],[46,40],[8,-15],[-6,-54],[-48,29]],[[69215,17350],[-6,65],[60,-55],[-54,-10]],[[69102,17316],[-84,132],[188,-26],[-104,-106]],[[69181,17292],[34,58],[-8,-76],[-26,18]],[[69306,17326],[-37,34],[-63,62],[100,-96]],[[69145,17233],[-27,76],[74,-17],[-47,-59]],[[69118,17309],[57,53],[12,-62],[-69,9]],[[68536,18148],[63,107],[71,-10],[36,-176],[-55,-125],[85,-108],[-463,66],[44,377],[79,1],[40,-132],[100,0]],[[68411,18211],[131,236],[86,-42],[28,-121],[-165,-152],[-80,79]],[[68680,18044],[-55,337],[240,-67],[-65,-175],[47,-61],[-167,-34]],[[68655,18504],[57,126]],[[68712,18630],[-150,114],[125,93],[-46,17],[67,100],[120,12],[-22,-105]],[[68806,18861],[60,-22],[175,19]],[[69041,18858],[28,-202],[66,-5],[-14,-106],[148,-74],[-49,-421],[-53,-64],[-313,84],[-54,69],[70,168],[-287,114],[8,86],[64,-3]],[[69338,17359],[77,32],[-5,-42],[-72,10]],[[69367,17398],[34,72],[0,-73],[-34,1]],[[69226,17426],[11,44],[15,1],[-26,-45]],[[69311,17413],[51,27],[5,-42],[-56,15]],[[69276,17409],[79,67],[4,-35],[-83,-32]],[[69233,17418],[32,51],[8,-49],[-40,-2]],[[69253,17391],[37,23],[4,-63],[-41,40]],[[69293,17356],[51,52],[-7,-59]],[[69337,17349],[-44,7]],[[69032,17717],[-256,179],[-17,155],[408,-65],[-135,-269]],[[68705,17760],[-67,90],[98,-14],[162,-276],[-194,67],[1,133]],[[68762,17794],[83,35],[127,-130],[-38,-144],[-172,239]],[[68782,17791],[-131,153],[28,102],[81,3],[85,-220],[-63,-38]],[[69252,17471],[89,52],[17,-47],[-106,-5]],[[69284,17542],[9,83],[103,-27],[-9,-119],[-103,63]],[[69208,17440],[-41,134],[112,-16],[-71,-118]],[[68964,17520],[-36,273],[87,-85],[106,175],[-11,-99],[154,-109],[-18,-112],[-197,61],[-85,-104]],[[69245,17561],[48,64],[-14,-67],[-34,3]],[[69088,17615],[73,-78],[4,-104],[-130,26],[-26,125],[79,31]],[[69165,17433],[-7,84],[50,-77],[-43,-7]],[[69269,17753],[70,31],[6,-43],[-76,12]],[[69319,17830],[10,85],[32,-4],[-15,-160],[-91,89],[64,-10]],[[69355,17682],[-168,90],[158,-31],[10,-59]],[[69396,17949],[-77,-119],[-99,16],[-25,-119],[-85,57],[51,238],[235,-73]],[[69216,17820],[39,20],[9,-43],[-48,23]],[[69210,17768],[35,46],[24,-61],[-59,15]],[[69253,17632],[94,45],[44,-69],[-138,24]],[[69256,17652],[2,61],[61,-10],[-63,-51]],[[70026,16989],[-63,63],[106,15],[-43,-78]],[[69872,16909],[135,56],[10,-96],[-124,-64],[-21,104]],[[70034,16819],[52,55],[66,-59],[-70,-127],[-48,131]],[[69909,16801],[49,65],[79,-29],[-128,-36]],[[69959,16844],[83,32],[26,-5],[-109,-27]],[[70023,16742],[-130,63],[137,-15],[-7,-48]],[[69957,16965],[-39,89],[68,-15],[-29,-74]],[[69861,16930],[136,72],[-45,-95],[-91,23]],[[69990,16967],[146,70],[-27,-74],[-119,4]],[[70105,16901],[-81,69],[91,-11],[-10,-58]],[[70017,16869],[-12,74],[144,-66],[-132,-8]],[[70101,17003],[40,31],[59,-42],[-51,-22],[-48,33]],[[69811,17157],[79,120],[74,-42],[-54,-105],[-99,27]],[[69971,17349],[109,97],[9,-176],[-216,-28],[-46,67],[13,58],[131,-18]],[[70007,17058],[126,54],[3,-75],[-129,21]],[[69966,17250],[84,24],[48,-16],[-49,-53],[-83,45]],[[69910,17133],[110,82],[-104,-161],[-6,79]],[[69946,17049],[10,79],[45,46],[18,-98],[-73,-27]],[[69910,17133],[52,91],[25,-4],[-77,-87]],[[70009,17138],[100,75],[1,-87],[-101,12]],[[70008,17202],[106,27],[-95,-87],[-11,60]],[[70050,17101],[-43,35],[103,-10],[-60,-25]],[[69814,17006],[-3,77],[37,-24],[-34,-53]],[[69856,17075],[40,71],[13,-71],[-53,0]],[[69807,17084],[46,73],[4,-85],[-50,12]],[[69904,17028],[-43,48],[56,-5],[-13,-43]],[[69873,16976],[-56,57],[87,-6],[-31,-51]],[[70209,16870],[154,-50],[-85,-55],[9,-96],[-205,19],[127,182]],[[70084,17292],[-1,126],[106,-12],[-18,-129],[-87,15]],[[70497,17559],[-330,-48],[74,390],[83,54],[274,-88],[68,-105],[113,64],[132,-154],[-190,-153],[-28,-182],[-159,17],[-37,205]],[[70106,17102],[77,54],[-30,-127],[-47,73]],[[70226,17173],[-37,233],[-65,7],[-3,14],[61,96],[325,30],[11,-72],[-159,-19],[15,-149],[-148,-140]],[[70285,16923],[68,239],[147,-71],[-23,-76],[106,-24],[5,-73],[-130,-78],[-34,87],[-139,-4]],[[70181,17063],[32,139],[46,-52],[-78,-87]],[[70110,17222],[42,59],[61,-79],[-19,-46],[-84,66]],[[70107,16910],[183,253],[87,-92],[-92,-148],[112,-90],[-290,77]],[[70231,17206],[88,54],[35,-97],[-96,-24],[-27,67]],[[70125,16871],[41,41],[43,-43],[-36,-53],[-48,55]],[[70331,17258],[28,204],[191,-19],[-9,-318],[-118,-50],[-92,183]],[[71106,17693],[101,-36],[-53,-266]],[[71154,17391],[195,-225],[-180,-45]],[[71169,17121],[49,-124]],[[71218,16997],[-150,-144],[-133,78],[-132,-107],[-326,191],[91,135],[-18,172],[143,15],[-3,116],[354,307],[5,80],[57,-147]],[[70620,16620],[-12,-136],[-68,-17],[-40,73],[-233,38],[9,182],[147,167],[35,-87],[99,45],[15,112],[243,-175],[183,100],[106,-43],[-74,-177],[74,-141],[-137,78]],[[70308,16574],[77,-42],[-39,-122],[41,-54],[-151,80],[72,138]],[[70620,16620],[91,-48],[7,59],[249,8]],[[70967,16639],[136,-78],[-55,-265],[51,-25],[-129,-248],[-273,123],[-109,-32],[32,506]],[[71034,15750],[-260,11]],[[70774,15761],[-15,-136],[-113,113],[-71,-38],[-69,211],[-217,119],[29,214],[-50,111],[159,-19],[1,-108],[177,2],[-17,-116],[337,-29],[76,-96],[-10,-131],[51,8],[-8,-116]],[[70516,16503],[108,-106],[-165,-2],[57,108]],[[70365,16399],[21,127],[123,-1],[-50,-130],[-94,4]],[[70501,16378],[130,17],[-15,-162],[-115,9],[0,136]],[[70394,16400],[119,-56],[-8,-107],[-77,-9],[-34,172]],[[70143,16549],[87,24],[52,-25],[-57,-113],[-82,114]],[[69940,16584],[12,100],[41,-108],[-53,8]],[[69987,16537],[87,51],[-6,-64],[-81,13]],[[70049,16640],[9,56],[211,-38],[13,-110],[-233,92]],[[69976,16750],[77,-12],[20,-44],[-112,-29],[15,85]],[[70027,16598],[-66,67],[90,-14],[-24,-53]],[[70076,16587],[72,4],[7,-21],[-29,-45],[-50,62]],[[70102,16461],[-19,125],[82,-112],[-63,-13]],[[70174,16371],[63,70],[26,-85],[-89,15]],[[70144,16376],[43,83],[-13,-88],[-30,5]],[[69987,16228],[34,125],[66,-11],[-9,-129],[-91,15]],[[69987,16228],[291,-5],[21,-134],[-371,9],[59,130]],[[69942,16199],[24,163],[69,-33],[-93,-130]],[[69966,16362],[56,95],[-1,-104],[-55,9]],[[69915,16006],[13,92],[328,-2],[124,-135],[-181,8],[-112,-101],[-172,138]],[[70144,16376],[-38,90],[56,-50],[-18,-40]],[[70070,16502],[35,-42],[-13,-81],[-39,12],[17,111]],[[70168,16327],[98,29],[16,-39],[-114,10]],[[70168,16327],[149,-85],[-161,1],[12,84]],[[70078,16279],[90,49],[-16,-110]],[[70078,16279],[74,-61]],[[70152,16218],[-2,-18],[-72,79]],[[70087,16342],[87,29],[-6,-43],[-81,14]],[[70087,16342],[-66,54],[71,-17],[-5,-37]],[[70024,16395],[44,129],[-15,-133],[-29,4]],[[69982,16482],[51,47],[-11,-72],[-40,25]],[[69620,16763],[65,33],[8,-87],[-73,54]],[[69684,16786],[69,-1],[-10,-85],[-50,9],[-9,77]],[[69870,16680],[53,79],[31,-93],[-84,14]],[[69705,16621],[25,81],[31,-90],[-56,9]],[[69828,16729],[50,28],[-8,-77],[-42,49]],[[69799,16691],[-41,113],[95,-46],[-54,-67]],[[69763,16633],[33,59],[1,-37],[-34,-22]],[[69800,16712],[70,-32],[3,-40],[-73,72]],[[69791,16641],[11,69],[60,-71],[-71,2]],[[69872,16640],[82,26],[-14,-82],[-68,56]],[[69867,16595],[126,-19],[-27,-214],[-193,30],[94,203]],[[69762,16622],[101,21],[6,-52],[-70,4],[-37,27]],[[69760,16607],[106,-25],[-101,-161],[-29,92],[24,94]],[[69679,16895],[-26,115],[41,-6],[-15,-109]],[[69814,16985],[57,-9],[10,-80],[-84,-31]],[[69797,16865],[-23,126],[40,-6]],[[69814,16985],[-17,-120]],[[69767,16944],[-73,60],[80,-13],[-7,-47]],[[69757,16872],[-70,80],[80,-8],[-10,-72]],[[69797,16865],[127,-104],[-137,18],[10,86]],[[69696,16881],[-16,-84],[-54,9],[15,104],[55,-29]],[[69796,16857],[86,38],[11,-90],[-72,11],[-25,41]],[[69711,16835],[67,33],[-11,-71],[-56,38]],[[69680,16797],[43,36],[31,-49],[-74,13]],[[68998,17217],[51,46],[26,-46],[-77,0]],[[68963,17258],[35,56],[29,-55],[-64,-1]],[[68936,17379],[39,42],[24,-49],[-63,7]],[[68985,17404],[75,5],[39,-91],[-25,-2],[-89,88]],[[68921,17307],[54,67],[-8,-66],[-46,-1]],[[68970,17332],[77,35],[30,-47],[-107,12]],[[68968,17318],[113,-3],[2,-5],[-54,-52],[-61,60]],[[69061,17161],[55,64],[-7,-69],[-48,5]],[[69066,17232],[49,84],[1,-91],[-50,7]],[[68989,17193],[78,11],[68,-83],[-61,-23],[-85,95]],[[68929,17428],[-5,80],[51,-87],[-46,7]],[[69038,17412],[-144,148],[165,-61],[-21,-87]],[[68916,17218],[50,90],[36,-83],[-86,-7]],[[68908,17134],[88,83],[34,-97],[-122,14]],[[69032,16927],[-57,110],[186,-44],[-129,-66]],[[68938,16947],[54,44],[39,-91],[-57,-23],[-36,70]],[[68991,17035],[153,89],[7,-100],[-160,11]],[[69145,17092],[98,6],[0,-83],[-92,9],[-6,68]],[[68919,16910],[15,43],[8,-31],[-23,-12]],[[69208,16997],[56,-22],[-138,28],[82,-6]],[[69149,17166],[-23,84],[74,-15],[-51,-69]],[[69186,17163],[80,9],[-23,-52],[-57,43]],[[69175,17254],[59,11],[3,-69],[-42,8],[-20,50]],[[69164,17132],[37,26],[30,-14],[-67,-12]],[[69099,17173],[94,18],[10,-31],[-68,-39],[-36,52]],[[69139,17094],[70,42],[36,-33],[-106,-9]],[[68115,17723],[83,-20],[79,194],[209,-36],[-72,-132],[-8,-295],[-117,42],[-135,-103]],[[68154,17373],[-150,261],[9,54],[140,-60],[-38,95]],[[68401,17490],[6,150],[119,-47],[-16,-111],[-109,8]],[[68608,17304],[55,197],[191,-141],[68,-90],[-14,-136],[-351,50],[-29,130]],[[68936,17379],[-68,65],[77,-19],[-9,-46]],[[68922,17270],[-22,63],[34,9],[-12,-72]],[[68901,17333],[35,46],[-3,-36],[-32,-10]],[[68849,17307],[58,77],[-4,-103],[-54,26]],[[68396,17494],[109,-49],[-108,-15],[-1,64]],[[68543,17473],[84,-27],[-19,-142]],[[68608,17304],[-80,10]],[[68532,17144],[-216,75],[36,222],[141,-59],[68,-187],[-29,-51]],[[68857,17353],[-197,110],[41,167],[216,-109],[-59,3],[-1,-171]],[[68856,17515],[61,6],[-7,-84],[-48,-3],[-6,81]],[[68676,17519],[-269,121],[8,93],[82,147],[142,-22],[66,-98],[-29,-241]],[[68510,17482],[124,22],[-7,-58],[-117,36]],[[68543,17473],[-15,-159]],[[68528,17314],[-85,79],[100,80]],[[68727,16994],[100,22],[51,-64],[-78,-32],[-73,74]],[[68756,16900],[-30,88],[80,-11],[-50,-77]],[[68878,16952],[69,177],[125,-14],[-194,-163]],[[68478,16637],[361,302],[46,-183],[-193,-175],[-214,56]],[[68885,16756],[50,167],[89,-32],[-11,-83],[-128,-52]],[[68832,16873],[82,1],[-9,-66],[-46,-11],[-27,76]],[[68709,16874],[-18,87],[70,-21],[-52,-66]],[[68265,16970],[426,-72],[15,-81],[-303,-176],[-87,100],[7,162],[-58,67]],[[68602,16964],[-351,5],[61,216],[290,-221]],[[68859,16883],[57,80],[-2,-89],[-55,9]],[[68834,16886],[44,66],[-19,-69],[-25,3]],[[68696,16969],[-162,197],[176,-5],[-14,-192]],[[68692,17035],[112,26],[24,-34],[-136,8]],[[68700,17089],[10,72],[114,-29],[-20,-71],[-104,28]],[[68691,16961],[41,69],[-10,-73],[-31,4]],[[68804,17061],[143,68],[-7,-77],[-136,9]],[[68866,17054],[70,-8],[-69,-64]],[[68866,17054],[1,-72]],[[68867,16982],[-32,-15],[-28,84],[59,3]],[[68649,16896],[-337,289],[4,34],[217,-67],[162,-209],[-46,-47]],[[68592,16878],[10,86],[47,-89],[-57,3]],[[69841,16220],[-55,171],[101,-16],[-46,-155]],[[69685,16143],[54,65],[58,-133]],[[69782,16255],[59,-35],[-29,-84],[-71,26],[41,93]],[[69685,16143],[112,-68]],[[69797,16075],[-71,-67],[-41,135]],[[69830,16180],[115,39],[-30,-213],[-123,55],[38,119]],[[69718,16208],[51,137],[29,-74],[-80,-63]],[[69884,16354],[82,8],[-43,-162],[-70,29],[31,125]],[[69576,15610],[-253,-103],[-10,86],[274,101]],[[69205,15133],[1,0],[-1,-1],[0,1]],[[69208,15138],[-1,4],[2,-1],[-1,-3]],[[69200,15155],[0,0]],[[69200,15156],[0,1],[1,0],[-1,-1]],[[69201,15149],[0,0]],[[69200,15150],[0,0]],[[69200,15154],[-1,-1],[0,1],[1,0]],[[69199,15152],[-1,0],[0,1],[1,-1]],[[69198,15153],[0,0]],[[69247,15159],[-1,1],[1,0],[0,-1]],[[69245,15160],[-1,1],[2,0],[-1,-1]],[[69246,15162],[0,0]],[[69219,15160],[0,0]],[[69299,15454],[277,156]],[[69576,15610],[11,84]],[[69587,15694],[-83,13],[95,99],[164,-43]],[[69763,15661],[0,-12],[-117,0]],[[69664,15424],[-108,-81],[-41,-165],[-44,22],[-252,-34],[-14,-23],[-3,64],[-51,72],[38,115],[-49,92]],[[69901,15641],[0,-16],[-2,-1],[2,17]],[[69763,15661],[0,102]],[[69763,15763],[174,35],[-75,-139],[66,-165],[-82,9],[109,-101],[-291,22]],[[69664,15424],[-18,225]],[[69646,15649],[117,12]],[[69585,15964],[74,153],[67,-109],[-64,-72]],[[69503,15856],[115,-6],[-105,-139],[-101,13],[91,132]],[[68988,15448],[-1,1],[1,0],[0,-1]],[[68885,15550],[0,0]],[[68885,15553],[0,0]],[[68872,15567],[0,0]],[[68886,15557],[0,1],[1,-1],[-1,0]],[[68884,15557],[0,0]],[[68866,15574],[0,0]],[[68886,15551],[-1,-1],[0,1],[1,0]],[[68876,15562],[0,0]],[[69149,15281],[-261,282],[-145,98],[-49,46],[-1,7],[266,-167],[192,-19],[45,-182],[-47,-65]],[[69140,15486],[171,109],[26,-7],[-38,-134]],[[69299,15454],[-159,32]],[[69601,15800],[191,261],[222,-176],[-159,-124],[-132,2],[-122,37]],[[69585,15964],[77,-28]],[[69662,15936],[-44,-86],[-90,29],[57,85]],[[69528,15879],[-10,92],[63,32],[-53,-124]],[[64928,18535],[-60,271],[74,84],[350,-100]],[[63717,17748],[352,881],[179,1]],[[64127,19022],[484,44],[155,-143],[176,-35],[-89,-149],[75,-204]],[[64928,18535],[162,16],[12,85],[165,-37],[25,191]],[[65292,18790],[-275,86]],[[65033,18994],[398,-53]],[[65431,18941],[36,-125]],[[65467,18816],[152,60],[90,-220],[-102,-21],[63,-192]],[[65670,18443],[-101,-54],[-34,-434],[-87,-136],[65,-59],[-19,-119],[-115,-209],[-106,-35]],[[65273,17397],[235,-35],[-33,-97],[-124,-39],[-5,-159]],[[64471,17064],[-189,70]],[[62600,20765],[360,-38]],[[63315,20944],[-6,310]],[[63828,21068],[-76,-569],[428,-654],[-17,-203]],[[63908,19856],[-22,-58],[-118,57],[-53,-46]],[[63677,19422],[151,7],[4,-121]],[[63460,19167],[0,-61],[-62,118]],[[62812,18983],[-53,166],[-163,-166],[-129,-18],[35,569]],[[63523,20418],[-253,-210],[66,-102],[194,84],[-7,228]],[[60718,20622],[-12,2472]],[[62946,23817],[4,-900]],[[63316,22373],[-1,-1429]],[[63315,20944],[-325,-6],[-30,-211]],[[62960,20727],[-1149,105]],[[65735,21192],[104,-306],[190,-129]],[[66029,20757],[37,-166]],[[66066,20591],[138,-126],[-90,-216],[109,-364],[-84,-226],[-629,113],[-162,-19],[-19,-127],[-79,13],[0,81]],[[64535,20166],[-42,74],[226,409],[0,64]],[[64536,20775],[0,421]],[[63677,19422],[35,111],[94,6],[-79,15],[44,74],[-56,181]],[[63715,19809],[193,47]],[[63908,19856],[30,-139],[82,55],[9,-128],[134,-2]],[[64163,19642],[25,183],[-151,216],[281,65],[0,60],[217,0]],[[64535,20166],[217,0],[77,-242],[301,-27],[55,-223],[65,46]],[[65250,19720],[94,-182],[-39,4],[19,-515],[-62,24],[-17,-116],[-212,59]],[[65033,18994],[-16,-118]],[[65017,18876],[-153,23],[-257,167],[-480,-44]],[[64127,19022],[120,-194],[1,-198]],[[64248,18630],[-288,33],[-489,383],[-11,121]],[[63460,19167],[372,141]],[[63832,19308],[-34,44],[43,25],[-66,73],[-98,-28]],[[60728,18441],[-10,2181]],[[60718,20622],[811,-112],[38,326],[183,-49],[18,147],[55,-8],[-12,-94]],[[61811,20832],[789,-67]],[[62600,20765],[-47,-305],[-163,22],[-22,-190],[-71,4],[-1,-98],[61,0],[-41,-386],[-82,1],[-24,-208],[292,-71]],[[62502,19534],[-36,-578],[-312,72]],[[61720,18400],[-456,69]],[[62950,22917],[-4,1001],[313,-48],[140,87]],[[63578,24417],[534,-35]],[[64570,21922],[-61,-443],[51,-248],[-24,-456]],[[64536,20775],[183,-62]],[[64719,20713],[-47,-194],[-174,-236],[37,-117]],[[64535,20166],[-535,-94],[-47,171],[-201,257],[76,568]],[[63828,21068],[-168,26],[0,103],[-220,-18],[-131,75]],[[63309,21254],[7,1119]],[[63316,22373],[153,0],[0,375],[-117,0],[-39,169],[-363,0]],[[63129,27334],[298,290],[63,-255],[-361,-35]],[[62952,27357],[-30,459],[77,-30],[-19,58],[55,15],[-20,-75],[101,-17],[53,-231],[-122,-12],[-95,-167]],[[63929,26459],[36,58]],[[63965,26517],[-34,-199],[68,-10],[-22,-100],[91,22],[-40,-37],[47,-77],[-42,-104],[41,-361]],[[64542,24685],[-267,11],[1,-320],[-698,41]],[[63578,24417],[-204,-65],[-47,-181],[72,-214]],[[63399,23957],[-83,0],[-3,-82],[-367,43],[0,-101]],[[62946,23817],[-1079,0],[1,-723],[-1162,0]],[[60706,23094],[1,5110],[129,-228],[24,69],[119,-119]],[[60979,27926],[11,76],[127,-11],[72,-109],[121,89],[1,-75],[162,-73],[17,-76],[73,81],[186,-166]],[[61749,27662],[109,39],[32,-179],[51,73]],[[61941,27595],[151,0]],[[62092,27595],[-42,114],[75,-13],[128,160],[90,-40],[27,69],[314,-134],[50,75],[73,-77],[110,74],[28,-465],[102,166],[59,-23],[78,-442]],[[63404,27101],[123,-127],[205,-13],[-16,-168],[67,-27],[-52,-62],[75,17],[-43,-62],[54,-23],[-63,-33],[175,-144]],[[63184,27059],[-48,265],[285,52],[64,-14],[-21,-102],[107,31]],[[63571,27291],[-5,-87]],[[63566,27204],[246,-45],[-99,-185],[-179,-3],[-130,130]],[[63404,27101],[-220,-42]],[[63216,27635],[56,83],[39,-99],[82,-2],[-81,-89],[-96,107]],[[63088,27422],[60,230],[164,-124],[-191,-169],[-33,63]],[[64112,24382],[173,-3],[-10,317],[296,-14],[99,-140]],[[65550,23366],[268,-6],[105,-282],[-38,-186]],[[66013,22826],[-105,-436],[87,-76],[58,101],[107,1],[1,-343]],[[66161,22073],[63,1],[5,-208],[119,-141],[-131,-124],[13,-87],[-69,0],[-8,-234],[-86,22]],[[66067,21302],[13,-224],[-83,-156],[-198,66],[-64,204]],[[65735,21192],[-299,-9],[-31,-115],[-191,18],[27,-72],[-81,-42],[-427,58],[-52,158],[-145,8]],[[64536,21196],[-27,283],[51,123],[-45,73],[55,247]],[[64570,21922],[-34,146],[-276,-49],[-15,545],[8,565],[261,1],[2,754],[-388,-2],[-16,500]],[[66652,23829],[209,-17],[-32,98],[68,59],[181,-156]],[[67078,23813],[139,-1],[49,-162],[101,20],[142,-120],[353,-471],[61,48]],[[67923,23127],[115,-86],[147,-376],[-143,18],[-33,-126],[-321,77]],[[67688,22634],[-5,-113]],[[67683,22521],[-528,-18],[-172,52]],[[66983,22555],[26,55],[-315,29],[0,-77],[-240,-7],[1,-99],[-308,-17]],[[66147,22439],[-210,-113],[-29,233],[105,267]],[[66013,22826],[-128,66]],[[65885,22892],[37,189],[-104,279],[-77,27]],[[65741,23546],[517,56],[47,85]],[[67010,23015],[161,-40],[181,102],[-103,270],[-166,0]],[[67083,23347],[129,6],[144,-254],[-254,-124],[-92,40]],[[67010,23015],[38,117],[-67,136],[119,-28],[-17,107]],[[64655,26445],[177,-111]],[[64832,26334],[38,-185],[-106,60]],[[64573,26049],[-133,-66],[-15,219],[66,-5],[-47,169],[252,180],[-41,-101]],[[66100,24352],[169,50],[108,-4],[-44,-113],[66,-154],[-163,-114]],[[64074,25651],[-3,315],[248,-85],[32,60],[-59,102],[179,-61],[102,67]],[[64573,26049],[-36,121],[227,39]],[[64764,26209],[87,-81],[100,147],[107,-136]],[[65058,26139],[36,94]],[[65094,26233],[107,-116],[67,71],[166,-106],[34,48],[135,-175],[35,38],[72,-21]],[[65710,25972],[-47,-58],[53,-56]],[[65716,25858],[162,-6],[2,-185]],[[65880,25667],[-68,-88]],[[65812,25579],[47,-127],[-55,-60],[10,-241],[149,-313],[-6,-118],[133,-9],[48,-87],[235,13],[-1,-233],[-272,-52]],[[66100,24352],[0,-310],[136,-25]],[[66236,24017],[157,105],[-54,102],[20,59],[144,-185],[95,95],[174,-70],[-3,-88],[121,-45],[-61,-81],[45,-74],[-222,-6]],[[66652,23829],[43,-102],[-390,-40]],[[66305,23687],[0,-85],[-564,-56]],[[65741,23546],[0,-159]],[[65741,23387],[0,-22],[-191,1]],[[65550,23366],[-6,300],[-130,16],[-13,157],[-180,0],[0,210],[-75,0],[-22,488],[-454,5]],[[64670,24542],[-128,143]],[[64542,24685],[18,240],[-99,2],[0,657],[-387,67]],[[68740,21993],[-12,176],[237,-177],[167,78],[-9,-395],[-304,41]],[[69481,21901],[252,-55],[0,-301],[79,0],[39,-127],[-178,-41],[-1,-86],[-266,-35],[1,84],[-107,0]],[[69251,21215],[-168,-1],[39,883],[117,45]],[[68545,22254],[70,22]],[[68615,22276],[3,-130],[78,67],[44,-220]],[[68740,21993],[78,0],[1,-277]],[[68819,21716],[41,0]],[[68646,21192],[-564,-4],[-85,66],[4,166]],[[68001,21420],[-109,0],[-32,297]],[[67860,21717],[112,358],[-122,488],[159,-6],[17,116],[81,29],[438,-448]],[[68646,21192],[32,392],[127,0],[55,132]],[[68860,21716],[169,-1],[55,-67],[-1,-433],[-59,-1]],[[69024,21132],[-315,-39],[20,99],[-83,0]],[[69024,21132],[0,82]],[[69024,21214],[227,1]],[[69251,21215],[49,125]],[[69300,21340],[217,-84]],[[69772,20925],[17,-91],[-56,-419],[-191,71]],[[69542,20486],[-2,-90],[-240,-51],[0,-140]],[[69300,20205],[-576,-42]],[[68724,20163],[3,107]],[[68727,20270],[-323,0],[16,190],[139,188],[-5,106],[84,89],[-31,86],[128,160],[289,43]],[[70808,22412],[-127,321],[121,33],[-10,-65],[241,-218],[100,-1],[38,-106],[-363,36]],[[72056,22004],[79,-22],[12,-126],[-250,-29]],[[71897,21827],[0,-197]],[[71897,21630],[-204,0],[-13,-127],[-542,0]],[[70954,22370],[217,6],[228,129],[116,-30],[-51,-310]],[[71797,22165],[-29,174],[137,21],[137,-121],[14,-235]],[[70954,22370],[0,-78],[-138,17],[44,-395],[-45,0],[0,-123]],[[70011,21791],[-71,118],[-97,-77]],[[69746,21922],[-22,-84],[-243,63]],[[69481,21901],[-44,135],[-121,3],[-77,103]],[[69239,22142],[-119,-91],[-41,19],[72,126],[187,-69],[75,87],[-131,185],[73,81],[24,276],[316,130],[521,-135],[391,188],[126,-137],[-43,-143],[118,-247],[146,-1],[0,-41]],[[71797,22165],[-333,0]],[[71464,22165],[-1,216],[266,-3],[68,-213]],[[70126,21101],[42,248],[83,-30],[-7,-210],[-118,-8]],[[70276,21251],[-54,262],[126,-11],[79,-226],[-151,-25]],[[70011,21791],[804,0]],[[70815,21791],[0,-288],[323,0]],[[71138,21503],[-33,-144],[-72,13],[-6,-161]],[[71027,21211],[66,-86],[-77,15]],[[71016,21140],[16,-215],[-217,0],[0,-186],[-602,21]],[[70213,20760],[-75,-163],[-38,1],[70,154],[-41,162],[319,11],[0,186],[140,35],[11,68],[-168,99],[-83,189],[-111,-6],[-88,149],[-117,18],[-21,128]],[[69746,21922],[97,-90]],[[69843,21832],[25,76],[75,0],[89,-245],[207,-127],[-113,-435],[141,-49],[-12,-118],[-135,-40],[50,-142],[-78,-82],[10,-158]],[[70102,20512],[-195,-18],[24,-110],[-97,-42]],[[69834,20342],[-101,73],[39,510]],[[69772,20925],[-255,0],[0,331]],[[69517,21256],[0,34],[256,85],[78,106],[-118,64],[13,377]],[[70207,21106],[27,97],[41,16],[171,-104],[2,-190],[-202,0],[21,127],[-60,54]],[[70448,21111],[-218,110],[296,92],[73,-127],[-151,-75]],[[60728,18441],[269,-265],[153,87],[207,-30],[36,103],[-129,133]],[[61264,18469],[488,-73],[88,-227],[199,77],[-66,-218],[-162,-169],[96,-11]],[[61891,17721],[129,-7],[308,-297],[166,-38],[-40,-155]],[[62358,17253],[-43,-238],[-119,-16]],[[62196,16871],[260,-39],[62,73],[150,-68],[-77,-289]],[[62669,15822],[-357,18],[-220,-154],[-102,100],[-52,-166],[117,-110],[-78,-173],[-193,202],[-117,-20],[14,-78],[-89,31],[43,190],[-210,286],[-314,271],[-399,205],[16,2017]],[[62802,17144],[82,121],[-55,160],[41,142]],[[61960,15587],[3,171],[91,19],[140,-327],[-144,14],[-90,123]],[[61720,18400],[0,217],[217,-1],[-91,148],[40,106],[268,158]],[[62154,19028],[201,-95],[187,31],[216,185],[54,-166]],[[62812,18983],[-50,-91],[362,-62],[75,323],[158,-2],[41,73]],[[63398,19224],[75,-181],[596,-414],[-83,-311],[-214,-317],[-55,-253]],[[63717,17748],[574,-141],[-62,-342],[53,-131]],[[64282,17134],[-304,33]],[[63847,16782],[-303,-4]],[[63421,16776],[-627,-144],[-137,35],[11,170],[-58,42],[-414,-8]],[[62196,16871],[52,66],[-52,62]],[[62196,16999],[166,85],[-4,169]],[[62358,17253],[96,-29]],[[62454,17224],[61,99],[-231,125],[-109,169],[-284,104]],[[61891,17721],[16,127]],[[61907,17848],[-99,29],[217,265],[14,104],[-65,18],[-134,-95],[10,78],[-82,13],[19,107],[-67,33]],[[62870,17567],[-20,-149],[-22,7],[-8,-44],[63,-132],[-81,-105]],[[62802,17144],[121,1],[-10,-73],[252,16],[-57,66],[31,221],[-47,38],[72,110],[-294,44]],[[65560,15967],[28,-172],[-271,6]],[[66446,15428],[-137,21],[-47,168],[212,19]],[[66491,16328],[-49,113],[36,77]],[[66478,16518],[435,3],[-43,-304]],[[66870,16217],[243,-100],[-90,-246],[-85,13],[-16,-139],[98,43],[-87,-816],[-142,-49]],[[66506,15281],[-300,-56]],[[66172,15097],[-78,65],[-169,-65],[-114,177]],[[65688,15295],[48,333],[294,-50],[133,246],[-101,84],[-29,-10],[10,-31],[-28,-10]],[[66474,15636],[-209,31],[11,-155],[170,-84]],[[66446,15428],[28,208]],[[65289,16980],[60,59],[7,192],[119,34],[42,99],[258,-74]],[[65775,17290],[108,249]],[[65883,17539],[240,33],[-48,-713],[80,-102],[284,-50],[99,-152],[-96,-71],[49,-156]],[[66491,16328],[-358,-92],[2,-174],[-131,-57],[11,-148]],[[66015,15857],[47,51],[101,-92],[-573,-20],[-30,171]],[[65560,15967],[57,75],[-83,75],[-87,-103],[-88,33],[-42,-246]],[[65317,15801],[-403,-4],[-39,-70],[-198,127]],[[65100,16356],[73,62],[145,446],[-45,25],[63,35]],[[65692,14360],[-1,2],[2,-1],[-1,-1]],[[65220,14732],[-2,1],[3,0],[-1,-1]],[[65258,14710],[-4,1],[5,0],[-1,-1]],[[65269,14710],[-4,-1],[5,3],[-1,-2]],[[65274,14707],[-1,0],[2,2],[-1,-2]],[[65278,14705],[0,0]],[[65240,14723],[0,0]],[[65293,14691],[1,1],[0,-1],[-1,0]],[[65308,14684],[-1,-1],[0,1],[1,0]],[[65324,14675],[-1,1],[1,0],[0,-1]],[[65283,14702],[-1,1],[1,0],[0,-1]],[[65336,14668],[-1,1],[1,0],[0,-1]],[[65340,14665],[0,0]],[[65280,14701],[0,0]],[[65279,14704],[1,0],[0,-1],[-1,1]],[[65297,14696],[0,0]],[[65351,14654],[0,0]],[[65349,14654],[0,0]],[[65333,14671],[-1,0],[0,1],[1,-1]],[[65165,14766],[-1,1],[2,1],[-1,-2]],[[65688,15295],[123,-21]],[[65811,15274],[95,-121],[-43,-6],[9,-135]],[[65750,14808],[-98,-212],[11,-155],[75,-45],[-42,-16],[-17,-28],[-96,42],[-200,236],[-61,53],[-25,15],[-6,-3],[-11,16],[-33,9],[-11,-7],[7,9],[-6,9],[-41,29],[-50,22],[-142,13],[-24,-22],[-123,54],[-158,283],[87,86],[16,489],[111,112],[1250,19],[-133,-238],[-212,70],[-103,-65],[-27,-288]],[[65989,14327],[-1,1],[1,0],[0,-1]],[[65750,14808],[-56,121],[178,83]],[[65872,15012],[-8,137],[308,-52]],[[66172,15097],[34,128]],[[66206,15225],[177,41],[123,15]],[[66506,15281],[6,-104],[210,24],[-22,-169],[91,-109]],[[66791,14923],[374,-12],[-176,-247],[-397,-210],[-33,-121],[-243,-220],[-93,-6],[-299,283],[-265,65],[-7,141],[70,99],[-36,60],[64,53]],[[63663,16779],[184,3]],[[63847,16782],[-10,98],[89,-58],[-1,267],[53,78]],[[63978,17167],[493,-103]],[[64471,17064],[346,82],[39,-88],[276,206],[53,-142],[161,-55]],[[65346,17067],[-57,-87]],[[65289,16980],[47,-56]],[[65336,16924],[-59,-9],[51,-61],[-32,-116],[-196,-382]],[[65100,16356],[59,-163],[-170,21],[4,-123],[-334,-77],[18,-160]],[[64677,15854],[202,-130],[-77,-39],[-19,-508],[-84,-67],[154,-287],[-559,441]],[[64455,15517],[-329,45],[-43,52],[59,52],[-123,37],[-7,108]],[[63752,15898],[-41,208],[38,166]],[[62982,15394],[-33,-38],[-12,24],[45,14]],[[62669,15822],[-41,260],[40,177],[-50,103],[54,148],[-81,38]],[[62591,16548],[29,150],[273,-72],[528,150]],[[63421,16776],[1,-118],[71,-64],[65,37],[-14,147]],[[63544,16778],[119,1]],[[63663,16779],[214,-170],[-80,-120],[52,-172],[-100,-45]],[[63749,16272],[-38,-207],[41,-167]],[[63752,15898],[100,-5],[-16,-78],[176,-4]],[[64012,15811],[-62,-173],[-123,-100],[-206,18],[-124,-38],[-15,-78],[-122,5],[-691,377]],[[63897,15559],[104,168],[135,-49],[-56,-87],[78,-31],[-117,-91],[-144,90]],[[64294,15264],[-467,274],[21,49],[192,-118],[122,94],[293,-46]],[[64455,15517],[-12,-101],[-138,-30],[-11,-122]],[[87220,46834],[94,19],[-33,-106],[-61,87]],[[87027,46989],[170,22],[9,-116],[-169,-51],[-10,145]],[[87175,46972],[89,-80],[-94,37],[5,43]],[[87151,46840],[80,55],[48,-148],[-93,17],[-35,76]],[[87175,46972],[34,42],[21,-48],[-55,6]],[[87299,46887],[-37,99],[30,52],[44,-68],[-37,-83]],[[87401,46846],[-1,13],[10,-14],[-9,1]],[[87295,46801],[9,67],[96,37],[-21,-111],[-84,7]],[[87342,46865],[-32,97],[12,-6],[9,10],[2,-1],[9,-100]],[[87332,46615],[93,46],[42,-308],[-146,142],[11,120]],[[87147,46548],[17,208],[117,-9],[49,-245],[-183,46]],[[87288,46775],[91,19],[29,-83],[-142,-35],[22,99]],[[87455,46699],[-60,-70],[-71,53],[95,72],[36,-55]],[[87601,46888],[3,6],[-3,-8],[0,2]],[[87577,46935],[-73,13],[74,12],[-1,-25]],[[87633,46947],[122,313],[199,-136],[-142,-421],[-59,-428],[-76,-34],[-56,97],[62,188],[-50,421]],[[87468,46382],[24,29],[13,-38],[-37,9]],[[87474,46619],[-1,11],[2,1],[-1,-12]],[[87537,46505],[17,-100],[-13,-10],[-4,110]],[[87655,46488],[-14,9],[19,5],[-5,-14]],[[87577,46558],[39,32],[-9,-24],[-30,-8]],[[87509,46598],[-17,8],[17,29],[0,-37]],[[87460,46724],[43,26],[-2,-26],[-41,0]],[[87521,46583],[32,121],[11,-147],[-43,26]],[[87561,46495],[110,32],[-60,-45],[20,-115],[-49,-29],[-21,157]],[[87470,46497],[40,10],[-27,-63],[-13,53]],[[87522,46536],[-17,52],[27,-42],[-10,-10]],[[87590,46524],[-39,20],[56,-11],[-17,-9]],[[87318,47368],[-11,87],[50,-50],[-39,-37]],[[87261,47167],[21,-7],[-4,-23],[-17,30]],[[87287,47219],[-14,83],[15,0],[-1,-83]],[[87129,47230],[10,-72],[-72,-47],[78,219],[63,32],[-79,-132]],[[87168,47245],[9,-29],[-21,19],[12,10]],[[87156,47006],[35,68],[-5,-69],[-30,1]],[[87116,47041],[38,-31],[-69,-1],[31,32]],[[86967,47037],[51,71],[33,35],[-11,-109],[-73,3]],[[86994,47015],[32,20],[80,-1],[-90,-63],[-22,44]],[[87136,46956],[-51,53],[71,-3],[-20,-50]],[[87102,47112],[35,44],[33,-63],[-21,-32],[-47,51]],[[87029,47088],[35,65],[68,-84],[-26,-35],[-77,54]],[[86764,47496],[80,24],[34,56],[-59,-172],[-55,92]],[[86774,47301],[-41,96],[56,28],[-15,-124]],[[86790,47341],[29,63],[21,-42],[-50,-21]],[[86750,47184],[-15,86],[30,-79],[-15,-7]],[[86738,47244],[36,57],[-7,-63],[-29,6]],[[86773,47290],[56,70],[12,-71],[-68,1]],[[86847,47243],[-25,57],[48,-15],[-23,-42]],[[86775,47255],[46,40],[-6,-48],[-40,8]],[[86835,47283],[60,51],[9,-54],[-69,3]],[[86824,47161],[0,86],[50,-31],[-50,-55]],[[86775,47179],[42,33],[0,-35],[-42,2]],[[86765,47222],[49,25],[3,-35],[-52,10]],[[86847,47219],[41,61],[11,-48],[-52,-13]],[[86885,47372],[39,61],[48,-60],[-47,-55],[-40,54]],[[87118,47291],[-179,-157],[65,242],[114,-85]],[[86921,47106],[118,69],[-35,-70],[-83,1]],[[86912,47231],[-17,103],[64,-91],[-47,-12]],[[86912,47309],[37,109],[55,-42],[-45,-133],[-47,66]],[[86914,47193],[-15,65],[41,-32],[-26,-33]],[[86807,47429],[49,80],[25,-80],[-74,0]],[[86897,47474],[-19,102],[36,-7],[-17,-95]],[[86906,47411],[-16,47],[34,-22],[-18,-25]],[[86943,47413],[-72,67],[90,-49],[-18,-18]],[[86817,47409],[60,15],[7,-60],[-41,-3],[-26,48]],[[86864,47319],[-17,52],[37,-7],[-20,-45]],[[86959,46984],[-1,-69],[-26,-18],[-24,78],[51,9]],[[86941,47016],[26,42],[47,-85],[-73,43]],[[86988,46939],[-24,73],[68,-54],[-44,-19]],[[86935,46897],[53,42],[-7,-53],[-46,11]],[[86990,46863],[43,113],[-2,-145],[-41,32]],[[86822,46884],[40,11],[-21,-31],[-19,20]],[[86879,46926],[15,66],[38,-95],[-53,29]],[[86806,46903],[35,47],[-18,-51],[-17,4]],[[86871,46889],[4,62],[26,-35],[-30,-27]],[[86926,46852],[-27,58],[55,-22],[-28,-36]],[[86879,46884],[47,-32],[-13,-29],[-15,3],[-19,58]],[[86838,46983],[21,-52],[-34,35],[13,17]],[[86749,46855],[84,27],[-37,-65],[-47,38]],[[86928,46687],[68,64],[15,-86],[-83,22]],[[86909,46728],[9,60],[40,-48],[-49,-12]],[[87011,46802],[-16,81],[36,-52],[-20,-29]],[[86908,46802],[50,88],[23,-4],[-10,-75],[-63,-9]],[[87011,46665],[67,191],[108,-90],[-35,-138],[-140,37]],[[86964,46739],[-55,63],[62,9],[-7,-72]],[[86990,46741],[-19,70],[54,-5],[-35,-65]],[[86824,46727],[56,40],[-6,-45],[-50,5]],[[86807,46804],[29,65],[19,-34],[-48,-31]],[[86876,46735],[37,25],[-4,-32],[-33,7]],[[86814,46793],[33,44],[71,-49],[-5,-28],[-99,33]],[[86855,46835],[22,51],[21,-60],[-43,9]],[[86819,46571],[44,64],[-22,-69],[-22,5]],[[86844,46588],[131,9],[5,-71],[-59,-32],[-77,94]],[[86726,46572],[20,162],[94,-92],[-28,-161],[-86,91]],[[86817,46563],[54,-3],[48,-58],[-107,-21],[5,82]],[[86792,46659],[-24,192],[100,-181],[-76,-11]],[[86943,46632],[46,-37],[-49,14],[3,23]],[[86905,46614],[25,86],[46,-54],[-71,-32]],[[86915,46673],[-39,62],[59,-11],[-20,-51]],[[86863,46636],[48,40],[-6,-62],[-42,22]],[[86599,46792],[56,62],[-12,-68],[-44,6]],[[86614,46756],[-16,36],[45,-6],[-29,-30]],[[86558,46738],[31,36],[14,-32],[-45,-4]],[[86654,46843],[41,-34],[-7,-32],[-48,-11],[14,77]],[[86585,46772],[-17,37],[41,4],[-24,-41]],[[86469,46756],[93,36],[5,-148],[-69,64],[-37,-52],[8,100]],[[86646,46915],[-282,85],[33,100],[194,-39],[55,-146]],[[86646,46915],[38,40],[-11,-68],[-27,28]],[[86656,46859],[40,36],[17,-82],[-57,46]],[[86613,46851],[6,72],[54,-36],[-60,-36]],[[86445,46744],[-26,214],[55,10],[139,-117],[-168,-107]],[[86708,46869],[4,50],[50,-59],[-54,9]],[[86707,46795],[49,43],[7,-45],[-56,2]],[[86673,46887],[49,69],[69,-76],[-118,7]],[[86710,46833],[40,27],[7,-18],[-47,-9]],[[86773,46919],[23,42],[19,-27],[-42,-15]],[[86749,46926],[-52,49],[61,-6],[-9,-43]],[[86668,47163],[85,-30],[-86,-21],[1,51]],[[86337,47225],[216,-44],[58,-125],[-214,44],[-60,125]],[[86642,47204],[50,28],[9,-19],[-21,-69],[-38,60]],[[86681,47183],[45,-9],[-48,-13],[3,22]],[[86589,46986],[109,69],[30,-53],[-139,-16]],[[86600,47041],[58,103],[37,-67],[-95,-36]],[[86563,47133],[78,83],[0,-69],[-78,-14]],[[86836,46996],[-39,61],[48,-12],[-9,-49]],[[86851,47043],[7,40],[5,-19],[-12,-21]],[[86793,46965],[28,14],[-2,-25],[-26,11]],[[86838,46983],[9,55],[10,-59],[-19,4]],[[86865,47008],[-2,56],[26,-38],[-24,-18]],[[86825,46966],[-18,59],[32,-48],[-14,-11]],[[86838,47045],[-35,9],[30,24],[5,-33]],[[86793,46965],[-6,46],[17,-21],[-11,-25]],[[86908,47044],[12,36],[14,-21],[-26,-15]],[[86895,47061],[-8,43],[35,-9],[-27,-34]],[[86870,46958],[9,48],[15,-13],[-24,-35]],[[86895,47014],[8,48],[5,-44],[-13,-4]],[[86946,46976],[-24,118],[43,-11],[-19,-107]],[[86902,46976],[6,42],[32,-45],[-38,3]],[[86861,47105],[19,42],[-5,-41],[-14,-1]],[[86753,47133],[37,55],[-24,-71],[-13,16]],[[86944,47154],[-22,-35],[-43,20],[65,15]],[[86868,47145],[40,49],[-12,-56],[-28,7]],[[86823,47161],[-34,27],[3,1],[31,-28]],[[86875,47125],[47,-6],[18,13],[-19,-26],[-46,19]],[[86906,47149],[26,56],[12,-51],[-38,-5]],[[86803,47052],[-11,57],[43,-10],[-32,-47]],[[86774,47139],[26,-31],[-25,-13],[-1,44]],[[86833,47073],[30,55],[19,-82],[-49,27]],[[86797,47104],[24,43],[-3,-44],[-21,1]],[[86839,47095],[-20,60],[38,-27],[-18,-33]],[[86838,47164],[30,-12],[-46,3],[16,9]],[[86691,47107],[93,9],[-104,-58],[11,49]],[[86755,46995],[13,34],[9,-22],[-22,-12]],[[86709,47020],[37,67],[9,-61],[-46,-6]],[[86777,47007],[2,56],[16,-37],[-18,-19]],[[86750,47071],[30,24],[22,-42],[-52,18]],[[86747,46961],[-1,61],[20,-30],[-19,-31]],[[70974,77543],[50,69],[-9,-76],[-41,7]],[[70953,78062],[-1,2],[1,-1],[0,-1]],[[70925,78078],[8,11],[5,-9],[-13,-2]],[[70810,78139],[138,-220],[-48,-107],[37,-100],[-61,43],[-92,353]],[[70974,77607],[85,83],[71,-57],[-156,-26]],[[70914,77392],[-38,339],[165,-65],[-70,-46],[3,-232],[-60,4]],[[70913,77870],[39,66],[43,-74],[-41,-146],[-41,154]],[[70957,77728],[38,134],[22,-8],[86,-173],[-146,47]],[[70972,77228],[85,62],[2,-43],[-87,-19]],[[71101,77486],[-3,115],[38,-114],[-35,-1]],[[71009,77446],[48,22],[14,-22],[-31,-79],[-31,79]],[[70988,77226],[96,96],[42,-15],[-37,-112],[-101,31]],[[71625,77509],[4,4],[-2,-5],[-2,1]],[[71560,77978],[-9,6],[13,-3],[-4,-3]],[[71593,77503],[20,-33],[-32,-16],[12,49]],[[71126,77307],[37,236],[123,116],[11,-678],[-138,31],[-80,-217],[87,-223],[-81,-3],[-113,104],[20,182],[-71,84],[158,-35],[23,105],[-113,29],[6,63],[131,206]],[[70997,77448],[0,96],[67,-79],[-67,-17]],[[70998,77458],[-9,-420],[110,-70],[-46,-91],[-129,94],[68,-119],[-93,-61],[-120,351],[100,386],[47,-6],[-5,-135],[77,71]],[[71029,77499],[28,41],[-20,-42],[-8,1]],[[71057,77486],[15,79],[24,-29],[-39,-50]],[[70997,77289],[62,70],[-2,-69],[-60,-1]],[[71060,77463],[75,24],[-28,-94],[-47,70]],[[71065,77291],[15,119],[48,-51],[-63,-68]],[[71017,77535],[50,73],[13,-44],[-63,-29]],[[71042,77437],[50,-34],[-32,-49],[-18,83]],[[71821,76631],[-6,-1],[-4,11],[10,-10]],[[71818,76642],[-3,3],[1,2],[2,-5]],[[71785,76683],[-2,-4],[-2,6],[4,-2]],[[71783,76694],[-8,0],[6,3],[2,-3]],[[71635,76847],[3,-37],[-15,31],[12,6]],[[71210,76837],[-6,116],[-71,-33],[48,106],[116,-46],[-38,139],[62,1],[128,-311]],[[71536,76794],[123,-512],[112,-136],[-4,-292],[-147,20],[-129,-169],[-197,65],[-28,204],[118,139],[-59,216]],[[71781,75894],[-97,-88],[-5,-10],[-6,-100],[12,72],[24,-9],[31,11],[14,44],[26,-116],[-102,-17],[-114,75],[56,118],[161,20]],[[71713,75762],[0,6],[3,0],[-3,-6]],[[71946,75034],[-1,2],[2,4],[-1,-6]],[[71966,75149],[-12,8],[14,-4],[-2,-4]],[[72006,75328],[-11,8],[11,-2],[0,-6]],[[71960,75132],[-2,0],[0,3],[2,-3]],[[71991,75341],[-4,1],[1,3],[3,-4]],[[71960,75388],[-7,10],[-3,8],[10,-18]],[[71982,75340],[-6,-3],[-1,7],[7,-4]],[[71979,75358],[-3,0],[2,2],[1,-2]],[[70979,75112],[-129,85],[30,125],[-45,66],[91,-63],[46,260],[204,-72],[133,264],[182,-72],[75,76],[143,-104],[75,65],[152,-330],[-89,-175],[-7,-383],[-70,-138],[-96,-65]],[[72277,73942],[-7,-1],[-2,4],[9,-3]],[[71908,74615],[-2,-1],[1,1],[1,0]],[[72239,73962],[10,0],[0,-1],[-10,1]],[[72030,73068],[29,-35],[-35,3],[6,32]],[[72086,73032],[-3,2],[2,1],[1,-3]],[[72228,73975],[-4,31],[11,-24],[-7,-7]],[[72235,73973],[0,0]],[[71997,74275],[0,16],[11,-14],[-11,-2]],[[72058,74248],[-13,4],[-1,12],[14,-16]],[[72050,74284],[-1,8],[4,-4],[-3,-4]],[[72042,74270],[1,9],[1,-9],[-2,0]],[[71996,73133],[20,-18],[-33,-6],[13,24]],[[72005,73171],[-23,1],[18,14],[5,-15]],[[72018,73144],[-16,15],[10,2],[6,-17]],[[71921,73862],[7,-2],[-3,-3],[-4,5]],[[71994,73873],[-34,83],[69,-41],[-35,-42]],[[71981,74315],[-14,4],[6,11],[8,-15]],[[71927,73361],[74,-60],[-6,-36],[5,-53],[-73,149]],[[72030,73155],[-31,108],[6,38],[-5,17],[33,-66],[-3,-97]],[[71977,73219],[13,-37],[-14,16],[1,21]],[[72330,73367],[-10,2],[4,6],[6,-8]],[[71948,74369],[-29,16],[22,19],[7,-35]],[[71907,74445],[-6,10],[12,-4],[-6,-6]],[[71920,74524],[-2,6],[3,2],[-1,-8]],[[72148,73542],[-51,293],[58,-124],[120,-9],[-66,-223],[180,-292],[-115,-218],[-181,49],[-66,318],[-261,345],[122,37],[150,-125],[45,-9],[42,-38],[23,-4]],[[72110,73565],[18,15],[7,-30],[-25,15]],[[72319,73718],[-2,-2],[0,1],[2,1]],[[71941,74605],[25,-75],[-63,53],[38,22]],[[70697,75146],[181,51],[101,-85]],[[70979,75112],[11,112],[209,-99],[58,-177],[342,-113],[75,-184]],[[71674,74651],[142,196],[56,-34],[-40,-350],[-130,-193],[-73,-392],[26,-213],[263,-321],[57,-235],[72,-20],[-26,-22],[2,-40],[88,-46]],[[71163,73230],[-99,24],[-62,111],[211,205],[-67,303],[-71,71],[-144,-35],[43,195],[-137,57],[25,150],[-65,62],[133,305],[-63,251]],[[71210,76837],[109,-19],[118,-196],[-40,-139],[55,-132],[-127,-22]],[[71325,76329],[55,-258],[-114,-97],[38,-203],[-128,-258],[-267,116],[112,75]],[[71023,76159],[30,10],[26,60]],[[70979,76211],[145,215],[46,-29],[-91,398],[93,163],[38,-121]],[[71399,77304],[-1,1],[2,-1],[-1,0]],[[71536,76794],[-87,15]],[[71449,76809],[-133,314],[5,305],[-61,153],[150,3],[28,95],[83,-93],[-123,-246],[-25,-214],[163,-332]],[[71386,77622],[1,-10],[-4,14],[3,-4]],[[70520,79320],[9,11],[17,-33],[-26,22]],[[70685,79058],[-9,0],[3,8],[6,-8]],[[70665,79067],[-5,6],[6,1],[-1,-7]],[[70677,79071],[-4,1],[1,1],[3,-2]],[[70141,80375],[-71,-178],[170,210],[104,-88],[136,-362],[-68,-223],[-7,-95],[101,-261],[-153,-179],[-10,-370],[-128,-260],[-175,127],[-9,133]],[[69737,79350],[-158,64],[-159,211],[4,93],[120,-11],[105,251],[-43,314],[65,59],[70,-19],[55,87]],[[70418,79684],[-2,1],[1,2],[1,-3]],[[70810,78139],[-26,-31]],[[70784,78108],[-215,118]],[[70595,78375],[-179,-58]],[[70412,78514],[-120,269],[154,10],[262,-602],[102,-52]],[[70489,76886],[81,-95],[47,-335],[-122,-110],[-101,64],[-51,433],[-72,64],[32,122],[87,-42],[17,-133]],[[70007,76093],[332,242],[79,-63],[112,-420]],[[70652,75485],[142,-11],[85,-148],[-21,-140],[-161,-40]],[[70697,75146],[-10,-122],[180,-95]],[[70867,74929],[62,-238],[-134,-356],[67,-24],[-17,-164],[129,-43],[-45,-191],[146,31],[120,-258],[6,-170],[-199,-151],[111,-152],[-118,-229]],[[69842,72918],[-104,-192],[-175,83]],[[69134,73328],[-206,38],[-42,109],[47,547]],[[70519,77656],[-13,661],[89,58]],[[70595,78375],[-26,-149]],[[70569,78226],[281,-194],[47,-298],[-55,-22],[64,-119],[-79,-295],[-154,12],[-57,177],[-117,-17],[-71,153]],[[70703,77017],[92,11],[104,-237],[74,-9],[35,-165],[113,-16],[59,-169],[-201,-221]],[[70979,76211],[100,18]],[[71079,76229],[-56,-70]],[[71023,76159],[22,-266],[-110,223],[-66,-34],[71,-219],[-41,-22],[122,-137]],[[71021,75704],[-112,-49],[62,-80],[-45,-250],[-149,160],[-125,0]],[[70652,75485],[62,71],[-100,57],[11,218],[-95,21]],[[70530,75852],[-94,389],[-83,78],[41,91],[137,-66],[82,122],[-54,330]],[[70703,77017],[-12,-112],[-132,-109]],[[70559,76796],[-70,90]],[[70489,76886],[-82,-32]],[[70407,76854],[-152,368],[7,265],[354,0],[0,-124],[203,-72],[-41,-153],[40,-75],[-115,-46]],[[79182,46203],[-195,-1373],[-788,124],[-180,-296]],[[78069,43120],[167,-253],[-59,-142],[-159,-122],[-4366,6],[24,392]],[[74005,45506],[43,285],[692,26]],[[81164,51600],[-52,234],[85,92]],[[81180,52211],[60,221],[169,-135],[282,-41],[-24,-162],[55,-123],[-53,-81],[118,-201]],[[82474,51049],[216,-120],[74,38],[19,-141],[-92,39]],[[82889,49888],[36,-127],[-405,-201]],[[82208,48640],[-1,-217],[-204,-20],[-230,62]],[[81445,48466],[-229,43],[-97,140],[-114,186],[192,808],[-18,164]],[[80744,44466],[-20,145],[29,226]],[[81274,43911],[-211,-180],[-30,99],[-224,190],[8,171]],[[81274,43911],[86,680],[-131,18],[17,160],[-493,68]],[[80753,44837],[-9,-371]],[[80744,44466],[78,-14],[38,-268],[-43,7]],[[80817,44191],[17,-276],[-99,-84]],[[80735,43831],[-130,70],[-297,-88],[-83,-95],[-554,12]],[[79671,43730],[-93,-74],[-195,177],[-184,-2]],[[79199,43831],[-110,-59],[-141,-293],[-197,-39],[-365,-364],[-103,-19]],[[78283,43057],[-52,-167],[-162,230]],[[78069,43120],[12,453],[-146,19],[84,1066]],[[78019,44658],[160,263],[808,-91],[113,682]],[[81698,45566],[161,80],[217,-243]],[[83395,45053],[194,-366],[214,12],[174,-184],[-30,-195],[-123,-138]],[[83826,43976],[-98,-79],[10,-97],[-454,-738],[-63,-597],[158,-61],[53,200]],[[83533,42573],[-5,-174],[-235,-313],[-170,35],[-76,184],[-14,475],[-370,293],[-127,-21],[-75,297],[-155,29],[-67,123],[-338,157]],[[81901,43658],[-258,-124]],[[81643,43534],[-169,69],[-206,-45],[-192,138],[198,215]],[[78402,51144],[-82,279]],[[79355,51434],[20,167],[140,-24]],[[79778,51699],[274,108]],[[80321,51662],[74,150],[88,55],[136,-72],[33,113],[261,-1],[109,-108],[96,9],[46,-208]],[[81164,51600],[-133,-73],[-108,-434],[71,-122],[-32,-210],[191,-118],[-41,-573],[168,-28],[-29,-248],[-72,13]],[[81179,49807],[10,-226],[-184,-746],[203,-307],[-67,-85]],[[80588,47998],[-71,-31],[-204,79]],[[79754,48169],[-254,-4],[-58,122],[114,50],[-173,539],[207,160],[-46,63],[85,407],[-69,67],[57,-10]],[[77667,49526],[-110,40],[16,151]],[[75541,54250],[345,255],[179,-93]],[[77748,52833],[227,4]],[[78162,52545],[-88,-84],[4,-71]],[[78152,52417],[32,-110],[58,41],[-10,-120],[-180,-127]],[[78343,51639],[-30,-194],[89,-301]],[[78402,51144],[179,-26],[5,-181],[-123,-235],[-18,-321],[529,93],[228,-173],[131,11],[9,84],[301,-27],[21,62],[246,-76],[-22,-181],[-153,-29],[-142,-217],[91,-15],[-56,-82],[-11,-268]],[[79617,49563],[-63,-43],[75,-14],[-67,-166],[-17,-260],[45,-44],[-200,-100],[166,-599],[-114,-75],[138,-96]],[[79196,47532],[-96,-214],[84,-185],[-67,-699]],[[79209,46418],[-27,-215]],[[79182,46203],[-155,9],[7,139],[-524,76],[10,96],[-301,48],[-20,127],[-84,-147],[-363,54],[10,109],[-249,-7],[32,-329],[-336,51],[15,146],[-382,80],[-283,-248],[-221,207],[-186,-167],[-87,131],[-97,-89],[14,159],[-216,35],[-5,-119],[-578,9],[-26,-243],[-117,11],[-47,-401],[-245,40],[-8,-163]],[[74740,45817],[-330,56],[-12,-100],[-382,19],[72,928]],[[73915,46745],[-50,263],[122,1085],[-141,49],[71,366]],[[74556,50823],[190,116],[17,390]],[[77667,49526],[145,45],[-65,200],[-174,-54]],[[77573,49717],[-11,-109],[105,-82]],[[80313,48046],[275,-48]],[[80588,47998],[7,169],[69,-12],[9,81],[220,50],[97,186],[151,-29]],[[81141,48443],[35,88],[269,-65]],[[81445,48466],[-8,57],[138,30],[138,-142],[60,54]],[[81773,48465],[421,-46],[-81,-630],[-96,-139]],[[82054,47337],[49,-281],[-190,-407]],[[81796,45680],[62,-46],[-160,-68]],[[81698,45566],[-15,-83],[-113,4],[-13,-109],[-254,124],[-16,178],[-314,51],[-236,-201],[-312,82],[-8,-79],[-290,53],[-315,-113],[-712,39]],[[79100,45512],[109,906]],[[79209,46418],[-92,16]],[[79117,46434],[73,622],[-93,239],[99,237]],[[79196,47532],[198,208],[-80,88],[266,338]],[[79580,48166],[174,3]],[[79754,48169],[36,100],[15,-247],[193,95],[179,-151],[128,5],[8,75]],[[83635,47738],[-216,123],[27,200]],[[83698,48220],[180,191],[-36,222],[164,-101],[195,45],[158,153]],[[84460,48956],[88,-13],[74,105],[121,-26],[19,-120],[-84,-87],[91,-32]],[[84715,48615],[208,58],[-46,-161],[206,-194],[-61,-14],[57,-148],[-73,48]],[[85051,47538],[-18,-339],[-78,-108],[-156,143],[-111,-37],[-38,174],[-123,-46]],[[84487,47267],[34,-16],[7,-9],[1,-9],[-122,96],[-44,-14],[30,-77],[-190,-25],[-21,98]],[[83324,47924],[311,-186]],[[83635,47738],[82,-185],[133,27],[-18,-136],[137,-126],[213,-7]],[[84182,47311],[-13,-80],[137,-9],[4,-105],[-147,-34],[111,-125],[-13,-68],[-148,-43],[-8,-160],[-80,-94]],[[83812,46713],[-116,-98],[-212,73]],[[83075,46663],[-161,318]],[[82877,46906],[-270,85],[23,303],[237,-22],[174,-75],[-8,-65],[130,48],[51,233]],[[82076,45403],[-280,277]],[[81796,45680],[117,969]],[[81913,46649],[168,266]],[[82282,46729],[261,-35],[62,35],[15,227],[257,-50]],[[82877,46906],[37,75]],[[82914,46981],[308,-651],[125,-122],[-11,-82],[359,-228],[-94,-462]],[[83405,45188],[-10,-135]],[[83395,45053],[-364,-118],[-490,73],[19,212],[-475,83],[-9,100]],[[83075,46663],[104,94],[148,-223],[136,-27],[21,181]],[[83484,46688],[160,-77],[168,102]],[[83812,46713],[213,-120]],[[84025,46593],[28,103],[130,-63],[-11,-241],[-131,-408],[-142,-49]],[[83790,45761],[-108,9],[10,136],[-356,219],[10,81],[-124,124],[-147,333]],[[82208,48640],[-56,48],[61,488],[233,-40],[74,424]],[[82520,49560],[435,201],[339,-335],[57,-310]],[[83565,49056],[124,-327],[142,-79],[69,-148],[-202,-282]],[[83698,48220],[-27,-199],[-225,40]],[[83446,48061],[-26,-200],[-96,63]],[[83324,47924],[-134,-45],[-57,-398],[81,-68]],[[83214,47413],[-57,-280],[-527,161],[-25,-565],[-223,-29],[-100,29]],[[82282,46729],[0,109],[-129,-34],[-72,111]],[[82081,46915],[28,262],[-55,160]],[[82054,47337],[53,83],[-90,230]],[[82017,47650],[129,289],[62,701]],[[84260,46112],[199,259],[71,-33],[48,82],[329,-292]],[[84932,45848],[81,-138],[136,-88],[-2,-16],[-487,16],[-224,-53]],[[84426,45455],[-483,62]],[[83912,45649],[-249,43],[18,78],[109,-9]],[[83790,45761],[109,174]],[[83899,45935],[146,65],[60,257]],[[84589,45026],[-27,140],[777,364],[84,-15],[74,-355],[128,-232]],[[85598,44836],[74,-46],[-168,-160]],[[85504,44630],[-59,-201],[-170,13],[-200,-249]],[[85075,44193],[-119,47],[-207,-138],[-103,487],[22,115],[139,3],[-23,204],[-70,13],[-4,94]],[[83601,45436],[29,256],[282,-43]],[[83912,45649],[31,-132]],[[83943,45517],[137,-42],[29,63],[317,-83]],[[84426,45455],[10,114]],[[84436,45569],[375,67],[135,-50],[100,70],[401,-90],[-885,-400],[22,-178],[-59,-20],[-121,-369],[269,94],[14,-471],[63,-133],[-144,-124],[-39,71],[-257,-17]],[[83957,44370],[-21,225],[-133,104],[-184,-39],[-77,84],[-151,354],[14,90]],[[83405,45188],[108,44],[25,214],[63,-10]],[[84539,43478],[-138,119],[15,78],[103,-5]],[[83826,43976],[-2,206]],[[83824,44182],[133,188]],[[83957,44370],[353,-351]],[[84310,44019],[182,15],[136,-465]],[[84628,43569],[142,-125],[-73,-68],[-60,-342],[49,-41],[-58,-123]],[[84628,42870],[-190,-62],[-164,57],[-46,-160],[-120,24],[-79,243],[-54,2],[-160,-170],[-195,-68],[-87,-163]],[[83533,42573],[-101,31]],[[83432,42604],[-34,-187],[-145,14],[-54,83],[60,109],[25,439],[542,914]],[[84539,43478],[-20,192]],[[84519,43670],[-120,-38],[54,-136],[86,-18]],[[84589,45026],[121,-8]],[[84710,45018],[97,-311],[-403,-108],[185,427]],[[77408,58365],[-139,18],[50,183]],[[77485,58921],[52,17],[31,-95],[67,86],[152,-49],[10,295]],[[78123,59462],[-70,203],[152,109]],[[78822,60303],[73,-1],[111,-117]],[[79152,59617],[354,117],[140,-68],[-69,-342],[93,-106]],[[79647,59004],[97,-27],[28,-198],[-79,-110]],[[79711,58293],[23,-138],[310,102]],[[80039,58020],[370,-565],[-24,-118]],[[79914,56786],[-3,-203],[-391,-8]],[[79422,54768],[12,-285],[-57,4]],[[78190,54516],[-132,53],[-40,207],[92,109]],[[78161,57132],[-355,44],[10,74],[-240,36]],[[75282,60190],[216,330],[218,112]],[[75755,60757],[157,41],[60,145],[110,-246],[243,-147],[118,37]],[[77296,59513],[-264,-524]],[[77075,58483],[9,-136],[123,62],[201,-44]],[[77408,58365],[-60,-155],[41,-4],[-16,-342],[-75,-197],[197,-37],[-24,-240],[115,-18],[-10,-86]],[[77576,57286],[585,-154]],[[78161,57132],[-13,-163],[285,-43],[37,-87],[0,-77],[-194,-140],[-52,-135],[49,-195],[-16,-805],[-141,-314],[40,-91],[-46,-197]],[[78110,54885],[-90,-98],[27,-185],[-72,32],[-168,-167],[34,-47],[-83,-71],[-52,-218],[7,-175]],[[78065,53078],[-88,-256],[-229,11]],[[77748,52833],[-233,171],[2,169],[70,92],[-30,89],[-133,-6],[-38,-84],[-212,176],[-338,-29],[-231,138],[-153,323],[-161,47],[-140,196],[-86,297]],[[76065,54412],[-226,88],[-276,428],[-193,14],[-339,-305]],[[74476,54537],[-56,-73]],[[72958,55729],[-104,124],[251,118]],[[74393,58427],[-74,201],[98,384],[-74,324]],[[76243,58280],[47,289],[64,-264],[-111,-25]],[[81414,58923],[50,-71],[-23,-42],[-53,50],[26,63]],[[81551,58729],[156,-205]],[[81661,58446],[191,77],[328,-204],[-45,-156]],[[82046,57911],[-135,-189],[-82,30],[-156,-232],[-200,43],[-111,-76],[-18,364]],[[81349,58161],[-108,69],[-111,3],[9,-32],[-32,11],[-17,-27],[-10,-7],[-18,3],[-30,102],[169,131],[60,-42],[61,228],[-37,98],[132,-91]],[[82081,59113],[-2,4],[2,1],[0,-5]],[[81929,59197],[25,72],[28,98],[89,-161],[-96,-159],[-42,51],[56,68],[-60,31]],[[81583,58928],[-110,20],[-4,-41],[-58,17],[87,153],[96,-57],[-11,-92]],[[81440,59287],[34,-142],[-182,-71],[-44,-112],[-60,272],[-121,-61],[-52,61],[221,280],[128,-21]],[[81140,58647],[74,125],[96,-66],[-34,-294],[-240,-84],[-46,253],[150,66]],[[81436,58874],[103,58],[-28,-142],[-75,84]],[[81349,58161],[-95,-39],[-9,-89],[184,-198],[-85,16]],[[81344,57851],[-5,-363],[-173,99]],[[81012,57610],[-46,-45],[-5,166]],[[80824,57907],[54,199],[157,-60],[89,162],[225,-47]],[[81411,58924],[29,215],[85,62],[57,-168],[-77,49],[-19,-99],[-75,-59]],[[81352,58899],[58,28],[-25,-69],[-33,41]],[[81352,58899],[-61,174],[119,64],[28,-63],[-86,-175]],[[81217,58869],[156,8],[-1,-184],[-168,71],[13,105]],[[81551,58729],[-134,-122]],[[81417,58607],[-53,239],[109,4],[78,-121]],[[82052,58434],[-12,13],[14,-12],[-2,-1]],[[82033,58908],[6,3],[6,-1],[-12,-2]],[[82148,58418],[-42,-12],[-17,31],[59,-19]],[[82085,58418],[-11,24],[13,-23],[-2,-1]],[[82146,58449],[-27,22],[43,10],[-16,-32]],[[81814,59273],[46,140],[103,-57],[-34,-159],[62,-81],[-73,-41],[243,-520],[-29,-68],[-284,36],[-187,-77]],[[81661,58446],[46,78]],[[81707,58524],[-196,266],[29,166],[62,-2],[-81,347]],[[82309,58954],[-13,1],[0,4],[13,-5]],[[82116,59030],[-7,1],[1,3],[6,-4]],[[82273,59067],[5,-3],[-2,-3],[-3,6]],[[82276,59074],[-9,0],[0,1],[9,-1]],[[82591,59486],[21,-15],[-23,7],[2,8]],[[82623,59497],[3,-2],[-3,1],[0,1]],[[80994,62175],[-3,3],[3,4],[0,-7]],[[80999,62178],[-3,2],[0,2],[3,-4]],[[82205,59130],[-12,18],[16,-16],[-4,-2]],[[82343,59758],[-6,3],[4,2],[2,-5]],[[82201,59804],[-10,-4],[2,6],[8,-2]],[[82437,60711],[-15,19],[1,5],[14,-24]],[[81634,61888],[-2,-1],[1,2],[1,-1]],[[80093,61942],[0,17],[7,-13],[-7,-4]],[[80039,62061],[-9,8],[10,3],[-1,-11]],[[80932,62112],[23,48],[19,-7],[-42,-41]],[[80999,62170],[-1,-2],[1,3],[0,-1]],[[81076,62209],[2,2],[-1,-2],[-1,0]],[[81085,62235],[-5,4],[2,3],[3,-7]],[[81054,62286],[-4,4],[1,4],[3,-8]],[[79951,62405],[-3,6],[7,1],[-4,-7]],[[81740,62571],[-10,9],[-5,15],[15,-24]],[[80255,62672],[-10,-1],[6,12],[4,-11]],[[80487,62701],[-2,1],[1,1],[1,-2]],[[81253,62728],[-8,4],[5,11],[3,-15]],[[79935,62735],[-7,2],[9,3],[-2,-5]],[[81681,62755],[-4,1],[1,2],[3,-3]],[[79909,62764],[-6,-2],[-2,2],[8,0]],[[79897,62791],[-4,1],[2,1],[2,-2]],[[81665,62819],[12,-11],[-9,-1],[-3,12]],[[81726,62855],[-5,13],[6,-12],[-1,-1]],[[79876,62849],[-15,37],[22,-39],[-7,2]],[[80013,62890],[-4,2],[2,2],[2,-4]],[[81104,62916],[-6,-3],[0,5],[6,-2]],[[80047,62918],[-4,2],[0,2],[4,-4]],[[80565,62967],[-4,-1],[2,2],[2,-1]],[[81796,62976],[-4,-3],[0,3],[4,0]],[[80533,62986],[-1,-4],[-3,5],[4,-1]],[[81774,63005],[-3,1],[3,1],[0,-2]],[[80490,63010],[-2,-2],[0,2],[2,0]],[[81772,63011],[-2,-1],[2,4],[0,-3]],[[80530,63033],[-21,26],[22,20],[-1,-46]],[[80218,62728],[-10,2],[11,6],[-1,-8]],[[80488,62744],[-3,-1],[1,2],[2,-1]],[[80494,62753],[-3,0],[1,1],[2,-1]],[[80551,62975],[-5,1],[4,5],[1,-6]],[[80552,63006],[-18,5],[16,7],[2,-12]],[[80755,63069],[-3,-3],[1,5],[2,-2]],[[82159,59235],[-2,2],[3,2],[-1,-4]],[[82387,59319],[-23,4],[18,16],[5,-20]],[[82182,59810],[-3,-2],[-2,2],[5,0]],[[82353,60940],[3,-5],[-6,-3],[3,8]],[[80899,62151],[0,0]],[[81056,62271],[-5,5],[7,-3],[-2,-2]],[[80930,62760],[-29,4],[29,0],[0,-4]],[[81107,62790],[-3,17],[10,-18],[-7,1]],[[79975,62797],[-27,37],[68,17],[-41,-54]],[[81096,62812],[-10,-1],[9,7],[1,-6]],[[80630,62801],[-2,-3],[0,5],[2,-2]],[[81547,62886],[-5,3],[4,2],[1,-5]],[[80583,62886],[0,-3],[-1,-1],[1,4]],[[80684,62882],[-2,2],[2,1],[0,-3]],[[81769,62929],[-9,62],[26,-22],[-17,-40]],[[80702,62933],[4,0],[0,-3],[-4,3]],[[81074,62764],[-5,37],[15,-34],[-10,-3]],[[82169,59249],[4,-6],[-13,3],[9,3]],[[80027,62073],[-17,26],[37,-11],[-20,-15]],[[80123,62085],[-4,0],[3,9],[1,-9]],[[80856,62184],[6,-19],[-23,12],[17,7]],[[79991,62419],[-11,-10],[-4,5],[15,5]],[[81087,62836],[12,0],[8,-11],[-20,11]],[[80046,62845],[-5,1],[4,3],[1,-4]],[[80585,62852],[-3,2],[1,2],[2,-4]],[[80546,62830],[9,40],[21,-31],[-30,-9]],[[82309,59372],[-15,87],[94,53],[26,-124],[-105,-16]],[[82268,59470],[-3,-14],[-11,21],[14,-7]],[[82377,59365],[2,9],[0,-13],[-2,4]],[[80316,61034],[-14,10],[3,5],[11,-15]],[[80300,61053],[-6,5],[6,1],[0,-6]],[[80306,61017],[-5,11],[0,5],[5,-16]],[[80098,61935],[-4,2],[4,1],[0,-3]],[[80089,62664],[-4,2],[3,3],[1,-5]],[[80610,62884],[-4,-4],[2,5],[2,-1]],[[80663,62921],[-23,-99],[-38,95],[61,4]],[[80599,62947],[-23,-15],[4,25],[19,-10]],[[80613,62919],[-4,4],[2,2],[2,-6]],[[80696,62897],[-2,0],[1,1],[1,-1]],[[82240,59507],[-6,-6],[-10,6],[16,0]],[[82177,59836],[-3,4],[2,1],[1,-5]],[[80076,61477],[-20,-2],[-2,22],[22,-20]],[[80206,61426],[-5,39],[17,-52],[-12,13]],[[82254,59713],[-64,7],[16,66],[48,-73]],[[82229,59680],[-2,4],[11,1],[-9,-5]],[[82223,59654],[-6,6],[9,0],[-3,-6]],[[79152,59617],[9,160],[-123,108],[-32,300]],[[79006,60185],[-100,114],[144,142],[30,252]],[[79463,61107],[69,269],[248,243],[27,116],[142,-104],[79,-214],[166,-142],[62,-180],[58,-110],[61,-62],[-289,921],[93,455],[191,173],[320,-578],[-81,-129]],[[81868,60151],[139,-13],[-101,-487]],[[81794,59533],[20,-260]],[[81814,59273],[-293,28]],[[81521,59301],[-37,-157],[-44,143]],[[81440,59287],[-82,23],[6,183]],[[81364,59493],[-195,-10],[-25,-94],[-40,144],[-360,98],[-118,-108]],[[80419,59840],[-152,-149],[-154,88],[-53,176],[-173,43],[-322,-291],[-413,-90]],[[79975,62344],[46,203],[-3,91],[56,44],[49,-234],[-64,-287],[-74,31],[27,53],[-37,99]],[[80137,62415],[225,97],[-210,-172],[-15,75]],[[80088,62170],[-6,-69],[-27,-19],[-1,40],[34,48]],[[80042,62107],[-39,39],[13,11],[26,-50]],[[80126,62293],[-28,-25],[17,61],[11,-36]],[[80050,62131],[-16,19],[25,2],[-9,-21]],[[80125,62358],[0,26],[9,-30],[-9,4]],[[80145,62192],[-8,13],[9,14],[-1,-27]],[[80151,62436],[-10,6],[8,4],[2,-10]],[[80006,62233],[-11,11],[13,0],[-2,-11]],[[80005,62168],[-10,-2],[-5,4],[15,-2]],[[80132,62241],[-6,8],[4,5],[2,-13]],[[80149,62175],[-6,2],[4,6],[2,-8]],[[80386,62456],[-1,2],[1,-1],[0,-1]],[[80469,62321],[-1,0],[0,1],[1,-1]],[[80402,62455],[-2,-1],[1,2],[1,-1]],[[80478,62296],[-1,-1],[-1,0],[2,1]],[[79647,59004],[23,214]],[[79670,59218],[-72,17],[-21,97],[77,300],[-89,75],[326,292],[228,-86],[-6,-134],[152,-87],[154,148]],[[80419,59840],[1,-143],[146,-32],[60,-142]],[[80626,59523],[116,108],[365,-100],[37,-142],[-129,-157],[52,-59],[120,63],[57,-268],[67,59],[34,-75],[-59,-103],[-69,20],[-61,-212],[-166,-76],[90,-403],[-36,-125],[-118,72],[-84,-113],[-355,30],[-68,-157]],[[80268,57880],[-24,-116],[-205,256]],[[80039,58020],[5,237]],[[80044,58257],[-307,-110],[-26,146]],[[79711,58293],[132,87],[-150,289]],[[79693,58669],[78,164],[-46,173],[-78,-2]],[[80772,61944],[-4,5],[2,1],[2,-6]],[[80773,62006],[-4,-1],[0,6],[4,-5]],[[82100,60854],[11,0],[-17,-3],[6,3]],[[81954,61445],[-4,-1],[-3,11],[7,-10]],[[81925,61481],[-6,-1],[0,2],[6,-1]],[[81927,61541],[0,-4],[-2,3],[2,1]],[[81896,61640],[-10,8],[1,5],[9,-13]],[[80837,61848],[-3,0],[1,2],[2,-2]],[[80955,61885],[-4,3],[1,1],[3,-4]],[[81248,61900],[-1,-2],[-1,2],[2,0]],[[80722,61905],[-11,11],[11,0],[0,-11]],[[80794,61940],[-2,0],[1,1],[1,-1]],[[80930,61945],[-2,-2],[-1,1],[3,1]],[[81447,62063],[-5,4],[6,-3],[-1,-1]],[[81198,62113],[-4,2],[5,-1],[-1,-1]],[[81226,62242],[-3,-4],[-1,2],[4,2]],[[81258,61944],[-10,4],[1,3],[9,-7]],[[81279,62183],[-105,-157],[53,136],[52,21]],[[81297,62239],[2,-1],[-1,-1],[-1,2]],[[81865,61079],[9,-21],[-3,-8],[-6,29]],[[82000,61203],[4,7],[2,-8],[-6,1]],[[81871,61078],[-3,1],[0,2],[3,-3]],[[81816,61025],[-4,0],[2,3],[2,-3]],[[81358,61243],[-13,4],[5,25],[8,-29]],[[81753,61182],[-9,11],[0,6],[9,-17]],[[81770,61223],[-4,1],[4,1],[0,-2]],[[81748,61206],[-3,3],[3,0],[0,-3]],[[81945,61337],[-2,3],[3,-2],[-1,-1]],[[81249,61326],[-2,-1],[3,3],[-1,-2]],[[81254,61329],[-2,1],[1,0],[1,-1]],[[81249,61925],[-7,-17],[-8,25],[15,-8]],[[81709,61867],[-14,7],[3,8],[11,-15]],[[81832,61852],[-4,2],[4,3],[0,-5]],[[81702,61844],[-2,-1],[1,2],[1,-1]],[[81719,61837],[0,0]],[[81822,61856],[-1,0],[1,1],[0,-1]],[[80841,61762],[25,69],[20,-14],[-45,-55]],[[81414,61745],[-12,30],[17,-22],[-5,-8]],[[81370,61735],[22,-7],[-15,1],[-7,6]],[[81239,61340],[-5,12],[13,-12],[-8,0]],[[81430,61612],[9,-12],[-2,-2],[-7,14]],[[81869,61569],[-6,-5],[5,11],[1,-6]],[[81877,61665],[7,-2],[-1,-3],[-6,5]],[[81224,61359],[-4,-4],[1,10],[3,-6]],[[81857,61587],[-7,-2],[6,6],[1,-4]],[[81916,61452],[-5,2],[1,4],[4,-6]],[[81246,61331],[-5,3],[1,1],[4,-4]],[[81440,61591],[-5,1],[3,3],[2,-4]],[[81155,61408],[-2,2],[2,-1],[0,-1]],[[81860,61601],[-4,1],[3,1],[1,-2]],[[81240,61333],[-3,2],[0,2],[3,-4]],[[81428,61725],[-3,1],[2,1],[1,-2]],[[81903,61523],[-1,-3],[0,2],[1,1]],[[80978,61599],[-2,-1],[0,1],[2,0]],[[81419,61748],[-1,1],[0,1],[1,-2]],[[81868,60151],[-41,188],[-127,152],[-166,-105],[28,-148],[-127,-42],[6,57],[-139,22],[2,120],[-552,-14],[11,122],[-50,8],[77,146],[-199,34],[-119,314],[7,508],[180,167],[-50,85]],[[80609,61765],[44,42],[91,-111],[181,-11],[1,-69],[426,-401],[5,7],[4,41],[-22,64],[115,-115],[-65,11],[63,-47],[-30,-83],[17,12],[19,-52],[9,-3],[2,147],[99,20],[-97,218],[119,-48],[-161,146],[123,-40],[-111,62],[1,262],[50,103],[138,-33],[35,-150],[-68,-27],[102,-73],[-66,-79],[60,56],[-11,-49],[17,-35],[18,-8],[2,311],[56,-243],[51,-39],[45,8],[34,-15],[3,-8],[-15,-11],[24,-46],[-75,-144],[-169,134],[73,-292],[96,36],[13,-193],[-78,61],[29,-86],[55,-15],[90,258],[-43,83],[64,-16],[-14,-318],[125,-130],[-104,-692],[-111,-14]],[[81357,61958],[-53,122],[54,-25],[-66,139],[42,43],[155,-255],[-163,-159],[31,135]],[[81280,61868],[1,-13],[-4,-3],[3,16]],[[81338,58770],[17,91],[2,-108],[-19,17]],[[82019,59444],[-4,0],[3,2],[1,-2]],[[81906,59651],[-5,-102],[94,-79],[11,-55],[-17,-74],[-170,38],[-25,154]],[[81794,59533],[-87,14],[108,22],[22,104],[69,-22]],[[80385,57337],[4,178],[-142,233],[21,132]],[[80268,57880],[151,5]],[[80419,57885],[31,134],[93,41],[271,-15],[10,-138]],[[80824,57907],[137,-176]],[[80961,57731],[10,-169],[41,48]],[[81012,57610],[99,-87],[55,64]],[[81166,57587],[114,-111],[286,79],[51,-228],[178,-238],[44,-433]],[[82037,56533],[-95,-502],[34,-53],[165,53]],[[82306,55890],[97,-201],[-31,-308],[-309,69]],[[82247,55173],[-82,-206],[-471,83],[-150,-111],[42,-194],[-143,-469]],[[81145,52433],[88,-67],[-53,-155]],[[81180,52211],[17,-285]],[[81197,51926],[-141,-129],[-171,114],[-233,-3],[13,-73],[-84,-51],[-98,83],[-101,-132],[-49,30],[-12,-103]],[[80321,51662],[-269,145]],[[80052,51807],[-160,-38],[-6,-64],[-108,-6]],[[79778,51699],[1,-155],[-77,163],[-187,-130]],[[79515,51577],[-141,23],[-19,-166]],[[79355,51434],[-214,30],[15,121],[-184,46],[-207,-261],[-445,53]],[[78320,51423],[23,216]],[[78343,51639],[-173,198],[7,101],[-152,-58],[-131,86],[82,215],[76,-80]],[[78052,52101],[199,191],[-99,125]],[[78152,52417],[-74,-27]],[[78078,52390],[84,155]],[[78162,52545],[-187,292]],[[77975,52837],[90,241]],[[78065,53078],[-64,135],[62,51],[-116,135],[18,91],[-118,15],[-11,231],[-123,220]],[[77713,53956],[45,393],[217,285],[215,-118]],[[78190,54516],[138,-522],[-62,-152],[101,-85],[148,231],[-12,159],[198,-169],[18,160],[86,-23],[34,89],[244,-45],[-7,261],[189,388],[96,-12],[16,-309]],[[79377,54487],[55,-7],[-10,288]],[[79422,54768],[277,387],[13,338],[102,-15],[-103,638],[-191,459]],[[79520,56575],[384,1],[10,210]],[[79914,56786],[-93,77],[71,197],[57,-12],[-14,137],[109,-13],[73,203],[268,-38]],[[81423,55833],[28,80],[-98,100],[-15,-143],[85,-37]],[[81365,55842],[-11,171],[105,-146],[-94,-25]],[[85458,57316],[-5,10],[8,1],[-3,-11]],[[85400,57449],[-4,0],[1,2],[3,-2]],[[85405,57465],[-4,0],[1,3],[3,-3]],[[85426,57475],[0,7],[3,-3],[-3,-4]],[[85230,57606],[1,9],[7,1],[-8,-10]],[[85259,57629],[-6,0],[1,3],[5,-3]],[[86160,56717],[-14,16],[12,5],[2,-21]],[[83619,56810],[-7,27],[14,-10],[-7,-17]],[[83870,56901],[0,28],[8,-15],[-8,-13]],[[83853,56948],[-2,-18],[-16,17],[18,1]],[[83469,56898],[-24,48],[25,-34],[-1,-14]],[[83437,56890],[-3,32],[1,17],[2,-49]],[[83814,56987],[-22,-3],[-1,5],[23,-2]],[[83457,56868],[-1,10],[4,-6],[-3,-4]],[[83433,56889],[5,-8],[-7,3],[2,5]],[[83881,56903],[-1,7],[2,-3],[-1,-4]],[[84010,56922],[-3,-11],[-1,1],[4,10]],[[83455,56865],[-1,-6],[-1,6],[2,0]],[[83898,56895],[8,-3],[0,-1],[-8,4]],[[84018,56876],[-4,0],[1,3],[3,-3]],[[83797,57009],[-4,-2],[2,5],[2,-3]],[[84037,56957],[-5,0],[3,3],[2,-3]],[[83439,56879],[-3,-3],[-1,4],[4,-1]],[[83890,56899],[-2,-3],[-1,2],[3,1]],[[84027,57004],[-2,-2],[0,3],[2,-1]],[[84520,55098],[3,-76]],[[83823,54942],[-233,99],[-36,76],[60,151],[-252,454],[-21,234],[89,98],[-175,412],[42,70],[103,-20],[-5,119],[65,49],[-60,294],[30,-33],[-4,-56],[22,-44],[15,24],[25,-32],[21,22],[-117,217],[225,-107],[-92,-46],[96,-197],[32,114],[43,-39],[-54,50],[40,99],[235,-198],[-10,158],[-56,50],[-31,-2],[20,16],[-30,47],[19,25],[-8,16],[-73,-34],[14,85],[259,-125],[-56,-50],[25,-137],[63,160],[-14,83],[56,-35],[15,-330],[140,-137],[86,15],[-22,-22],[-36,-113],[65,71],[16,128],[371,-1048],[-128,-10]],[[84337,56568],[-4,10],[12,5],[-8,-15]],[[83276,56904],[-214,304],[76,211],[70,-180],[156,-150],[14,-123]],[[82930,57593],[0,-2],[-3,2],[3,0]],[[82913,57572],[2,10],[7,-2],[-9,-8]],[[82881,57429],[-94,170],[198,-61],[-104,-109]],[[82839,57437],[113,5],[21,-179],[-122,116],[-12,58]],[[82957,57519],[36,21],[15,-4],[26,-10],[4,-112],[-81,105]],[[84416,58670],[14,-6],[-19,2],[5,4]],[[82550,58699],[-5,10],[4,5],[1,-15]],[[82793,58797],[-25,-15],[-14,10],[39,5]],[[84515,58980],[-2,5],[5,1],[-3,-6]],[[84424,59060],[-3,5],[4,-1],[-1,-4]],[[83985,59075],[-28,16],[35,1],[-7,-17]],[[84132,59230],[-3,6],[5,-3],[-2,-3]],[[83999,58387],[24,0],[1,-2],[-25,2]],[[84805,58476],[-6,4],[5,3],[1,-7]],[[83041,58401],[-5,3],[5,3],[0,-6]],[[83029,58398],[-4,-3],[0,2],[4,1]],[[84112,58490],[-4,3],[5,-1],[-1,-2]],[[83392,56916],[-28,10],[17,23],[11,-33]],[[83373,56901],[1,5],[2,-5],[-3,0]],[[83268,57407],[0,0]],[[83222,57554],[-54,6],[-8,204],[112,-238],[-9,-127],[-41,155]],[[83005,57652],[-5,36],[8,-34],[-3,-2]],[[83059,57577],[-9,51],[14,-9],[-5,-42]],[[83171,57527],[2,27],[7,2],[-9,-29]],[[82997,57612],[-9,2],[5,10],[4,-12]],[[83010,57634],[1,9],[2,-17],[-3,8]],[[82939,57626],[-4,8],[1,0],[3,-8]],[[82975,57598],[-4,1],[-1,10],[5,-11]],[[82966,57620],[-4,2],[0,3],[4,-5]],[[83167,57518],[3,3],[3,-5],[-6,2]],[[83129,57732],[-1,3],[3,-3],[-2,0]],[[82046,57911],[-42,75],[77,14],[-21,168],[75,-5]],[[82135,58163],[20,114],[191,76],[4,-145],[-56,-27],[-6,-39],[82,53],[16,143],[111,-48],[42,-161],[192,-195],[-54,-25],[162,-258],[-54,-58],[66,-214],[158,-171],[106,4],[-8,-91],[169,-217]],[[83276,56904],[102,62]],[[83378,56966],[-19,-47],[44,-119],[63,-56],[-66,-228],[-173,-22],[207,-456],[-95,-95],[36,-270],[85,-144],[-31,-125],[-51,21]],[[83321,55274],[-78,18],[-140,-165],[-114,1],[-128,68],[77,42]],[[82936,55528],[-155,-56],[-9,250],[-86,-40],[-182,238],[-79,-51],[-31,-178],[-88,199]],[[82306,55890],[-166,-21],[1,162]],[[82141,56031],[-174,-51],[-10,282],[80,271]],[[82037,56533],[-69,101],[-129,22]],[[81839,56656],[-82,546],[-140,125],[-43,202],[99,-9],[77,164],[190,67],[106,160]],[[82920,57633],[-199,376],[-178,134],[-33,152],[-120,231],[87,110],[93,10],[27,-114],[275,-64],[-35,-89],[107,166],[14,-12],[-30,-351],[194,-435],[-54,-5],[-12,-103],[-48,66],[26,64],[-27,9],[-87,-145]],[[82816,58503],[41,-1],[31,-17],[-72,18]],[[82663,58550],[-7,3],[7,-2],[0,-1]],[[82657,58566],[1,-7],[-3,7],[2,0]],[[83000,57392],[-39,36],[44,4],[-5,-40]],[[83026,57456],[112,-37],[-71,-168],[-41,205]],[[82976,57385],[62,29],[31,-193],[-96,42],[3,122]],[[82956,57421],[29,78],[20,-67],[-49,-11]],[[87615,45404],[78,42],[10,-66],[-88,24]],[[87719,45199],[10,-39],[-84,36],[74,3]],[[87678,45200],[50,73],[0,-67],[-50,-6]],[[87717,45318],[-7,118],[19,-121],[-12,3]],[[87652,45351],[53,31],[12,-68],[-37,-24],[-28,61]],[[87690,45281],[39,34],[11,-44],[-50,10]],[[87897,44998],[69,18],[-38,-38],[-31,20]],[[87822,45037],[3,94],[72,-134],[-75,40]],[[87778,45092],[44,-55],[-61,-64],[-26,63],[43,56]],[[87705,45104],[86,-4],[-72,-78],[-14,82]],[[87733,45158],[37,60],[47,-101],[-24,-21],[-60,62]],[[87601,45624],[-86,101],[101,-44],[-15,-57]],[[87581,45689],[69,18],[3,-37],[-72,19]],[[87514,45725],[98,79],[-31,-115],[-67,36]],[[87601,45624],[52,46],[6,-50],[-58,4]],[[87645,45818],[-10,4],[3,6],[7,-10]],[[87589,45847],[49,13],[-9,-35],[16,-53],[-56,75]],[[87646,45832],[-9,39],[21,1],[-12,-40]],[[87664,45774],[0,-16],[-7,26],[7,-10]],[[87662,45781],[0,0]],[[87652,45710],[-41,68],[36,-3],[5,-65]],[[87258,45544],[-25,184],[113,4],[-45,-175],[125,-116],[-37,-81],[71,-92],[-26,-123],[52,-3],[-29,-249],[-185,-168],[-103,210],[105,310],[-42,14],[56,200],[-83,87],[53,-2]],[[86826,44594],[138,19],[44,119],[-95,207]],[[86977,45287],[102,269],[-124,68],[54,207],[152,121],[1,-158],[75,-22],[21,-154],[-53,-74],[83,-85],[-119,-524],[52,-172],[-68,7],[-150,-315],[-216,51],[62,22]],[[87463,44949],[281,202],[-38,-59],[56,-119],[-202,-197],[-139,27],[42,146]],[[87454,45238],[76,22],[11,88],[91,-233],[-155,-160],[-23,283]],[[87623,45119],[-1,100],[97,-56],[-96,-44]],[[87536,45367],[16,138],[75,-103],[-91,-35]],[[87472,45427],[38,45],[21,-58]],[[87378,45657],[40,-8],[132,-160],[-96,-26],[11,-84],[-58,-31],[19,93],[-125,117],[51,71],[24,-68]],[[87418,45625],[66,79],[32,-146],[-98,67]],[[87472,45427],[59,-13]],[[87531,45414],[-1,-154],[-95,66],[37,101]],[[87426,45965],[58,28],[122,-7],[-155,-139],[-25,118]],[[87506,45660],[-55,187],[146,-23],[-86,-29],[-5,-135]],[[87734,46235],[1,24],[7,-10],[-8,-14]],[[87668,45783],[1,-3],[-1,1],[0,2]],[[87603,45997],[2,-2],[-1,-1],[-1,3]],[[87701,46121],[0,7],[3,-3],[-3,-4]],[[87715,46160],[2,-7],[-7,-1],[5,8]],[[87716,46151],[-2,1],[2,1],[0,-2]],[[87672,46109],[-2,2],[2,0],[0,-2]],[[87629,45980],[-1,0],[0,1],[1,-1]],[[87578,46036],[84,59],[-60,-85],[-24,26]],[[87671,46083],[0,20],[19,13],[-19,-33]],[[87684,46074],[-18,-16],[18,28],[0,-12]],[[87678,46039],[-12,0],[8,9],[4,-9]],[[87685,46052],[-4,0],[3,5],[1,-5]],[[87671,46075],[-1,6],[3,-2],[-2,-4]],[[87670,46069],[-1,5],[3,0],[-2,-5]],[[87646,46010],[-2,-1],[2,6],[0,-5]],[[87668,46063],[-2,0],[2,1],[0,-1]],[[87659,46038],[0,0]],[[87627,45974],[0,-20],[-7,3],[-14,-5],[-4,7],[-1,1],[-1,-2],[-1,1],[-2,5],[30,10]],[[87657,45928],[-1,-7],[-1,9],[2,-2]],[[87654,45924],[-2,6],[0,1],[2,-7]],[[87598,46002],[33,2],[-2,-19],[-31,17]],[[87641,46008],[-6,11],[19,22],[-13,-33]],[[87614,45972],[-6,14],[11,-9],[-5,-5]],[[87645,45992],[-6,4],[2,1],[4,-5]],[[87618,45983],[6,1],[-3,-5],[-3,4]],[[87639,45988],[-5,-1],[0,4],[5,-3]],[[87606,45987],[-2,4],[1,3],[1,-7]],[[87638,45996],[-3,5],[4,-4],[-1,-1]],[[87639,46001],[-2,4],[3,-2],[-1,-2]],[[87642,45985],[0,1],[1,0],[-1,-1]],[[87491,45833],[47,102],[47,-10],[16,34],[40,-74],[-77,36],[0,-109],[-73,21]],[[87681,45870],[-30,101],[52,109],[19,70],[1,61],[12,-19],[-38,-510],[-16,188]],[[87683,45841],[-8,4],[-4,25],[12,-29]],[[87640,45893],[1,5],[2,-11],[-3,6]],[[87669,45877],[2,0],[-1,-3],[-1,3]],[[87642,45883],[0,1],[1,0],[-1,-1]],[[87608,46073],[-6,-1],[0,9],[6,-8]],[[87578,46048],[-4,23],[9,-10],[13,3],[-18,-16]],[[87553,46069],[-10,6],[14,-1],[-4,-5]],[[87344,46166],[-67,209],[127,6],[0,-25],[15,-31],[9,-9],[12,2],[25,10],[18,41],[42,3],[197,-117],[-8,-78],[-251,-126],[-119,115]],[[87437,46319],[-13,4],[17,-2],[-4,-2]],[[87447,46331],[9,1],[-12,-4],[3,3]],[[87378,45657],[-2,-96]],[[87376,45561],[-43,91],[118,195],[33,-143],[-106,-47]],[[87340,46070],[-66,221],[-42,25],[123,-19],[34,-177],[-49,-50]],[[87137,46059],[114,220],[63,-237],[-177,17]],[[87591,46010],[-255,62],[61,53],[194,-115]],[[87480,45994],[-54,-29],[-29,45],[1,2],[82,-18]],[[87193,45788],[-23,252],[58,-14],[-5,-122],[188,-84],[-84,-102],[-134,70]],[[87352,45818],[70,141],[29,-112],[-99,-29]],[[87221,46061],[115,13],[78,-78],[15,-46],[-84,-98],[-122,52],[-2,157]],[[87630,45329],[-24,68],[50,-8],[-26,-60]],[[87536,45367],[85,-33],[-68,-36],[-17,69]],[[87652,45196],[14,82],[26,-35],[-40,-47]],[[87622,45219],[30,132],[31,-74],[-61,-58]],[[87556,45288],[52,45],[20,-5],[-17,-72],[-55,32]],[[87511,45536],[106,24],[22,-62],[-80,0],[-48,38]],[[87510,45536],[76,57],[9,-35],[-85,-22]],[[87521,45631],[37,19],[43,-26],[-15,-31],[-65,38]],[[87595,45558],[66,63],[22,-55],[-88,-8]],[[87626,45510],[54,56],[-11,-74],[-43,18]],[[87569,45477],[69,21],[-10,-87],[-22,38],[-37,28]],[[87629,45426],[38,72],[-20,-91],[-18,19]],[[87678,45689],[-6,-25],[-11,25],[17,0]],[[87689,45565],[-6,97],[6,10],[20,7],[-20,-114]],[[87705,45481],[-12,14],[4,45],[8,-59]],[[87660,45444],[45,37],[5,-45],[-50,8]],[[86682,46783],[-31,-86],[-52,52],[83,34]],[[86719,46670],[47,-6],[-13,-30],[-34,36]],[[86651,46655],[60,72],[34,-86],[-58,-20],[-36,34]],[[86745,46719],[-50,88],[60,-18],[-10,-70]],[[86642,46580],[-98,140],[98,13],[0,-153]],[[86716,46581],[37,53],[7,-42],[-44,-11]],[[86642,46582],[41,68],[55,-65],[-30,-46],[-66,43]],[[85730,46182],[7,98],[15,29],[633,-196],[-49,-157],[45,-77],[240,75],[45,-51],[-163,-151],[0,-79]],[[86296,45540],[77,-122],[-135,-105],[-77,-176]],[[86022,44721],[26,-130],[-116,119],[-72,-199]],[[85860,44511],[-116,96],[17,125]],[[85761,44732],[-163,104]],[[85598,44836],[27,92]],[[85625,44928],[-128,234],[9,128],[-89,165],[88,196],[-29,234]],[[85716,48392],[26,-280],[329,107],[5,-111],[119,-22],[11,-141],[-121,-351],[157,-108],[-180,-134],[-91,22]],[[85836,47280],[97,1]],[[85757,47322],[-212,125],[-9,-120]],[[85441,47325],[4,-129],[-157,33],[-12,-88],[-40,84]],[[85170,47247],[-150,17],[31,274]],[[85051,47538],[-117,65],[182,190],[-167,-8],[64,108],[-118,79],[111,232]],[[85006,48204],[146,-100],[100,94]],[[86217,46960],[-45,399],[-95,-53],[146,155],[59,-238],[117,-92],[-47,-174],[-135,3]],[[85338,46744],[6,99],[-54,23],[64,116]],[[85246,47009],[42,220],[260,-119],[127,-150]],[[85672,46787],[56,-1],[-132,-320]],[[85434,46048],[71,-397],[-45,-95],[-181,301]],[[85278,46283],[-58,285],[54,29],[8,155]],[[85675,46960],[-243,293],[9,72]],[[85441,47325],[95,2]],[[85536,47327],[8,120],[213,-125]],[[85757,47322],[118,78],[-22,-61],[80,-58]],[[85933,47281],[-102,11],[5,-12]],[[85836,47280],[143,-75],[-8,169]],[[85971,47374],[115,0],[5,-71],[81,56],[53,-178],[-46,-263],[-171,-129],[-168,17],[-35,-74],[-133,55]],[[85672,46787],[14,116],[-53,10],[42,47]],[[85596,46466],[122,279],[352,91],[19,-207],[100,-84],[-4,-180]],[[86336,46264],[24,-172],[-608,217],[-22,-127]],[[85730,46182],[-254,-297]],[[85476,45885],[-42,163]],[[85434,46048],[52,5],[-38,104],[52,199],[-47,29],[63,111],[80,-30]],[[86153,46696],[83,7],[7,-40],[-61,-28],[-29,61]],[[86313,46684],[114,-25],[-103,-133],[-11,158]],[[86163,46475],[66,104],[20,-113],[-26,-7],[-60,16]],[[86206,46596],[70,14],[-19,-68],[-51,54]],[[86259,46556],[51,132],[34,-48],[-32,-79],[-53,-5]],[[86105,46742],[-35,94],[108,128],[79,-89],[-45,-129],[50,101],[86,-76],[-95,-70],[-148,41]],[[86332,46698],[102,147],[24,-149],[-126,2]],[[86255,46883],[-69,66],[178,51],[80,-138],[-85,-92],[-102,76],[-43,-102],[41,139]],[[86220,46526],[-131,103],[6,81],[109,-67],[16,-117]],[[86266,46612],[-30,91],[99,17],[-69,-108]],[[86249,46466],[36,100],[40,-35],[-76,-65]],[[86336,46264],[-151,101]],[[86185,46365],[-20,106],[230,73],[20,-104],[130,-68],[-28,-151],[-196,-22],[15,65]],[[86468,46629],[-100,68],[3,9],[97,-77]],[[86556,46541],[47,87],[4,-147],[-51,60]],[[86624,46574],[1,37],[14,-68],[-15,31]],[[86451,46521],[43,186],[35,-30],[-78,-156]],[[86518,46651],[55,-20],[-3,-60],[-70,0],[18,80]],[[86408,46641],[22,-79],[-63,-7],[11,18],[30,68]],[[86395,46516],[105,55],[-7,-151],[-78,20],[-20,76]],[[86540,46522],[67,-41],[-42,-49],[-25,90]],[[86503,46376],[119,80],[-19,-121],[-100,41]],[[86490,46428],[58,95],[17,-91],[-75,-4]],[[86490,46492],[48,88],[33,-27],[-81,-61]],[[86296,45540],[207,133]],[[86503,45673],[102,214],[78,-169],[153,56],[37,-97],[97,10],[15,-97],[85,-5],[1,-154],[-94,-144]],[[86977,45287],[59,-330],[-123,-18]],[[86913,44939],[97,-189],[-22,-105],[-162,-51]],[[86826,44594],[23,-66]],[[86849,44528],[-61,-20],[-344,84],[-200,-152],[-180,108],[-42,173]],[[86022,44721],[145,85],[63,171],[-69,160]],[[86161,45137],[181,255],[-46,148]],[[87145,46283],[47,86],[55,-84],[-102,-2]],[[87201,46379],[52,41],[48,-35],[-70,-69],[40,-21],[-5,-16],[-40,29],[-25,71]],[[87116,46292],[51,67],[-10,-70],[-41,3]],[[87189,46250],[58,35],[-1,-28],[-57,-7]],[[87103,46250],[103,-7],[-71,-191],[-27,56],[-5,142]],[[86739,46300],[77,120],[169,-62],[-19,-63],[-227,5]],[[86858,46491],[87,-69],[-98,39],[11,30]],[[86861,46145],[183,228],[-52,-215],[-73,56],[-58,-69]],[[86985,46358],[-61,89],[74,-56],[-13,-33]],[[86786,46401],[-57,-96],[-121,171],[36,95],[142,-170]],[[86838,46415],[-102,92],[116,-34],[-14,-58]],[[86998,46391],[-37,87],[73,-54],[-36,-33]],[[86794,46262],[49,51],[67,-12],[-69,-126],[-47,87]],[[86839,46397],[85,50],[-8,-83],[-77,33]],[[86821,46112],[163,39],[51,164],[76,-16],[7,-231],[-133,20],[-27,-101],[-36,103],[-101,22]],[[86608,45948],[68,148],[149,-52],[-92,-124],[-125,28]],[[86496,46204],[38,144],[189,-95],[-122,-317],[-222,-56],[-24,309],[141,15]],[[86723,46253],[-103,17],[2,186],[161,-165],[48,-249],[-155,54],[47,157]],[[86738,45927],[127,175],[167,-221],[-111,-212],[-85,105],[-154,-55],[-31,223],[87,-15]],[[86985,46088],[182,-77],[-131,-133],[-51,210]],[[87102,46425],[13,-126],[-80,16],[52,26],[15,84]],[[87181,46464],[9,69],[132,-29],[77,-112],[-105,-28],[-113,100]],[[87119,46466],[86,-25],[-16,-93],[-53,21],[-17,97]],[[87090,46390],[-45,103],[76,-16],[-31,-87]],[[87111,46505],[78,22],[-9,-73],[-69,51]],[[87009,46363],[25,61],[53,-83],[-78,22]],[[87111,46505],[-8,123],[48,-48],[-40,-75]],[[86957,46479],[52,37],[77,-25],[-57,-67],[-72,55]],[[86977,46517],[38,-27],[-97,2],[59,25]],[[87034,46618],[75,53],[55,-94],[-130,41]],[[87027,46503],[6,103],[91,-128],[-97,25]],[[87049,46622],[52,-8],[-9,-68],[-36,9],[-7,67]],[[86989,46595],[22,70],[29,-66],[-51,-4]],[[86975,46534],[46,54],[6,-51],[-52,-3]],[[76371,68455],[58,271],[81,-44],[13,-135],[-84,-51],[95,-89],[-163,48]],[[79793,61797],[-5,2],[5,-1],[0,-1]],[[79559,62874],[-5,4],[1,1],[4,-5]],[[79882,63324],[13,-12],[-4,-6],[-9,18]],[[81223,63491],[-14,4],[15,-3],[-1,-1]],[[81231,63512],[-1,-2],[-1,2],[2,0]],[[81204,63527],[1,-6],[-3,5],[2,1]],[[81169,63550],[-2,-1],[0,1],[2,0]],[[81046,63780],[0,0]],[[80832,64197],[-26,34],[67,0],[-41,-34]],[[80942,64365],[-3,-1],[1,1],[2,0]],[[80946,64369],[-3,4],[2,1],[1,-5]],[[81226,63512],[-1,10],[5,-4],[-4,-6]],[[79762,61662],[-22,-8],[7,23],[15,-15]],[[79760,61685],[-11,17],[21,2],[-10,-19]],[[81199,63540],[-5,-4],[1,4],[4,0]],[[81204,63539],[-3,3],[2,1],[1,-4]],[[79914,64617],[-12,36],[24,-33],[-12,-3]],[[79899,64659],[-4,3],[3,4],[1,-7]],[[81058,63650],[-65,-156],[-70,76],[135,80]],[[81033,63797],[-22,-22],[-31,46],[53,-24]],[[79790,63774],[12,0],[-1,-12],[-11,12]],[[80744,63825],[9,16],[9,-5],[-18,-11]],[[81012,63837],[-10,8],[12,4],[-2,-12]],[[79493,63778],[-5,1],[4,1],[1,-2]],[[79560,63648],[-1,7],[5,-1],[-4,-6]],[[80767,63844],[-2,4],[2,1],[0,-5]],[[80918,63782],[-5,0],[4,2],[1,-2]],[[80872,63749],[-3,1],[3,1],[0,-2]],[[81019,63773],[-2,2],[2,-1],[0,-1]],[[80892,63760],[0,-3],[-2,2],[2,1]],[[80773,63839],[-2,2],[3,1],[-1,-3]],[[80958,63602],[0,0]],[[80761,63825],[-2,-3],[0,3],[2,0]],[[80897,63763],[-2,2],[2,0],[0,-2]],[[80912,63777],[-1,2],[1,1],[0,-3]],[[80897,63747],[-2,1],[1,1],[1,-2]],[[80899,63751],[-2,1],[1,0],[1,-1]],[[79188,63317],[-62,35],[60,-2],[2,-33]],[[79836,63298],[-9,27],[23,-2],[-14,-25]],[[79569,63619],[-22,15],[-3,14],[25,-29]],[[79840,63263],[-3,25],[1,2],[2,-27]],[[79818,63360],[-9,12],[10,-11],[-1,-1]],[[80903,63563],[-5,0],[0,2],[5,-2]],[[79854,63298],[-2,4],[4,-2],[-2,-2]],[[79840,63342],[-2,-3],[1,5],[1,-2]],[[79324,62868],[34,40],[2,17],[10,-17],[-46,-40]],[[79548,62907],[-22,22],[3,4],[19,-26]],[[79361,62468],[0,20],[22,-56],[-22,36]],[[79519,63050],[0,-32],[-19,13],[19,19]],[[79442,62678],[-8,5],[1,3],[7,-8]],[[79401,62423],[-6,0],[1,2],[5,-2]],[[79532,62879],[4,-4],[1,-6],[-5,10]],[[79407,62957],[-4,0],[1,2],[3,-2]],[[79362,62958],[-4,1],[2,2],[2,-3]],[[79543,62979],[-5,-1],[4,2],[1,-1]],[[79524,62954],[-3,2],[2,1],[1,-3]],[[79538,62956],[-2,0],[0,2],[2,-2]],[[79539,62990],[-2,-1],[0,3],[2,-2]],[[79536,62968],[-2,-1],[1,2],[1,-1]],[[75397,64627],[168,196],[-133,354]],[[75825,64885],[177,60],[146,171],[-148,317],[-36,325]],[[76435,65925],[-2,-150]],[[76872,64860],[90,73],[168,-271],[300,-27]],[[77460,64731],[135,-147],[302,-31]],[[77923,64629],[255,73],[94,-105],[24,-290]],[[79062,63900],[20,-237],[46,14],[20,-100],[-53,48],[-42,13],[44,-23],[-67,-39],[-8,-84],[20,77],[308,-1403],[184,-358],[235,-47],[-43,-45],[11,-143],[-261,-309],[-13,-157]],[[79463,61107],[-232,-74],[-119,77],[-84,-147],[-78,91],[-25,-124],[155,-237]],[[79080,60693],[-76,-337],[-182,-53]],[[78822,60303],[-282,-504],[-335,-25]],[[78205,59774],[-148,-104],[66,-208]],[[78123,59462],[-176,-275],[-150,-12]],[[77797,59175],[21,-261],[-87,-67],[-97,82],[-48,-87],[-101,79]],[[77485,58921],[-86,-194],[72,-42],[-152,-119]],[[77319,58566],[-50,-182],[-193,5],[-1,94]],[[77075,58483],[109,105],[-49,180],[44,79],[-147,142]],[[77032,58989],[21,119],[152,160],[-38,34],[129,211]],[[77296,59513],[-135,96],[81,326],[-124,126],[-1,237],[-182,29],[-288,-238],[-108,214],[209,246],[-61,188],[-226,-41],[-18,-109]],[[76443,60587],[-114,-38],[-148,68],[-188,214],[-51,274]],[[76461,61984],[21,557],[-242,-55]],[[76033,63399],[53,305],[-103,152]],[[75871,63999],[-125,53],[-73,-74],[-503,90],[31,240]],[[80928,63803],[-130,3],[12,130],[118,-133]],[[79808,63988],[74,-17],[-82,-18],[8,35]],[[80882,64328],[-38,-3],[7,21],[31,-18]],[[79933,63818],[-26,29],[8,9],[18,-38]],[[80078,64301],[17,-41],[-23,30],[6,11]],[[79941,64430],[4,20],[16,-19],[-20,-1]],[[80050,64283],[-11,6],[-1,33],[12,-39]],[[79983,63971],[-6,20],[16,-19],[-10,-1]],[[80596,64210],[15,-6],[-6,-9],[-9,15]],[[80032,64369],[-22,15],[23,-14],[-1,-1]],[[80082,64318],[-8,25],[12,-24],[-4,-1]],[[80003,64392],[-9,20],[11,-19],[-2,-1]],[[80104,64311],[-6,-9],[-3,11],[9,-2]],[[79548,64355],[-5,10],[6,-2],[-1,-8]],[[80834,64317],[-9,0],[9,5],[0,-5]],[[79666,64243],[-1,15],[2,-16],[-1,1]],[[79900,63981],[-5,0],[1,1],[4,-1]],[[79779,63987],[-3,5],[6,-2],[-3,-3]],[[79868,64066],[-3,-1],[1,6],[2,-5]],[[79863,63910],[-3,3],[2,-1],[1,-2]],[[79886,64470],[-3,-1],[1,2],[2,-1]],[[80606,64186],[-2,2],[2,1],[0,-3]],[[73012,60281],[-188,17],[-75,212]],[[71726,61856],[47,622],[-92,53]],[[73420,64064],[150,304],[59,-127],[451,-123]],[[75044,63869],[125,205],[470,-72],[-28,-506]],[[75014,63047],[-20,-482],[482,-174],[269,-228],[92,-203]],[[76184,62495],[134,-35],[138,113],[5,-589]],[[76461,61984],[119,-16],[-13,-174],[-311,47],[-123,-326],[-311,-276],[120,-134]],[[75942,61105],[30,-162],[-58,-142],[-159,-44]],[[75755,60757],[-39,-125]],[[75716,60632],[-212,-105],[-222,-337]],[[75282,60190],[-117,-33],[-84,91],[-105,-331],[-106,68],[34,-123],[-78,-53],[-12,-130],[-269,-286],[-202,-57]],[[74343,59336],[56,-408]],[[73484,59438],[-145,101],[-94,447],[-151,115]],[[77117,68452],[7,-20],[-20,-6],[13,26]],[[77150,68630],[-6,1],[12,17],[-6,-18]],[[76717,69398],[13,3],[1,-5],[-14,2]],[[76980,68610],[-9,-138],[-65,15],[2,204],[72,-81]],[[75733,69043],[-5,8],[10,2],[-5,-10]],[[76625,68313],[0,12],[6,-7],[-6,-5]],[[76592,68379],[-2,4],[2,-1],[0,-3]],[[76563,68498],[-8,39],[26,-14],[-18,-25]],[[76736,68657],[-4,12],[12,-8],[-8,-4]],[[74948,69155],[134,40],[352,-109],[-24,379],[200,-62],[41,-357],[127,-177],[149,-45],[190,133],[72,-172],[231,-43],[-49,-287],[171,-50],[142,-232],[164,-90],[-111,-321]],[[76878,66575],[55,-90]],[[76271,66162],[164,-237]],[[76435,65925],[-345,-277],[-126,110]],[[75964,65758],[18,-258],[155,-423],[-312,-192]],[[75825,64885],[-222,79],[-72,198],[-99,15]],[[75432,65177],[129,-365],[-164,-185]],[[75397,64627],[-104,-272],[-92,-47]],[[75201,64308],[-54,-310],[-103,-129]],[[75044,63869],[-314,-139],[-280,125],[-205,-71],[-165,334]],[[74080,64118],[-454,126],[-121,343],[199,343],[-214,234],[34,69],[-73,197],[75,297],[-69,539],[237,210],[27,342],[89,45]],[[74243,66948],[138,64],[42,310],[99,85],[-95,288]],[[75014,63047],[82,-13],[54,533],[461,-71]],[[75611,63496],[26,490],[150,66],[84,-53]],[[75871,63999],[-7,-74],[129,29],[-10,-98]],[[75983,63856],[89,-101],[-39,-356]],[[76033,63399],[115,-43],[122,89],[-15,-152],[133,-23],[-32,-330],[-70,11],[-46,-465]],[[76240,62486],[-56,9]],[[76184,62495],[-19,-302],[-266,15],[-4,-195],[-58,-53]],[[75837,61960],[-174,294],[-187,137],[-423,130],[-59,44],[-11,167],[31,315]],[[78436,65416],[103,106],[25,-104],[-128,-2]],[[78685,65233],[0,-18],[-7,6],[7,12]],[[78644,65270],[-10,-18],[-5,6],[15,12]],[[78531,65238],[44,67],[-48,-108],[4,41]],[[78369,65579],[142,49],[49,-121],[-90,-21],[-101,93]],[[76872,64860],[-262,223],[-34,203],[79,108],[-222,381]],[[76433,65775],[3,160],[-165,227]],[[76271,66162],[31,224],[423,-105],[208,204]],[[76933,66485],[60,-193],[70,24],[132,-132]],[[77324,65654],[-31,60],[-54,-61],[-352,13]],[[76796,65325],[24,-85],[244,-34]],[[77587,64803],[-36,-113],[-91,41]],[[77460,64731],[-30,-96]],[[77430,64635],[-282,19],[-84,175],[-192,31]],[[78527,65284],[-58,52],[71,-19],[-13,-33]],[[78589,65296],[-21,160],[51,-38],[-30,-122]],[[78292,65521],[63,-26],[14,84],[79,-64],[20,-175],[-142,-43]],[[78540,65327],[-65,83],[89,8],[-24,-91]],[[78386,65243],[54,66],[84,-103],[-8,-141],[-122,-12],[-8,190]],[[77064,65206],[-237,22],[-31,97]],[[76796,65325],[162,147],[-71,194]],[[76887,65666],[281,20],[80,-48],[-47,-85],[343,-57],[355,10],[156,-166]],[[78008,64617],[-85,12]],[[77923,64629],[-26,-76]],[[77897,64553],[-327,48],[-46,70],[63,132]],[[77587,64803],[98,-43],[7,130],[-334,411],[-150,-28],[27,-55],[-82,-42],[-33,-173],[-102,84],[46,119]],[[79200,63980],[-5,3],[3,2],[2,-5]],[[79665,64399],[-24,33],[13,25],[11,-58]],[[79180,64503],[-2,3],[3,0],[-1,-3]],[[79538,64651],[-7,2],[7,1],[0,-3]],[[79612,64820],[-63,8],[6,25],[57,-33]],[[78767,64879],[-3,0],[1,1],[2,-1]],[[79177,63976],[-7,29],[18,-8],[-11,-21]],[[79100,64414],[8,-11],[-10,3],[2,8]],[[78809,64788],[-2,5],[3,0],[-1,-5]],[[78978,64307],[-2,6],[3,-2],[-1,-4]],[[78957,64354],[-2,3],[3,-1],[-1,-2]],[[79062,63900],[-120,19],[-65,-155],[-149,-67],[-49,-112],[-193,-88],[-235,109],[-64,-111],[-91,151],[200,661]],[[78296,64307],[-25,238]],[[78435,64537],[5,136],[226,344],[90,-82],[-17,-129],[61,-156],[-93,-84],[119,-27],[15,-48],[-86,1],[0,-128],[-52,-20],[35,-76],[79,-3],[-39,24],[66,64],[23,-101],[99,47],[-48,-119],[55,-73],[84,17],[14,-69],[-37,13],[-7,-1],[-4,-5],[46,-52],[87,180],[6,-115],[-100,-175]],[[78123,67388],[2,7],[2,-13],[-4,6]],[[78188,67391],[-19,-7],[-2,14],[21,-7]],[[78145,67404],[-2,-3],[0,3],[2,0]],[[78187,67468],[-26,-13],[5,25],[21,-12]],[[80134,65423],[-6,9],[8,-3],[-2,-6]],[[80082,65671],[-37,40],[21,5],[16,-45]],[[79416,66168],[28,-109],[-83,40],[55,69]],[[79465,66380],[-30,5],[22,31],[8,-36]],[[78443,66731],[-7,0],[4,7],[3,-7]],[[78248,66838],[-3,10],[6,-9],[-3,-1]],[[78514,66883],[-5,0],[0,2],[5,-2]],[[78352,66931],[-6,-19],[0,21],[6,-2]],[[78383,67030],[-1,3],[2,5],[-1,-8]],[[78300,67073],[-4,5],[3,6],[1,-11]],[[78353,67192],[-6,3],[1,16],[5,-19]],[[78370,67258],[22,-3],[3,-33],[-25,36]],[[78358,67017],[-5,44],[25,-18],[-20,-26]],[[79798,65773],[-10,-15],[-8,9],[18,6]],[[79156,66473],[-39,18],[2,24],[37,-42]],[[78304,67099],[-24,25],[4,3],[20,-28]],[[78304,67152],[-4,1],[3,1],[1,-2]],[[79295,65633],[-4,10],[5,-9],[-1,-1]],[[79699,65880],[-3,-3],[3,7],[0,-4]],[[78023,66108],[-3,1],[1,1],[2,-2]],[[78956,66395],[44,-19],[-46,2],[2,17]],[[78306,67385],[-12,14],[15,8],[-3,-22]],[[78254,67095],[-66,64],[62,5],[37,122],[-17,23],[7,37],[12,12],[47,-134],[-82,-129]],[[78183,67285],[-2,88],[68,-67],[-66,-21]],[[78187,67251],[-7,10],[9,7],[-2,-17]],[[78345,67275],[-12,4],[13,4],[-1,-8]],[[78332,67350],[-3,16],[1,1],[2,-17]],[[79119,65906],[7,26],[-5,-26],[-2,0]],[[79140,65932],[-5,-4],[2,9],[3,-5]],[[77988,66123],[-4,-3],[3,5],[1,-2]],[[77980,66124],[-4,-1],[0,2],[4,-1]],[[78723,66309],[3,76],[35,-76],[-38,0]],[[78536,66616],[26,3],[-9,-23],[-17,20]],[[78425,66587],[-14,-2],[6,11],[8,-9]],[[78414,66562],[-8,-5],[7,8],[1,-3]],[[78561,66591],[-4,0],[1,4],[3,-4]],[[79032,65882],[-4,109],[61,6],[-57,-115]],[[79025,65941],[-81,61],[62,21],[19,-82]],[[77957,66132],[-8,-5],[-5,2],[13,3]],[[77889,66114],[3,-4],[-5,1],[2,3]],[[77974,66129],[0,2],[3,2],[-3,-4]],[[78703,66313],[-18,-78],[-36,51],[54,27]],[[78462,66447],[-10,-3],[0,5],[10,-2]],[[77786,66338],[-6,4],[7,1],[-1,-5]],[[78613,66501],[-4,-1],[1,4],[3,-3]],[[78694,66428],[-2,3],[2,1],[0,-4]],[[77798,66353],[-4,0],[0,2],[4,-2]],[[78688,66326],[-2,-2],[0,2],[2,0]],[[78435,65777],[-6,16],[9,-3],[-3,-13]],[[77925,66148],[-53,65],[26,12],[27,-77]],[[77952,66152],[-21,-7],[0,21],[21,-14]],[[77974,66153],[-20,13],[8,11],[12,-24]],[[77850,66308],[-6,7],[2,0],[4,-7]],[[77799,66315],[-4,5],[8,-3],[-4,-2]],[[77834,66289],[-3,2],[4,1],[-1,-3]],[[77766,66236],[-4,0],[4,1],[0,-1]],[[77773,66327],[-1,-2],[-1,1],[2,1]],[[78529,66674],[-47,-2],[18,17],[29,-15]],[[78470,66640],[-34,59],[25,-3],[9,-56]],[[78415,66669],[-6,0],[4,2],[2,-2]],[[78320,66651],[-2,-5],[1,5],[1,0]],[[78267,66808],[-3,1],[1,2],[2,-3]],[[78228,66828],[73,-123],[-68,91],[-5,32]],[[78243,66747],[-11,-5],[-7,31],[18,-26]],[[78262,66705],[-2,1],[1,0],[1,-1]],[[78236,65955],[6,-8],[-6,0],[0,8]],[[77602,66622],[-5,-7],[-8,10],[13,-3]],[[77587,66673],[-2,-3],[1,4],[1,-1]],[[77987,66704],[-2,1],[1,1],[1,-2]],[[78292,65521],[34,-224]],[[78326,65297],[-290,40],[-190,183],[-645,33],[37,127],[86,-26]],[[77324,65654],[8,205],[-88,103],[-49,222]],[[77195,66184],[-221,133],[-60,272],[71,8],[22,221]],[[77148,66938],[72,-60],[116,147],[116,-251],[66,12],[-45,-109],[53,-133],[238,-215],[-99,-62],[95,-35],[12,-148],[87,78],[66,-125],[88,32],[227,-131],[-100,-28],[7,-166],[154,51],[80,-72],[32,-147],[-121,-55]],[[78024,66098],[-3,3],[3,3],[0,-6]],[[78412,65571],[-31,152],[70,1],[19,-143],[-58,-10]],[[78640,65446],[-3,0],[0,1],[3,-1]],[[78538,65515],[61,-82],[-70,14],[9,68]],[[78459,65240],[68,44],[-3,-78],[-65,34]],[[78055,65340],[338,-31],[1,-256],[160,43],[18,-78],[-75,-112],[49,16],[0,-102],[-73,-39],[-38,-244]],[[78435,64537],[-164,8]],[[78271,64545],[-93,157],[-170,-85]],[[78008,64617],[-55,159],[-54,-55],[-105,125],[115,-15],[115,172],[31,337]],[[78459,65240],[5,96],[28,-45],[-33,-51]],[[77840,66842],[-23,-15],[-2,34],[25,-19]],[[77853,66865],[-13,18],[6,25],[7,-43]],[[77819,66934],[-9,-1],[-7,5],[16,-4]],[[77721,67154],[-6,8],[8,-4],[-2,-4]],[[77784,67381],[-1,2],[2,-1],[-1,-1]],[[77772,67394],[6,-6],[-11,4],[5,2]],[[77837,68443],[-4,3],[2,0],[2,-3]],[[77888,68469],[-42,-7],[5,46],[37,-39]],[[77299,68561],[-1,13],[2,-15],[-1,2]],[[77869,67547],[15,-45],[-29,47],[14,-2]],[[78384,67609],[-23,-15],[7,30],[16,-15]],[[78359,67808],[-5,14],[7,4],[-2,-18]],[[78494,67891],[-17,12],[8,15],[9,-27]],[[78360,68046],[-3,2],[3,1],[0,-3]],[[77202,68195],[-1,3],[1,0],[0,-3]],[[77191,68322],[-14,-7],[6,24],[8,-17]],[[78101,67575],[3,15],[4,1],[-7,-16]],[[78089,67605],[10,-18],[-14,-2],[4,20]],[[78449,67930],[-14,-5],[5,8],[9,-3]],[[78459,67933],[-4,1],[2,6],[2,-7]],[[77273,68177],[-16,39],[14,-1],[2,-38]],[[77362,68345],[-21,-20],[20,23],[1,-3]],[[77264,68329],[-6,15],[12,-1],[-6,-14]],[[78418,67940],[-2,3],[2,3],[0,-6]],[[78419,67958],[-3,3],[1,2],[2,-5]],[[78154,68145],[37,36],[2,-94],[-39,58]],[[78125,68106],[-5,7],[12,5],[-7,-12]],[[78269,68161],[-7,-1],[4,4],[3,-3]],[[77994,67655],[76,-46],[-63,-83],[-13,129]],[[77969,67633],[11,-118],[-27,125],[16,-7]],[[78021,67655],[3,8],[2,-5],[-5,-3]],[[78380,67829],[-13,1],[9,20],[4,-21]],[[77512,68317],[-18,9],[18,-6],[0,-3]],[[77481,68305],[-5,1],[5,6],[0,-7]],[[77836,68387],[-6,-2],[0,1],[6,1]],[[77876,68375],[-2,-3],[1,6],[1,-3]],[[77960,68226],[-36,-116],[2,148],[-73,-110],[54,261],[114,33],[-58,-343],[-3,127]],[[77731,67966],[-13,-27],[-20,57],[33,-30]],[[78351,67822],[-17,-5],[7,31],[10,-26]],[[77707,67862],[-2,27],[5,-2],[-3,-25]],[[77740,67906],[5,-16],[0,-4],[-5,20]],[[78198,67938],[-3,9],[11,0],[-8,-9]],[[78007,67891],[30,273],[54,-272],[74,44],[-24,-100],[104,-71],[-216,-100],[25,173],[-80,-110],[-54,46],[87,117]],[[77388,67777],[-93,77],[31,268],[24,-131],[61,108],[-10,-299],[81,56],[33,-40],[82,123],[83,-127],[-164,-60],[-44,60],[-98,-170],[-88,-16]],[[77794,67702],[38,-173],[4,-55],[-48,38],[-16,133],[22,57]],[[78272,67745],[60,146],[-19,-142],[-41,-4]],[[77741,67876],[21,-71],[-29,-13],[8,84]],[[77938,67831],[-24,40],[26,14],[-2,-54]],[[78261,67721],[-4,28],[14,-17],[-10,-11]],[[77952,67674],[-8,36],[0,6],[11,-10],[-3,-32]],[[77682,67764],[0,-17],[-6,28],[6,-11]],[[78320,67736],[-8,-5],[3,10],[5,-5]],[[77667,67747],[-5,6],[8,3],[-3,-9]],[[77790,67834],[-3,16],[5,1],[-2,-17]],[[77786,67800],[0,-10],[-5,12],[5,-2]],[[77772,67806],[-3,5],[4,-1],[-1,-4]],[[77659,67764],[-5,-7],[0,8],[5,-1]],[[77664,67783],[4,2],[0,-5],[-4,3]],[[77451,67845],[-2,3],[2,2],[0,-5]],[[77698,67741],[-1,2],[1,0],[0,-2]],[[77520,67539],[-124,10],[-42,81],[98,9],[-74,71],[94,102],[76,-60],[27,60],[189,-213],[-53,-96],[131,-247],[56,9],[-40,-60],[97,-138],[-73,-24],[-154,124],[-32,238],[-40,10],[-6,-39],[19,-53],[-7,-19],[-17,67],[-64,33],[61,-95],[-45,-80],[-113,95],[36,215]],[[76899,68432],[-2,5],[3,-5],[-1,0]],[[76737,67762],[98,375],[145,135],[-76,22],[6,137],[174,-87],[78,78],[16,-299],[60,11],[-33,-90],[81,61],[-41,-99],[75,-17],[-18,-158],[86,-54]],[[77388,67777],[-102,-151]],[[77286,67626],[168,28],[-102,-39],[168,-76],[-46,-193],[130,-82],[-66,-42],[-113,133],[67,-170],[-94,-215],[-77,56],[-103,-148],[-70,60]],[[77148,66938],[31,-127],[-95,-85],[-77,92]],[[77007,66818],[-94,-330],[-35,87]],[[76878,66575],[-122,8],[-24,142],[-149,168],[37,286],[-131,126],[43,442],[205,15]],[[87084,48160],[1,3],[1,-2],[-2,-1]],[[86946,48377],[-7,-24],[2,23],[5,1]],[[86998,48271],[4,5],[3,-7],[-7,2]],[[86933,48377],[-1,6],[3,-3],[-2,-3]],[[87004,48192],[-4,4],[7,-1],[-3,-3]],[[86853,48117],[10,353],[122,-273],[98,-34],[-230,-220],[-77,112],[13,74],[64,-12]],[[87030,48769],[0,21],[7,-18],[-7,-3]],[[87039,48754],[-5,5],[6,-2],[-1,-3]],[[87033,48741],[-3,0],[1,6],[2,-6]],[[87037,48835],[-4,1],[2,3],[2,-4]],[[87130,48094],[-193,347],[-4,171],[119,134],[-11,80],[13,106],[17,-285],[148,-508],[-89,-45]],[[86722,47942],[-2,180],[143,-178],[-141,-2]],[[86580,48089],[94,43],[6,-111],[-67,16],[-33,52]],[[86559,48320],[13,92],[-74,90],[379,-68],[-100,-169],[-218,55]],[[86721,48015],[-47,117],[43,-11],[4,-106]],[[86443,48229],[-60,45],[113,213],[76,-75],[20,-311],[-161,-7],[-53,85],[65,50]],[[86661,48174],[-4,81],[200,-3],[-60,-174],[-136,96]],[[86554,48223],[3,83],[62,-12],[55,-162],[-120,91]],[[84888,49426],[11,459],[169,-96],[139,174],[82,-81],[275,60],[13,-317],[273,-41]],[[85799,49229],[276,-260],[24,-274]],[[86015,48513],[74,-32],[39,-182],[-18,-88],[-205,0],[-140,-103],[-60,107],[11,177]],[[85716,48392],[-193,15],[-147,-92],[-98,33],[-26,-150]],[[85252,48198],[-90,-26],[-20,-89],[-45,122],[-70,13],[-4,98],[60,2],[-193,175],[33,238],[90,5],[4,156],[-81,277],[-43,-39]],[[86015,48513],[79,118],[-58,11],[63,53]],[[86099,48695],[-23,265],[150,-48],[60,61],[202,-224],[9,-262],[-114,-213],[61,-37],[-66,-117],[-116,-59],[-186,47],[52,202],[-113,203]],[[86601,47875],[120,140],[13,-172],[-133,32]],[[86753,47770],[-31,172],[143,-12],[-3,-151],[-109,-9]],[[86522,47929],[76,114],[88,-49],[-95,-126],[-69,61]],[[86753,47770],[-314,130],[237,-2],[77,-128]],[[86351,48095],[222,15],[47,-57],[-93,-88],[9,-76],[-65,-4],[-120,210]],[[86942,47620],[-6,89],[42,-25],[-36,-64]],[[86969,47640],[48,51],[-13,-66],[-35,15]],[[86980,47700],[41,58],[-4,-67],[-37,9]],[[86875,47821],[105,-121],[-140,82],[35,39]],[[87653,47381],[-24,32],[18,24],[6,-56]],[[87562,47800],[-8,407],[75,65],[155,29],[-105,-508],[19,-462],[-136,469]],[[86931,47799],[98,-32],[-103,-6],[5,38]],[[86667,47364],[57,50],[22,-66],[-46,-38],[-33,54]],[[86580,47603],[10,-68],[70,104],[25,-231],[-204,146],[45,80],[19,-47],[-29,-17],[6,-18]],[[86580,47603],[-58,-51]],[[86522,47552],[23,35],[-18,48],[-126,-198],[-42,76],[-230,23],[-50,96],[127,313],[-19,124],[116,63],[145,-154],[-14,-125],[255,-63],[30,-133],[-125,-122],[-14,68]],[[86587,47375],[72,54],[27,-35],[-99,-19]],[[86563,47255],[80,123],[92,-108],[-75,-70],[-97,55]],[[86401,47437],[139,68],[71,-123],[-63,-206],[-266,47],[-45,306],[164,-92]],[[86770,47627],[37,41],[134,-51],[-104,-98],[-67,108]],[[86753,47770],[-33,-66],[-21,56],[54,10]],[[86717,47678],[35,45],[55,-55],[-41,-69],[-49,79]],[[86826,47739],[75,0],[40,-122],[-131,46],[16,76]],[[86807,47668],[-31,128],[69,-11],[-38,-117]],[[86694,47501],[-31,62],[75,-38],[-44,-24]],[[86660,47575],[96,33],[49,-57],[-66,-29],[-79,53]],[[86689,47579],[21,88],[46,-86],[-67,-2]],[[86686,47394],[72,164],[42,-19],[-114,-145]],[[62934,85962],[16,-1344]],[[62688,84725],[-84,224],[-193,217],[-261,104],[-103,478],[-247,433],[178,1203],[293,609],[13,161],[132,-211],[-1,-126]],[[62442,89400],[84,375],[38,22],[39,-46],[-161,-351]],[[70418,83001],[-3,-6],[0,10],[3,-4]],[[70395,83007],[0,8],[10,-5],[-10,-3]],[[70484,83470],[-3,13],[7,-11],[-4,-2]],[[70585,83554],[-9,20],[20,-16],[-11,-4]],[[66445,88871],[0,-3],[-1,3],[1,0]],[[66440,88881],[0,0]],[[66450,88893],[4,-7],[-1,-1],[-3,8]],[[66445,88894],[0,0]],[[66163,91989],[-11,-23],[-2,19],[13,4]],[[66137,92009],[-10,17],[9,8],[1,-25]],[[65778,92173],[-3,1],[2,3],[1,-4]],[[65768,92182],[3,-5],[-3,0],[0,5]],[[70442,80956],[-2,3],[2,0],[0,-3]],[[70366,82736],[8,1],[-3,-12],[-5,11]],[[70467,83457],[-2,1],[2,0],[0,-1]],[[70547,83800],[15,9],[0,-17],[-15,8]],[[70456,83960],[0,-4],[-1,1],[1,3]],[[69196,85384],[-5,3],[7,-1],[-2,-2]],[[66423,89175],[1,8],[3,-9],[-4,1]],[[66120,89941],[-2,1],[2,3],[0,-4]],[[66177,90567],[-1,6],[1,1],[0,-7]],[[65984,90880],[10,-1],[-8,-6],[-2,7]],[[66023,90881],[-1,12],[3,-11],[-2,-1]],[[65764,91635],[3,-20],[-10,3],[7,17]],[[65730,92154],[-5,0],[5,1],[0,-1]],[[65803,92209],[-4,6],[4,-3],[0,-3]],[[67354,92920],[3,10],[9,-13],[-12,3]],[[65243,93548],[1,5],[4,-12],[-5,7]],[[70410,80890],[-3,26],[6,-26],[-3,0]],[[70174,81311],[-1,6],[4,-2],[-3,-4]],[[66622,87783],[-4,2],[3,2],[1,-4]],[[65202,94062],[0,4],[7,-2],[-7,-2]],[[65160,94136],[-19,8],[1,5],[18,-13]],[[65158,94311],[-4,3],[11,0],[-7,-3]],[[65099,94603],[-1,7],[7,-4],[-6,-3]],[[65094,94615],[-2,1],[2,3],[0,-4]],[[70269,82788],[10,13],[3,-5],[-13,-8]],[[70358,82739],[-4,11],[10,-8],[-6,-3]],[[70253,82806],[-2,1],[1,4],[1,-5]],[[70354,82735],[-1,-2],[0,2],[1,0]],[[70468,83973],[-36,117],[50,-70],[-14,-47]],[[70412,83946],[5,20],[7,-9],[-12,-11]],[[70434,83936],[-6,-14],[-3,11],[9,3]],[[70271,83947],[-11,-3],[12,5],[-1,-2]],[[66372,88344],[-12,-50],[7,55],[5,-5]],[[66357,88222],[-4,2],[1,1],[3,-3]],[[66101,90281],[77,-64],[-36,18],[-26,22],[-13,17],[-2,7]],[[70205,81536],[1,2],[0,-1],[-1,-1]],[[70005,84062],[-20,-6],[2,3],[16,7],[-16,8],[13,6],[5,-18]],[[66607,86915],[11,-7],[-9,-11],[-2,18]],[[66674,86954],[-3,6],[8,0],[-5,-6]],[[66684,87422],[-5,1],[6,5],[-1,-6]],[[64589,94559],[-3,-1],[-1,1],[4,0]],[[70107,82684],[-2,2],[5,-2],[-3,0]],[[70152,82668],[-2,-2],[1,4],[1,-2]],[[69879,83828],[5,10],[9,-9],[-14,-1]],[[69852,83840],[-3,-8],[-4,8],[7,0]],[[69893,83922],[-6,0],[-3,4],[9,-4]],[[69869,83894],[-4,4],[4,-1],[0,-3]],[[69629,83831],[1,-4],[-2,2],[1,2]],[[69883,83873],[2,2],[1,-1],[-3,-1]],[[69836,83847],[-2,3],[2,1],[0,-4]],[[69665,83845],[1,-3],[-2,0],[1,3]],[[66408,88055],[5,-6],[-2,-1],[-3,7]],[[65999,90894],[14,27],[4,-22],[-18,-5]],[[69426,84503],[-86,13],[58,17],[28,-30]],[[69050,84727],[-28,-20],[9,12],[19,8]],[[69299,84188],[-13,31],[21,-30],[-8,-1]],[[69273,84497],[-16,-8],[-4,15],[20,-7]],[[69386,84435],[18,12],[2,-2],[-20,-10]],[[69418,84394],[21,14],[3,-7],[-3,-7],[-21,0]],[[68944,84507],[-11,-7],[5,10],[6,-3]],[[69206,84327],[-6,18],[11,-12],[-5,-6]],[[68825,84341],[-14,13],[17,-8],[-3,-5]],[[69189,84749],[-5,6],[8,2],[-3,-8]],[[69218,84611],[-3,11],[5,-11],[-2,0]],[[68690,84961],[-9,7],[1,1],[8,-8]],[[69161,84373],[3,6],[3,-4],[-6,-2]],[[68794,84588],[-5,3],[6,-1],[-1,-2]],[[68694,84962],[0,-6],[-2,6],[2,0]],[[69246,84354],[2,4],[0,-5],[-2,1]],[[69195,84714],[1,-3],[-2,3],[1,0]],[[69125,85035],[-5,2],[7,0],[-2,-2]],[[69236,84799],[-2,2],[5,0],[-3,-2]],[[68937,84514],[-5,-2],[-1,1],[6,1]],[[69213,84701],[-4,2],[0,1],[4,-3]],[[68796,84582],[-2,2],[2,0],[0,-2]],[[69241,84359],[-2,2],[1,1],[1,-3]],[[69191,84718],[-2,0],[0,1],[2,-1]],[[69214,84701],[0,0]],[[69215,84700],[0,0]],[[66681,86355],[-19,-12],[5,22],[14,-10]],[[66758,86134],[-3,22],[6,-8],[-3,-14]],[[66506,86629],[-3,-21],[-9,3],[12,18]],[[66925,86214],[0,9],[2,-10],[-2,1]],[[66928,86083],[-3,2],[4,1],[-1,-3]],[[66092,89945],[-15,9],[11,10],[4,-19]],[[66091,90300],[-35,40],[2,5],[0,-4],[33,-41]],[[66021,90037],[-5,-3],[3,4],[2,-1]],[[65180,93219],[-15,11],[13,-7],[2,-4]],[[64971,93913],[-12,17],[8,-8],[3,-6],[1,-3]],[[65182,93533],[-6,4],[0,4],[6,-8]],[[64992,92921],[1,1],[7,-6],[-8,5]],[[64971,92917],[-3,5],[8,1],[-5,-6]],[[65191,93329],[-2,4],[3,7],[-1,-11]],[[65101,93941],[-5,4],[5,3],[0,-7]],[[65047,93519],[0,11],[1,-6],[-1,-5]],[[64901,92930],[0,1],[2,-7],[-2,6]],[[65184,93244],[-3,-4],[0,4],[3,0]],[[64841,93912],[1,4],[2,-3],[-3,-1]],[[67784,85423],[90,76],[21,-108],[-111,32]],[[67781,85573],[80,-48],[-126,-102],[46,150]],[[67883,85330],[-42,-46],[-28,37],[70,9]],[[68009,85662],[-10,47],[19,-4],[-9,-43]],[[67720,85290],[43,73],[14,0],[4,-25],[-61,-48]],[[68433,85597],[-17,15],[4,23],[13,-38]],[[67862,85810],[-12,-11],[-1,13],[13,-2]],[[66793,85321],[1,20],[10,-30],[-11,10]],[[67836,85745],[1,8],[4,-7],[-5,-1]],[[67829,85346],[-3,9],[4,-6],[-1,-3]],[[68044,85225],[8,1],[-8,-7],[0,6]],[[66840,85305],[-10,1],[9,5],[1,-6]],[[67832,85737],[7,-4],[-2,-1],[-5,5]],[[67298,85597],[-5,2],[4,3],[1,-5]],[[68059,85172],[-5,2],[1,2],[4,-4]],[[68533,85286],[-3,2],[4,1],[-1,-3]],[[68329,85520],[-1,4],[2,0],[-1,-4]],[[68447,85426],[-2,2],[1,1],[1,-3]],[[68338,85485],[-2,-2],[0,1],[2,1]],[[68426,85588],[-1,0],[-3,4],[4,-4]],[[68396,85605],[-2,0],[2,1],[0,-1]],[[68331,85554],[-2,-1],[1,2],[1,-1]],[[68454,85430],[-1,1],[1,0],[0,-1]],[[68421,85586],[-1,-1],[-1,1],[2,0]],[[67809,85356],[-1,-1],[0,1],[1,0]],[[68334,85526],[-1,0],[0,1],[1,-1]],[[68336,85480],[0,1],[1,-1],[-1,0]],[[65714,91778],[-30,31],[2,3],[28,-34]],[[65292,92413],[27,-1],[4,-22],[-31,23]],[[65653,91754],[-1,28],[10,-32],[-9,4]],[[65745,91821],[-12,5],[4,4],[8,-9]],[[65567,91940],[7,9],[1,-11],[-8,2]],[[65508,92597],[0,12],[1,-17],[-1,5]],[[65642,91748],[-3,8],[7,-8],[-4,0]],[[65664,91823],[-1,7],[7,-5],[-6,-2]],[[65606,91032],[4,4],[0,-5],[-4,1]],[[65352,92059],[-3,2],[1,2],[2,-4]],[[65097,92519],[-7,15],[7,-9],[0,-6]],[[65698,91880],[-4,4],[4,-1],[0,-3]],[[65688,91828],[-3,3],[2,4],[1,-7]],[[65591,91784],[-5,0],[0,3],[5,-3]],[[62723,91739],[-3,4],[3,0],[0,-4]],[[65066,92525],[0,3],[3,-2],[-3,-1]],[[65100,92496],[1,6],[1,-7],[-2,1]],[[65099,92515],[0,1],[1,-5],[-1,4]],[[65103,92484],[-2,3],[2,0],[0,-3]],[[65103,92489],[-2,1],[1,1],[1,-2]],[[70141,80375],[-75,83],[-66,-87],[-204,28]],[[69796,80399],[-188,-124],[23,-439],[-87,-129],[-123,7],[72,-175]],[[69395,79369],[39,-102],[-72,-69],[-151,-32]],[[69182,79233],[-109,-103],[-142,288]],[[67817,79183],[-322,617],[-119,-49]],[[66260,79905],[-210,143],[-141,1],[-282,-177],[-393,-23],[-213,107],[-488,-37],[-127,66],[-108,143]],[[63153,82518],[105,826]],[[63028,83910],[-90,605],[31,427],[-59,4],[24,1016]],[[62934,85962],[-145,515],[27,252],[232,474],[151,813],[-71,432],[187,1079],[-128,71],[-217,-342],[-209,317],[-141,-559],[-223,-163],[211,-890],[-61,-144],[-132,0]],[[62415,87817],[2,202],[-268,369],[-25,345],[-75,125],[114,255],[225,159],[215,479],[52,-16],[32,64],[-51,41],[92,151],[-38,61],[-129,-51],[-239,238],[-32,-110],[-111,-59],[-112,46],[267,945],[293,723],[127,84],[-48,-85],[84,-398],[42,-69],[-68,-52],[77,42],[-36,228],[173,92],[-149,178],[-3,93],[56,414],[287,980],[34,689],[555,81]],[[63743,94505],[78,129],[758,-26],[9,-102],[70,-114],[12,-567],[162,-298],[-90,-274],[70,-461],[-26,-544],[276,-315],[198,14],[69,102],[107,-77],[43,-155],[166,13],[-126,-64],[-232,-487],[40,-171],[-43,-326],[368,-139],[126,-495],[288,-177],[-177,-555],[-7,-266],[104,-14],[1,62],[308,104],[-101,-306],[10,-506],[54,-587],[152,-276],[-143,-961],[199,-606],[122,-144],[51,-561],[207,-625],[179,-166],[327,-2],[294,294],[59,347],[310,-132],[210,137],[121,270],[54,-1],[172,-271],[-18,-292],[138,7],[-69,-340],[137,-216],[71,-28],[129,43],[17,-138],[275,-58],[95,-357],[117,-53],[34,-115],[325,-136],[122,31],[-23,-142],[134,-214],[154,6],[7,-100],[-263,-443],[72,-333],[105,-10],[52,95],[38,-147],[-154,-113],[4,-172],[-129,-249],[75,3],[19,-232],[125,-152],[-36,-153],[105,-210],[-21,-254],[56,-96],[-34,-276],[-146,-171],[56,184]],[[63352,89972],[-28,140],[-94,-12],[1,-1],[121,-127]],[[65894,89172],[40,11],[-5,-32],[-35,21]],[[65976,89208],[-16,30],[25,-12],[-9,-18]],[[65933,89226],[24,-12],[-21,0],[-3,12]],[[65968,89152],[13,53],[3,-58],[-16,5]],[[65948,89185],[1,20],[15,-12],[-16,-8]],[[65978,89560],[11,-35],[-4,-5],[-7,40]],[[65917,89193],[-2,12],[14,-14],[-12,2]],[[66305,89179],[-5,4],[4,-1],[1,-3]],[[65976,89573],[-5,2],[3,2],[2,-4]],[[65996,89546],[-5,0],[4,5],[1,-5]],[[66413,89185],[-5,-2],[4,3],[1,-1]],[[66009,89483],[-5,0],[0,1],[5,-1]],[[65958,89186],[-3,1],[5,1],[-2,-2]],[[66308,89179],[-2,0],[2,1],[0,-1]],[[63337,75650],[195,216],[196,-34],[132,-287],[195,-172],[612,42]],[[68589,74261],[282,-372],[15,-414],[-116,14]],[[68693,72585],[293,-100],[-98,-120],[139,-143],[-131,-190]],[[68814,71691],[-21,-174],[166,-439]],[[67937,70068],[-15,-200],[-150,-151],[-188,154],[-185,-14],[-109,-147]],[[64260,70341],[-498,8]],[[62435,70951],[-317,142],[46,508]],[[61178,73780],[-95,76],[-12,184]],[[61219,74352],[423,-111],[-5,344]],[[62688,84725],[262,-107]],[[62950,84618],[78,-708]],[[63028,83910],[230,-566]],[[63258,83344],[-34,-566],[-220,-805]],[[62880,82039],[-59,-104],[120,-178]],[[62892,81423],[-1038,153],[212,924],[96,135],[70,399],[-168,446],[-140,1070],[158,662],[-10,282],[78,-224],[303,-141],[235,-404]],[[62059,85486],[12,-29],[-3,-2],[-9,31]],[[64105,95083],[65,236],[-73,75],[113,31],[61,-70],[-166,-272]],[[63193,94723],[-25,-49],[0,12],[2,19],[23,18]],[[63637,95086],[5,12],[0,7],[1,-9],[-6,-10]],[[63878,94877],[55,-187],[-68,43],[-122,-228]],[[63743,94505],[15,-444]],[[63758,94061],[-535,-79],[69,296],[-60,461]],[[63420,94854],[213,21],[225,373],[11,170],[202,-33]],[[63740,95079],[-20,7],[21,-1],[-1,-6]],[[63708,95082],[-2,-1],[1,2],[1,-1]],[[63709,95101],[-1,1],[1,0],[0,-1]],[[64558,79854],[-67,94],[1109,-81],[362,187],[298,-149]],[[66260,79905],[239,51],[41,-120],[218,-137],[251,172],[89,-88],[76,81],[202,-113]],[[67376,79751],[117,50],[324,-618]],[[67817,79183],[153,38],[58,130],[153,-185],[77,53],[127,-64],[11,129],[133,56],[223,-124],[83,235],[96,-33]],[[68931,79418],[168,-294],[83,109]],[[69182,79233],[29,-67]],[[69211,79166],[220,96],[-36,107]],[[69395,79369],[98,170]],[[69493,79539],[244,-189]],[[69737,79350],[14,-174],[280,-347]],[[70031,78829],[57,-203],[127,-57],[108,128],[89,-183]],[[70412,78514],[4,-197]],[[70416,78317],[90,0],[-38,-543],[51,-118]],[[70519,77656],[-91,-33]],[[70428,77623],[63,-124],[-247,-30],[69,-357],[-41,-213],[71,-56],[50,-437],[-168,-231],[-218,-82]],[[70007,76093],[-74,-334],[-87,40],[-273,-149],[-80,-144],[-58,28],[-94,-326],[33,-73],[-212,-452],[-10,-613],[-219,-48]],[[68933,74022],[-23,-250],[-321,489]],[[68589,74261],[-285,100],[-35,-124],[-247,317],[-69,-67],[-362,41],[-373,574],[13,217],[-468,122],[-63,-46],[-114,128],[-79,-92],[-114,77],[-35,-91],[-108,-25],[-307,303],[-274,110],[-180,-138],[-414,45],[-20,-113],[-388,-184]],[[64667,75415],[-650,-26],[-157,156],[-112,275],[-200,26],[-219,189],[360,424]],[[63720,95945],[-6,5],[6,-2],[0,-3]],[[63620,96035],[24,-69],[-43,-13],[-34,44],[53,38]],[[63448,96504],[-6,0],[-1,2],[7,-2]],[[63192,96517],[-3,10],[2,2],[1,-12]],[[63153,96604],[-4,0],[3,5],[1,-5]],[[63181,96681],[-15,-5],[8,16],[7,-11]],[[63204,96965],[1,13],[3,-18],[-4,5]],[[64068,96979],[-8,-3],[-17,13],[25,-10]],[[64423,97022],[-14,17],[16,-15],[-2,-2]],[[64052,97048],[10,23],[4,-16],[-14,-7]],[[64914,97074],[0,2],[2,1],[-2,-3]],[[64924,97083],[-2,-1],[2,2],[0,-1]],[[64937,97086],[-2,-1],[2,2],[0,-1]],[[64953,97087],[-2,2],[1,1],[1,-3]],[[63112,97184],[0,-7],[-1,7],[1,0]],[[63730,97178],[0,10],[2,-10],[-2,0]],[[65813,97214],[-6,1],[6,2],[0,-3]],[[63698,97214],[-1,5],[3,-3],[-2,-2]],[[64721,97228],[-2,1],[2,2],[0,-3]],[[63128,97232],[-2,1],[1,1],[1,-2]],[[63148,97258],[-4,2],[4,0],[0,-2]],[[63655,97286],[11,-7],[0,-3],[-11,10]],[[63159,97298],[-3,4],[2,1],[1,-5]],[[63527,97307],[-5,-3],[1,11],[4,-8]],[[64808,97367],[-20,103],[42,-68],[-22,-35]],[[63233,97441],[-5,-2],[1,6],[4,-4]],[[65183,97525],[-10,8],[13,-5],[-3,-3]],[[65372,97553],[0,9],[19,3],[-19,-12]],[[63470,97583],[-2,7],[4,-6],[-2,-1]],[[63421,97601],[0,0]],[[63303,97640],[0,12],[5,-11],[-5,-1]],[[63410,97643],[-7,7],[0,8],[7,-15]],[[65980,97652],[-4,4],[4,2],[0,-6]],[[65734,97642],[18,31],[1,0],[-19,-31]],[[63338,97702],[0,3],[2,-3],[-2,0]],[[63306,97707],[1,5],[0,-5],[-1,0]],[[66172,97858],[-9,0],[5,6],[4,-6]],[[65974,97894],[-4,8],[8,-2],[-4,-6]],[[65491,97898],[-5,5],[7,-3],[-2,-2]],[[65785,97913],[-4,5],[6,3],[-2,-8]],[[64927,97905],[10,69],[68,-36],[-78,-33]],[[64498,97989],[-14,16],[20,-12],[-6,-4]],[[61718,98031],[-23,-1],[14,6],[9,-5]],[[66002,98034],[-5,4],[5,5],[0,-9]],[[65055,98089],[13,-5],[-7,-8],[-6,13]],[[64312,98221],[39,-45],[-53,2],[14,43]],[[65686,98193],[-12,7],[23,5],[-11,-12]],[[65813,98204],[-4,5],[4,-1],[0,-4]],[[66079,98258],[8,23],[10,10],[-18,-33]],[[65901,98343],[0,10],[9,-2],[-9,-8]],[[66534,98769],[-7,-1],[9,6],[-2,-5]],[[66188,98777],[3,12],[5,1],[-8,-13]],[[63556,98823],[59,-72],[-104,59],[45,13]],[[62027,98928],[1,-19],[-12,-11],[11,30]],[[64593,94635],[4,-3],[-1,0],[-3,3]],[[64455,94958],[-1,-2],[-4,0],[5,2]],[[63003,95068],[4,-5],[-5,-3],[1,8]],[[64242,95484],[-1,3],[1,1],[0,-4]],[[64109,95550],[-6,1],[6,0],[0,-1]],[[64401,95593],[-2,1],[2,0],[0,-1]],[[64585,95623],[-7,-2],[-1,1],[8,1]],[[64425,95668],[-3,1],[3,0],[0,-1]],[[62759,95770],[-4,7],[6,-2],[-2,-5]],[[64334,95790],[-3,5],[1,0],[2,-5]],[[63296,95875],[-26,17],[53,26],[-27,-43]],[[63695,95930],[7,-8],[-5,-1],[-2,9]],[[65330,96021],[3,-4],[-4,1],[1,3]],[[63920,96088],[-2,2],[2,1],[0,-3]],[[63923,96175],[-5,15],[8,-7],[-3,-8]],[[63901,96182],[-2,7],[9,-3],[-7,-4]],[[63082,96471],[-21,21],[25,2],[-4,-23]],[[63178,96704],[-12,28],[19,-26],[-7,-2]],[[63100,96762],[22,-12],[-21,3],[-1,9]],[[64011,96820],[-14,-54],[-19,28],[33,26]],[[63109,96857],[18,-23],[-4,-11],[-14,34]],[[64009,96843],[-4,-2],[1,2],[3,0]],[[63069,96888],[-3,3],[2,4],[1,-7]],[[63318,96936],[-4,11],[7,-5],[-3,-6]],[[63419,97613],[-2,0],[0,2],[2,-2]],[[63280,97633],[3,-1],[0,-1],[-3,2]],[[63412,97662],[-9,0],[7,13],[2,-13]],[[63301,97672],[-11,18],[19,-17],[-8,-1]],[[63325,97687],[-5,9],[8,-1],[-3,-8]],[[66043,98418],[5,7],[5,2],[-10,-9]],[[66553,98641],[-5,-1],[0,2],[5,-1]],[[62018,98645],[0,5],[3,2],[-3,-7]],[[66980,99032],[-2,-1],[2,2],[0,-1]],[[63288,99697],[-2,1],[1,1],[1,-2]],[[67017,99998],[-7,-1],[0,2],[7,-1]],[[63138,96809],[-5,15],[7,-1],[-2,-14]],[[63331,97680],[-5,0],[1,4],[4,-4]],[[65776,98632],[-10,9],[25,11],[-15,-20]],[[63420,94854],[29,-73],[-136,-162],[-81,120]],[[63232,94739],[188,115]],[[63011,95058],[-2,1],[3,0],[-1,-1]],[[63031,94971],[-9,4],[4,2],[5,-6]],[[63858,95248],[-19,-5],[5,27],[14,-22]],[[64098,95547],[-7,-7],[3,14],[4,-7]],[[63558,95529],[-1,2],[2,-1],[-1,-1]],[[64285,95756],[-7,5],[12,8],[-5,-13]],[[64275,95751],[-7,3],[8,-1],[-1,-2]],[[63284,96885],[-5,-14],[-5,17],[10,-3]],[[63097,96880],[-3,-3],[1,5],[2,-2]],[[63225,96408],[25,65],[-5,-76],[-20,11]],[[63741,96458],[-7,3],[1,3],[6,-6]],[[64304,94877],[23,-36],[-31,14],[8,22]],[[63926,96085],[0,5],[3,-4],[-3,-1]],[[63409,97635],[-4,-1],[3,3],[1,-2]],[[63406,97631],[-2,-4],[1,4],[1,0]],[[64401,99332],[42,43],[79,-29],[-57,-26],[-64,12]],[[64395,99351],[-6,15],[13,-3],[-7,-12]],[[64299,95364],[-65,52],[-17,39],[82,-91]],[[63612,95427],[-51,23],[29,42],[22,-65]],[[63785,95360],[10,85],[39,26],[-19,-77],[-30,-34]],[[63428,95383],[14,-16],[-5,-8],[-9,24]],[[63767,95325],[-15,-5],[14,14],[1,-9]],[[63717,95483],[-9,5],[18,15],[-9,-20]],[[63842,95422],[9,-4],[-6,-4],[-3,8]],[[64307,95440],[-9,-4],[-1,8],[10,-4]],[[64164,95466],[-15,7],[15,-4],[0,-3]],[[63784,95492],[-6,4],[6,-2],[0,-2]],[[63698,95449],[-6,6],[4,4],[2,-10]],[[63842,95383],[-9,-9],[8,14],[1,-5]],[[63790,95299],[-6,5],[5,2],[1,-7]],[[64245,95472],[-4,-2],[2,8],[2,-6]],[[63505,95391],[-3,2],[2,3],[1,-5]],[[64018,95513],[-3,-4],[1,5],[2,-1]],[[63752,95457],[0,5],[3,-2],[-3,-3]],[[63858,95391],[-1,4],[2,-1],[-1,-3]],[[63412,95310],[-2,2],[2,2],[0,-4]],[[63878,94877],[116,313],[-43,50],[120,145]],[[64071,95385],[-203,33],[233,115],[51,-93],[-55,-55],[73,-66],[-175,-627],[160,188],[-29,32],[33,82],[81,-49],[-13,66],[55,-213],[115,-8],[66,-96],[39,48],[64,-108],[-748,4],[47,95],[69,-41],[-56,185]],[[64446,94861],[4,-111],[-87,126],[83,-15]],[[63431,95826],[-2,49],[28,-14],[-26,-35]],[[63293,99706],[14,58],[52,-23],[-16,-22],[-50,-13]],[[63476,99732],[3,35],[17,-30],[-20,-5]],[[63276,99748],[-11,8],[14,1],[-3,-9]],[[63283,99764],[-16,2],[14,2],[2,-4]],[[63298,99744],[-14,-19],[9,13],[1,15],[4,-9]],[[63291,99739],[-3,6],[4,5],[-1,-11]],[[63290,99751],[-4,6],[7,1],[-3,-7]],[[63300,99756],[-5,0],[1,2],[4,-2]],[[63284,99749],[-4,-5],[2,8],[2,-3]],[[63294,99728],[-4,-1],[4,4],[0,-3]],[[63278,99742],[-1,-2],[0,2],[1,0]],[[63325,96868],[-19,33],[19,20],[0,-53]],[[63377,95803],[175,-325],[-102,-95],[-51,38],[-63,-129],[-137,141],[-9,172],[187,198]],[[63483,95806],[132,65],[43,-122],[-131,-85],[-44,142]],[[64353,95622],[-13,113],[56,-36],[-43,-77]],[[63332,95831],[-15,-62],[-52,28],[67,34]],[[64295,95791],[-19,22],[38,-23],[-19,1]],[[64366,95723],[-2,-3],[0,8],[2,-5]],[[63268,96941],[4,-31],[-13,3],[9,28]],[[64642,97822],[-27,-27],[-7,30],[34,-3]],[[66034,98242],[-38,6],[17,-1],[20,-4],[1,-1]],[[66765,98679],[50,64],[-3,-29],[-47,-35]],[[66296,98935],[-1,17],[11,-6],[-10,-11]],[[64104,99150],[-6,75],[49,-31],[-43,-44]],[[64347,99355],[244,-5],[94,-43],[-202,-134],[-237,60],[101,122]],[[63240,99633],[192,115],[44,-86],[114,-11],[-49,-78],[-301,60]],[[63419,96011],[33,-43],[-78,-110],[-32,41],[77,112]],[[65261,97371],[11,8],[14,-5],[-25,-3]],[[63349,97604],[-39,61],[74,10],[-35,-71]],[[67372,97771],[38,-24],[-38,-11],[0,35]],[[67334,97673],[9,13],[8,-15],[-17,2]],[[67366,97657],[-4,18],[10,-3],[-6,-15]],[[64752,96785],[-11,0],[12,2],[-1,-2]],[[63696,97032],[-145,-262],[-132,63],[-65,137],[73,178],[104,37],[165,-153]],[[63306,96996],[-170,197],[61,128],[148,28],[12,-267],[-51,-86]],[[64738,96911],[-7,18],[18,-4],[-11,-14]],[[64726,97101],[1,-5],[-9,1],[8,4]],[[62577,89848],[146,151],[-75,-182],[-71,31]],[[58027,78747],[-54,56],[36,73],[29,-14],[-11,-115]],[[57045,79380],[16,39],[1,-21],[-17,-18]],[[58217,78757],[-24,4],[1,9],[23,-13]],[[57002,79512],[4,-7],[-1,0],[-3,7]],[[58130,78907],[-4,-2],[-1,1],[5,1]],[[56555,77618],[60,-16],[7,-41],[-16,3],[-51,54]],[[56592,77690],[3,-38],[-12,-9],[9,47]],[[56763,77994],[14,-19],[-19,-1],[5,20]],[[56714,77693],[4,-3],[-1,-3],[-3,6]],[[56749,77892],[-4,1],[4,1],[0,-2]],[[56759,77897],[-4,-1],[0,1],[4,0]],[[56877,78264],[-72,-9],[-2,160],[317,426],[343,47],[185,160],[118,-37],[208,-239],[22,-133],[-118,37],[-136,-104],[-60,234],[-43,40],[31,-57],[-66,-108],[-120,-25],[85,-54],[-18,-95],[-48,63],[-67,-39],[44,-39],[-19,9],[-20,-1],[22,-141],[-57,-5],[26,-103],[-163,71],[-4,-129],[-132,-126],[-181,-8],[-75,205]],[[57505,76945],[-27,64],[19,2],[7,8],[3,11],[-11,12],[-110,-57],[10,-101],[-87,163],[146,167],[17,4],[7,-34],[37,-26],[10,188],[181,-330],[-202,-71]],[[56844,78235],[11,-178],[-32,8],[-62,-67],[10,179],[73,58]],[[56659,77826],[122,-31],[-121,-55],[-1,86]],[[57765,76887],[-20,76],[73,143],[23,-44],[-76,-175]],[[56904,77277],[78,-75],[48,-84],[-110,64],[-16,95]],[[57404,78170],[85,43],[-69,-78],[-16,35]],[[58292,78262],[85,26],[-70,-68],[-15,42]],[[57043,77288],[-17,43],[33,-19],[-16,-24]],[[57654,76914],[-3,42],[16,2],[-13,-44]],[[57246,77085],[58,-9],[-20,-6],[-38,15]],[[58273,78152],[-17,10],[19,-4],[-2,-6]],[[57090,78002],[-9,27],[14,-27],[-5,0]],[[56892,77299],[-3,9],[6,-8],[-3,-1]],[[57472,78543],[12,5],[-3,-11],[-9,6]],[[57258,77274],[10,-2],[1,-6],[-11,8]],[[57474,78431],[16,-11],[-17,9],[1,2]],[[57448,78253],[-10,3],[2,7],[8,-10]],[[56814,78016],[-6,20],[9,-21],[-3,1]],[[56788,77934],[-2,1],[6,5],[-4,-6]],[[57245,77411],[-6,11],[4,1],[2,-12]],[[57281,77200],[1,15],[2,0],[-3,-15]],[[57449,78248],[3,-3],[-3,-1],[0,4]],[[58280,78127],[-2,1],[1,1],[1,-2]],[[58282,78135],[-1,0],[0,1],[1,-1]],[[62892,81423],[49,334]],[[62941,81757],[-119,182],[58,100]],[[62880,82039],[124,-66]],[[63004,81973],[149,545]],[[63153,82518],[318,-673],[888,-108],[30,422],[644,-77],[-25,-408],[-123,12],[-26,-413],[-219,23],[-22,-410],[-141,13],[-19,-423],[-141,-167],[-19,-181]],[[64298,80128],[260,-274]],[[64558,79854],[-93,-177],[-134,118],[-89,-169],[-191,-2259],[-187,-333],[258,-255],[-301,-519],[-132,199]],[[63689,76459],[-359,-422],[200,-173],[-193,-214]],[[63337,75650],[-261,382],[-98,-107],[-248,406],[-244,-265],[112,-174],[-241,38],[7,105],[-330,37],[-8,-110],[-327,42],[-94,-673],[130,-9],[-12,-201],[-251,36],[-27,-469],[355,-33],[-5,-82],[-158,12]],[[61637,74585],[5,-354],[-423,121]],[[61219,74352],[-18,-301],[-130,-11]],[[61071,74040],[14,-190],[93,-70]],[[61178,73780],[91,-338],[171,-282],[-7,-531],[154,-41],[-13,-161],[710,-93],[-51,-741],[-69,8]],[[62164,71601],[-42,-514],[313,-136]],[[62435,70951],[22,329],[345,-33],[23,321],[401,-43],[5,69],[103,-8],[-38,-491],[404,-14],[4,81],[115,-11],[-57,-802]],[[63762,70349],[-447,49]],[[61016,71078],[-432,90],[-194,-204]],[[54281,70908],[-3,7713],[268,-320],[445,-293],[337,-96],[324,46],[552,-338],[335,-80],[104,-249],[154,-89],[-6,-389],[179,-451],[147,-130],[242,-28],[72,-56],[-31,-82],[88,62],[367,-397],[240,-112],[140,18],[26,-100],[225,-74],[24,-124],[120,-118],[823,106],[453,232],[506,404],[159,316],[133,739],[-9,274],[231,370],[38,194],[265,321],[62,301],[137,265],[-23,254],[318,964],[-129,456],[78,132],[55,618],[127,490],[0,-81],[121,15],[25,-22],[-17,-42],[7,-15],[60,56],[95,-73],[747,-72]],[[54283,65163],[-2,5745]],[[54281,70908],[530,-54],[44,-244],[139,-216],[404,399],[201,-338],[36,501],[712,26],[-7,-130],[535,-124],[24,375],[749,-79],[-79,-785],[586,-63],[-17,-342],[234,-18],[4,88],[388,-38],[16,114],[-94,342],[24,124],[-80,113],[25,160],[-185,378],[24,249],[-65,83],[854,-54],[-7,-122],[451,-42],[9,155],[256,-24],[79,-121],[90,92],[229,-349]],[[60390,70964],[220,204],[170,-409]],[[60954,66750],[-255,30],[-22,-312],[-256,-378]],[[60922,63040],[534,-31]],[[57526,66737],[-47,-371],[191,25],[-144,346]],[[60421,66090],[262,399],[18,293],[253,-32]],[[60954,66750],[11,159],[-92,136],[-58,329],[9,123],[89,54],[49,157],[-374,43],[191,218],[-462,578],[251,265],[-53,10],[25,476],[-147,13],[6,146],[-177,121],[21,110],[418,-33],[9,168],[148,72],[54,181],[-140,478],[-9,138],[57,67]],[[60780,70759],[-164,356],[400,-37]],[[61016,71078],[-23,-148],[699,-126],[-15,-205],[430,-50],[68,70],[110,-146],[131,152],[125,-185],[211,-9],[-7,-112],[285,-33],[-4,-60],[271,-36],[18,208]],[[63315,70398],[945,-57]],[[64260,70341],[-8,-672],[1460,-176],[145,262],[89,-20],[26,108],[230,147],[74,152],[241,-324],[444,-154],[329,46]],[[67290,69710],[114,148],[218,7],[150,-148],[102,124],[177,-18],[153,-83]],[[70616,64063],[-22,-367]],[[68884,62222],[-518,76]],[[61832,62987],[-910,53]],[[60922,63040],[2,76],[-151,25],[-28,-460],[-214,14],[66,318],[-126,11],[57,179],[-44,10],[10,171],[126,106],[-4,216],[82,211],[-251,573],[-94,22],[16,188],[106,-13],[42,104],[14,283],[-159,15],[-8,74],[62,281],[67,-6],[18,312],[-97,6],[46,95],[-39,239]],[[67802,61008],[-147,20],[8,87]],[[66446,61277],[-62,161]],[[68056,61827],[290,473],[538,-78]],[[68884,62222],[27,338],[95,-10],[10,153],[308,-40],[29,373],[272,-36],[-15,148],[169,-22],[28,330],[192,-26],[16,-101],[338,-50],[36,445],[205,-28]],[[70594,63696],[7,126]],[[70879,62715],[877,-217],[-30,-642]],[[71726,61856],[151,-26],[-28,-284],[360,-49],[-13,-133],[130,40],[116,-75],[149,62],[-109,-741],[318,-38],[-51,-102]],[[72749,60510],[77,-215],[186,-14]],[[73012,60281],[82,-180]],[[73094,60101],[149,-112],[75,-153],[3,-260],[163,-138]],[[73484,59438],[44,-131],[-65,-244],[169,-31],[16,159],[79,-8],[222,-48],[-9,-78],[189,-95],[270,-34]],[[74399,58928],[-81,-289],[75,-212]],[[74393,58427],[-140,-76],[-46,-168],[-6,-394],[92,-189],[7,-267],[-169,-201],[44,-327],[-491,-225],[-46,-367],[-288,-336],[-157,-34],[-88,128]],[[73105,55971],[-64,-84],[-189,-27],[106,-131]],[[72958,55729],[99,-384],[197,-209],[223,220],[56,-28],[120,-311],[-130,-168],[46,-123],[407,-26],[-4,-93],[107,-8],[-5,-98],[346,-37]],[[74420,54464],[-40,-177],[-97,-87],[-142,-6]],[[73988,54157],[-71,33],[63,-227]],[[70638,52690],[-310,41],[-174,142]],[[68758,55091],[12,124]],[[70449,52707],[189,-17]],[[70638,52690],[-25,-272],[-77,-40],[-22,-372],[198,-25],[195,423],[163,-21],[-7,-220],[431,-84],[49,247],[-71,204],[8,223],[82,0],[-12,-235],[436,-56],[94,908],[637,-176],[-31,90],[151,-13],[22,388],[396,-40],[-46,-490],[308,395],[128,33],[16,178],[120,-15],[13,225],[186,18]],[[73980,53963],[-61,229],[69,-35]],[[73988,54157],[83,126],[70,-89]],[[74141,54194],[152,8],[183,335]],[[74476,54537],[349,-19],[54,163],[152,-44]],[[75031,54637],[343,307],[189,-16],[282,-436],[-304,-242]],[[75541,54250],[-104,-185],[-231,85],[-9,-654],[-219,34],[-28,-268],[-394,60],[73,-183],[-80,-425],[-111,17],[-42,-420],[-230,33],[-41,-439],[213,-32],[50,-357],[375,-187]],[[74763,51329],[-8,-292],[-15,-153],[-184,-61]],[[74556,50823],[30,-380],[-63,12],[-84,-708],[-192,0],[-14,-133],[84,-62],[-93,-1076],[-307,32]],[[73917,48508],[-32,-159],[-42,-234],[144,-22],[-112,-849],[34,-413]],[[54283,65163],[353,-27],[39,594],[356,-1],[-58,-65],[225,-313],[-120,-137],[273,-394],[87,-6],[335,486],[127,68],[644,748],[190,-276],[580,-22],[-2,216],[341,-23],[-38,-1084],[-343,10],[-7,-352],[-297,-312],[-9,-377],[196,-270],[-120,-422],[184,-249],[-76,-82],[383,-457],[-228,-258],[224,-24],[-5,-114],[287,-26],[11,203],[265,-24],[16,191],[181,-24],[95,-208],[384,-34],[-46,-209],[469,-35],[1,-80],[227,-21],[15,242],[349,448],[262,-314],[119,-263],[295,501],[185,-58],[-8,-154],[558,-42],[34,562],[207,-20],[-21,212],[54,142]],[[61456,63009],[376,-22]],[[61832,62987],[54,569],[163,-16],[-7,-108],[1015,-66],[50,796],[346,-30],[-8,-131],[232,-31],[-6,-85],[344,-22],[9,133],[349,-35],[-11,-166],[145,152],[-53,79],[263,273],[101,-150],[706,684],[371,-39],[-66,-838],[694,-85],[-40,-451],[896,-95],[-13,-186],[324,-40],[-18,-235],[180,-22],[11,-146],[322,-40],[-42,-276],[226,-23],[-3,-59]],[[68366,62298],[-310,-471]],[[68056,61827],[-82,8],[-35,113],[-311,27],[14,213],[-698,60],[-23,-324],[-537,-486]],[[66384,61438],[100,-215]],[[65765,60743],[-99,-219],[-22,-263],[-293,-310]],[[67054,54733],[73,-112],[35,35],[445,-668]],[[67706,53685],[78,-189],[-161,-368],[10,-156],[-198,-422],[-151,-72]],[[63907,52067],[-438,-186],[-143,-191]],[[60785,49070],[0,2213],[-6497,-2],[-5,13882]],[[63326,51690],[45,-6],[16,131],[520,252]],[[63907,52067],[281,340],[718,-179],[-38,-418],[188,-25],[25,303],[466,-57],[25,326],[515,-79],[13,157],[-79,9],[43,638],[337,265],[344,-279],[112,-309],[256,-24],[171,-257]],[[67284,52478],[82,10],[163,224],[16,170],[103,141],[-25,105],[208,429],[276,277]],[[68693,55138],[73,39],[-8,-86]],[[68758,55091],[76,-10],[-40,-429],[229,-28],[-17,-210],[140,-17],[-30,-206],[112,-139],[210,89],[-57,-515],[-216,-209],[415,-52],[-19,-166],[502,-71],[-75,-349],[83,-12],[83,106]],[[70154,52873],[295,-166]],[[70449,52707],[-108,-1502],[-84,14],[-40,-410],[-121,17],[-36,-429],[102,-5],[-44,-450],[106,-15],[-42,-419],[-118,-75],[99,-191],[-21,-153],[-102,11],[-41,-834],[746,-102],[52,90],[373,-50],[25,248],[914,-102],[-18,-205],[520,-66],[-18,-202],[330,-53],[-44,-393],[183,-25],[-63,-443],[910,-132]],[[73909,46831],[6,-86]],[[73915,46745],[173,-25]],[[74088,46720],[-83,-1214]],[[74005,45506],[-248,14],[-161,-1052],[113,-18],[-10,-422],[-83,-630],[-71,8],[-63,-384],[194,-21]],[[73676,43001],[-17,-398]],[[73659,42603],[-5526,0]],[[68133,42603],[-7349,0]],[[60784,42603],[1,6467]],[[60785,49070],[267,-38],[23,227],[175,-21],[10,117],[703,-38],[87,-131],[524,-75],[26,153],[-246,595],[-38,319],[26,81],[172,1],[599,-101],[188,547],[-39,301],[64,683]],[[65765,60743],[212,-15],[6,169],[172,-5],[329,331]],[[66484,61223],[-38,54]],[[66446,61277],[351,-73],[242,195],[115,-277],[509,-7]],[[67663,61115],[-17,-84],[156,-23]],[[67802,61008],[7,91],[563,-20],[-7,-150],[200,-103],[-46,-253],[-203,-371],[-6,-150],[844,-128],[-26,-295],[113,-17],[-26,-289],[71,-11],[-35,-377],[-83,-42],[-3,-464],[-161,14],[-43,-498],[109,-16],[-66,-872],[191,-24],[-173,-174],[-31,-442],[-192,30],[-97,-1223],[68,-9]],[[68770,55215],[-77,-77]],[[68693,55138],[-52,-881],[-316,-320],[-43,132],[-137,-289],[-38,54]],[[68107,53834],[-338,-410],[-63,261]],[[67706,53685],[125,140],[-155,232],[-69,-69]],[[67607,53988],[-399,622],[-154,123]],[[67054,54733],[-499,-618],[-117,183],[-110,-169],[-284,403],[187,273],[198,131],[-153,261],[400,387],[80,-112],[27,292],[-164,16],[109,734],[-247,32],[14,165],[-376,49],[-7,-84],[-184,29],[-60,-304],[-106,-151],[-428,28],[7,376],[-138,11],[63,739],[-292,33],[34,461],[-156,16],[19,155],[-169,33],[89,414],[4,424],[119,-12],[35,121],[51,-72],[267,276],[-195,295],[58,426],[221,-23]],[[65351,59951],[284,295],[130,497]],[[86794,49258],[72,133],[114,-70],[-186,-63]],[[86794,49258],[202,35],[-190,-165],[-12,130]],[[86955,49210],[41,83],[33,-67],[-74,-16]],[[86869,49188],[39,29],[128,-30],[-81,-55],[-86,56]],[[87004,49000],[63,61],[-34,-78],[-29,17]],[[87064,49222],[-32,69],[40,18],[-8,-87]],[[87024,48945],[29,57],[45,-49],[-74,-8]],[[86949,48872],[91,69],[-67,-135],[-24,66]],[[87050,48978],[20,46],[27,-65],[-47,19]],[[87008,49163],[56,59],[1,-107],[-57,48]],[[87032,49160],[33,-45],[2,-54],[-54,22],[19,77]],[[86831,48815],[37,223],[154,-81],[-73,-85],[21,-64],[-139,7]],[[87022,48957],[-155,94],[149,110],[6,-204]],[[86926,49611],[20,227],[31,-7],[5,-225],[-56,5]],[[87018,49498],[1,-4],[-4,3],[3,1]],[[86879,49438],[31,176],[69,-3],[6,-199],[-106,26]],[[86869,49360],[116,52],[14,-57],[-130,5]],[[87019,49259],[-20,96],[65,-54],[-45,-42]],[[86978,50053],[-35,120],[87,3],[-52,-123]],[[86832,50040],[113,90],[5,-175],[-118,85]],[[86993,49987],[27,141],[-23,-138],[-4,-3]],[[86736,50097],[120,133],[-25,-180],[-95,47]],[[86977,49831],[-27,160],[41,24],[-14,-184]],[[86943,49796],[-34,91],[41,-10],[-7,-81]],[[86998,48692],[-3,3],[14,8],[-11,-11]],[[87011,48728],[5,5],[-3,-8],[-2,3]],[[86954,48674],[1,6],[4,0],[-5,-6]],[[86979,48687],[7,3],[1,-1],[-8,-2]],[[86963,48674],[-3,2],[4,0],[-1,-2]],[[86973,48676],[-1,2],[3,0],[-2,-2]],[[87014,48716],[-3,2],[3,-1],[0,-1]],[[86374,48856],[194,97],[45,-89],[400,-32],[-7,-123],[-58,-26],[-24,-38],[-68,97],[-374,-39],[-108,153]],[[85958,49328],[88,163],[199,-179],[245,-24],[95,-238],[47,5],[-122,-203],[-190,29],[-62,101],[-30,-69],[-115,20],[-247,204],[160,114]],[[86920,48458],[-1,5],[2,-4],[-1,-1]],[[86928,48512],[15,9],[-9,-21],[-6,12]],[[86927,48569],[4,24],[0,-30],[-4,6]],[[86921,48457],[-7,-9],[4,10],[3,-1]],[[86895,48447],[0,4],[2,-4],[-2,0]],[[86913,48645],[-6,6],[-2,7],[2,0],[6,-13]],[[86909,48627],[-3,5],[5,4],[-2,-9]],[[86909,48603],[6,11],[-4,-13],[-2,2]],[[86457,48707],[401,35],[55,-288],[-450,54],[38,124],[-44,75]],[[86632,49055],[-72,48],[439,35],[-132,-87],[-44,-237],[-251,70],[60,171]],[[86622,49743],[-64,-386],[-313,-45],[-198,179],[-89,-163]],[[85958,49328],[77,8],[-9,-85]],[[86026,49251],[-47,22],[-57,-120],[-123,76]],[[85799,49229],[69,178],[-18,177]],[[85850,49584],[199,-37],[98,146],[120,27],[-52,86],[47,126],[134,-103],[114,94],[22,-135]],[[86561,49103],[-128,222],[204,62],[138,-78],[38,-154],[-35,-65],[-217,13]],[[86711,49520],[31,117],[172,-39],[-34,-169],[-169,91]],[[86775,49324],[-57,160],[180,-60],[-123,-100]],[[86622,49743],[-90,45]],[[86532,49788],[-28,130],[194,105],[245,-227],[-17,-185],[-184,26],[-105,-102],[-15,208]],[[86571,49384],[26,200],[109,-34],[69,-241],[-204,75]],[[86603,50667],[111,209]],[[86979,50825],[-76,-458],[40,-194],[-76,-44],[-12,104],[-122,-131],[169,-80],[19,-138],[-171,30],[-52,109],[-330,-191],[-111,356],[195,511]],[[84260,46112],[-155,145]],[[84105,46257],[81,304],[295,21],[107,-147],[-328,-323]],[[84405,46595],[100,94],[-15,-111],[-85,17]],[[84353,46605],[127,137],[-10,-71],[-117,-66]],[[85338,46744],[-56,8]],[[85282,46752],[0,-95]],[[85080,46791],[261,54],[-3,-101]],[[84282,47081],[37,171],[75,-15],[19,-286],[-236,66],[4,93],[101,-29]],[[84487,47267],[40,58]],[[84527,47325],[128,44],[45,-149],[-53,-135],[-119,-63],[0,-118],[-120,53],[-45,358],[167,-82],[-43,34]],[[85170,47247],[4,-68],[62,46]],[[85236,47225],[10,-216]],[[85246,47009],[108,-27]],[[85354,46982],[-54,-160],[-220,-31]],[[85080,46791],[83,-15],[-4,-111],[123,-8]],[[85282,46657],[-64,-103],[60,-271]],[[85278,46283],[-41,-176],[42,-250]],[[85279,45857],[153,-267],[-362,60],[-138,198]],[[84932,45848],[-25,280]],[[84907,46128],[-400,380],[-26,72],[160,126],[-44,-3]],[[84602,46863],[-91,19],[210,367],[234,-158],[68,177],[147,-21]],[[84501,46666],[56,-80],[-65,11],[9,69]],[[84421,46751],[63,66],[-4,-75],[-59,9]],[[84526,46784],[-64,137],[30,14],[34,-151]],[[84594,46649],[-66,84],[113,-27],[-47,-57]],[[84473,46695],[44,90],[22,-126],[-66,36]],[[84602,46863],[-5,-160]],[[84597,46703],[-86,33],[29,148],[62,-21]],[[84138,46847],[123,42],[9,69],[142,-7],[3,-269],[-81,-131],[-148,10],[-3,72],[-84,16],[39,198]],[[84452,46781],[-33,175],[65,-73],[-32,-102]],[[74722,69716],[-114,-72],[-44,118],[121,238],[81,10]],[[74582,70497],[-1,3],[6,24],[-5,-27]],[[73852,69962],[-51,122],[56,57]],[[73852,70330],[156,-116],[64,116],[241,-74],[124,72],[296,-40],[11,162],[-129,183],[116,-121],[380,-952],[-62,-150],[166,-248],[-267,-7]],[[74948,69155],[-106,-168],[-52,-649],[-176,25],[-181,210],[-63,-40],[78,-559],[-21,-279]],[[74427,67695],[104,-227],[-330,73],[-44,180]],[[73810,68204],[-281,308],[102,183]],[[73627,69242],[313,239],[91,227],[-39,79],[-193,12]],[[74722,69716],[-67,78],[121,113],[-10,103]],[[74766,70010],[-171,-128],[23,-77],[-61,-90],[59,-73],[106,74]],[[72204,68306],[-81,187],[65,34],[82,-73],[-66,-148]],[[68959,71078],[-163,416],[18,197]],[[68814,71691],[179,188],[-97,153]],[[68896,72032],[137,140],[-36,105],[-101,33],[90,175],[-49,66],[-244,34]],[[68693,72585],[77,904]],[[68770,73489],[364,-161]],[[69134,73328],[-40,-357],[95,-13],[-5,-59],[99,-14],[97,155],[26,-110],[145,-18],[12,-103]],[[69563,72809],[172,-84],[107,193]],[[69842,72918],[3,230],[-110,151],[73,95],[219,-24],[-17,-209],[58,-8],[211,-405],[238,-20],[12,332],[466,-76]],[[70995,72984],[50,103]],[[71320,71865],[153,-21],[35,63],[101,-37],[48,-129],[290,-12],[45,-260]],[[72139,71475],[-14,-99],[137,-70],[53,-159],[107,11],[105,-269],[-38,-224]],[[72631,70426],[204,-82],[45,-316]],[[73417,69313],[210,-71]],[[73627,69242],[-30,-330],[-76,-3],[110,-214]],[[73631,68695],[-100,-143],[36,-131],[243,-217]],[[73810,68204],[-26,-152],[96,70],[123,-94],[15,-178],[139,-129]],[[74157,67721],[53,-189],[321,-64],[-108,-146],[-45,-315],[-135,-59]],[[74243,66948],[-127,-217],[-167,-3],[-139,135]],[[73810,66863],[-84,-39],[-32,-348],[-236,-206],[68,-538],[-75,-299],[73,-200],[-36,-61],[181,-140],[36,-113],[-190,-263],[72,-243],[-167,-349]],[[73420,64064],[-2,-198],[-396,98],[13,77],[-356,46],[-18,-329],[-191,50],[-119,269],[12,150],[-548,24],[-52,-864],[124,-14],[-18,-252],[201,-22],[-21,-287],[-280,30],[-11,-84],[-60,9],[-17,-236]],[[71681,62531],[-802,184]],[[70879,62715],[15,316],[-88,15],[50,635],[52,-3],[9,115],[-316,29]],[[70601,63822],[15,241]],[[70616,64063],[-188,25],[26,303],[-439,9],[61,127],[-102,396],[28,297],[-76,8],[-104,318],[101,-10],[17,262],[-138,13],[55,972],[-199,18],[-214,393],[-165,85],[-29,259],[-192,116],[43,368],[-148,220],[8,181],[-242,24],[-90,257],[-4,-65],[-133,112],[-277,-67],[-76,120],[65,936]],[[68204,69740],[-304,109],[37,219]],[[67937,70068],[92,-12],[15,224],[252,-67],[14,221],[253,-26],[15,179],[76,94],[254,303],[46,-72],[131,129],[-126,37]],[[72127,68341],[123,8],[-21,172],[-106,-28],[4,-152]],[[71874,72527],[117,72],[55,-145],[-138,-34],[-34,107]],[[72677,72467],[-16,289],[52,-160],[-36,-129]],[[72677,72841],[19,-73],[-26,15],[7,58]],[[72111,72981],[233,-107],[-40,-344],[42,44],[-137,-560],[105,-301],[-102,-70],[-148,97]],[[72040,71667],[-289,113],[-88,-41],[-54,131],[-289,-5]],[[71320,71865],[-194,169],[58,113],[31,465],[-45,116],[105,-47],[-115,268],[-67,-41],[41,66],[-89,113]],[[71045,73087],[45,168],[73,-25]],[[71163,73230],[35,74],[37,-84],[117,-1],[147,124],[31,-87],[267,-18],[76,-306],[146,-77],[92,126]],[[71908,72420],[138,32],[-55,147],[-131,-30],[48,-149]],[[72763,71983],[41,-12],[-1,-29],[-40,41]],[[72755,72000],[-1,7],[2,-6],[-1,-1]],[[72786,72118],[-4,25],[19,-27],[-15,2]],[[72730,72169],[10,11],[0,-21],[-10,10]],[[72738,72329],[-29,163],[45,-39],[-16,-124]],[[72763,72172],[5,8],[8,-19],[-13,11]],[[72810,72172],[3,-12],[-14,15],[11,-3]],[[73052,72152],[6,-4],[-6,0],[0,4]],[[72868,72184],[-13,257],[148,-212],[91,36],[23,-64],[-249,-17]],[[72842,72458],[-64,33],[15,21],[49,-54]],[[73261,70616],[36,53],[-3,-53],[-33,0]],[[73304,70624],[69,-36],[-22,-101],[-77,71],[30,66]],[[73337,70779],[-104,13],[-101,156],[143,24],[62,-193]],[[72912,70392],[46,314],[182,43],[-5,-178],[-81,13],[-45,-149],[-97,-43]],[[73083,70376],[-67,158],[199,66],[-15,-151]],[[73215,70600],[46,16],[-33,-29],[-13,13]],[[73208,70321],[-4,266],[57,29],[140,-153],[-32,-187]],[[73244,70685],[52,159],[66,-119],[-118,-40]],[[73306,70671],[-12,56],[25,-4],[-13,-52]],[[73228,70625],[5,53],[24,17],[-29,-70]],[[73334,70637],[42,51],[-24,-64],[-18,13]],[[73306,70671],[49,48],[-23,-59],[-26,11]],[[73083,70376],[117,73]],[[73200,70449],[8,-451]],[[73000,70344],[-99,50],[112,102],[70,-120]],[[73202,70623],[28,55],[-40,-89],[12,34]],[[73190,70589],[-39,74],[65,13],[-26,-87]],[[73313,71152],[103,51],[110,-24],[-81,-199],[-132,172]],[[73151,70663],[-1,236],[17,4],[77,-218],[-93,-22]],[[73294,70611],[3,61],[42,-21],[-45,-40]],[[72975,71410],[12,31],[18,-29],[-30,-2]],[[73001,71608],[-20,3],[24,4],[-4,-7]],[[72947,71398],[-33,22],[44,-2],[-11,-20]],[[72139,71475],[-147,-6]],[[71992,71469],[-61,208],[109,-10]],[[72040,71667],[24,73]],[[72064,71740],[171,-97],[79,70],[282,-420],[424,-295],[-131,-442],[-23,-313],[-32,106],[-22,-48],[-181,125]],[[72631,70426],[-57,114],[46,41],[-131,84]],[[72489,70665],[39,217],[-56,184],[-345,308],[12,101]],[[73389,70564],[-6,118],[46,-102],[-40,-16]],[[73400,70667],[22,137],[24,-37],[-46,-100]],[[73935,70760],[-1,2],[2,-2],[-1,0]],[[73914,70796],[0,-6],[-2,5],[2,1]],[[73912,70795],[0,0]],[[73914,70716],[0,2],[2,-2],[-2,0]],[[73885,70711],[-5,2],[6,0],[-1,-2]],[[73910,70726],[0,0]],[[73852,70330],[5,-189]],[[73857,70141],[-52,-8],[47,-171]],[[73852,69962],[-53,-163]],[[73799,69799],[232,-77],[-88,-237],[-305,-248],[-221,76]],[[73417,69313],[20,109],[-655,100],[41,89],[-36,289],[93,128]],[[72880,70028],[-53,173],[49,196],[124,-53]],[[73000,70344],[-28,-312],[118,45],[118,-79]],[[73208,69998],[-41,91],[41,232]],[[73208,70321],[161,-45]],[[73369,70276],[-8,125],[238,153],[-16,80],[104,-21],[138,269],[-18,98],[57,-72],[47,-200],[-22,10],[-10,-6],[-13,-61],[172,-357],[-28,-79],[-80,5],[-78,110]],[[73362,70725],[-9,92],[64,-16],[-55,-76]],[[73426,70575],[-4,152],[178,-156],[-210,-158],[-27,172],[63,-10]],[[73150,70899],[-10,-150],[-164,100],[45,147],[129,-97]],[[72958,70706],[18,143],[138,-80],[-156,-63]],[[85406,54497],[74,73],[16,-46],[-90,-27]],[[85668,54376],[7,-9],[3,-7],[-10,16]],[[85385,54702],[114,161],[120,-169],[38,-332],[-73,88],[-113,-65],[-71,50],[96,89],[-28,129],[-83,49]],[[85111,54426],[125,71],[104,-87],[-139,-100],[-90,116]],[[85314,54519],[62,45],[35,-33],[-97,-12]],[[85387,54542],[81,111],[12,-83],[-93,-28]],[[85215,54587],[28,171],[166,-108],[-71,-100],[-123,37]],[[84602,55563],[133,-8],[220,-343],[372,-308],[95,36],[42,-56],[-79,-174],[-172,31],[47,-57],[-52,-42],[23,-162],[-118,-19],[40,-133],[-158,-2],[40,-79],[-59,-76],[-157,80],[6,71]],[[84555,54933],[-35,165]],[[84520,55098],[65,-13],[12,106],[-80,10],[-2,71],[65,72],[-63,13],[85,206]],[[85484,53196],[-287,-280],[-199,150],[-30,126]],[[84772,53234],[-140,137],[-58,444],[25,116],[84,-24],[-18,78],[65,63],[88,-35],[-9,232],[104,13],[69,-88],[53,77],[-30,88],[579,115],[29,-105],[46,19],[138,-414],[-59,14],[-7,-12],[-5,1],[-5,-4],[0,5],[-4,1],[-2,-2],[2,-5],[-3,1],[-1,-1],[0,-2],[1,-1],[-1,-1],[-4,4],[-3,0],[-2,-3],[2,-2],[-2,-3],[0,-1],[84,10],[188,-233],[-168,-49],[-81,-144],[-112,15]],[[85291,54474],[-38,73],[65,7],[-27,-80]],[[85308,54499],[53,10],[11,-51],[-41,-23],[-23,64]],[[85371,54513],[76,-16],[-28,-106],[-79,19],[31,103]],[[83620,53038],[-9,292],[150,-29]],[[84256,53372],[97,-254],[177,233],[130,22],[112,-139]],[[84772,53234],[196,-42]],[[84968,53192],[69,-170],[157,-69],[-5,-299]],[[84994,52651],[-33,-149],[-160,-179],[-100,62]],[[84564,52103],[11,-256],[-125,-192],[-67,3],[-51,154]],[[84140,51517],[-51,-64],[-226,73]],[[83771,51694],[-207,-3],[-25,-157],[-57,22],[51,-68]],[[82610,50993],[-136,56]],[[82474,51049],[-69,201],[-151,10],[-140,-151],[-130,22],[-56,194],[-197,35],[56,329]],[[81787,51689],[-107,152],[42,130],[-48,153],[122,57],[153,-148],[189,133],[84,-118],[117,623],[204,-43]],[[83823,54942],[83,101],[147,-221],[12,104],[83,-14],[117,-148],[258,258]],[[84523,55022],[32,-89]],[[84555,54933],[-82,11],[-35,-236],[171,-265],[107,-34],[17,-113],[92,26]],[[84825,54322],[14,-245],[-35,-76],[-53,55],[-80,-64],[12,-85],[-87,20],[31,-601],[-97,25],[-107,-212],[-72,-21],[-47,172],[66,40],[-41,43],[127,283],[-31,76],[-123,19]],[[83846,53827],[-196,38],[-62,388],[91,107],[-48,278],[-202,-43],[-83,202],[208,49],[-2,181],[177,3],[94,-88]],[[82691,50865],[99,-25],[-26,127],[-154,26]],[[82610,50993],[77,17],[-9,138],[408,-88],[90,178],[288,28],[69,222]],[[83533,51488],[-49,74],[53,-32],[60,165],[174,-1]],[[83771,51694],[84,-55],[8,-113]],[[83863,51526],[338,-123],[-4,-191]],[[84779,50420],[-64,-171],[-90,14],[63,-153]],[[84596,50022],[-160,29]],[[82919,49955],[28,-78],[-54,-77],[-4,88]],[[82889,49888],[-283,46],[127,578],[-257,20],[-8,185],[223,148]],[[82919,49955],[133,11],[230,209],[84,-156],[173,167],[370,-79],[89,84],[372,-48],[66,-92]],[[84436,50051],[-42,-48],[38,-124],[199,-86],[-35,-356],[-273,-26],[-59,-204],[-199,38],[-83,-162],[-235,-98]],[[83647,48837],[-82,219]],[[83565,49056],[-214,60]],[[83351,49116],[-63,178],[36,78],[-425,415],[20,168]],[[84177,49627],[182,18],[-58,252],[-55,-4],[12,-119],[-145,25],[64,-172]],[[82247,55173],[-199,135],[15,142]],[[82063,55450],[317,-63],[43,478],[97,55],[151,-226],[67,42],[68,-67],[-16,-206],[146,65]],[[82936,55528],[2,-290]],[[82938,55238],[-49,10],[-28,-52],[233,-74],[73,66],[52,-97],[-25,-144],[175,75],[52,-210],[-75,-8],[33,-166],[252,0],[57,-164],[-9,-114],[-105,-84],[88,-257],[-45,-133],[229,-59]],[[83846,53827],[8,71],[194,51],[175,-326],[79,128]],[[84302,53751],[90,3],[64,-98],[-146,-381],[-54,97]],[[84256,53372],[-91,-51],[-215,111],[-189,-131]],[[83761,53301],[-144,36],[3,-299]],[[83620,53038],[-311,251],[-132,-1],[-73,-77],[35,-304],[-178,-45],[37,-127],[-82,-63],[-230,91],[-143,-135]],[[82543,52628],[-205,43],[-92,-594],[-108,89],[-105,-17],[12,-99],[-148,-13],[27,84],[-233,135],[-546,177]],[[81145,52433],[0,275],[-70,79],[76,129],[-19,117],[136,326],[28,253],[185,84],[47,142],[-85,438]],[[81443,54276],[129,383],[-28,280],[120,103],[503,-73],[80,204]],[[84596,50022],[92,88]],[[84688,50110],[-57,77],[123,-22],[8,69],[205,-166],[1,-170],[-91,-90],[11,-382]],[[84888,49426],[-124,-86],[129,-210]],[[84893,49130],[67,-3],[53,-391],[-298,-121]],[[84715,48615],[54,168]],[[84769,48783],[-90,21],[84,103],[-44,149],[-259,-100]],[[84460,48956],[-101,-226]],[[84359,48730],[-277,-196],[-393,195],[-42,108]],[[83647,48837],[100,148]],[[83747,48985],[169,37],[149,223],[168,-48],[90,214],[287,56],[-36,103],[55,242],[-197,67],[-33,165],[197,-22]],[[83378,55425],[109,72],[127,-229],[-60,-422],[-57,38],[-39,-71],[-99,222],[-177,-66],[52,315],[87,-10]],[[83321,55274],[57,151]],[[86882,51771],[-15,-44],[12,51],[3,-7]],[[86720,51841],[13,17],[10,-13],[-23,-4]],[[86853,51744],[-2,10],[5,-5],[-3,-5]],[[86865,51724],[-5,3],[2,4],[3,-7]],[[86882,51746],[-1,-1],[0,1],[1,0]],[[86861,51720],[0,0]],[[86774,51360],[-4,6],[8,-1],[-4,-5]],[[86778,51399],[0,0]],[[86871,51618],[2,-11],[-4,5],[2,6]],[[86874,51639],[2,8],[2,-8],[-4,0]],[[86905,51603],[3,5],[0,-6],[-3,1]],[[86881,51661],[-2,0],[-1,2],[3,-2]],[[86890,51645],[-1,3],[2,-3],[-1,0]],[[86301,51140],[-46,601],[79,45]],[[86396,51686],[244,176],[3,-69],[91,-14],[-3,43],[12,18],[72,-75],[-59,-149],[83,10],[-67,-84],[6,-82],[60,3],[-15,-20],[-41,-32],[-8,4],[0,-2],[-3,-1],[1,-1],[-5,-4],[-1,-2],[12,-20],[11,14],[-11,-33],[-8,0],[-2,-4],[38,-82],[87,196],[-63,21],[-6,42],[73,-19],[17,83],[-43,105],[53,86],[-55,32],[58,-10],[103,-352],[157,2],[-208,-641]],[[86979,50825],[-265,51]],[[86714,50876],[-74,-177],[-15,92],[-87,-26]],[[86850,51548],[-4,3],[4,0],[0,-3]],[[86838,51449],[-2,2],[3,0],[-1,-2]],[[86822,51439],[0,3],[3,-1],[-3,-2]],[[86825,51440],[0,-2],[-1,0],[1,2]],[[86826,51440],[-1,2],[1,-1],[0,-1]],[[86096,50722],[35,-132],[-131,146],[10,191]],[[85961,50688],[33,52],[82,-89],[-34,-115],[-81,152]],[[85462,51340],[-121,215],[12,113],[167,-26],[70,-150]],[[86017,51453],[79,-8],[167,169],[38,-474]],[[86301,51140],[237,-375]],[[86538,50765],[95,-1],[-30,-97]],[[86603,50667],[-151,32]],[[86452,50699],[-60,-73],[-71,-369],[-59,-32],[69,-155],[-18,-165],[-67,13],[-30,-99],[55,-91],[-124,-35],[-69,-148],[-484,48],[-30,349],[-156,-6],[120,282]],[[85490,50474],[155,54],[15,289],[103,223],[-86,224]],[[86096,50722],[46,37],[-132,168]],[[86010,50927],[-65,-216],[88,-176],[102,70],[-39,117]],[[84197,51212],[6,187],[-130,27],[67,91]],[[84140,51517],[-62,325],[77,131],[177,-161]],[[84332,51812],[64,-165],[145,115],[59,172],[90,-56]],[[84872,51602],[474,-23],[116,-239]],[[85462,51340],[215,-76]],[[85677,51264],[31,-166],[59,-13],[-107,-268],[-18,-299],[-152,-44]],[[85490,50474],[52,-69],[-49,-126],[35,-61]],[[85528,50218],[-119,-281],[-120,-55],[-91,79],[-130,-172],[-201,393],[-254,6],[12,75],[118,19],[36,138]],[[84779,50420],[-41,150],[-114,41],[-71,159],[-52,165],[71,51],[-107,117],[8,110],[-276,-1]],[[86378,52944],[-169,273],[93,-32],[12,116],[146,-110],[106,40],[41,-313],[-229,26]],[[86119,53313],[202,77],[29,-95],[-231,18]],[[86412,53262],[-70,143],[100,-66],[-30,-77]],[[86348,53403],[50,43],[5,-64],[-55,21]],[[86420,53229],[22,120],[83,2],[-105,-122]],[[86438,53213],[147,102],[-23,-89],[-124,-13]],[[86681,52321],[-13,61],[19,-1],[-6,-60]],[[86676,52390],[0,42],[14,-16],[-14,-26]],[[86672,52430],[-6,3],[6,2],[0,-5]],[[86654,52482],[-18,54],[18,7],[5,10],[-5,-71]],[[86653,52544],[-3,28],[11,6],[-8,-34]],[[86651,52591],[24,8],[-31,-17],[7,9]],[[86642,52552],[-6,-1],[5,7],[1,-6]],[[86635,52553],[0,11],[5,0],[-5,-11]],[[86495,52859],[7,23],[11,-12],[-18,-11]],[[86472,52775],[-9,10],[11,18],[-2,-28]],[[86435,52744],[-17,10],[22,0],[-5,-10]],[[86456,52751],[-14,1],[17,15],[-3,-16]],[[86488,52848],[-3,0],[2,3],[1,-3]],[[86425,52755],[-3,2],[7,-1],[-4,-1]],[[86476,52783],[-2,2],[2,3],[0,-5]],[[86577,52943],[-2,-3],[0,1],[-3,0],[-2,4],[7,-2]],[[86641,53072],[0,5],[3,-4],[-3,-1]],[[86641,53080],[3,-2],[-2,0],[-1,2]],[[86560,52937],[2,5],[2,-3],[-4,-2]],[[86549,52938],[1,-3],[-3,2],[2,1]],[[86645,53098],[-2,1],[3,2],[-1,-3]],[[86570,52947],[-1,1],[2,-1],[-1,0]],[[86574,52939],[-1,1],[1,0],[0,-1]],[[86552,52937],[-1,-1],[0,1],[1,0]],[[86560,52941],[0,0]],[[86668,53360],[88,-168],[-109,182],[21,-14]],[[86822,53227],[-16,30],[18,-26],[-2,-4]],[[86783,53137],[0,-3],[-4,8],[4,-5]],[[86612,53329],[-3,2],[4,1],[-1,-3]],[[86769,53159],[-1,3],[1,-4],[0,1]],[[86877,53462],[-123,63],[370,405],[143,288],[-11,207],[-223,296],[310,317],[7,-547],[70,-172],[110,-51],[21,-124],[-544,-1587],[-68,-340],[25,-246],[-63,-113],[-107,102],[-101,536],[-47,-27],[35,35],[-17,63],[82,115],[-4,185],[132,256],[3,339]],[[85484,53196],[131,342]],[[85615,53538],[290,87],[272,-232],[-49,-89],[182,-41],[-5,-75],[-96,29],[-8,-58],[112,-162],[259,-75],[-81,-43],[-46,-120],[-102,-6],[-67,-62],[-76,124],[-289,-43],[-217,78],[-211,-85],[23,204],[-193,33],[16,55],[155,139]],[[85866,53632],[-17,31],[28,-22],[-11,-9]],[[86073,52330],[111,339],[52,-90],[-61,-292]],[[85888,52665],[104,167],[211,-85],[-67,-135],[28,-72],[-151,145],[-87,-76],[-38,56]],[[86705,52771],[-24,-7],[15,30],[9,-23]],[[86603,52759],[-2,6],[6,5],[-4,-11]],[[86584,52736],[5,7],[3,0],[-8,-7]],[[86662,52777],[-2,1],[2,1],[0,-2]],[[86659,52844],[0,4],[2,0],[-2,-4]],[[86588,52756],[-1,1],[2,3],[-1,-4]],[[86563,52712],[-1,3],[1,0],[0,-3]],[[86661,52857],[-1,1],[1,0],[0,-1]],[[86650,52849],[-1,0],[1,1],[0,-1]],[[86633,52013],[0,0]],[[86680,52699],[2,15],[15,1],[-29,-36],[12,20]],[[86671,52547],[-8,2],[-1,8],[9,-10]],[[86674,52693],[-4,0],[3,5],[1,-5]],[[86668,52575],[-1,1],[6,5],[-5,-6]],[[84994,52651],[195,3]],[[85189,52654],[-20,174],[84,155],[226,14],[13,-239],[202,92],[294,-50],[-106,-146],[109,-14],[-36,-118],[166,-32],[-48,-160]],[[86073,52330],[102,-43]],[[86175,52287],[4,208],[57,29],[-49,287],[74,-118],[181,29],[230,190],[-126,-191],[26,-102],[-101,-56],[18,-23],[17,0],[-2,-8],[-6,-10],[-1,-4],[3,-117],[79,-189],[-72,-25],[91,-66],[-29,-63],[65,-115],[11,7],[-9,1],[2,4],[-6,7],[-1,1],[1,4],[45,6],[36,-14],[-3,-92],[-314,-181]],[[86396,51686],[-62,100]],[[86334,51786],[-66,-33],[-63,-218],[-188,-82]],[[86017,51453],[9,-118],[-120,67],[-55,-46],[1,181],[-205,50],[-57,-95]],[[85590,51492],[-93,167],[-144,9],[-31,-127],[-450,61]],[[84872,51602],[-21,83],[-118,-84],[-66,104],[23,173]],[[84690,51878],[-91,57],[-35,168]],[[84564,52103],[71,11],[66,271]],[[84701,52385],[147,-35],[146,301]],[[86585,52642],[-11,76],[93,50],[-16,-91],[-66,-35]],[[86535,52444],[17,47],[2,-55],[-19,8]],[[86635,52445],[1,-49],[-15,72],[14,-23]],[[86536,52504],[15,40],[11,-34],[-26,-6]],[[86614,52480],[-8,-46],[-7,69],[15,-23]],[[86498,52515],[21,23],[-1,-38],[-20,15]],[[86558,52554],[22,19],[-12,-40],[-10,21]],[[86542,52550],[-8,18],[15,4],[-7,-22]],[[86601,52380],[18,-3],[-3,-18],[-15,21]],[[86601,52546],[-15,-10],[8,16],[7,-6]],[[86528,52522],[-3,19],[14,2],[-11,-21]],[[86508,52544],[-10,5],[17,7],[-7,-12]],[[86582,52420],[-3,12],[5,8],[-2,-20]],[[86509,52476],[-4,8],[4,13],[0,-21]],[[86515,52486],[-4,11],[5,1],[-1,-12]],[[86515,52548],[3,-8],[-9,-1],[6,9]],[[86522,52448],[3,17],[1,-13],[-4,-4]],[[86578,52422],[0,-12],[-3,13],[3,-1]],[[86515,52473],[-2,-12],[0,8],[2,4]],[[86590,52520],[-6,-4],[-1,4],[7,0]],[[86556,52577],[-5,-9],[-2,6],[7,3]],[[86523,52508],[-4,2],[2,6],[2,-8]],[[86560,52507],[3,-3],[-10,-2],[7,5]],[[86541,52437],[-7,1],[1,5],[6,-6]],[[86569,52497],[-1,-9],[-2,1],[3,8]],[[86589,52552],[6,7],[1,-3],[-7,-4]],[[86564,52533],[1,5],[1,-5],[-2,0]],[[86565,52485],[4,-4],[-4,-2],[0,6]],[[86571,52406],[4,2],[-1,-6],[-3,4]],[[86531,52490],[1,6],[4,0],[-5,-6]],[[86519,52560],[-2,3],[4,3],[-2,-6]],[[86533,52501],[-3,0],[3,1],[0,-1]],[[86574,52414],[4,-5],[0,-2],[-4,7]],[[86508,52448],[-3,3],[4,0],[-1,-3]],[[86589,52471],[-2,3],[1,2],[1,-5]],[[86561,52597],[3,-2],[-3,-1],[0,3]],[[86570,52610],[1,3],[1,0],[-2,-3]],[[86521,52545],[-1,-1],[0,2],[1,-1]],[[86513,52447],[-1,0],[0,2],[1,-2]],[[86572,52518],[-2,0],[0,1],[2,-1]],[[86571,52486],[-2,0],[1,1],[1,-1]],[[86563,52602],[-1,1],[1,0],[0,-1]],[[86525,52567],[-2,0],[3,1],[-1,-1]],[[86480,52566],[0,0]],[[86507,52537],[0,-2],[-1,0],[1,2]],[[86557,52496],[-1,1],[2,0],[-1,-1]],[[86556,52499],[0,0]],[[86603,52503],[0,0]],[[86602,52375],[-1,0],[1,1],[0,-1]],[[86565,52605],[-1,-1],[0,1],[1,0]],[[85955,52522],[85,142],[121,-150],[-206,8]],[[55642,25430],[-103,90],[78,-1],[25,-89]],[[55574,25490],[11,60],[32,-31],[-43,-29]],[[56433,25923],[117,-133],[-91,-48]],[[56476,25649],[-80,-117],[-155,104],[-173,-63],[-140,73],[-4,238],[129,24],[73,273],[135,-82],[30,-143]],[[55754,25276],[84,71],[150,-38],[1,-207],[-166,-192],[-50,7],[-19,359]],[[55953,25050],[88,198],[90,-82],[-45,-254],[-277,-154],[-15,151],[159,141]],[[55963,25240],[112,343],[162,53],[159,-104],[-44,-216],[-221,-150],[-168,74]],[[56087,25111],[106,95],[51,-238],[-154,-35],[-3,178]],[[56331,25198],[-108,44],[136,85],[38,231],[134,-94],[-16,-608],[-156,75],[-214,-241],[-160,-50],[-18,-86],[-169,95],[83,197],[363,122],[6,123],[88,3],[-7,104]],[[56338,25094],[-151,134],[123,0],[28,-134]],[[55773,25521],[100,153],[198,-115],[-55,-30],[-26,-220],[-152,38],[-37,-68],[-56,127],[63,59],[-35,56]],[[55697,25483],[83,25],[28,-43],[-63,-66],[-48,84]],[[55663,25397],[68,20],[43,-91],[-73,11],[-38,60]],[[55623,25429],[94,42],[3,-53],[-97,11]],[[55821,25585],[-26,76],[60,4],[-34,-80]],[[55693,25596],[97,59],[-2,-69],[-95,10]],[[55711,25577],[122,-14],[-118,-57],[-4,71]],[[55639,25466],[38,38],[22,-52],[-60,14]],[[55677,25504],[35,75],[3,-73],[-38,-2]],[[55622,25490],[53,91],[2,-77],[-55,-14]],[[55596,25565],[35,50],[1,-23],[-36,-27]],[[55555,25555],[38,79],[3,-69],[-41,-10]],[[55617,25519],[29,87],[19,-23],[-48,-64]],[[55531,25352],[59,75],[18,-70],[-77,-5]],[[55608,25357],[15,72],[61,-65],[-76,-7]],[[56001,26692],[76,-142],[-395,-227],[-28,226]],[[55762,26313],[247,242],[59,-31],[-26,-258],[-88,97],[-92,-153],[-100,103]],[[55346,26460],[308,13],[0,-142],[-241,-32],[-62,36],[-5,125]],[[55814,26072],[13,178],[36,-28],[-49,-150]],[[55698,26106],[76,92],[-40,-113],[-36,21]],[[55684,25978],[70,115],[6,-125],[-76,10]],[[55748,26080],[66,-8],[-36,-105],[-18,1],[-12,112]],[[55583,26274],[178,101],[66,-125],[-129,-77],[-115,101]],[[55778,25967],[176,396],[48,-129],[124,-54],[-76,-273],[-93,50],[12,67],[-191,-57]],[[55739,26100],[35,98],[46,39],[-16,-135],[-65,-2]],[[55233,26204],[184,103],[160,7],[-1,-71],[147,-84],[-99,-12],[-66,-178],[-65,68],[6,-50],[-76,-2],[-190,219]],[[55544,25693],[97,32],[-10,-110],[-84,16],[-3,62]],[[55698,25669],[-6,-77],[-60,0],[-2,53],[68,24]],[[55630,25645],[11,80],[65,-52],[-76,-28]],[[55687,25730],[65,7],[1,-16],[-47,-54],[-19,63]],[[55474,25807],[6,226],[76,-47],[7,-241],[-89,62]],[[55687,25709],[-8,83],[56,-10],[-48,-73]],[[55658,25809],[114,67],[-23,-93],[-91,26]],[[55653,25803],[4,84],[34,-28],[-38,-56]],[[55624,25837],[-19,92],[52,-42],[-33,-50]],[[55541,25942],[71,57],[53,-44],[-124,-13]],[[55633,25944],[51,34],[39,-69],[-32,-50],[-58,85]],[[55717,25951],[88,15],[-6,-89],[-108,-18],[26,92]],[[55681,25954],[-129,77],[72,116],[110,-62],[-53,-131]],[[55585,25778],[-45,89],[37,54],[76,-118],[-68,-25]],[[55561,25741],[118,51],[-38,-67],[-80,16]],[[55788,25847],[76,65],[9,108],[97,4],[-14,-133],[-168,-44]],[[55798,25896],[18,77],[57,-25],[-75,-52]],[[55928,25646],[-102,25],[-98,-29],[137,86],[63,-82]],[[55713,25667],[93,89],[46,-36],[-139,-53]],[[55737,25751],[35,116],[53,-18],[-33,-94],[-55,-4]],[[55811,25822],[29,51],[99,-17],[-18,-73],[-110,39]],[[55875,25711],[-68,79],[120,-15],[-52,-64]],[[55398,25139],[41,114],[-13,-112],[-28,-2]],[[55391,25361],[47,-108],[-41,-3],[-6,111]],[[55535,25278],[-43,74],[37,26],[6,-100]],[[55341,24995],[43,106],[64,-3],[-107,-103]],[[55424,25170],[78,-68],[-122,-8],[44,76]],[[55482,25175],[53,103],[2,-52],[-55,-51]],[[55496,25272],[-61,45],[57,35],[4,-80]],[[55415,25035],[33,63],[54,4],[-40,-98],[-47,31]],[[55444,25172],[33,99],[5,-96],[-38,-3]],[[55596,25219],[144,133],[25,-116],[-169,-17]],[[55529,25147],[64,82],[16,-47],[-80,-35]],[[55587,25115],[74,126],[93,-70],[-167,-56]],[[55535,25278],[48,78],[9,-71],[-57,-7]],[[55588,25333],[96,31],[18,-28],[-101,-79],[-13,76]],[[55577,25217],[-4,67],[24,-20],[-20,-47]],[[55567,25067],[61,21],[59,-89],[-97,-34],[-23,102]],[[55288,24509],[72,46],[8,-152],[-55,-4],[-39,-150],[14,260]],[[55346,24794],[44,113],[-20,-158],[-24,45]],[[55300,24831],[39,94],[-30,-144],[-9,50]],[[55558,24875],[129,124],[-25,161],[106,18],[5,-261],[62,-104],[-30,-164],[-178,90],[31,45],[-100,91]],[[55610,25112],[56,58],[-30,-91],[-26,33]],[[55625,25095],[-131,71],[15,24],[116,-95]],[[55426,24856],[134,45],[19,-56],[-203,-92],[50,103]],[[55425,24862],[-34,-84],[-6,82]],[[55579,24944],[-78,138],[115,-98],[-37,-40]],[[55502,25099],[48,-84],[-40,12],[-8,72]],[[55390,24907],[-59,77],[59,13],[0,-90]],[[55370,24708],[209,137],[134,-125],[-164,-182],[-188,-13],[9,183]],[[55425,24862],[50,95],[4,-72],[-54,-23]],[[55425,24862],[-40,-2]],[[55385,24860],[8,91],[32,-89]],[[55472,25017],[3,-60],[-82,-6],[5,53],[74,13]],[[55275,24249],[87,276],[308,86],[-119,-195],[-276,-167]],[[55475,24965],[81,28],[23,-49],[-100,-48],[-4,69]],[[55306,24697],[10,122],[88,-67],[-98,-55]],[[55306,24697],[54,-142],[-70,-12],[16,154]],[[55421,25571],[15,43],[49,-80],[-64,37]],[[55418,25488],[23,85],[49,-66],[-72,-19]],[[55355,25506],[61,23],[2,-41],[-49,-43],[-14,61]],[[55489,25511],[48,76],[26,-38],[-74,-38]],[[55418,25592],[-39,72],[57,-50],[-18,-22]],[[55351,25525],[52,81],[21,-77],[-73,-4]],[[55324,25649],[53,35],[-27,-130],[-6,3],[-20,92]],[[55410,25641],[64,49],[24,-88],[-19,-26],[-69,65]],[[55443,25737],[31,67],[62,-60],[-93,-7]],[[55369,25685],[-22,93],[43,-8],[-21,-85]],[[55347,25778],[55,154],[-11,-161],[-44,7]],[[55370,25689],[37,115],[36,-12],[31,-102],[-61,-56],[-43,55]],[[55554,25575],[-111,162],[120,8],[-9,-170]],[[55453,25801],[1,31],[14,-14],[-15,-17]],[[55419,25812],[-12,150],[65,-132],[-26,4],[-27,-22]],[[55399,25958],[-1,6],[9,0],[-8,-6]],[[55410,25447],[57,-59],[-63,-14],[6,73]],[[55386,25483],[32,-21],[-28,-12],[-4,33]],[[55410,25447],[78,60],[-1,-63],[-77,3]],[[55410,25365],[58,56],[84,3],[-98,-97],[-44,38]],[[55478,25422],[61,98],[13,-96],[-74,-2]],[[55383,25377],[28,78],[-13,-94],[-15,16]],[[56644,25954],[-98,-163],[-113,132]],[[56433,25923],[-142,33]],[[56291,25956],[-30,134],[44,-37],[8,12],[14,-12],[5,7]],[[56299,26362],[93,104],[-86,61],[253,289],[-73,28],[188,114],[153,-204],[-163,-284]],[[56105,27589],[140,17],[149,-18],[27,-187],[139,40]],[[56529,27262],[202,-24],[-57,-280],[-326,-89],[-19,-91],[72,-61],[-110,-256],[-138,101],[-80,-59],[-72,189]],[[56001,26692],[-170,-7],[-177,-136]],[[55519,26850],[13,149],[202,106],[203,-14],[41,195]],[[56299,26362],[33,-302]],[[56332,26060],[-330,174],[55,67],[-31,85],[126,176],[31,-74],[208,-20],[-92,-106]],[[55655,27024],[-153,-75],[17,-99]],[[55519,26850],[135,-74],[0,-227]],[[55654,26549],[0,-76],[-315,18],[12,-156],[58,-33],[-178,-98],[0,120],[-362,439],[-79,390]],[[56345,26739],[54,172],[160,-95],[-72,-133],[-142,56]],[[56318,26591],[83,126],[86,-34],[-129,-138],[-40,46]],[[55667,28830],[43,-308],[-129,91]],[[55637,27851],[-197,884],[29,398],[331,2]],[[55800,29135],[75,-589]],[[56271,28278],[94,-33],[29,-657],[-289,1]],[[56105,27589],[-3,-310],[-124,7]],[[55978,27286],[11,-125],[-136,-81],[-88,86]],[[55780,27310],[66,-11],[-23,187],[-228,276]],[[55581,28613],[125,-99],[-39,316]],[[55667,28830],[-170,-34],[13,-216],[71,33]],[[55926,30746],[1296,11],[-7,-3532]],[[57028,27293],[-235,-114],[-264,83]],[[56529,27262],[31,179]],[[56560,27441],[-152,-28],[-30,755],[-107,110]],[[56271,28278],[27,221],[-128,78],[-47,-78],[-248,47]],[[55875,28546],[-23,73],[26,191],[-78,325]],[[55841,29600],[37,495],[79,1],[46,129]],[[55163,29229],[319,0],[-42,-494],[84,-444],[53,12],[60,-452]],[[55637,27851],[-42,-89]],[[55595,27762],[95,-48],[159,-298],[-5,-122],[-64,16]],[[55780,27310],[-15,-144]],[[55765,27166],[51,-54],[-161,-88]],[[55655,27024],[-41,127],[-824,2]],[[54790,27153],[-78,203],[-106,25],[43,127],[-156,253],[72,6],[-19,106],[-87,29],[-96,-105],[-44,82],[-168,0],[91,311]],[[54014,28497],[-210,0]],[[53678,28666],[-119,8],[469,640],[88,27],[-57,-111],[57,6],[39,205],[58,-63],[31,59],[-85,18],[-38,231]],[[54644,30738],[186,64]],[[55801,30744],[125,2]],[[55926,30746],[-8,-412],[85,-109]],[[56003,30225],[-142,-204],[-20,-421]],[[55841,29600],[-89,-265],[48,-200]],[[55800,29135],[-637,94]],[[54630,32730],[403,-1],[0,264]],[[57221,32212],[1,-1455],[-1421,-13]],[[55801,30744],[51,91],[-3,498],[-315,41],[-293,-172],[0,-461],[-353,-2],[-58,63]],[[54830,30802],[-475,-73],[34,63],[-59,144],[-144,85],[-107,579]],[[54400,30374],[-142,-53],[-31,170],[-107,35],[172,132],[13,-3],[-12,-33],[25,-28],[-3,-67],[10,-15],[73,85]],[[54400,30374],[-2,223]],[[54398,30597],[-64,6],[70,67],[-27,66],[267,2]],[[54644,30738],[30,-310],[107,-213],[70,-4],[-1,-540],[282,-4],[31,-438]],[[55163,29229],[-489,0],[-11,115],[-90,41],[-14,292],[-438,9]],[[54121,29686],[-112,206],[31,151],[-20,80],[-47,-31],[-92,147],[58,201],[151,103],[118,-17],[89,-205],[103,53]],[[54020,30053],[5,7],[9,-19],[-14,12]],[[54020,30074],[-2,8],[5,-7],[-3,-1]],[[54014,28497],[0,-322],[228,15]],[[54242,28190],[-28,-181],[-63,-130],[-256,-4],[-28,214],[-83,84]],[[53524,28139],[-4,155],[64,-1],[11,123],[419,81]],[[53236,28122],[-5,5],[7,-2],[14,7],[2,-1],[-18,-9]],[[53259,28132],[-2,0],[3,3],[-1,-3]],[[53288,28113],[0,0]],[[53296,28120],[-2,0],[2,1],[0,-1]],[[53288,28122],[-2,2],[1,0],[1,-2]],[[53283,28194],[-7,10],[24,-10],[-17,0]],[[53308,28184],[-3,5],[7,-6],[-4,1]],[[53784,28173],[111,-298],[-604,-7],[62,165],[-33,74],[-42,36],[-12,-8],[68,45],[9,45]],[[53524,28225],[0,-86]],[[53524,28139],[260,34]],[[53678,28666],[14,-169],[112,0]],[[53804,28497],[1,-81],[-210,0],[0,-123],[-75,1],[4,-69]],[[53524,28225],[-181,0]],[[53343,28225],[147,148],[-66,131],[124,162],[130,0]],[[52909,26841],[-2,-3],[0,5],[2,-2]],[[52917,26826],[-3,7],[3,-4],[0,-3]],[[52887,26604],[25,207],[39,-100],[-64,-107]],[[53001,26812],[-3,1],[3,0],[0,-1]],[[53018,26866],[1,4],[3,-5],[-4,1]],[[53116,25618],[110,795],[-76,257],[20,210],[-64,25],[-57,-123],[-27,70],[133,162],[51,482],[-108,259],[141,2],[52,111],[1025,12],[47,-83],[103,106],[101,-94],[-125,-62],[-136,-288],[-1,-320],[-194,-228],[-69,-248],[-21,-242],[69,-53],[-92,-468],[-113,-214]],[[51789,24177],[0,6],[2,-5],[-2,-1]],[[51954,24277],[-7,3],[9,1],[-2,-4]],[[51924,24321],[2,6],[1,-6],[-3,0]],[[51962,25175],[-1,-2],[-1,1],[2,1]],[[51825,24166],[-13,30],[25,-7],[-12,-23]],[[51790,24187],[8,5],[-4,-7],[-4,2]],[[51027,24736],[-3,-4],[-1,7],[4,-3]],[[51945,24277],[-1,1],[2,1],[-1,-2]],[[51005,24724],[-4,4],[3,0],[1,-4]],[[50921,24794],[106,2],[-3,-46],[-103,44]],[[50982,24901],[-4,22],[18,-15],[-14,-7]],[[51761,24643],[0,-14],[-10,15],[10,-1]],[[51759,24587],[-3,6],[7,1],[-4,-7]],[[51777,24696],[1,-7],[-7,6],[6,1]],[[53116,25618],[84,1],[-4,-61],[563,2],[43,168],[83,-42]],[[53885,25686],[-106,-545],[-85,-39],[75,-174],[-177,-155],[-549,202],[-193,-203],[-211,10],[-138,-210],[-374,40],[-124,-170],[-133,-53],[-131,160],[53,47],[-2,112],[93,14],[114,162],[43,136],[-67,154],[181,393],[173,-78],[396,75],[213,-173],[131,85],[49,142]],[[45103,33931],[-3,-596],[-167,9],[30,136],[-108,31],[62,109],[-130,116]],[[50218,24274],[-18,22],[33,-21],[-15,-1]],[[50208,24305],[-2,32],[10,3],[-8,-35]],[[50113,24569],[-16,44],[21,-13],[-5,-31]],[[50125,24598],[10,10],[8,-6],[-18,-4]],[[50769,26268],[-2,1],[3,0],[-1,-1]],[[50760,26274],[-8,9],[8,-2],[0,-7]],[[50126,24779],[-3,2],[4,-1],[-1,-1]],[[49132,25252],[-1,63],[14,2],[-13,-65]],[[50419,25790],[0,3],[3,-2],[-3,-1]],[[49957,26063],[-2,3],[3,-1],[-1,-2]],[[49924,26400],[3,-12],[-7,-1],[4,13]],[[50656,26424],[-16,22],[24,-9],[-8,-13]],[[50619,26693],[-40,-121],[-23,-13],[9,133],[54,1]],[[48357,27395],[-1,12],[3,-12],[-2,0]],[[50274,25263],[-136,152],[53,38],[179,-208],[29,-173],[-103,49],[-22,142]],[[49884,25193],[38,-33],[-17,-11],[-21,44]],[[50018,25509],[24,16],[-13,-31],[-11,15]],[[49977,25663],[0,10],[3,-12],[-3,2]],[[47854,25908],[6,24],[1,-30],[-7,6]],[[47863,25895],[-1,3],[2,1],[-1,-4]],[[48421,26100],[-8,16],[12,-2],[-4,-14]],[[50101,25349],[-12,32],[22,-16],[-10,-16]],[[50018,25297],[6,18],[-1,-20],[-5,2]],[[50031,25386],[-7,-2],[1,8],[6,-6]],[[50016,25404],[-4,-1],[0,2],[4,-1]],[[47875,25875],[-1,2],[2,0],[-1,-2]],[[47867,25878],[-3,13],[10,-5],[-7,-8]],[[49863,26007],[1,-8],[-8,6],[7,2]],[[47968,25972],[3,-6],[-7,1],[4,5]],[[49862,25987],[-3,-5],[0,1],[3,4]],[[48513,26117],[-6,9],[16,4],[-10,-13]],[[50673,26233],[64,-3],[-26,-56],[-38,59]],[[50554,26194],[-12,-21],[-5,29],[17,-8]],[[50653,26252],[-4,7],[6,-3],[-2,-4]],[[50593,26505],[-4,4],[6,-1],[-2,-3]],[[50577,26725],[-7,16],[11,-8],[-4,-8]],[[49667,25388],[1,8],[3,-11],[-4,3]],[[49984,25563],[-1,5],[2,0],[-1,-5]],[[47890,25973],[1,-15],[-15,-4],[14,19]],[[48153,26059],[-33,-28],[35,37],[-2,-9]],[[50601,26460],[-12,18],[25,-12],[-13,-6]],[[49987,25576],[-22,56],[21,11],[1,-67]],[[49674,25417],[14,13],[-14,-25],[0,12]],[[49688,25432],[-4,18],[4,0],[0,-18]],[[49644,25552],[0,-10],[-4,10],[4,0]],[[49631,25578],[-3,5],[1,0],[2,-5]],[[49281,25409],[-4,3],[4,0],[0,-3]],[[49689,25455],[-2,-1],[1,2],[1,-1]],[[49277,25398],[-1,-4],[0,4],[1,0]],[[49275,25411],[0,2],[2,-1],[-2,-1]],[[49281,25415],[-3,-1],[0,1],[3,0]],[[49634,25582],[-1,1],[2,0],[-1,-1]],[[49686,25453],[-1,-1],[0,1],[1,0]],[[50523,26575],[-6,7],[8,4],[-2,-11]],[[50518,26628],[-5,20],[11,-13],[-6,-7]],[[50423,26550],[-7,14],[12,2],[-5,-16]],[[50506,26663],[-7,7],[4,4],[3,-11]],[[48254,26518],[-4,8],[5,-6],[-1,-2]],[[50359,26293],[-10,-15],[3,19],[7,-4]],[[50383,26307],[-1,-4],[0,4],[1,0]],[[49870,26486],[-11,-25],[-16,44],[27,-19]],[[50510,26422],[-8,10],[19,2],[-11,-12]],[[50472,26517],[-1,6],[5,1],[-4,-7]],[[48732,26358],[-1,-6],[-4,5],[5,1]],[[48606,26430],[-2,-2],[-1,3],[3,-1]],[[48613,26426],[0,0]],[[49808,28187],[1224,2],[-287,-241],[-84,-325],[-196,-331],[-267,-190],[43,-131],[-83,-65],[54,12],[11,-121],[-64,-218],[-34,163],[-105,13],[-14,-99],[-108,32],[-93,-81],[-58,-172],[76,-163],[-100,96],[-138,-60],[-47,-185],[-211,19]],[[49325,25988],[218,-13],[30,-58],[-78,-109],[89,-25],[280,176],[56,-77],[-6,155],[59,-16],[20,-169],[-121,-157],[97,-381],[-109,-75],[-55,168],[-132,82],[-26,-21],[7,81],[-12,36],[-133,75],[-172,-12],[-58,-231],[-145,1],[-31,190],[-282,389],[-205,165],[-119,2],[37,166],[-194,223],[-170,-9],[-66,-107],[-74,11],[65,245],[145,214],[33,-200],[287,-68],[-82,4],[-40,-91],[227,-235],[-79,-25],[327,84],[-127,77],[-33,-41],[45,-23],[20,-23],[-90,38],[31,191],[-77,-4],[-11,91],[-30,-77],[67,-43],[-56,-128],[56,-24],[-71,18],[-2,440],[-64,70],[-28,437],[-92,241],[-135,98],[82,84],[-135,523],[1361,56],[185,-24]],[[48835,31293],[-1,418]],[[49299,31909],[46,279],[487,-72],[530,39],[43,-372]],[[53456,31393],[405,323],[-6,-370],[-106,-82],[77,-227],[-140,29],[-177,214]],[[53234,31155],[43,-139],[-75,-129],[108,-69],[-207,-157],[-39,-287],[-129,-181],[24,-230],[-54,-194],[-99,-93],[-217,-545],[-1048,-506],[-299,-187],[-33,-121],[-177,-149],[-1224,19]],[[49808,28187],[1,166]],[[49809,28353],[-332,13],[0,215]],[[49759,28581],[-1,1016],[-99,31]],[[49492,30388],[-117,91],[-14,113]],[[49482,30632],[-15,245],[-259,-1]],[[46172,28131],[-24,23],[10,4],[14,-27]],[[46203,28190],[-5,10],[7,-8],[-2,-2]],[[46208,28215],[-10,0],[3,11],[7,-11]],[[46228,28309],[-37,-53],[10,74],[27,-21]],[[46244,28886],[-1,17],[10,-16],[-9,-1]],[[47288,29318],[-26,1],[-5,5],[31,-6]],[[46605,28834],[41,204],[125,42],[42,-136],[-208,-110]],[[46980,28942],[0,5],[3,-1],[-3,-4]],[[47381,29331],[-6,-57],[-66,45],[72,12]],[[46981,28956],[-1,2],[2,-2],[-1,0]],[[46959,28970],[-9,11],[14,-13],[-5,2]],[[46966,28965],[0,2],[1,-1],[-1,-1]],[[47740,32058],[722,74]],[[48572,31573],[261,24],[2,-304]],[[48835,31293],[196,1],[1,-72],[53,1],[-13,72],[136,1],[0,-420]],[[49208,30876],[297,-41],[-23,-203]],[[49482,30632],[-121,-40]],[[49361,30592],[59,-205],[72,1]],[[49492,30388],[2,-146],[132,1],[7,-162],[-157,0],[1,-284],[187,0],[-5,-169]],[[49659,29628],[98,1],[2,-1048]],[[49759,28581],[-282,0]],[[49477,28581],[1,-255],[-1215,-5],[-382,535],[-455,372],[72,266],[-108,525],[-336,344],[131,11],[-32,155],[-223,102],[476,8]],[[47138,30413],[3,4],[3,-1],[-6,-3]],[[47153,30410],[-1,-2],[-1,2],[2,0]],[[49692,25904],[-7,14],[12,5],[-5,-19]],[[49857,26055],[-90,83],[14,65],[76,-148]],[[49325,25988],[2,154]],[[49327,26142],[170,-19],[88,185],[73,5],[-16,-231],[82,-106],[-151,-59],[-248,71]],[[44201,32863],[0,0]],[[44221,32868],[0,4],[5,-2],[-5,-2]],[[47094,30411],[-13,43],[24,-17],[-11,-26]],[[46424,30502],[-5,5],[5,4],[0,-9]],[[46934,30544],[5,8],[9,-6],[-14,-2]],[[45561,31838],[-4,10],[8,0],[-4,-10]],[[43751,32057],[-4,11],[7,1],[-3,-12]],[[44066,32249],[24,-15],[-26,-2],[2,17]],[[44009,32445],[-5,19],[12,-5],[-7,-14]],[[44136,32524],[-5,7],[7,0],[-2,-7]],[[44156,32561],[-9,5],[7,6],[2,-11]],[[44231,32872],[0,0]],[[43954,33125],[-5,-1],[4,4],[1,-3]],[[43986,33165],[-4,6],[5,-4],[-1,-2]],[[44094,32289],[-17,39],[33,-7],[-16,-32]],[[44193,32513],[-14,17],[12,1],[2,-18]],[[44206,32539],[8,-4],[-6,0],[-2,4]],[[46247,30798],[-7,10],[9,2],[-2,-12]],[[44122,32420],[-73,75],[85,-9],[-12,-66]],[[44028,32465],[7,6],[-6,-11],[-1,5]],[[44127,32421],[2,-4],[-3,-1],[1,5]],[[43960,33164],[5,-23],[-15,5],[10,18]],[[44000,33186],[-10,-9],[8,15],[2,-6]],[[44057,33155],[-6,4],[2,3],[4,-7]],[[44016,33182],[-4,0],[-1,2],[5,-2]],[[46980,30511],[3,9],[6,-9],[-9,0]],[[46957,30510],[-1,9],[6,1],[-5,-10]],[[44781,33233],[-25,-23],[3,7],[8,9],[9,8],[5,-1]],[[44836,32628],[12,-38],[-31,18],[19,20]],[[44884,32626],[59,29],[-54,-43],[-5,14]],[[44968,32675],[-6,1],[4,3],[2,-4]],[[44859,32578],[0,5],[3,-1],[-3,-4]],[[44834,32567],[-1,2],[3,1],[-2,-3]],[[45019,32775],[0,0]],[[46194,31980],[34,-22],[-37,10],[3,12]],[[46231,31916],[0,7],[5,-3],[-5,-4]],[[45103,33931],[-316,1],[-1,142],[-333,1],[1,-314],[333,-25]],[[44787,33736],[-126,-297],[-67,41],[6,81],[-61,-67],[-52,146],[-46,-104],[-122,-16],[36,-105],[113,17],[60,-68],[-9,-31],[-90,80],[-122,-63],[-145,59],[-151,-89],[-191,118],[-85,-112],[27,98],[-108,138],[-177,126],[-58,-67],[-35,120],[-473,335],[-469,40],[-178,-102],[-18,-88],[76,-84],[-125,91],[-174,-88],[-291,5],[-957,888],[-1305,738],[-281,-210],[-477,-197],[-1416,84],[-2490,-319]],[[42396,35238],[3492,-2]],[[48089,32131],[0,-72],[-349,-1]],[[47740,32058],[-1,-202],[-113,-16],[0,-90],[-72,44],[1,-83],[-150,0],[1,-1072]],[[47406,30639],[-503,-5],[-66,-62],[39,-81],[104,-17],[29,42],[-14,-96],[70,-21],[-71,-69],[-76,121],[-313,170],[-178,-91],[-22,146],[-143,143],[-37,148],[7,-239],[173,-118],[-66,-148],[-147,135],[-63,315],[-137,-35],[-62,104],[135,41],[-27,183],[-69,52],[-35,-57],[-176,108],[170,194],[-161,359],[36,17],[269,-45],[-113,3],[103,-65],[-8,-141],[55,16],[148,280],[-52,345],[-224,302],[-229,82],[63,-87],[-107,32],[-98,-132],[-149,31],[-63,-134],[-97,-2],[39,413],[51,3],[15,-5],[10,-86],[108,88],[-291,481],[-118,-70],[-12,744]],[[44642,33079],[14,88],[92,37],[-25,-51],[91,84],[108,20],[-129,-70],[-30,-148],[-121,40]],[[45170,32890],[57,12],[93,-93],[-82,32],[-68,49]],[[44580,33016],[-2,42],[34,-9],[-32,-33]],[[44511,32823],[-15,34],[20,10],[-5,-44]],[[44274,32764],[-11,29],[27,-5],[-16,-24]],[[45260,32911],[-12,-19],[-18,12],[30,7]],[[45108,32875],[33,8],[-22,-9],[-11,1]],[[44261,33144],[-1,-9],[-5,0],[6,9]],[[45294,32871],[-14,14],[10,-7],[4,-7]],[[45109,32888],[-4,-3],[-2,6],[6,-3]],[[45296,32834],[8,0],[-1,-2],[-7,2]],[[45296,32840],[-6,3],[9,-1],[-3,-2]],[[44610,33014],[3,0],[-3,-1],[0,1]],[[44678,33001],[0,-3],[-1,0],[1,3]],[[44781,33049],[-2,0],[1,2],[1,-2]],[[45277,32885],[-2,3],[3,-2],[-1,-1]],[[34806,38827],[0,6329]],[[44239,45159],[1,133]],[[45272,45275],[-4,-4185]],[[45632,35237],[-3236,1]],[[42396,35238],[-56,45],[-2,746],[-3397,-10],[-3,-133],[-2875,96],[-16,-444],[-1241,28]],[[53210,30974],[67,42],[125,-94],[-157,-104],[-35,156]],[[53234,31155],[275,125]],[[53509,31280],[53,-54],[-120,-124],[-39,-182],[-127,96],[-42,139]],[[34806,45156],[-1,6120],[8900,0]],[[44242,45948],[-3,-789]],[[44239,45159],[-9433,-3]],[[47131,42654],[202,-35],[47,-168]],[[54630,32730],[-1,-324],[-506,93],[0,-478],[92,-421],[-136,0]],[[54079,31600],[23,126],[67,14],[-228,174],[62,96],[-138,163],[43,83],[147,-41]],[[54081,32336],[5,183],[-142,54]],[[53746,32729],[34,-80],[-61,-59],[-85,64]],[[53749,32390],[5,-544],[64,21],[60,-123],[-422,-351]],[[53456,31393],[-234,0],[-419,-382],[0,-419],[-75,0],[1,-496],[-1015,-3],[1,587],[-460,-1],[0,374],[-61,-29],[34,-59],[-165,1],[1,217],[-155,276],[-148,125],[-253,-11],[-1,211],[-102,-1]],[[50405,31783],[-17,349],[-636,-14],[-4,837],[76,14],[30,-88],[45,3]],[[49854,32962],[-130,112],[263,340],[-14,81]],[[50040,33462],[30,136],[85,4],[16,-95],[102,20],[-103,-153],[24,-89]],[[50250,33411],[60,-106],[-104,-30]],[[51606,33550],[-24,172]],[[53785,34097],[-15,233]],[[55678,34573],[162,45],[1,-125]],[[55924,33581],[-683,-2],[2,-584],[-210,-2]],[[55033,32993],[-35,-263],[-368,0]],[[53900,32272],[5,21],[0,-27],[-5,6]],[[45272,45275],[-1032,17]],[[44240,45292],[2,656]],[[44242,45948],[683,1],[1,813],[-498,-2],[2,831],[100,-1],[0,393],[325,1],[-16,202],[84,124],[153,886],[-1398,3],[-113,248],[16,434],[117,375],[7,1020]],[[43705,51276],[17080,7],[7,-23198],[-106,169]],[[60373,27940],[-141,2],[30,-110]],[[60345,27832],[-74,-159],[-85,250],[-126,47],[-64,-8],[48,-188]],[[59388,27994],[-648,-11],[-4,282],[-151,80],[-145,-35]],[[57226,28718],[-5,3494]],[[57221,32212],[-1004,-2],[0,521],[-138,-1],[-2,737],[-153,1],[0,113]],[[55924,33581],[0,420],[-248,-1],[-14,304],[179,189]],[[55841,34493],[-6,128],[-157,-48]],[[55678,34573],[-96,108],[-1169,1],[-258,-63],[-265,84],[-113,-218],[25,-114],[51,15],[-83,-56]],[[53770,34330],[31,-41],[-16,-192]],[[53785,34097],[-52,119],[-108,-32],[-188,211],[-1397,-23],[2,116],[-269,1],[30,-388],[-221,-379]],[[51582,33722],[29,-124],[-5,-48]],[[51606,33550],[-39,76],[-74,-34],[82,-91],[-26,-43],[-99,4],[-46,123],[68,99],[108,-52],[-11,68],[-251,2],[20,94],[123,-67],[39,133],[-217,57],[55,292],[74,-52],[54,58],[-877,51],[70,-261],[-143,-214],[-15,-573],[-290,-45],[-5,100]],[[50206,33275],[61,-28],[44,65],[-61,99]],[[50250,33411],[-56,-126]],[[50194,33285],[-24,91],[103,151],[-106,-18],[-29,99],[-96,-18],[-2,-128]],[[50040,33462],[-67,33]],[[49973,33495],[-37,-157],[-185,-175],[-23,-98],[126,-103]],[[49854,32962],[45,-78]],[[49899,32884],[-151,71],[5,-832],[-408,65],[-26,-94],[-20,-185]],[[49299,31909],[209,-11],[-20,-274],[-151,90],[-503,-3]],[[48834,31711],[-4,-116],[-258,-22]],[[48572,31573],[0,138],[-110,0],[0,421]],[[48462,32132],[-373,-1]],[[48089,32131],[0,141],[-66,3],[-33,168],[-507,-1],[-2,803],[-113,72],[-8,174],[-263,20],[-94,134],[33,184],[65,-37],[67,189],[-202,335],[-1078,-5],[0,925]],[[45888,35236],[-256,1]],[[45632,35237],[1,470],[720,0],[0,1110],[-615,0],[0,338],[-111,0],[-3,192],[201,-2],[6,439],[-214,54],[87,1826],[-2239,50],[-6,1578],[580,-126],[1229,-76]],[[45268,41090],[-32,1669],[49,568],[-13,1948]],[[47131,42654],[29,-200],[220,-3]],[[47380,42451],[2,141],[-160,92],[-91,-30]],[[53746,32729],[222,-1],[-24,-155]],[[53944,32573],[107,0],[41,-80],[-11,-157]],[[54081,32336],[-82,-16],[56,-105]],[[54055,32215],[-131,1],[-6,78],[-102,38],[-30,236],[-40,161]],[[53634,32654],[149,-97],[-34,-167]],[[53749,32390],[-156,-23],[41,287]],[[51961,38269],[-20,-361],[-157,0],[1,361],[-91,0],[0,337],[325,0],[0,-337],[-58,0]],[[55785,23705],[6,-4],[-7,0],[1,4]],[[55723,23747],[-21,143],[132,62],[573,-198],[-100,-122],[-584,115]],[[51462,22117],[-6,9],[12,-9],[-6,0]],[[51483,22168],[-2,9],[5,-4],[-3,-5]],[[51155,22635],[1,-3],[-2,0],[1,3]],[[51120,22650],[-3,6],[8,2],[-5,-8]],[[51218,22507],[-2,2],[2,-1],[0,-1]],[[52745,22385],[5,-2],[-5,-1],[0,3]],[[51752,22267],[-2,3],[5,0],[-3,-3]],[[51926,22241],[-2,1],[2,0],[0,-1]],[[53847,22853],[0,0]],[[53823,22857],[-1,0],[0,1],[1,-1]],[[53802,22877],[-8,16],[11,-13],[-3,-3]],[[53865,22883],[0,10],[8,0],[-8,-10]],[[53751,22935],[3,-13],[-12,-2],[9,15]],[[53822,22873],[0,7],[7,-9],[-7,2]],[[53807,22903],[1,-10],[-1,0],[0,10]],[[53749,22897],[0,-4],[-3,0],[3,4]],[[53792,22901],[1,-2],[-1,0],[0,2]],[[53852,22866],[2,2],[0,-1],[-2,-1]],[[53829,22897],[-1,0],[0,1],[1,-1]],[[53510,23452],[2,8],[6,-10],[-8,2]],[[54119,23178],[268,-66],[69,-155],[106,-19],[19,-119],[-203,-175],[-281,128],[-368,20],[-279,-174],[-21,-278],[-306,-190],[-195,222],[-350,70],[-170,-173],[-289,48],[-178,-76],[-133,78],[-322,-137],[-86,255],[-181,72],[-106,215],[118,369],[1044,230],[545,264],[428,-51],[248,90],[-15,-94],[-124,-66],[162,-99],[-143,-207],[438,5],[50,-97],[-124,-126],[0,-62],[18,-59],[39,58],[19,-23],[33,-10],[40,36],[-36,34],[-86,12],[41,62],[165,-28],[146,216]],[[56057,24369],[-94,174],[22,97],[259,165],[97,-252]],[[56057,24369],[89,56],[139,-66],[56,194]],[[56341,24553],[-120,284],[82,-4],[56,98],[175,-79],[66,-74]],[[56769,23894],[-245,-121],[-450,48],[-36,76],[-204,55],[-148,-56],[-99,227],[-87,-12],[-92,214],[143,91],[153,250],[300,-129],[53,-168]],[[55566,23498],[8,-4],[-8,-2],[0,6]],[[55607,23572],[-4,1],[3,2],[1,-3]],[[55686,23588],[-1,4],[2,-2],[-1,-2]],[[55656,23619],[-4,14],[14,-5],[-10,-9]],[[55501,23728],[-90,53],[105,89],[189,-13],[23,-139],[-271,-283],[3,187]],[[54917,22993],[-5,-3],[6,6],[-1,-3]],[[54925,23013],[-5,1],[4,2],[1,-3]],[[54942,23061],[-3,5],[8,-3],[-5,-2]],[[55501,23728],[-109,-30],[68,-76]],[[55460,23622],[-39,-223],[-534,10],[-183,-74],[-204,111],[148,310],[167,51],[260,357],[333,161],[298,-464],[-283,-57],[-14,-53],[92,-23]],[[60051,16405],[-1,1],[2,0],[-1,-1]],[[60056,16407],[0,0]],[[60053,16407],[-1,1],[1,0],[0,-1]],[[59853,16526],[-2,1],[4,2],[-2,-3]],[[60062,16412],[2,1],[0,-1],[-2,0]],[[60053,16409],[-1,1],[1,1],[0,-2]],[[60286,16418],[0,0]],[[60050,16412],[0,0]],[[60058,16411],[0,0]],[[60093,17351],[-20,447],[654,-89],[-15,-1285],[-277,43],[-146,-53],[-3,6],[-13,3],[-35,-6],[-63,20],[-44,-23],[-47,6],[-27,-7],[-2,-5],[-44,59],[-136,33],[-26,61],[-244,210],[-177,142]],[[60097,17003],[242,-66],[200,51],[2,92],[-9,62],[-195,34],[-13,124],[-152,-44],[0,-67]],[[58289,18536],[2,0],[0,-1],[-2,1]],[[58050,18965],[0,1],[1,-1],[-1,0]],[[58023,19211],[-3,8],[4,-1],[-1,-7]],[[58016,19223],[1,3],[1,-1],[-2,-2]],[[58024,19229],[-4,0],[1,1],[3,-1]],[[58021,19224],[-3,0],[1,1],[2,-1]],[[58722,21633],[-1,-615]],[[59556,21019],[-1,-646],[-388,2]],[[59148,18548],[-872,-3],[-219,406],[7,75],[98,-6],[6,134],[-262,444],[363,321],[54,251],[-28,337],[-387,1141]],[[59375,17863],[165,16],[5,-166],[-46,-1],[54,-167]],[[59167,20375],[388,-38]],[[60719,20433],[5,-1472]],[[59946,18968],[-4,-422],[-794,2]],[[59148,18548],[-2,419],[-344,1],[3,815],[360,0],[2,592]],[[60067,19532],[199,-68],[126,107],[37,172],[-199,-31],[-151,71],[-12,-251]],[[59946,18968],[778,-7]],[[60724,18961],[3,-1252],[-391,2],[-156,89],[-241,-87],[7,1255]],[[58721,21018],[1,1255]],[[60706,23112],[13,-2679]],[[60719,20433],[-773,0],[0,-68],[-391,-28]],[[59555,20337],[1,682]],[[59556,21019],[-835,-1]],[[59255,17277],[1,1],[0,-1],[-1,0]],[[59307,17175],[-1,1],[1,0],[0,-1]],[[59311,17177],[-1,-1],[0,1],[1,0]],[[58914,17768],[-2,1],[2,0],[0,-1]],[[58949,17736],[-1,0],[1,1],[0,-1]],[[58903,17773],[1,-1],[-1,0],[0,1]],[[58905,17773],[0,0]],[[58641,18047],[5,-4],[-4,0],[-1,4]],[[58650,18034],[1,4],[2,-6],[-3,2]],[[58632,18031],[0,4],[2,-4],[-2,0]],[[58649,18040],[0,0]],[[60093,17351],[-137,0],[-30,67],[-140,-123],[25,-90],[-173,2],[22,-98],[-189,-57],[-43,-139]],[[59428,16913],[-172,402],[-99,178],[-149,200],[-97,86],[-46,26],[41,80],[-178,208],[-122,-21],[-224,320],[-35,157],[1595,-3],[-3,-833],[146,2],[8,-364]],[[59553,17545],[-44,355],[-134,-37]],[[59375,17863],[-78,107],[-23,-138],[-138,-43],[222,-281],[195,37]],[[60268,16937],[89,273],[174,-68],[8,-154],[-271,-51]],[[60172,17189],[63,110],[100,-9],[-28,-313],[-210,26]],[[60097,17003],[-1,101],[-117,2],[41,179],[152,-96]],[[59257,27608],[-168,37]],[[59089,27989],[299,5]],[[59388,27994],[2,-230],[654,10]],[[60044,27774],[-28,-291]],[[60061,27443],[-195,-91],[53,-143],[-103,-55],[98,-71],[-77,-88],[63,-54],[-55,-86],[-142,15],[-49,186],[-130,-14],[-109,296],[60,111],[-107,67]],[[59876,27324],[95,75],[18,-92],[-113,17]],[[58622,26581],[138,0],[0,81],[262,35],[-18,-557]],[[60711,25234],[-5,-2122]],[[60706,23112],[-959,-13],[0,-187],[-142,-1],[0,-426]],[[58831,23842],[48,400],[-35,174]],[[57797,24625],[1,583],[303,-32],[-3,1389]],[[60056,26657],[-380,26],[62,138],[162,120],[-58,62],[213,5]],[[58924,27238],[-31,392],[100,70],[264,-92]],[[59257,27608],[88,92],[65,-121],[-42,-63]],[[59368,27516],[107,-60],[-60,-118],[70,-229],[69,-109],[122,41],[76,-210],[-76,-148],[260,-26],[120,0]],[[60056,26657],[-1,351]],[[60055,27008],[-158,0],[14,87],[-95,55],[46,48],[845,17],[4,-1981]],[[60711,25234],[-367,62],[-793,-94],[0,431],[-135,0],[0,508],[-412,-1]],[[59004,26140],[20,1105]],[[56664,26470],[142,274],[176,-41]],[[58094,26770],[7,-1644],[-293,74],[-11,153]],[[57499,25459],[-251,6]],[[57248,25353],[-189,-9],[-106,103],[-393,-4],[-159,119],[75,87]],[[56476,25649],[-17,93]],[[56459,25742],[185,212]],[[56644,25954],[137,-27],[26,426],[-129,1],[-14,116]],[[56818,25001],[330,-2],[60,-125]],[[57248,25353],[0,112]],[[57248,25465],[62,4],[189,-10]],[[57499,25459],[4,-106],[294,0]],[[57797,25353],[1,-551]],[[57231,24728],[208,-279],[-154,-83]],[[57165,24052],[-396,-158]],[[56769,23894],[29,631],[-199,112],[1,141]],[[56600,24778],[-85,78],[29,469],[-47,70],[34,69],[180,16],[537,-127]],[[56818,25001],[56,-184],[151,12],[-26,-64],[56,-36],[153,145]],[[57208,24874],[-79,128],[-311,-1]],[[60215,27593],[30,169],[4,-119],[55,-8],[-89,-42]],[[60016,27483],[-20,479],[144,-3],[111,-181],[-66,-153],[107,-16],[-46,45],[99,178]],[[60345,27832],[-83,0]],[[60262,27832],[-17,133],[128,-25]],[[60373,27940],[56,135],[159,95],[-33,61],[131,23]],[[60686,28254],[21,-1039],[-808,9],[13,82],[77,1],[3,135],[69,1]],[[60061,27443],[-45,40]],[[57165,24052],[130,200],[-10,114]],[[57285,24366],[150,77],[-204,285]],[[57231,24728],[567,74]],[[57798,24802],[-1,-177]],[[57797,24625],[595,1],[-1,-209],[453,-1]],[[58844,24416],[35,-58],[-48,-516]],[[58831,23842],[69,-1],[14,-138],[-63,-322],[318,1],[0,-854],[436,-43]],[[59605,22485],[0,-215],[-883,3]],[[58722,22273],[0,-640]],[[58722,21633],[-814,15]],[[57908,21648],[-636,1031],[-1081,963],[116,-10],[107,128],[751,292]],[[57215,27225],[11,1493]],[[57226,28718],[745,7],[-2,-216],[342,0],[1,-431],[128,47],[0,185]],[[58440,28310],[278,-24],[22,-303],[349,6]],[[59089,27989],[0,-344]],[[59089,27645],[-100,55],[-99,-97],[34,-365]],[[58924,27238],[100,7]],[[59024,27245],[0,-475],[-59,-109],[-343,-80]],[[58622,26581],[0,-96],[-181,1],[0,140],[-343,-61]],[[58098,26565],[-4,205]],[[58094,26770],[-356,42],[-566,-75],[1,123],[-191,-157]],[[56982,26703],[-153,27],[-171,259],[24,204],[346,100]],[[57028,27293],[-1,-68],[188,0]],[[4940,26937],[0,0]],[[4936,26939],[0,0]],[[4934,26941],[-1,0],[1,1],[0,-1]],[[4937,26941],[0,0]],[[4935,26951],[-6,3],[3,1],[3,-4]],[[4872,26958],[-1,2],[1,0],[0,-2]],[[4912,26967],[-1,1],[1,1],[0,-2]],[[4911,26986],[5,-12],[-11,9],[6,3]],[[4880,26919],[-2,1],[2,0],[0,-1]],[[4941,26931],[1,1],[0,-1],[-1,0]],[[4846,27005],[-1,1],[2,0],[-1,-1]],[[4834,27010],[0,0]],[[4837,27025],[-1,0],[1,1],[0,-1]],[[4835,27027],[0,0]],[[4785,27041],[0,0]],[[4786,27044],[0,-2],[-1,1],[1,1]],[[4764,27113],[0,0]],[[4621,27182],[-1,1],[1,1],[0,-2]],[[4497,27471],[-1,1],[1,0],[0,-1]],[[4949,26928],[0,0]],[[4948,26929],[0,0]],[[4835,27011],[-1,-1],[0,1],[1,0]],[[4820,27040],[0,0]],[[4829,27051],[-6,-1],[5,9],[1,-8]],[[4770,27107],[-1,0],[1,1],[0,-1]],[[4771,27108],[0,0]],[[4502,27488],[-1,0],[1,2],[0,-2]],[[4833,27039],[0,2],[1,0],[-1,-2]],[[4824,27041],[-1,1],[1,0],[0,-1]],[[4822,27042],[0,-1],[-1,0],[1,1]],[[4835,27041],[0,0]],[[4836,27040],[-1,0],[1,1],[0,-1]],[[4763,27119],[0,0]],[[4754,27126],[0,0]],[[4758,27120],[0,0]],[[4758,27119],[0,0]],[[4512,27364],[-1,0],[0,1],[1,-1]],[[4511,27362],[0,0]],[[4776,27075],[0,0]],[[4776,27071],[0,0]],[[4835,27078],[0,0]],[[4771,27105],[0,0]],[[4805,27082],[0,0]],[[4786,27065],[-1,-1],[0,1],[1,0]],[[4769,27106],[0,0]],[[4778,27083],[-1,-1],[0,1],[1,0]],[[4540,27682],[0,0]],[[4544,27684],[0,0]],[[4828,27061],[0,0]],[[4776,27060],[0,0]],[[4781,27059],[-1,0],[1,1],[0,-1]],[[4834,27061],[0,0]],[[4828,27059],[0,0]],[[4775,27062],[0,0]],[[4641,27183],[0,0]],[[4642,27194],[-1,0],[0,1],[1,-1]],[[4641,27187],[0,0]],[[4641,27181],[0,0]],[[4482,28028],[0,2],[1,0],[-1,-2]],[[4484,28031],[0,0]],[[4486,28003],[-1,-1],[0,1],[1,0]],[[4485,28011],[-1,0],[0,1],[1,-1]],[[4486,27977],[-1,1],[1,0],[0,-1]],[[4487,27977],[-1,-1],[0,1],[1,0]],[[4486,27975],[0,1],[1,0],[-1,-1]],[[4482,28033],[0,0]],[[4487,27975],[0,0]],[[4482,28046],[0,0]],[[4484,28005],[0,0]],[[4481,28045],[0,0]],[[4487,28061],[0,0]],[[4487,28002],[0,0]],[[4481,28043],[0,0]],[[4481,28042],[0,0]],[[4483,28028],[0,0]],[[4755,27128],[0,0]],[[4755,27126],[0,0]],[[4519,27498],[-3,13],[7,-9],[-4,-4]],[[4540,27675],[-1,1],[1,0],[0,-1]],[[4531,27523],[-1,1],[1,0],[0,-1]],[[4542,27676],[0,0]],[[4517,27627],[0,0]],[[4471,27848],[0,0]],[[4475,27844],[0,0]],[[4470,27867],[0,0]],[[4471,27870],[0,0]],[[4471,27869],[0,0]],[[4472,27862],[-1,-1],[0,1],[1,0]],[[4473,27880],[0,0]],[[4474,27877],[-1,0],[0,1],[1,-1]],[[4468,27854],[0,0]],[[4478,27890],[0,0]],[[4469,27852],[0,0]],[[4468,27855],[0,0]],[[4852,27307],[-4,7],[6,3],[-2,-10]],[[4890,27343],[4,3],[0,-1],[-4,-2]],[[4540,27355],[-3,-2],[2,2],[1,0]],[[4541,27384],[1,-2],[-2,0],[1,2]],[[4539,27420],[0,0]],[[4543,27391],[0,0]],[[4527,27352],[1,-1],[-1,0],[0,1]],[[4557,27370],[-1,0],[1,1],[0,-1]],[[4537,27352],[-1,-1],[0,1],[1,0]],[[4839,27262],[0,1],[1,-1],[-1,0]],[[4541,27389],[0,-1],[-1,1],[1,0]],[[4538,27386],[-1,0],[1,1],[0,-1]],[[4541,27367],[1,-1],[-1,0],[0,1]],[[4551,27253],[-1,1],[1,0],[0,-1]],[[4563,27361],[0,0]],[[4563,27359],[0,0]],[[4536,27349],[-1,0],[1,1],[0,-1]],[[4539,27382],[0,0]],[[4571,27363],[0,0]],[[4841,27259],[0,0]],[[4541,27403],[0,0]],[[4545,27396],[0,0]],[[4558,27372],[-1,0],[1,1],[0,-1]],[[5351,28711],[585,-19],[-351,-399]],[[5216,27238],[-364,-20],[72,128],[-64,33],[-62,-68],[57,-162],[-27,-68],[-5,5],[-39,-7],[-2,-20],[1,36],[-39,68],[-206,254],[20,45],[-19,42],[32,68],[-20,99],[-7,18],[-12,-1],[-4,58],[-56,116],[-5,2],[5,3],[2,12],[-1,3],[13,13],[9,18],[-15,36],[10,29],[-2,126],[-9,28],[35,66],[34,-81],[107,12],[74,133],[-204,262],[54,148]],[[4496,29422],[3,-1],[-3,-1],[0,2]],[[4500,29464],[0,2],[1,-2],[-1,0]],[[4494,29502],[-1,1],[1,1],[0,-2]],[[4474,29100],[-4,10],[2,2],[2,-12]],[[4475,29105],[2,3],[-1,-4],[-1,1]],[[4475,29093],[-2,2],[1,0],[1,-2]],[[4474,29097],[-1,1],[1,0],[0,-1]],[[4474,29099],[-1,1],[1,0],[0,-1]],[[4474,29097],[1,-1],[-1,0],[0,1]],[[6139,28735],[-788,-24]],[[5351,28711],[-182,-100],[-38,61],[-552,0]],[[4579,28672],[-98,0],[-49,349],[34,5],[78,198],[-47,283],[386,-326],[1,-139],[309,-133],[67,106],[195,-1],[-13,202],[258,59],[102,-181],[270,27],[-1,-83],[76,-26]],[[4476,28134],[0,0]],[[4479,28132],[-45,410],[47,130],[79,2],[-24,-204],[102,-21],[-16,-97],[96,-47],[0,-125],[-170,-63],[-53,81],[-16,-66]],[[5189,29063],[279,297],[39,-16],[-81,-149],[29,-181],[-266,49]],[[4883,29175],[343,0],[-37,-112],[98,-35],[-44,-108],[-228,11],[-39,111],[-92,0],[-1,133]],[[6120,30183],[-89,-49],[-93,29],[27,305]],[[5909,29923],[62,-1],[86,-178],[113,-14],[-1,-198],[-101,-35],[-20,-376],[-246,-27],[-109,182],[-258,-68],[71,117],[-36,39],[230,330]],[[5881,29923],[-4,96],[49,10],[19,-107],[-64,1]],[[7538,31054],[-59,-1334]],[[7227,29595],[72,-153],[-508,195]],[[6703,29765],[-1,230],[75,1],[0,38],[-124,-46],[38,-193],[-214,149],[59,453],[121,32],[27,81],[35,-87]],[[6543,29626],[-374,-149],[1,253],[-145,76],[-29,287],[108,94],[333,-73],[34,-170],[165,-59],[27,-94],[29,4],[-38,195],[123,44],[-75,-39],[0,-417]],[[5929,29992],[60,13],[20,-148],[-64,65],[-16,70]],[[5990,30084],[60,114],[42,-25],[-102,-89]],[[5965,30468],[-53,764],[1112,19],[80,-167],[0,-133]],[[7104,30951],[0,-158],[-134,0],[-5,-425],[-295,0],[49,55]],[[6719,30423],[-33,87],[-150,-112],[-60,-454],[-38,169],[-318,70]],[[6120,30183],[-22,237],[-133,48]],[[5890,30076],[48,87],[44,-4],[52,-161],[-144,78]],[[5847,31636],[183,58],[86,-82],[200,9],[493,123],[89,-96],[139,-1],[4,-444],[-1129,29],[-65,404]],[[5881,29923],[-65,-157],[-57,25],[48,146]],[[5700,29694],[209,229]],[[5909,29923],[9,-212],[-201,-128],[-17,111]],[[5839,29989],[46,180],[28,-76],[-74,-104]],[[5807,29937],[71,63],[3,-77]],[[5881,29923],[-74,14]],[[7078,29554],[452,-202]],[[7982,29106],[85,-91],[178,52],[114,-121]],[[8472,27422],[-376,-18]],[[6534,28155],[0,97],[105,58]],[[6656,28451],[-9,261],[477,98],[47,184],[-84,108]],[[6543,29626],[159,-48]],[[6702,29578],[1,187]],[[6703,29765],[88,1],[0,-129]],[[6791,29637],[287,-83]],[[7078,29554],[9,-452]],[[7087,29102],[82,-119],[-92,-201],[-425,-60],[4,-271]],[[6656,28451],[-75,-62],[58,-79]],[[6639,28310],[-121,-58],[5,210]],[[6300,28752],[-161,-17]],[[6139,28735],[8,277]],[[6147,29012],[-108,109],[82,411],[130,-60],[41,80],[251,74]],[[6842,27610],[347,-49],[163,-372]],[[8230,25063],[4,-4],[-5,1],[1,3]],[[8233,25118],[14,-17],[-15,5],[1,12]],[[8224,25117],[2,3],[6,1],[-8,-4]],[[6642,25689],[2,9],[3,-4],[-5,-5]],[[6743,25636],[-14,18],[17,-16],[-3,-2]],[[6723,25658],[-2,3],[5,-3],[-3,0]],[[6868,25683],[-2,1],[1,1],[1,-2]],[[6728,25643],[-1,1],[2,0],[-1,-1]],[[7732,25153],[-2,29],[15,-5],[-13,-24]],[[7707,25161],[-1,5],[3,0],[-2,-5]],[[5216,27238],[-1,663],[245,70],[121,-60],[4,382]],[[5585,28293],[75,126],[276,273],[364,60]],[[6300,28752],[-43,-182],[143,33],[39,-124],[84,-17]],[[6523,28462],[11,-307]],[[6534,28155],[74,0],[0,-254],[68,-1],[-1,-144],[510,12],[49,-51],[-34,-74],[131,-7],[17,-71],[211,0],[0,121],[226,13],[-20,-205],[313,16],[18,-106]],[[8096,27404],[55,9]],[[8100,26937],[293,-166],[-40,-219],[65,-206],[-67,-86],[156,-84],[-41,-232],[-89,-103]],[[8221,25574],[142,-50],[68,-235],[-146,-35],[-19,-104],[-249,-68],[-212,163],[-110,-34],[-500,405],[-247,90],[-292,7],[-104,331],[-474,565],[-340,319],[-522,310]],[[7352,27189],[-61,42],[36,94],[-216,275],[-269,10]],[[6842,27610],[-77,-132],[-16,-320],[152,98],[98,-141],[75,64],[54,-57],[49,87],[175,-20]],[[5832,32120],[51,51],[127,-487],[-84,-73],[-79,25],[-15,484]],[[5892,32165],[40,129],[35,0],[-75,-129]],[[6099,32376],[80,82],[-16,-101],[-64,19]],[[6013,32295],[-2,3],[8,1],[-6,-4]],[[5932,32294],[93,130],[15,-107],[-108,-23]],[[6093,32358],[-65,65],[70,70],[-5,-135]],[[6119,32313],[122,116],[9,-253],[-89,-25],[-42,162]],[[6104,32588],[124,31],[0,-105],[-135,-62],[11,136]],[[6032,32298],[4,1],[-5,-4],[1,3]],[[6029,32275],[0,18],[7,-12],[-7,-6]],[[6044,32357],[98,9],[3,-87],[-93,9],[-8,69]],[[6598,31746],[56,-69],[-63,52],[-50,-87],[-506,-8],[25,118],[-131,397],[175,-88],[146,175],[-9,193],[-55,30],[42,160],[417,-4],[75,-79],[-63,-11],[-14,-400]],[[6129,34195],[56,-88],[-23,-61],[-43,24],[10,125]],[[6203,33953],[-34,63],[38,3],[-4,-66]],[[6113,33884],[40,94],[-35,-95],[-5,1]],[[6179,34079],[32,60],[17,-56],[-49,-4]],[[6112,33867],[48,81],[2,-91],[-50,10]],[[6201,33915],[57,117],[23,-66],[-80,-51]],[[6119,34070],[105,-71],[-108,-18],[3,89]],[[6291,34072],[0,-61],[-33,-6],[33,67]],[[6275,34154],[39,23],[0,-79],[-39,56]],[[6397,34098],[-31,98],[55,-34],[-24,-64]],[[6317,34177],[40,-38],[-3,-26],[-34,0],[-3,64]],[[6201,34081],[108,11],[-110,-39],[2,28]],[[6228,34097],[41,77],[45,-76],[-86,-1]],[[6356,34040],[36,66],[16,-71],[-52,5]],[[6318,34105],[47,8],[22,-14],[-19,-25],[-50,31]],[[6317,34037],[14,60],[39,-38],[-53,-22]],[[6544,34153],[-40,100],[70,1],[-30,-101]],[[6405,34210],[101,23],[11,-97],[-60,-15],[-52,89]],[[6432,34072],[-11,90],[47,-86],[-36,-4]],[[6392,34277],[112,-44],[-69,-40],[-43,84]],[[6392,34277],[73,41],[10,-40],[-83,-1]],[[7221,34642],[70,133],[113,2],[-21,-286],[44,-7],[-26,-299],[-267,104],[11,129],[117,32]],[[6796,34117],[22,279],[59,0],[0,-72],[59,0],[-16,-215],[-124,8]],[[6684,34187],[113,-14],[-1,-56],[-112,70]],[[7352,33748],[-154,124]],[[6951,33891],[44,164],[256,221],[122,-90],[178,5]],[[6921,34110],[-44,286],[281,33],[-24,-140],[44,-24],[-130,-200],[-127,45]],[[6693,34253],[111,59],[10,-99],[-31,-43],[-90,83]],[[7168,34881],[-194,9],[-37,194],[231,1]],[[6385,34396],[13,124],[76,0],[15,-174],[-104,50]],[[6646,34335],[-173,-36],[1,221],[97,0],[5,-111],[86,16],[-16,-90]],[[6619,35077],[318,10],[37,-197],[-139,-117],[-70,27],[0,-126],[-206,1],[-4,170],[-156,161],[221,-1],[-1,72]],[[7221,34642],[41,-192]],[[7262,34450],[-417,-36],[21,394],[90,67],[319,5],[22,-103],[-76,-135]],[[6554,34151],[113,73],[78,-116],[-191,43]],[[6508,34254],[53,78],[111,-14],[-164,-64]],[[6388,34311],[34,63],[51,-59],[-85,-4]],[[6398,34531],[1,425],[156,-111],[4,-325],[-161,11]],[[6632,34265],[30,202],[115,-6],[-64,-184],[-81,-12]],[[6561,34226],[141,51],[32,-87],[-173,36]],[[6713,34289],[67,185],[65,30],[43,-108],[-175,-107]],[[6622,34645],[234,29],[0,-127],[-194,-80],[-40,178]],[[6773,34773],[93,35],[27,-37],[-37,-97],[-91,0],[8,99]],[[6606,34520],[30,91],[24,-74],[-54,-17]],[[6640,34414],[-69,106],[106,-22],[-37,-84]],[[6606,34520],[-47,155],[56,0],[-9,-155]],[[6118,34586],[60,-6],[7,-67],[-67,8],[0,65]],[[6058,34751],[48,11],[19,-81],[-40,-10],[-27,80]],[[6137,34375],[42,83],[31,-83],[-73,0]],[[6184,34437],[80,12],[5,-64],[-59,-10],[-26,62]],[[6114,34594],[11,87],[50,-101],[-61,14]],[[6062,34493],[56,28],[14,-62],[-50,-30],[-20,64]],[[6052,34671],[2,91],[31,-91],[-33,0]],[[6120,34698],[42,48],[48,-171],[-35,5],[-55,118]],[[6179,34458],[76,50],[9,-59],[-85,9]],[[6118,34521],[-37,73],[33,-2],[4,-71]],[[6071,34578],[14,93],[29,-77],[-43,-16]],[[6132,34459],[43,53],[5,-52],[-48,-1]],[[6113,34374],[19,85],[5,-88],[-24,3]],[[6185,34513],[13,68],[57,-73],[-70,5]],[[6300,34250],[-88,125],[57,9],[31,-134]],[[6269,34358],[118,3],[1,-49],[-80,8],[-39,38]],[[6220,34134],[6,58],[26,-45],[-32,-13]],[[6167,34197],[53,72],[5,-61],[-58,-11]],[[6132,34266],[80,109],[8,-106],[-88,-3]],[[6300,34250],[38,67],[9,-54],[-47,-13]],[[6219,34192],[40,28],[10,-46],[-50,18]],[[6121,34195],[46,66],[0,-64],[-46,-2]],[[6221,34262],[43,24],[17,-109],[-12,-3],[-48,88]],[[6112,34287],[40,57],[-26,-92],[-14,35]],[[6281,34177],[19,73],[21,-72],[-40,-1]],[[6150,34197],[73,9],[5,-82],[-70,14],[-8,59]],[[6320,34181],[56,15],[-19,-57],[-37,42]],[[6334,34249],[54,63],[23,-58],[-77,-5]],[[6386,34184],[-58,66],[90,-4],[-32,-62]],[[6338,34367],[48,79],[1,-85],[-49,6]],[[5979,34985],[49,10],[42,-114],[-42,-16],[-49,120]],[[6231,34752],[-141,144],[167,-28],[-26,-116]],[[6016,34762],[54,119],[36,-119],[-90,0]],[[6296,34369],[41,34],[1,-36],[-42,2]],[[6265,34409],[71,38],[1,-44],[-72,6]],[[6014,34780],[-80,215],[111,-206],[-31,-9]],[[6110,34732],[-89,283],[155,-266],[-66,-17]],[[6176,34749],[223,81],[-1,-194],[-187,43],[-35,70]],[[5959,35176],[1,0],[79,-162],[-105,-19],[-69,181]],[[5886,35295],[11,209],[58,-63],[384,8],[60,-619],[-309,66],[-204,399]],[[5701,35504],[196,0],[8,-178],[-88,-61],[-116,239]],[[5959,35176],[-94,0]],[[5865,35176],[-24,102],[65,26],[53,-128]],[[6251,34550],[147,86],[37,-116],[-184,30]],[[6342,34522],[56,-75],[-62,0],[6,75]],[[6336,34447],[-95,108],[90,-22],[5,-86]],[[6238,34555],[-76,191],[120,-47],[-44,-144]],[[6552,33503],[139,45],[-5,-158],[-115,-30],[-19,143]],[[7062,33098],[-166,0],[-3,268],[21,-18],[28,17],[-99,141],[154,30],[54,153],[218,0],[-11,-238],[169,-205],[-288,1]],[[6572,33550],[106,118],[-81,-150],[-25,32]],[[6669,33536],[88,117],[-38,-60],[48,-34],[-98,-23]],[[6703,33336],[-11,230],[159,-80],[91,-138],[-239,-12]],[[6740,33615],[302,67],[26,44],[-71,-190],[-75,-35],[-128,-21],[-54,135]],[[6591,33504],[37,73],[35,-35],[-72,-38]],[[6496,33538],[6,102],[40,-49],[-46,-53]],[[6445,33567],[121,-4],[4,-153],[-138,-2],[13,159]],[[6554,34059],[-97,55],[104,46],[-7,-101]],[[6435,33926],[33,93],[32,-36],[-65,-57]],[[6510,33971],[43,51],[52,-59],[-95,8]],[[6638,34133],[-30,-150],[-55,39],[-2,118],[87,-7]],[[6389,34013],[12,68],[67,-62],[-42,-48]],[[6534,33996],[3,81],[16,-55],[-19,-26]],[[6510,33971],[-9,65],[33,-40],[-24,-25]],[[6428,34066],[73,-30],[-24,-27],[-49,57]],[[6406,33893],[100,29],[-51,-87],[-49,58]],[[6415,33663],[71,65],[-16,-130]],[[6401,33712],[100,61],[13,-17],[-113,-44]],[[6524,33844],[-1,97],[76,-23],[-75,-74]],[[6446,33764],[29,104],[49,-24],[-78,-80]],[[6351,33792],[86,71],[36,-47],[-122,-24]],[[6468,33947],[137,16],[-3,-47],[-134,31]],[[6372,33738],[71,79],[3,-53],[-74,-26]],[[6501,33773],[98,145],[58,-57],[-156,-88]],[[6470,33596],[44,160],[33,-66],[-77,-94]],[[6617,33596],[24,157],[46,-98],[-70,-59]],[[6502,33639],[104,64],[-34,-153],[-70,89]],[[6594,33789],[89,101],[163,-213],[-160,-18],[-92,130]],[[6501,33773],[103,-12],[-57,-71],[-46,83]],[[6657,33861],[-26,235],[109,-131],[-83,-104]],[[6660,34023],[-23,130],[54,-26],[-31,-104]],[[6680,34069],[103,74],[56,-163],[-86,-25],[-73,114]],[[6951,33891],[247,-19]],[[7198,33872],[71,-183],[-423,-6],[-148,190],[141,107],[-53,131],[137,-1],[90,-69],[-79,-80],[17,-70]],[[6594,33234],[-2,176],[94,-20],[10,-180]],[[6594,33234],[102,-24]],[[6696,33210],[-8,124],[201,-19],[7,-210],[-230,-67],[-69,-125],[-103,55],[-163,-66],[82,183],[19,323],[141,2],[21,-176]],[[7214,32603],[-756,-31],[-114,42],[-1,141],[-59,-1],[81,166],[288,17],[13,101],[396,60]],[[6341,33880],[53,82],[15,-44],[-68,-38]],[[6351,33832],[58,86],[25,-37],[-83,-49]],[[6389,34013],[37,-42]],[[6426,33971],[-93,-9],[-15,58],[71,-7]],[[6415,33663],[55,-65]],[[6470,33598],[-38,-190],[-90,-1],[73,256]],[[6215,33658],[60,-37],[-68,-29]],[[6262,33647],[36,52],[-7,-60],[-29,8]],[[6207,33592],[-11,-84],[-113,31],[124,53]],[[6215,33658],[38,56],[15,-26],[-53,-30]],[[6215,33658],[-74,-2],[60,57],[14,-55]],[[6145,33488],[51,20],[9,-101],[-41,-2],[-19,83]],[[6142,33606],[-30,80],[-1,18],[28,-24],[3,-74]],[[6297,33568],[28,134],[22,-142],[-50,8]],[[6215,33658],[-8,-66]],[[6207,33592],[-38,-11],[-17,75],[63,2]],[[6310,33428],[37,132],[-5,-153],[-32,21]],[[6193,33560],[82,61],[25,-27],[-107,-34]],[[6194,33542],[116,20],[12,-155],[-117,0],[-11,135]],[[6369,33559],[-44,123],[93,11],[-49,-134]],[[6128,33792],[39,54],[0,-53],[-39,-1]],[[5690,33890],[-4,1],[1,2],[3,-3]],[[5460,33853],[235,63],[-66,-67],[-169,4]],[[5681,33873],[-4,-1],[0,3],[4,-2]],[[6088,33745],[86,48],[1,-47],[-87,-1]],[[6114,33867],[14,-50],[-46,-40],[-27,-4],[59,94]],[[6105,33738],[94,17],[27,-42],[-99,-21],[-22,46]],[[6184,33746],[42,20],[-1,-17],[-41,-3]],[[6245,33098],[38,80],[45,94],[-15,-130],[-68,-44]],[[6193,33128],[51,133],[1,-163],[-52,30]],[[6192,33276],[81,131],[48,-148],[-129,17]],[[6164,33405],[27,-196],[-68,-8],[41,204]],[[6243,33264],[70,-7],[-30,-79],[-43,17],[3,69]],[[6327,33322],[-54,85],[164,-4],[-51,-283],[-73,22],[14,180]],[[6265,33843],[66,57],[-17,-66],[-49,9]],[[6310,33740],[27,56],[-9,-57],[-18,1]],[[6174,33770],[30,118],[1,-118],[-31,0]],[[6267,33796],[37,83],[28,18],[19,-105],[-84,4]],[[6328,33739],[49,60],[-5,-61],[-44,1]],[[6345,33677],[-17,62],[85,-10],[-68,-52]],[[6205,33788],[-1,100],[63,-92],[-62,-8]],[[6226,33713],[83,46],[17,-57],[-100,11]],[[6253,33766],[-48,22],[48,8],[0,-30]],[[6303,33757],[-50,39],[61,-12],[-11,-27]],[[6153,33061],[-20,68],[27,0],[-7,-68]],[[6030,32854],[125,57],[3,-125],[-128,68]],[[5960,33223],[-43,255],[85,-256],[-42,1]],[[5928,33566],[0,0]],[[5913,33581],[13,3],[1,-16],[-14,13]],[[5987,33122],[0,0]],[[5980,33125],[-2,3],[6,0],[-4,-3]],[[6091,33067],[-120,78],[1,20],[82,-36],[133,80],[6,-81],[-102,-61]],[[6147,32952],[46,176],[-22,-289],[-24,113]],[[5980,33036],[1,21],[10,-11],[-11,-10]],[[5983,33083],[-3,0],[2,2],[1,-2]],[[6099,33067],[-12,-62],[-83,77],[23,20],[72,-35]],[[6106,32786],[52,0],[-22,-174],[-30,0],[0,174]],[[6094,32983],[56,76],[-2,-71],[-54,-5]],[[6095,32926],[52,62],[8,-77],[-60,15]],[[6212,33057],[107,86],[94,-58],[-126,-234],[-75,206]],[[6198,32974],[78,6],[11,-129],[43,10],[-162,-39],[30,152]],[[6344,32644],[-208,-32],[27,198],[133,1],[48,-167]],[[10679,25178],[148,128],[44,-43],[-86,-118],[-106,33]],[[10130,24886],[0,3],[3,-5],[-3,2]],[[12036,25485],[-106,25],[8,25],[98,-50]],[[12645,26427],[-3,12],[7,-11],[-4,-1]],[[11136,25068],[-1,2],[2,0],[-1,-2]],[[11138,25067],[-1,0],[1,1],[0,-1]],[[11120,25063],[-1,1],[1,1],[0,-2]],[[12417,26116],[-1,13],[6,-6],[-5,-7]],[[12403,26112],[4,-3],[-4,0],[0,3]],[[11116,25063],[-47,22],[65,-15],[-18,-7]],[[10223,25054],[-1,-6],[-3,4],[4,2]],[[10287,25046],[-5,4],[5,-1],[0,-3]],[[10225,25037],[1,5],[0,-5],[-1,0]],[[11077,25068],[0,0]],[[11076,25067],[0,0]],[[11359,25210],[3,10],[5,-12],[-8,2]],[[11334,25241],[-2,7],[0,5],[3,-5],[-1,-7]],[[11797,25406],[0,6],[3,-2],[-3,-4]],[[11794,25419],[-1,4],[2,2],[-1,-6]],[[11678,25529],[-1,4],[2,-3],[-1,-1]],[[11087,25123],[-21,19],[26,-11],[-5,-8]],[[11325,25172],[-1,7],[9,-6],[-8,-1]],[[11434,26565],[244,49],[70,280],[122,74],[-77,74],[55,111],[-35,114],[61,57],[313,-115],[52,-87]],[[12563,26969],[396,-232],[-331,-153],[-45,-107],[92,-89],[-128,-139],[-606,-294],[-92,-188],[-7,-153],[67,-64],[-53,-52],[-150,73],[-344,-140],[-6,-80],[83,-32],[-36,-129],[-58,81],[-127,27],[-160,-99],[-158,21],[42,211],[-107,14]],[[10771,25581],[-203,-57],[-3,-299],[-185,61],[-165,-204],[-16,-214],[-663,327],[138,68],[153,-64],[47,548]],[[11451,25258],[-17,6],[2,5],[15,-11]],[[10875,25445],[-10,-131],[-151,-14],[88,125],[73,20]],[[9144,25064],[11,4],[2,-4],[-13,0]],[[9367,25177],[12,-1],[-13,-2],[1,3]],[[9380,25181],[3,0],[-2,-1],[-1,1]],[[9386,25184],[2,0],[-1,-2],[-1,2]],[[9386,25184],[-2,-1],[-1,1],[3,0]],[[8221,25574],[186,189],[-30,78]],[[8377,25841],[99,130],[1398,-30],[-53,-598],[-205,3],[-75,-70],[-7,-142],[-128,63],[-166,11],[-97,-128],[-419,122],[-78,-130],[-303,139],[-100,-39],[42,82],[121,1],[36,139],[-101,67],[5,86],[-125,27]],[[14039,26926],[-3,4],[7,-1],[-4,-3]],[[13437,26694],[-2,-6],[-2,3],[4,3]],[[13940,26757],[-3,3],[5,0],[-2,-3]],[[13778,26694],[-5,-2],[1,2],[4,0]],[[13441,26697],[1,-3],[-2,1],[1,2]],[[13435,26704],[0,3],[2,-1],[-2,-2]],[[10859,29595],[-78,95],[50,-13]],[[10828,29866],[82,11],[2,94],[601,5]],[[11547,30120],[731,-61]],[[13440,29477],[668,42],[209,-150]],[[13837,27077],[191,-67],[-34,-79],[62,-106],[-81,-80],[-77,113],[-115,-12],[-48,-53],[21,-152],[-86,-40],[-50,108],[-323,113],[-506,-2],[-228,149]],[[12563,26969],[-110,206],[-214,-53]],[[12239,27122],[-265,183],[-100,19],[-41,-96],[-875,10]],[[10768,28102],[-101,358],[123,33],[-36,215],[30,86],[82,-1]],[[9538,29165],[-754,43],[-5,391]],[[9744,29786],[152,142],[360,-74],[58,-70]],[[10284,29642],[476,61],[99,-108]],[[10859,29595],[7,-802]],[[10866,28793],[-1317,-28]],[[8359,28946],[-122,127],[129,-50]],[[8788,29104],[0,104],[447,1],[303,-44]],[[9538,29165],[11,-400]],[[9549,28765],[1235,29],[6,-301],[-123,-31],[8,-130],[95,-94],[-2,-136]],[[10768,28102],[190,-103],[0,-761]],[[10958,27238],[-661,19],[5,-281],[-386,11]],[[8586,26749],[-179,-277],[-54,80],[27,241],[-280,144]],[[8100,26937],[85,316],[-34,160]],[[8151,27413],[321,9]],[[8472,27422],[3,320],[-135,84],[6,173],[-49,0],[-25,211],[-61,52],[122,110],[26,574]],[[10706,24704],[-7,15],[-4,6],[6,-3],[5,-18]],[[10765,24733],[-35,-12],[-23,9],[58,3]],[[10518,24949],[8,-3],[-4,-3],[-4,6]],[[10928,25038],[0,4],[1,-2],[-1,-2]],[[10859,25073],[6,7],[3,-2],[-9,-5]],[[10861,24893],[-1,0],[1,3],[0,-3]],[[11021,24940],[0,0]],[[10315,25117],[1,-10],[-3,8],[2,2]],[[10685,24915],[2,8],[6,-5],[-8,-3]],[[10679,24919],[-4,6],[7,-2],[-3,-4]],[[10818,24904],[-1,2],[2,-1],[-1,-1]],[[10824,24909],[0,0]],[[10894,24985],[0,0]],[[10326,25111],[1,-5],[-2,3],[1,2]],[[10334,25104],[0,1],[2,-1],[-2,0]],[[10838,25098],[-2,1],[3,-1],[-1,0]],[[10853,25077],[-1,1],[2,1],[-1,-2]],[[10852,25080],[-1,1],[2,0],[-1,-1]],[[10282,25129],[84,158],[96,-77],[220,16],[-27,-112],[85,-81],[76,-8],[-28,78],[21,37],[51,-147],[14,6],[17,-17],[46,-3],[50,26],[41,-60],[-262,-46],[-273,189],[-211,41]],[[10771,25581],[64,-136]],[[10835,25445],[-153,-219],[-117,-7],[3,305],[82,-24],[-9,82],[130,-1]],[[8586,26749],[2,116],[638,-60],[166,70],[2,-68],[187,41],[-1,-77],[151,0],[112,40],[73,176]],[[9916,26987],[252,6],[205,-53],[78,-176]],[[11417,26626],[71,126]],[[11683,26742],[-10,-132],[-239,-45]],[[11434,26565],[0,-336],[-384,52],[-148,-141],[7,-195],[-68,45],[-56,-207],[-116,0],[32,-95],[-827,59]],[[9874,25747],[-31,211],[-1367,13],[30,207],[-155,82],[56,101],[-37,67],[216,321]],[[11683,26742],[-31,74],[-80,-135],[-84,71]],[[11488,26752],[-26,-126],[-45,0]],[[11417,26626],[0,138],[-966,0]],[[10451,26764],[-134,213],[-20,280],[520,-66],[268,79],[748,-42],[-40,-186],[80,-22],[-190,-278]],[[7131,36562],[52,-766]],[[6978,35085],[-630,-78],[-9,442],[310,-1]],[[6581,35803],[85,0],[78,221],[12,538]],[[8848,34554],[-302,723]],[[8503,35405],[295,119],[145,156],[357,73],[20,-97],[187,18],[36,-117],[217,-7]],[[9829,35742],[603,-56]],[[10532,35837],[434,49],[89,-111],[-68,-263]],[[10266,33623],[32,-131],[-134,-108],[-828,-115],[-26,571],[-302,180]],[[9360,39056],[764,58]],[[10233,35726],[-404,16]],[[9829,35742],[-69,-192]],[[9760,35550],[-81,0],[-489,199],[-64,-75],[-238,-23],[0,-65],[-336,-186],[-492,9],[-109,-62],[-18,302],[98,532]],[[7955,36355],[-8,493],[-124,87]],[[4451,38744],[11,2],[-11,-7],[0,5]],[[4458,38752],[-1,1],[1,0],[0,-1]],[[4479,38687],[-2,2],[2,1],[0,-3]],[[4472,38774],[-3,11],[3,6],[0,-17]],[[4425,38925],[-3,3],[2,2],[1,-5]],[[4465,39101],[-3,1],[3,2],[0,-3]],[[4735,37811],[-1,2],[3,-2],[-2,0]],[[4481,39038],[-1,0],[0,1],[1,-1]],[[4899,37313],[-6,1],[0,6],[6,-7]],[[4527,38388],[-1,11],[7,-1],[-6,-10]],[[4485,38700],[0,0]],[[4483,38436],[-2,0],[1,1],[1,-1]],[[4481,38431],[-1,1],[1,0],[0,-1]],[[5191,36736],[-1,-1],[0,1],[1,0]],[[4720,37735],[-8,3],[2,7],[6,-10]],[[4712,37748],[0,-5],[-4,7],[4,-2]],[[4725,37789],[-2,2],[2,-1],[0,-1]],[[5176,36799],[-7,4],[2,4],[5,-8]],[[4494,38787],[6,19],[6,-7],[-12,-12]],[[4503,38897],[1,-5],[-2,-3],[1,8]],[[4501,38808],[-4,0],[2,3],[2,-3]],[[4480,38793],[-1,2],[1,-1],[0,-1]],[[4505,38899],[-1,0],[1,1],[0,-1]],[[4658,39495],[4,-92],[285,0]],[[5528,39210],[0,-91],[107,-12],[573,213]],[[6384,39145],[40,-689]],[[6751,36645],[13,-128],[-50,-629],[-133,-85]],[[6581,35803],[68,-126],[0,-229]],[[6649,35448],[-948,56],[-261,516],[-276,877],[-202,406],[-65,23],[-207,799],[-87,125],[38,70],[-110,473],[36,185],[-94,73],[22,242]],[[4589,38199],[-4,5],[1,1],[3,-6]],[[4584,38170],[-1,4],[1,5],[0,-9]],[[4585,38181],[-2,2],[1,1],[1,-3]],[[10987,35512],[12,132],[56,0],[-40,210],[228,44]],[[13535,33341],[-1221,-140]],[[12333,33127],[-654,-25],[-275,19],[29,141]],[[11151,33270],[27,93],[-236,89],[-662,9],[-14,162]],[[10266,33623],[86,89],[-10,247],[-67,115],[10,369],[680,-19],[-57,715],[159,55],[-7,279],[-73,39]],[[9036,40365],[0,-81]],[[9904,40284],[6,-238],[265,112],[93,-97]],[[10196,39854],[-286,27],[53,-74]],[[9992,39275],[-44,-34],[67,-127],[-655,-58]],[[9360,39056],[-14,-692],[-233,44],[-17,-109],[-410,13],[-179,-80],[-749,5],[71,-610],[-196,-1],[-30,-369],[60,-109],[160,1],[0,-214]],[[7823,36935],[93,-32],[63,-192],[-24,-356]],[[7955,36355],[76,-174]],[[8031,36181],[-25,-152]],[[7182,36153],[-51,409]],[[7131,36562],[-375,0]],[[6756,36562],[-5,83]],[[6751,36645],[-203,-1],[-32,1077],[-66,94],[31,210],[-73,92],[99,228],[-83,111]],[[6424,38456],[9,335],[-50,43],[1,368]],[[10124,39114],[-109,0],[-67,126],[44,35]],[[9992,39275],[-29,532]],[[9963,39807],[-53,73],[286,-26]],[[10196,39854],[72,207]],[[10268,40061],[-76,96],[-272,-113],[-42,79],[42,233],[130,59]],[[12072,40830],[3271,-1586],[-9,-5903],[-1799,0]],[[13535,33341],[-198,298],[212,0],[-20,250],[-89,0],[-1,122],[-336,11],[-128,152],[-393,635],[142,0],[0,223],[-106,0],[-1,182],[-331,54],[-217,382],[7,772],[-331,-38],[-151,-325],[-369,-41],[18,-120]],[[11243,35898],[-93,-42],[-516,-1],[-102,-18]],[[10532,35837],[-100,-151]],[[10432,35686],[-199,40]],[[10233,35726],[-26,171],[-91,53],[36,631],[-43,187],[53,35],[0,157],[-54,-23],[-27,117],[43,2060]],[[8503,35405],[-22,-105],[65,-23]],[[8546,35277],[188,-432],[-39,-69],[-86,22]],[[7780,34179],[-379,20],[54,270],[-72,22],[22,279],[163,21]],[[7576,34878],[106,-71],[87,44],[-53,193],[206,122],[29,185],[474,68],[78,-14]],[[6978,35085],[31,710],[174,1]],[[7183,35796],[-1,357]],[[7182,36153],[251,-17],[90,-205],[315,89],[45,-101],[123,110]],[[8006,36029],[-73,-380],[9,-422],[-226,-183],[58,-207],[-198,41]],[[7576,34878],[-8,-87]],[[7568,34791],[-293,-13],[0,102],[-107,1]],[[7168,34881],[0,204]],[[7168,35085],[-190,0]],[[8609,34798],[70,15],[169,-259]],[[8848,34554],[94,40],[143,-87],[75,-163],[-103,-83],[67,-73],[-98,-58],[-18,-110]],[[9008,34020],[310,-198],[9,-593],[-479,-88],[-391,42],[-108,-217],[-128,-44],[-738,-26]],[[7483,33246],[-87,13],[-68,176],[-70,16],[11,299],[83,-2]],[[7352,33748],[-45,167],[230,-21],[14,297]],[[7551,34191],[229,-12]],[[7780,34179],[77,80],[-90,138],[17,80],[487,236],[271,-105],[3,80],[107,59],[-43,51]],[[11151,33270],[282,-8]],[[11433,33262],[-50,-146],[40,-222]],[[10780,32188],[-434,77],[-148,-57],[-9,116]],[[10013,32143],[-388,-12],[-147,98]],[[8695,31730],[-593,-159],[-34,98]],[[7931,31698],[-487,778],[-230,13]],[[7214,32603],[0,199],[-152,296]],[[7062,33098],[77,149]],[[7139,33247],[344,-1]],[[7483,33246],[0,-350]],[[7483,32896],[866,73],[108,214],[774,1],[105,85],[409,7],[0,71],[271,-11],[172,124],[374,-21],[0,58],[599,-120],[-10,-107]],[[10780,32188],[1,101],[235,7],[8,226],[160,34],[-17,176],[256,162]],[[11423,32894],[-19,227],[929,6]],[[12333,33127],[-19,74]],[[12314,33201],[648,42],[0,68],[2372,30],[0,-1624]],[[15319,30305],[-503,-392],[-199,175],[-532,-611],[-645,0]],[[13440,29477],[-35,669],[-211,1],[-10,-55],[-276,117],[-177,-129],[-130,166],[-147,-168],[-102,131],[-74,-45],[0,-105]],[[12278,30059],[-98,-16],[-477,82],[-156,-5]],[[11547,30120],[-34,-144]],[[11513,29976],[-480,44],[-205,-154]],[[10828,29866],[3,-189]],[[10831,29677],[-474,-42],[-73,7]],[[10284,29642],[30,142]],[[10314,29784],[-126,93],[29,149],[-56,106],[90,75]],[[9688,31859],[-74,289],[399,-5]],[[10013,32143],[61,42],[-14,180],[129,-41]],[[10189,32324],[12,-76],[579,-60]],[[6598,31746],[35,167],[-51,161],[61,51]],[[6643,32125],[-25,166],[91,312],[505,0]],[[7214,32603],[0,-114]],[[7214,32489],[216,0],[501,-791]],[[7931,31698],[137,-29]],[[8068,31669],[-9,-364]],[[7881,30862],[-343,-71],[0,263]],[[7538,31054],[-434,-103]],[[7104,30951],[-65,231],[-1,425],[-229,137],[-211,2]],[[9492,31023],[-419,-2],[-20,-149]],[[8695,31730],[-77,291],[208,70],[140,146],[512,-8]],[[9478,32229],[125,-98],[85,-272]],[[9688,31859],[-96,-69],[7,-185],[254,-101],[17,-99],[167,-4],[9,-461],[260,-27],[-107,-480],[52,-226]],[[10251,30207],[-90,-44],[56,-137],[-29,-152],[-353,48],[-91,-136]],[[9744,29786],[-238,-19],[-137,-194],[-590,26]],[[8779,29599],[9,-495]],[[8788,29104],[-383,-12],[-39,-69]],[[8366,29023],[-76,75],[-154,-85],[-154,93]],[[7982,29106],[-281,6],[-25,123],[-146,117]],[[7530,29352],[-220,51],[-83,192]],[[7227,29595],[127,-9],[125,134]],[[7479,29720],[66,1071],[336,71]],[[7881,30862],[23,152],[85,77],[0,214],[70,0]],[[8059,31305],[43,312],[201,-38],[1,73],[69,-39],[76,102],[246,15]],[[9492,31023],[10,169],[-107,-20],[-1,240],[-98,13],[0,-83],[-53,0],[19,94],[-550,3],[116,-557],[225,-10]],[[9053,30872],[2,143],[437,8]],[[20219,74684],[-127,-313],[-68,100],[75,221]],[[22596,78762],[-3,-1],[2,3],[1,-2]],[[22588,78766],[-11,15],[14,-14],[-3,-1]],[[22569,80016],[-7,-3],[-6,1],[13,2]],[[22547,80016],[-2,-3],[-1,2],[3,1]],[[23301,80463],[-3,1],[1,4],[2,-5]],[[23271,80532],[-3,0],[2,3],[1,-3]],[[22502,78517],[-10,2],[9,1],[1,-3]],[[22600,78740],[-8,-8],[-1,4],[9,4]],[[22611,78751],[-4,-1],[0,1],[4,0]],[[22603,78757],[-6,0],[0,4],[6,-4]],[[22547,78851],[-2,0],[2,2],[0,-2]],[[22717,78854],[-5,2],[5,-1],[0,-1]],[[22681,78875],[-8,2],[8,1],[0,-3]],[[22567,78876],[-2,1],[4,6],[-2,-7]],[[22560,78975],[-3,0],[3,2],[0,-2]],[[22520,79033],[-5,0],[-1,2],[6,-2]],[[22681,79103],[-26,-8],[-16,4],[42,4]],[[22625,79105],[-3,11],[7,-9],[-4,-2]],[[22566,79195],[-29,-55],[-3,75],[32,-20]],[[22418,79265],[-3,-2],[-10,6],[-9,15],[22,-19]],[[22391,79289],[-17,10],[-1,4],[18,-14]],[[22698,79375],[-4,1],[-6,6],[10,-7]],[[22543,79666],[-4,-1],[1,3],[3,-2]],[[22506,79683],[-1,-2],[-2,3],[3,-1]],[[22433,79795],[-1,-3],[0,4],[1,-1]],[[22429,79805],[-3,0],[2,2],[1,-2]],[[22404,80053],[-7,6],[5,4],[2,-10]],[[22975,80220],[0,-14],[-5,5],[5,9]],[[22981,80222],[-2,1],[1,0],[1,-1]],[[24146,80249],[-29,9],[-1,9],[30,-18]],[[23308,80252],[-4,2],[7,9],[-3,-11]],[[23291,80280],[-3,0],[2,3],[1,-3]],[[23191,80546],[-5,2],[5,5],[0,-7]],[[23348,80558],[-6,-1],[-1,4],[7,-3]],[[22152,81566],[-2,0],[0,1],[2,-1]],[[24113,80250],[-4,-5],[-1,4],[5,1]],[[23317,80368],[11,-73],[-21,4],[-5,-27],[15,96]],[[23308,80289],[-2,-1],[1,2],[1,-1]],[[23320,80289],[-2,-1],[1,1],[1,0]],[[23268,80566],[-2,-5],[1,6],[1,-1]],[[22149,81561],[23,-19],[-25,-22],[-8,68],[14,8],[5,-20],[-7,4],[-2,-19]],[[22158,81558],[-2,0],[1,1],[1,-1]],[[22528,79030],[-2,0],[1,1],[1,-1]],[[22485,79059],[-10,0],[-1,2],[11,-2]],[[22478,79053],[-3,-1],[0,3],[3,-2]],[[22674,79174],[0,-4],[-3,3],[3,1]],[[22891,76157],[-24,4],[-14,44],[38,-48]],[[22943,76030],[-1,2],[0,4],[1,-6]],[[22573,78562],[-3,-3],[2,4],[1,-1]],[[22453,79308],[-12,-7],[0,7],[12,0]],[[22467,79299],[-5,-5],[0,2],[5,3]],[[22549,79664],[-5,-1],[3,4],[2,-3]],[[22649,78430],[-84,160],[7,55],[77,-215]],[[22500,79247],[-21,4],[-1,39],[22,-43]],[[22473,79269],[-14,23],[12,-2],[2,-21]],[[22480,79296],[-8,1],[7,3],[1,-4]],[[22497,79288],[-6,-1],[1,5],[5,-4]],[[22437,79799],[-1,-5],[-1,3],[2,2]],[[22607,79998],[-9,-5],[-1,3],[10,2]],[[22651,78709],[-19,9],[20,-7],[-1,-2]],[[22641,78699],[-20,5],[1,7],[19,-12]],[[22551,78927],[42,17],[-35,-60],[-7,43]],[[22468,79308],[-5,0],[1,1],[4,-1]],[[22520,79712],[1,-5],[-3,5],[2,0]],[[22437,79815],[59,-27],[-29,2],[-3,-11],[-27,36]],[[22449,79837],[-2,-5],[-2,5],[4,0]],[[22617,79826],[-3,-1],[2,2],[1,-1]],[[22645,79981],[-25,12],[7,3],[18,-15]],[[23259,77222],[7,-50],[-18,12],[11,38]],[[23797,77627],[-1,20],[6,-1],[-5,-19]],[[23293,77137],[-8,10],[12,23],[-4,-33]],[[23349,77975],[-18,17],[12,4],[6,-21]],[[23758,77670],[-12,4],[12,-2],[0,-2]],[[23630,77566],[-2,7],[18,8],[-16,-15]],[[23868,77695],[-10,-2],[16,17],[-6,-15]],[[23144,78106],[-5,-9],[1,8],[4,1]],[[23253,77224],[-3,-7],[-1,10],[4,-3]],[[23283,77215],[-4,9],[3,-3],[1,-6]],[[23180,78065],[-4,-1],[0,2],[4,-1]],[[23621,77574],[-6,0],[7,2],[-1,-2]],[[23750,77684],[-3,0],[1,4],[2,-4]],[[23288,77206],[-1,-1],[0,2],[1,-1]],[[23265,77223],[-4,1],[5,-1],[-1,0]],[[23286,77212],[-2,-2],[1,3],[1,-1]],[[22654,78742],[-22,-5],[-9,5],[31,0]],[[22621,78745],[-3,0],[-1,1],[4,-1]],[[22498,79768],[-20,18],[45,-15],[-3,-9],[-22,6]],[[22566,79741],[-5,3],[5,-2],[0,-1]],[[22664,79788],[-4,2],[4,2],[0,-4]],[[22507,79717],[-2,1],[0,1],[2,-2]],[[22510,79764],[-4,-1],[0,1],[4,0]],[[22410,80052],[53,29],[26,0],[-41,-37],[-38,8]],[[22591,79998],[1,35],[32,-26],[-33,-9]],[[22599,80056],[-13,0],[-5,6],[18,-6]],[[22574,80075],[-3,-5],[-8,5],[11,0]],[[22566,80064],[-2,1],[14,-1],[-12,0]],[[22590,80069],[-6,-3],[-5,5],[11,-2]],[[22435,80076],[-6,0],[0,2],[6,-2]],[[22604,80060],[-3,-2],[-5,5],[8,-3]],[[22923,78330],[-125,63],[112,-41],[52,64],[-39,-86]],[[22945,78426],[6,76],[23,-52],[-29,-24]],[[22676,78650],[-44,32],[40,12],[4,-44]],[[22765,78669],[17,-20],[-43,11],[26,9]],[[22864,78416],[-9,31],[23,-5],[-14,-26]],[[22667,78443],[37,-19],[-18,-2],[-19,21]],[[23021,78426],[-17,20],[2,5],[15,-25]],[[24852,78642],[-22,-4],[0,10],[22,-6]],[[23052,78493],[-19,-4],[-3,6],[22,-2]],[[22785,78667],[-21,16],[23,-15],[-2,-1]],[[22758,78851],[-14,-9],[1,9],[13,0]],[[22832,78766],[-8,-7],[-5,8],[13,-1]],[[22991,78354],[-23,-2],[24,5],[-1,-3]],[[22981,78482],[-4,17],[5,12],[-1,-29]],[[22758,78687],[-9,-6],[-2,4],[11,2]],[[22773,78817],[-12,9],[13,-6],[-1,-3]],[[23031,78867],[-23,7],[-2,2],[25,-9]],[[24924,78744],[-7,5],[8,-4],[-1,-1]],[[24910,78707],[-7,4],[1,8],[6,-12]],[[22867,78278],[-14,7],[14,-5],[0,-2]],[[22846,78768],[0,-8],[-3,6],[3,2]],[[22740,78653],[-7,-3],[-3,6],[10,-3]],[[22888,78417],[-5,11],[0,3],[5,-14]],[[22698,78646],[0,7],[4,-3],[-4,-4]],[[23045,78375],[-12,-2],[-1,1],[13,1]],[[22947,78765],[-4,-5],[-3,4],[7,1]],[[23067,78742],[-1,7],[4,-3],[-3,-4]],[[22710,78716],[-8,3],[6,2],[2,-5]],[[23123,78702],[-7,-3],[-1,1],[8,2]],[[23031,78430],[-7,1],[1,3],[6,-4]],[[22979,78361],[-3,6],[4,-5],[-1,-1]],[[22731,78849],[-6,0],[-4,6],[10,-6]],[[22966,78427],[-2,4],[3,1],[-1,-5]],[[23201,78660],[-6,0],[0,4],[6,-4]],[[22929,78448],[-2,0],[-1,9],[3,-9]],[[23036,78430],[-4,0],[1,1],[3,-1]],[[22971,78506],[-3,2],[0,4],[3,-6]],[[23013,78381],[-4,-1],[1,4],[3,-3]],[[22991,78346],[-2,3],[4,0],[-2,-3]],[[23057,78737],[-5,3],[0,2],[5,-5]],[[24869,78618],[-5,-3],[4,4],[1,-1]],[[22719,78716],[-2,3],[4,-2],[-2,-1]],[[22702,78693],[0,0]],[[22771,78814],[-4,0],[0,2],[4,-2]],[[22857,78737],[-4,0],[0,3],[4,-3]],[[23102,78552],[-1,3],[3,-1],[-2,-2]],[[23027,78377],[-2,1],[1,0],[1,-1]],[[23090,78760],[-3,-1],[2,3],[1,-2]],[[24763,78947],[-3,1],[1,2],[2,-3]],[[22845,78434],[-2,-3],[1,4],[1,-1]],[[22958,78359],[-2,1],[0,1],[2,-2]],[[23073,78719],[-3,1],[3,2],[0,-3]],[[22780,78727],[-3,-2],[0,1],[3,1]],[[23072,78754],[-3,0],[1,1],[2,-1]],[[23063,78720],[-2,-1],[0,3],[2,-2]],[[22964,78392],[-3,-1],[1,3],[2,-2]],[[23008,76496],[-33,91],[11,28],[22,-119]],[[22725,76359],[-46,10],[-5,49],[51,-59]],[[22801,76316],[-27,2],[-3,32],[30,-34]],[[22968,76358],[-20,0],[5,41],[15,-41]],[[22945,76251],[-18,49],[-1,16],[19,-65]],[[23004,76386],[-21,14],[13,19],[8,-33]],[[22726,76450],[-12,-12],[-2,25],[14,-13]],[[22992,76427],[-19,6],[2,12],[17,-18]],[[23080,75643],[11,-18],[-8,-5],[-3,23]],[[22720,76347],[-11,-6],[-12,8],[23,-2]],[[22726,76377],[-9,1],[-5,9],[14,-10]],[[23080,76293],[-4,4],[4,-1],[0,-3]],[[22979,76450],[-5,2],[1,3],[4,-5]],[[22693,76353],[-2,-1],[0,2],[2,-1]],[[22670,76372],[-1,-1],[-1,3],[2,-2]],[[22848,79472],[-28,101],[52,-99],[66,-18],[23,-30],[-75,30],[-16,-102],[-22,118]],[[23845,79373],[-93,61],[-67,40],[-10,22],[170,-123]],[[24455,79173],[57,-163],[-54,66],[-3,97]],[[23580,79398],[-30,70],[59,63],[9,-69],[-38,-64]],[[24220,79452],[-1,63],[70,-60],[-69,-3]],[[25233,79168],[57,22],[92,-25],[-149,3]],[[25514,79136],[-48,-49],[-20,25],[68,24]],[[23722,79387],[-43,-1],[-13,59],[56,-58]],[[22941,79411],[4,-37],[-46,56],[42,-19]],[[23694,79577],[44,14],[-34,-46],[-10,32]],[[23169,79180],[-47,6],[-13,45],[60,-51]],[[25475,79168],[-19,-38],[-24,18],[43,20]],[[24959,79097],[-46,16],[68,36],[-22,-52]],[[23213,79207],[5,-35],[-60,51],[55,-16]],[[23213,78969],[-57,51],[95,-53],[-38,2]],[[22768,79403],[-9,17],[47,-23],[-38,6]],[[23065,79480],[-63,46],[-8,16],[71,-62]],[[23631,79634],[-17,-72],[-6,28],[23,44]],[[23455,79392],[-31,38],[44,-20],[-13,-18]],[[23155,78939],[-18,40],[31,-20],[-13,-20]],[[23726,79253],[-30,50],[-14,36],[25,-11],[19,-75]],[[24136,79439],[-14,47],[31,-34],[-17,-13]],[[23871,79186],[-57,37],[-11,18],[68,-55]],[[23038,79421],[-45,29],[57,6],[-12,-35]],[[24727,79161],[26,27],[-11,-50],[-15,23]],[[24135,79512],[44,-17],[-18,-5],[-26,22]],[[22709,79357],[13,13],[17,-10],[1,-12],[-31,9]],[[22939,79380],[-20,-19],[8,19],[12,0]],[[23142,79084],[-21,35],[-29,28],[32,-23],[18,-40]],[[22881,78969],[-51,31],[64,-24],[-13,-7]],[[23279,79180],[43,-33],[-22,1],[-21,32]],[[22739,79362],[8,35],[6,-19],[-14,-16]],[[23621,79526],[19,-32],[-7,-20],[-12,52]],[[23244,79157],[-19,16],[41,-24],[-22,8]],[[23870,79598],[38,14],[11,-9],[-23,-13],[-26,8]],[[24762,79097],[0,32],[9,-5],[-9,-27]],[[23567,79588],[18,-16],[-3,-27],[-15,43]],[[23501,79369],[-31,16],[4,8],[27,-24]],[[24733,79144],[-20,-7],[2,20],[18,-13]],[[23656,79364],[-8,32],[17,-24],[-9,-8]],[[22874,79574],[26,-52],[-6,-12],[-24,47],[4,17]],[[23894,79514],[-51,25],[57,-23],[-6,-2]],[[23559,79632],[-4,-3],[-20,8],[24,-5]],[[23046,79405],[9,-4],[-19,-1],[10,5]],[[24832,79245],[-21,5],[14,14],[7,-19]],[[22722,79208],[-15,-24],[9,33],[6,-9]],[[23294,79127],[-22,-6],[-4,12],[26,-6]],[[22989,79614],[-3,-5],[-10,26],[13,-21]],[[22899,79115],[-16,2],[-11,9],[27,-11]],[[23599,79387],[-10,12],[16,4],[-6,-16]],[[23185,79228],[-30,19],[36,-15],[-6,-4]],[[23791,79324],[-8,-12],[-1,4],[9,8]],[[24718,79066],[-13,0],[6,28],[7,-28]],[[24439,79383],[-15,-3],[-2,16],[17,-13]],[[23030,79523],[-18,20],[3,6],[15,-26]],[[24462,79365],[-24,3],[1,6],[23,-9]],[[23691,79584],[-8,23],[19,-13],[-11,-10]],[[23664,79052],[-15,15],[13,4],[2,-19]],[[23130,79079],[-11,14],[-5,12],[16,-26]],[[22740,79083],[-19,2],[15,7],[4,-9]],[[23682,79574],[11,-17],[-22,9],[11,8]],[[23004,78983],[-12,9],[-13,6],[13,-1],[12,-14]],[[24076,79486],[-22,-6],[-2,7],[24,-1]],[[25429,79112],[-1,-7],[-15,10],[16,-3]],[[24570,79035],[-8,10],[31,-17],[-23,7]],[[22727,79127],[-14,7],[35,-14],[-21,7]],[[22744,79277],[-9,7],[12,3],[-3,-10]],[[22878,79009],[-4,-12],[-6,6],[10,6]],[[23009,79496],[1,3],[2,-17],[-3,14]],[[23276,78995],[-14,5],[17,1],[-3,-6]],[[23014,79470],[-10,0],[10,3],[0,-3]],[[24319,79400],[-13,-10],[6,15],[7,-5]],[[25878,78990],[7,-6],[-10,-2],[3,8]],[[24349,79386],[-10,11],[12,4],[-2,-15]],[[23663,79281],[-13,2],[9,4],[4,-6]],[[24481,79346],[-11,6],[13,0],[-2,-6]],[[22670,79356],[-10,-2],[16,7],[-6,-5]],[[23607,79418],[9,1],[-3,-9],[-6,8]],[[23072,79134],[-5,-3],[-9,4],[14,-1]],[[24472,79191],[-9,-2],[-1,16],[10,-14]],[[22775,79071],[-16,6],[-4,4],[20,-10]],[[23675,79502],[-8,8],[-2,6],[10,-14]],[[24292,79409],[-17,-5],[-5,7],[22,-2]],[[22903,79513],[1,-12],[-4,13],[3,-1]],[[23181,79191],[-16,-2],[-7,8],[23,-6]],[[22689,79185],[0,-12],[-12,2],[12,10]],[[23690,79260],[-7,-4],[-2,5],[9,-1]],[[22731,79268],[-10,3],[11,0],[-1,-3]],[[23921,79508],[-16,3],[-2,4],[18,-7]],[[23639,79582],[-5,8],[3,8],[2,-16]],[[23723,79241],[7,-9],[-4,-2],[-3,11]],[[24335,79388],[-11,-8],[-2,6],[13,2]],[[24780,79285],[-7,2],[4,13],[3,-15]],[[24412,79307],[-14,6],[-1,7],[15,-13]],[[24840,79420],[-13,2],[0,4],[13,-6]],[[23727,79166],[-12,13],[2,5],[10,-18]],[[24094,79496],[-3,-7],[-2,12],[5,-5]],[[23597,79362],[-8,2],[-3,8],[11,-10]],[[23705,79216],[-1,-6],[-4,5],[5,1]],[[22778,79064],[-7,-1],[-5,2],[12,-1]],[[23703,79196],[-8,0],[2,3],[6,-3]],[[22783,79625],[-8,1],[4,1],[4,-2]],[[24410,79219],[-7,-1],[7,8],[0,-7]],[[24554,79051],[-7,-3],[4,7],[3,-4]],[[22770,79535],[-7,1],[5,9],[2,-10]],[[23561,79508],[-6,-2],[3,5],[3,-3]],[[23566,79649],[-7,1],[1,6],[6,-7]],[[22687,79159],[-4,0],[9,4],[-5,-4]],[[23278,78976],[-11,0],[13,5],[-2,-5]],[[25847,78982],[-12,-3],[-1,1],[13,2]],[[22854,79042],[-3,-7],[-2,3],[5,4]],[[22798,79640],[-2,-8],[-5,5],[7,3]],[[25556,79039],[-16,-3],[-2,1],[18,2]],[[22714,79273],[-13,-2],[-1,1],[14,1]],[[24114,79497],[-9,-1],[1,3],[8,-2]],[[23657,79345],[-7,-4],[-2,6],[9,-2]],[[23549,79415],[-4,0],[0,3],[4,-3]],[[23720,79223],[-5,0],[-1,9],[6,-9]],[[23633,79301],[-5,3],[1,1],[4,-4]],[[22752,79084],[-7,-4],[-1,1],[8,3]],[[22814,79378],[-9,-5],[9,12],[0,-7]],[[22825,79053],[-5,-4],[-1,8],[6,-4]],[[22976,79553],[-7,10],[-2,9],[9,-19]],[[22680,79346],[-4,-1],[-1,5],[5,-4]],[[24185,79431],[-9,1],[-1,4],[10,-5]],[[23711,79188],[-4,-5],[-1,7],[5,-2]],[[22780,79329],[-4,0],[5,11],[-1,-11]],[[23685,79507],[-6,-1],[-2,4],[8,-3]],[[24037,79482],[-8,0],[9,2],[-1,-2]],[[23079,79151],[-9,3],[-2,4],[11,-7]],[[22950,79350],[-4,4],[5,-2],[-1,-2]],[[22718,79230],[-2,3],[3,5],[-1,-8]],[[23509,79517],[-6,-3],[0,3],[6,0]],[[22857,79326],[-4,1],[3,4],[1,-5]],[[26011,79062],[-6,-3],[-4,3],[10,0]],[[23029,79225],[-10,10],[8,-5],[2,-5]],[[23085,79144],[-5,0],[0,3],[5,-3]],[[23051,79576],[-1,-5],[-4,4],[5,1]],[[22909,79077],[-10,2],[-1,2],[11,-4]],[[24490,79328],[-4,-3],[2,6],[2,-3]],[[23675,79253],[-5,3],[0,1],[5,-4]],[[23575,79391],[-1,-4],[-4,7],[5,-3]],[[23631,79446],[-5,-3],[4,6],[1,-3]],[[22733,79193],[-6,-1],[3,6],[3,-5]],[[23510,79377],[-6,2],[1,2],[5,-4]],[[23067,79420],[-6,1],[4,5],[2,-6]],[[22876,79496],[-4,-1],[-2,3],[6,-2]],[[23019,79174],[-4,-2],[0,5],[4,-3]],[[23628,79459],[-5,6],[1,2],[4,-8]],[[22897,79508],[1,-6],[-2,6],[1,0]],[[24409,79289],[-7,2],[0,1],[7,-3]],[[23139,79143],[-7,2],[1,2],[6,-4]],[[23044,79205],[-4,-2],[-1,6],[5,-4]],[[24210,79499],[-4,1],[3,4],[1,-5]],[[23149,79255],[-5,2],[1,2],[4,-4]],[[24157,79444],[-5,1],[6,0],[-1,-1]],[[22701,79197],[-3,0],[1,2],[2,-2]],[[24007,79480],[-8,2],[8,-1],[0,-1]],[[22981,79601],[-2,-5],[0,10],[2,-5]],[[22850,79358],[-3,-2],[0,2],[3,0]],[[22697,79190],[-2,-4],[-1,1],[3,3]],[[22701,79086],[-5,-3],[-1,1],[6,2]],[[22785,79619],[-3,-2],[1,8],[2,-6]],[[23056,79193],[-6,4],[1,1],[5,-5]],[[23086,79508],[-4,-1],[1,3],[3,-2]],[[24399,79225],[-3,-3],[1,4],[2,-1]],[[23034,79218],[-4,1],[0,5],[4,-6]],[[23039,79201],[-4,-2],[2,3],[2,-1]],[[23669,79363],[-3,1],[5,4],[-2,-5]],[[23562,79585],[-4,-2],[3,3],[1,-1]],[[22818,79491],[-3,-1],[1,2],[2,-1]],[[23475,79415],[-2,2],[2,2],[0,-4]],[[25714,78986],[-1,-4],[-1,2],[2,2]],[[23581,79637],[-4,-1],[1,4],[3,-3]],[[23008,79573],[-5,-1],[0,1],[5,0]],[[22854,79114],[-2,-3],[-4,7],[6,-4]],[[25198,79185],[-4,1],[5,1],[-1,-2]],[[22999,79220],[-4,3],[1,1],[3,-4]],[[22701,79164],[-3,2],[1,2],[2,-4]],[[22887,79072],[-5,3],[6,-2],[-1,-1]],[[22701,79091],[-3,-3],[-1,2],[4,1]],[[23714,79255],[-4,1],[0,3],[4,-4]],[[23010,79556],[-2,3],[3,-1],[-1,-2]],[[24687,78971],[-4,1],[5,2],[-1,-3]],[[24169,79432],[-5,1],[1,1],[4,-2]],[[24199,79509],[-3,-1],[1,1],[2,0]],[[22946,79642],[-4,3],[5,-2],[-1,-1]],[[22918,79029],[-4,3],[4,-2],[0,-1]],[[22831,79478],[-4,3],[3,1],[1,-4]],[[23629,79431],[-3,2],[3,1],[0,-3]],[[23258,78973],[-4,-2],[0,1],[4,1]],[[23330,79157],[-2,3],[2,0],[0,-3]],[[22989,79374],[-3,-1],[3,4],[0,-3]],[[22992,79218],[-3,-1],[-1,4],[4,-3]],[[24791,79506],[-2,-3],[1,4],[1,-1]],[[23517,79365],[-2,-1],[1,2],[1,-1]],[[23613,79373],[-1,2],[4,3],[-3,-5]],[[23700,79509],[-2,-2],[0,1],[2,1]],[[23724,79252],[-2,-1],[1,3],[1,-2]],[[23727,79345],[-4,1],[1,1],[3,-2]],[[24022,79483],[-2,-2],[0,1],[2,1]],[[23056,79143],[-2,-1],[0,3],[2,-2]],[[23604,79371],[-2,0],[1,2],[1,-2]],[[23697,79499],[-2,2],[2,1],[0,-3]],[[23075,79550],[-2,2],[5,-3],[-3,1]],[[23702,79499],[-2,-1],[0,3],[2,-2]],[[24804,79489],[-1,-3],[-2,2],[3,1]],[[24228,79444],[-1,-2],[-1,2],[2,0]],[[23625,79494],[-2,0],[1,2],[1,-2]],[[23628,79484],[-2,2],[0,2],[2,-4]],[[24412,79210],[-2,-2],[1,2],[1,0]],[[22850,79105],[-2,-1],[0,3],[2,-2]],[[24700,78969],[-2,-3],[0,4],[2,-1]],[[23712,79496],[-4,-1],[-1,2],[5,-1]],[[23993,79480],[-3,-1],[0,2],[3,-1]],[[24819,79323],[-3,-1],[2,2],[1,-1]],[[23623,79462],[-2,2],[0,1],[2,-3]],[[24794,79512],[-2,-1],[2,2],[0,-1]],[[23983,79479],[-2,2],[4,0],[-2,-2]],[[24712,78994],[-3,-1],[1,1],[2,0]],[[24815,79264],[-3,-1],[2,3],[1,-2]],[[23922,79614],[-3,0],[3,1],[0,-1]],[[22985,79535],[-3,1],[1,2],[2,-3]],[[22772,79530],[-2,1],[2,1],[0,-2]],[[22766,79613],[-2,-2],[1,2],[1,0]],[[23708,79493],[-3,0],[1,2],[2,-2]],[[22841,79629],[-1,-3],[0,4],[1,-1]],[[23016,79554],[-2,2],[2,1],[0,-3]],[[24012,79481],[-3,0],[1,1],[2,-1]],[[22815,79003],[-2,1],[3,1],[-1,-2]],[[24831,79273],[-2,0],[1,2],[1,-2]],[[24810,79240],[-2,1],[1,1],[1,-2]],[[22853,79122],[-2,0],[1,1],[1,-1]],[[25348,80181],[8,0]],[[28949,75880],[0,152],[-5,0]],[[28309,70282],[-1,-217]],[[23036,70074],[-35,2142]],[[22631,76610],[29,-237],[263,-296],[63,-239],[72,-65],[8,-175],[2,15],[17,3],[9,12],[15,169],[-77,317],[177,641],[-121,240],[-15,196],[109,97],[100,-172],[53,47],[112,-114],[230,-388],[108,13],[-179,224],[-72,377],[352,438],[-17,100],[-20,-99],[-105,-15],[-211,-157],[-183,460],[-203,211],[-249,60],[154,97],[-23,107],[122,42],[-10,56],[-193,29],[35,-80],[-53,17],[-13,-92],[-37,78],[41,7],[-98,145],[-86,21],[0,35],[148,-45],[-51,129],[132,-112],[236,-62],[3,16],[-16,19],[-64,38],[-41,-16],[-12,34],[173,22],[-341,205],[166,-22],[-41,57],[-113,48],[-4,32],[214,-131],[29,-13],[18,21],[77,-40],[69,63],[-147,168],[74,-77],[116,32],[-43,101],[-152,136],[-61,-94],[-105,115],[-2,59],[36,-39],[72,35],[-50,54],[87,-47],[-79,65],[48,20],[-83,46],[37,-11],[44,11],[-42,30],[-28,0],[-11,-13],[-8,103],[289,69],[17,-114],[4,105],[55,-8],[-55,81],[146,-121],[57,-111],[38,-31],[-93,11],[9,-37],[42,-29],[4,-70],[-30,58],[1,-55],[-14,29],[-74,-3],[-5,-30],[121,-152],[150,-34],[22,-144],[-86,67],[76,-268],[-9,99],[71,-29],[-34,200],[54,-27],[-51,58],[68,-27],[-52,54],[-20,86],[225,-192],[-117,210],[144,17],[-182,174],[-13,61],[194,-157],[270,-45],[120,-85],[93,-314],[221,10],[-12,-155],[153,67],[4,-171],[51,-16],[-17,-45],[-26,-5],[-7,-16],[39,-30],[55,51],[-13,29],[10,17],[-10,32],[83,0],[-141,84],[-30,157],[-114,-10],[111,211],[133,-188],[326,-10],[59,27],[166,10],[91,33],[206,-128],[166,39],[82,128],[-75,-27],[-42,-87],[-42,21],[-146,-22],[-262,207],[-265,45],[-345,-81],[-2,184],[-55,50],[30,6],[19,68],[-63,98],[43,136],[78,-27],[21,328],[71,-38],[-41,-69],[121,-180],[-13,-119],[114,250],[83,-23],[103,85],[-125,-44],[-17,331]],[[23536,79751],[-191,97],[-57,6],[60,16],[144,-56],[25,35],[19,-98]],[[24127,79864],[-3,78],[69,-44],[-1,-56],[-24,48],[-41,-26]],[[23031,79952],[-84,-25],[10,82],[74,-57]],[[24126,79804],[54,-105],[-69,74],[15,31]],[[23076,79943],[41,-10],[80,-45],[-57,-9],[-66,52],[2,12]],[[22957,80032],[-17,95],[64,-84],[-47,-11]],[[22724,79796],[-73,12],[15,58],[58,-70]],[[22767,79849],[-39,75],[18,34],[30,-30],[-25,-15],[16,-64]],[[22558,79687],[-50,71],[63,-55],[-13,-16]],[[23524,79597],[-42,103],[78,-103],[-36,0]],[[22942,79706],[-31,40],[23,24],[8,-64]],[[22737,79708],[58,22],[13,-45],[-71,23]],[[23080,79723],[0,40],[19,-53],[-19,13]],[[22717,79933],[-28,13],[-37,29],[65,-42]],[[22628,80007],[22,-11],[78,-28],[-21,0],[-57,24],[-22,15]],[[24158,79692],[-36,4],[27,15],[9,-19]],[[22768,79768],[27,-37],[-11,0],[-16,37]],[[23708,79664],[10,-4],[27,-32],[-37,36]],[[24034,80126],[-49,19],[34,-3],[15,-16]],[[24186,79809],[-3,19],[14,14],[3,-19],[-4,-11],[-10,-3]],[[23014,79979],[-2,21],[16,-21],[-14,0]],[[24124,79932],[-17,3],[13,5],[4,-8]],[[23670,79789],[-9,3],[-19,32],[28,-35]],[[22967,79737],[-18,20],[1,4],[17,-24]],[[23613,79735],[-15,7],[-4,7],[19,-14]],[[22933,80004],[-12,0],[-13,17],[25,-17]],[[23599,79771],[-6,-6],[-7,9],[13,-3]],[[22741,79671],[-16,15],[19,-11],[-3,-4]],[[25000,80011],[-11,-9],[2,17],[9,-8]],[[24059,80009],[-10,-3],[1,10],[9,-7]],[[23481,79857],[-17,4],[18,-1],[-1,-3]],[[22786,79910],[-8,-9],[1,11],[7,-2]],[[23338,79755],[-1,-7],[-5,9],[6,-2]],[[22988,80088],[-8,18],[10,-7],[-2,-11]],[[23836,79992],[-6,-9],[1,17],[5,-8]],[[22769,79811],[-10,-2],[0,13],[10,-11]],[[23206,79878],[-1,-13],[-10,6],[11,7]],[[24120,79956],[0,-10],[-7,12],[7,-2]],[[23286,79859],[-9,-4],[-7,4],[16,0]],[[23011,80080],[-9,3],[5,4],[4,-7]],[[23557,79675],[2,-15],[-4,14],[2,1]],[[22703,79684],[-8,6],[10,-1],[-2,-5]],[[22722,79686],[-7,-4],[1,6],[6,-2]],[[22777,79890],[-10,0],[6,6],[4,-6]],[[23621,79732],[-8,3],[5,3],[3,-6]],[[23541,79695],[-10,0],[-1,4],[11,-4]],[[22813,79780],[-3,-2],[-4,6],[7,-4]],[[23478,79704],[-7,3],[0,6],[7,-9]],[[23049,79684],[-6,1],[1,7],[5,-8]],[[24097,79958],[-4,-4],[-1,9],[5,-5]],[[23227,79729],[-3,-6],[-1,1],[4,5]],[[22774,79953],[-7,3],[0,5],[7,-8]],[[22783,79948],[-5,2],[8,3],[-3,-5]],[[23549,79683],[-5,1],[1,5],[4,-6]],[[22825,79793],[-4,1],[1,6],[3,-7]],[[22801,79777],[-9,-3],[1,2],[8,1]],[[23448,79851],[-6,3],[0,4],[6,-7]],[[22832,79768],[1,-8],[-4,7],[3,1]],[[22750,79727],[-3,5],[6,-1],[-3,-4]],[[22730,79802],[-3,-3],[0,5],[3,-2]],[[22717,79773],[-4,3],[2,3],[2,-6]],[[22577,79701],[-2,3],[7,-3],[-5,0]],[[24062,80028],[-4,2],[3,1],[1,-3]],[[22743,79958],[-2,-2],[-3,3],[5,-1]],[[22958,79904],[-4,3],[0,3],[4,-6]],[[22962,79726],[-3,0],[1,1],[2,-1]],[[22551,79669],[-3,1],[5,3],[-2,-4]],[[22804,79772],[-1,-2],[-3,0],[4,2]],[[22815,79768],[-4,4],[2,2],[2,-6]],[[23024,80086],[-2,-1],[-1,5],[3,-4]],[[22815,79692],[-3,1],[1,4],[2,-5]],[[24957,80009],[-4,-1],[2,3],[2,-2]],[[22742,79727],[-1,4],[4,-1],[-3,-3]],[[22681,80010],[-3,-1],[2,2],[1,-1]],[[23952,79960],[-3,-1],[0,3],[3,-2]],[[24169,79882],[-3,-1],[0,1],[3,0]],[[24146,79715],[-3,-2],[0,1],[3,1]],[[22921,80136],[-3,-1],[0,2],[3,-1]],[[23152,79822],[-3,1],[3,2],[0,-3]],[[22677,79692],[-3,-3],[0,1],[3,2]],[[22781,79884],[-3,-1],[1,2],[2,-1]],[[22722,79724],[-3,-2],[2,3],[1,-1]],[[22809,79795],[-3,-1],[1,2],[2,-1]],[[23016,80079],[-2,-1],[1,1],[1,0]],[[22778,79838],[-2,-1],[-1,2],[3,-1]],[[25014,79883],[-2,-3],[2,4],[0,-1]],[[22758,79732],[-2,1],[2,1],[0,-2]],[[22677,79940],[-3,0],[3,2],[0,-2]],[[22718,79674],[-2,-2],[1,3],[1,-1]],[[23843,79978],[-2,-1],[0,3],[2,-2]],[[23021,80081],[-2,-1],[1,2],[1,-1]],[[23025,80029],[-2,-1],[1,2],[1,-1]],[[23825,79737],[-1,-4],[0,4],[1,0]],[[23039,79686],[-2,-1],[0,3],[2,-2]],[[28944,76032],[5,-152]],[[28949,75880],[283,0],[0,152],[291,0],[0,374],[469,0],[0,252],[-800,0],[0,154],[-103,0],[0,265],[-55,0]],[[34802,77347],[1,-12293]],[[28308,65054],[1,5228]],[[28309,70282],[1089,-1],[1,514],[167,0],[0,680],[-999,41],[1,555],[-88,150],[-118,-9],[-33,136],[-234,274],[282,354],[33,495],[106,-85],[186,77],[155,-212],[132,0],[19,643],[-90,0],[0,223],[735,0],[0,918],[-499,0],[0,422],[-181,0],[0,153],[-381,0],[23,76],[111,4],[218,342]],[[24885,82457],[-27,-5],[28,13],[-1,-8]],[[24541,82454],[-6,-1],[2,8],[4,-7]],[[25213,83104],[-5,-4],[2,5],[3,-1]],[[25135,83103],[-4,-4],[0,7],[4,-3]],[[25538,83335],[-5,8],[7,-4],[-2,-4]],[[25548,83336],[-7,4],[7,4],[0,-8]],[[25644,83490],[-7,-8],[0,11],[7,-3]],[[25574,83503],[-17,-3],[15,7],[2,-4]],[[30394,86715],[-1,2],[3,1],[-2,-3]],[[28602,86759],[-2,-1],[1,2],[1,-1]],[[30246,86847],[-4,0],[-1,4],[5,-4]],[[30295,86846],[-12,9],[8,3],[4,-12]],[[24630,80473],[-2,-1],[0,3],[2,-2]],[[24377,82094],[-3,-2],[0,2],[3,0]],[[24430,82134],[-3,1],[3,1],[0,-2]],[[25141,82364],[-7,3],[9,7],[-2,-10]],[[24776,82390],[-2,1],[1,2],[1,-3]],[[25030,82470],[-5,-2],[4,8],[1,-6]],[[25164,82599],[-3,0],[1,1],[2,-1]],[[25066,82683],[-4,-4],[3,5],[1,-1]],[[25097,82727],[-4,1],[6,4],[-2,-5]],[[25140,82742],[-7,7],[6,-1],[1,-6]],[[24683,82892],[-3,1],[2,2],[1,-3]],[[25268,83043],[-1,-2],[-1,3],[2,-1]],[[25742,83174],[-2,-7],[1,7],[1,0]],[[25425,83245],[-10,-33],[-14,35],[24,-2]],[[25441,83254],[-7,0],[1,4],[6,-4]],[[25461,83320],[-11,2],[8,7],[3,-9]],[[25561,83464],[-38,10],[37,-3],[1,-7]],[[24423,82092],[-36,13],[39,8],[-3,-21]],[[25048,82467],[-16,5],[9,9],[7,-14]],[[25066,82688],[-3,-1],[2,2],[1,-1]],[[24651,82098],[-5,-4],[3,6],[2,-2]],[[24657,82101],[-3,0],[1,1],[2,-1]],[[24437,82113],[-4,1],[3,6],[1,-7]],[[24502,82121],[-2,1],[2,1],[0,-2]],[[25085,82714],[3,-2],[-4,-2],[1,4]],[[25449,83268],[-5,1],[3,3],[2,-4]],[[24379,80318],[-26,9],[5,30],[3,-22],[18,-17]],[[24362,80338],[6,-3],[-2,-2],[-4,5]],[[24394,80310],[-3,-4],[1,5],[2,-1]],[[24800,81062],[5,4],[-5,-6],[0,2]],[[24932,81173],[-6,1],[6,3],[0,-4]],[[24845,81148],[-2,1],[1,3],[1,-4]],[[24865,81007],[-3,0],[3,2],[0,-2]],[[24882,80983],[-2,1],[2,1],[0,-2]],[[24917,81305],[-2,1],[2,1],[0,-2]],[[24830,80970],[-2,0],[1,2],[1,-2]],[[24913,81306],[-2,0],[2,1],[0,-1]],[[24811,81073],[-1,2],[1,1],[0,-3]],[[24799,81166],[-2,0],[2,2],[0,-2]],[[24938,81181],[-2,0],[2,2],[0,-2]],[[24633,81991],[3,27],[5,-19],[-8,-8]],[[24673,82021],[-11,3],[1,3],[10,-6]],[[24639,82022],[-2,-1],[1,3],[1,-2]],[[24645,82017],[-2,-1],[1,2],[1,-1]],[[24437,82149],[29,11],[6,-26],[-35,15]],[[24395,80407],[37,-98],[47,5],[2,-53],[-71,17],[-15,129]],[[24456,80402],[-7,-60],[-14,70],[21,-10]],[[24451,80332],[-23,21],[6,11],[17,-32]],[[24636,80311],[2,5],[2,-2],[-4,-3]],[[24429,80371],[-2,4],[1,1],[1,-5]],[[24590,80361],[-2,-2],[-2,2],[4,0]],[[24682,80386],[-4,0],[0,3],[4,-3]],[[24601,80365],[-2,0],[2,1],[0,-1]],[[24993,80159],[-32,-48],[18,69],[14,-21]],[[24703,82061],[-2,-1],[1,5],[1,-4]],[[24663,82030],[-2,1],[2,2],[0,-3]],[[24705,82068],[-2,-1],[1,1],[1,0]],[[24635,82041],[-2,-1],[1,2],[1,-1]],[[25243,80319],[-79,-48],[-38,5],[135,175],[-18,-132]],[[25348,80181],[-115,0]],[[25233,80181],[18,74],[66,-67],[32,40],[-1,-47]],[[24947,80222],[8,222],[17,-1],[6,32],[-31,-253]],[[25379,80758],[-19,20],[34,11],[-15,-31]],[[24962,80533],[-30,7],[24,15],[6,-22]],[[24957,80572],[-13,76],[9,7],[4,-83]],[[25059,81747],[-26,-4],[20,19],[6,-15]],[[25022,80252],[-20,-3],[21,26],[-1,-23]],[[25008,80209],[-16,-4],[2,19],[14,-15]],[[24877,81485],[-17,12],[6,7],[11,-19]],[[24851,81533],[-13,13],[3,5],[10,-18]],[[24994,80273],[-12,1],[13,15],[-1,-16]],[[25188,81648],[-11,6],[8,2],[3,-8]],[[25267,80294],[-11,1],[6,14],[5,-15]],[[25066,80353],[-14,1],[19,8],[-5,-9]],[[24722,80442],[-8,-6],[8,19],[0,-13]],[[24845,81510],[-6,-11],[4,18],[2,-7]],[[25041,80343],[-11,-2],[1,3],[10,-1]],[[25251,81593],[-8,4],[9,3],[-1,-7]],[[24954,80511],[10,-14],[-2,-4],[-8,18]],[[25280,81689],[-6,9],[5,-3],[1,-6]],[[25301,81756],[-7,0],[3,13],[4,-13]],[[25438,81711],[-8,-1],[5,6],[3,-5]],[[24974,81537],[-6,9],[1,4],[5,-13]],[[24964,80474],[0,-9],[-5,7],[5,2]],[[25425,81697],[-4,1],[0,15],[4,-16]],[[25409,80598],[-7,-4],[-1,3],[8,1]],[[25396,81728],[-6,0],[0,6],[6,-6]],[[25278,81658],[-3,4],[4,5],[-1,-9]],[[24887,80382],[-4,-4],[3,5],[1,-1]],[[24968,80678],[-4,4],[2,6],[2,-10]],[[25214,80411],[-5,-1],[4,2],[1,-1]],[[25263,80251],[3,-6],[-2,-1],[-1,7]],[[25453,80872],[-5,-3],[6,5],[-1,-2]],[[25335,81600],[-5,0],[2,4],[3,-4]],[[25443,81650],[-4,-4],[4,8],[0,-4]],[[25266,81666],[-3,-4],[1,4],[2,0]],[[25423,80590],[3,7],[0,-10],[-3,3]],[[25437,81688],[-4,2],[1,2],[3,-4]],[[25020,81716],[2,6],[3,-1],[-5,-5]],[[25389,81738],[-3,2],[5,3],[-2,-5]],[[25308,81656],[-5,0],[2,4],[3,-4]],[[24927,81524],[-4,4],[5,-1],[-1,-3]],[[25272,81628],[-4,-4],[2,5],[2,-1]],[[24956,80225],[-2,2],[3,4],[-1,-6]],[[25339,80785],[-5,3],[0,2],[5,-5]],[[25301,80414],[-2,4],[3,-1],[-1,-3]],[[24715,80398],[-3,1],[1,3],[2,-4]],[[24946,80479],[-3,0],[0,3],[3,-3]],[[24876,81478],[-3,-2],[2,5],[1,-3]],[[24851,81604],[-3,1],[0,2],[3,-3]],[[25048,80334],[-3,-1],[3,2],[0,-1]],[[25347,80808],[-2,-2],[1,6],[1,-4]],[[24719,80424],[-2,-3],[2,4],[0,-1]],[[24966,80663],[-2,3],[2,1],[0,-4]],[[25437,80570],[-2,-2],[0,6],[2,-4]],[[24971,80456],[-3,0],[2,2],[1,-2]],[[25039,80252],[-2,1],[2,2],[0,-3]],[[24998,80304],[-2,0],[0,3],[2,-3]],[[25260,80409],[-1,3],[1,-1],[0,-2]],[[25316,80415],[-2,-2],[0,2],[2,0]],[[25334,80795],[-2,0],[1,2],[1,-2]],[[25431,81740],[-3,0],[3,2],[0,-2]],[[25024,80339],[-2,1],[1,2],[1,-3]],[[25274,80448],[-3,0],[3,1],[0,-1]],[[24952,80505],[-2,-1],[1,3],[1,-2]],[[25424,80595],[-2,-2],[0,4],[2,-2]],[[25015,80347],[-2,0],[1,2],[1,-2]],[[24985,80334],[-2,1],[1,1],[1,-2]],[[24979,80336],[-2,1],[2,1],[0,-2]],[[25045,81701],[-3,0],[1,1],[2,-1]],[[24960,80479],[-1,1],[1,1],[0,-2]],[[24966,80487],[-2,1],[1,1],[1,-2]],[[24713,80408],[-2,0],[2,1],[0,-1]],[[25336,81607],[-2,0],[1,1],[1,-1]],[[25307,80418],[-1,2],[1,0],[0,-2]],[[25086,81764],[0,2],[1,0],[-1,-2]],[[24963,80484],[-1,1],[1,1],[0,-2]],[[25362,80191],[-1,1],[1,2],[0,-3]],[[25285,80477],[-1,0],[2,2],[-1,-2]],[[25296,80413],[-2,0],[1,1],[1,-1]],[[24996,80301],[-2,1],[1,1],[1,-2]],[[25334,80523],[-2,0],[1,2],[1,-2]],[[24961,80518],[-2,-2],[0,2],[2,0]],[[24960,80234],[-2,-1],[1,2],[1,-1]],[[25311,80420],[-2,0],[0,1],[2,-1]],[[25293,80408],[-2,0],[0,1],[2,-1]],[[25437,80525],[-2,0],[0,1],[2,-1]],[[25249,81588],[-1,2],[2,0],[-1,-2]],[[25252,81589],[-1,0],[0,1],[1,-1]],[[27235,84488],[-30,7],[26,18],[4,-25]],[[25992,84473],[-14,-15],[-1,11],[15,4]],[[28098,84451],[11,-7],[-18,1],[7,6]],[[26879,84469],[-13,17],[13,-16],[0,-1]],[[27018,84415],[17,28],[-15,-32],[-2,4]],[[26174,84421],[-12,-8],[6,13],[6,-5]],[[26831,84433],[-8,-7],[4,12],[4,-5]],[[26594,84436],[3,-11],[-3,0],[0,11]],[[26001,84409],[-3,-7],[-1,10],[4,-3]],[[25976,84476],[-9,7],[0,2],[9,-9]],[[27148,84411],[-7,-1],[9,8],[-2,-7]],[[26681,84405],[-6,-4],[-1,9],[7,-5]],[[26828,84475],[-6,-2],[0,1],[6,1]],[[26892,84482],[-5,7],[4,-2],[1,-5]],[[26665,84486],[-4,4],[5,5],[-1,-9]],[[26449,84441],[-5,4],[8,-3],[-3,-1]],[[26438,84405],[-4,1],[1,1],[3,-2]],[[27040,84434],[-5,-4],[4,5],[1,-1]],[[26957,84503],[-2,-3],[-1,3],[3,0]],[[26369,84514],[-3,-4],[2,5],[1,-1]],[[26922,84485],[-5,1],[0,2],[5,-3]],[[25992,84403],[-3,-2],[0,1],[3,1]],[[26189,84411],[-3,2],[1,1],[2,-3]],[[26403,84490],[-2,-3],[0,4],[2,-1]],[[27097,84421],[-4,1],[1,3],[3,-4]],[[27349,84421],[-1,0],[1,1],[0,-1]],[[28358,84446],[-3,0],[1,1],[2,-1]],[[28326,84462],[-2,-1],[1,1],[1,0]],[[27199,84463],[-2,-1],[1,2],[1,-1]],[[28353,84461],[-2,-1],[0,2],[2,-1]],[[28249,84434],[-3,0],[1,1],[2,-1]],[[25969,84450],[-2,-1],[1,2],[1,-1]],[[28396,84504],[-2,-1],[1,2],[1,-1]],[[28215,84474],[-2,1],[2,0],[0,-1]],[[25065,81956],[14,52],[-51,-113],[-47,2],[33,52],[6,64],[-48,26],[68,-7],[-3,108],[57,-37],[-40,75],[36,-17],[44,29],[-88,33],[102,35],[0,45],[21,1],[14,42],[29,13],[-29,-29],[-4,-171],[73,6],[-21,-88],[21,-11],[33,14],[42,-150],[65,-18],[-281,-140],[-2,37],[-28,4],[6,22],[59,-19],[-4,58],[110,90],[2,37],[-81,-58],[-18,80],[-39,5],[-10,-58],[23,3],[3,-19],[-67,2]],[[24868,82221],[-130,-85],[-5,77],[36,-37],[162,170],[0,-140],[35,7],[9,-29],[-63,-49],[-44,86]],[[24525,82241],[57,-75],[-107,-21],[50,96]],[[24739,82025],[40,-111],[-73,67],[33,44]],[[24635,82046],[26,46],[42,34],[17,37],[12,-57],[-97,-60]],[[25309,82224],[9,75],[41,-47],[-50,-28]],[[25286,81787],[-23,10],[55,22],[-32,-32]],[[25092,82445],[-39,9],[24,20],[15,-29]],[[24832,82346],[-24,65],[32,-2],[-8,-63]],[[25034,81799],[8,14],[26,-21],[-34,7]],[[25012,82133],[-5,38],[27,-29],[-22,-9]],[[25157,82392],[-23,2],[21,16],[2,-18]],[[25383,82579],[-16,-8],[2,29],[14,-21]],[[25224,82290],[-25,26],[5,13],[20,-39]],[[24731,82021],[-13,13],[20,5],[-7,-18]],[[24833,82070],[-9,21],[19,-13],[-10,-8]],[[25351,81999],[-15,-2],[2,9],[13,-7]],[[25103,82368],[-10,17],[9,2],[1,-19]],[[25104,82395],[-15,6],[15,8],[0,-14]],[[24891,82365],[-2,16],[16,4],[-14,-20]],[[24863,82328],[-18,2],[19,3],[-1,-5]],[[24679,82124],[-12,6],[11,-2],[1,-4]],[[25236,82308],[0,19],[11,3],[-11,-22]],[[24734,82298],[-14,-2],[14,8],[0,-6]],[[24960,81999],[9,8],[-5,-10],[-4,2]],[[25056,82255],[-5,-13],[-10,1],[15,12]],[[24509,82130],[-7,13],[11,-7],[-4,-6]],[[24604,82230],[5,21],[3,1],[-8,-22]],[[25432,82277],[-15,-2],[1,4],[14,-2]],[[25433,82629],[6,-18],[-13,11],[7,7]],[[24982,81926],[-9,4],[11,5],[-2,-9]],[[25323,82140],[-6,5],[7,4],[-1,-9]],[[24993,81947],[-9,-1],[6,7],[3,-6]],[[25032,82404],[-11,-2],[-6,-1],[17,3]],[[25396,82573],[-11,2],[3,11],[8,-13]],[[25222,82344],[-9,3],[10,0],[-1,-3]],[[24979,82147],[-4,-7],[-2,6],[6,1]],[[25296,82982],[-9,-4],[4,10],[5,-6]],[[24963,81947],[-6,-3],[5,4],[1,-1]],[[25049,82402],[-4,7],[4,-1],[0,-6]],[[25418,82629],[-4,3],[4,8],[0,-11]],[[25113,82411],[-4,-9],[3,10],[1,-1]],[[25005,82172],[-10,-1],[10,2],[0,-1]],[[25324,81838],[-8,2],[7,2],[1,-4]],[[24995,81933],[-5,-3],[4,6],[1,-3]],[[24756,82043],[-4,7],[10,-3],[-6,-4]],[[24881,82336],[-7,3],[8,-1],[-1,-2]],[[25143,81986],[2,-10],[-1,1],[-1,9]],[[24801,82394],[-4,5],[3,3],[1,-8]],[[25369,81942],[-4,-6],[3,6],[1,0]],[[24700,82146],[-5,6],[1,2],[4,-8]],[[25258,82077],[-6,1],[6,3],[0,-4]],[[25009,82073],[-8,-1],[1,8],[7,-7]],[[25378,81864],[-4,1],[3,4],[1,-5]],[[25365,81831],[-6,0],[5,2],[1,-2]],[[25227,82217],[-4,0],[3,6],[1,-6]],[[25405,82582],[-7,1],[6,2],[1,-3]],[[24734,82060],[-3,5],[1,1],[2,-6]],[[24844,82085],[5,1],[-4,-4],[-1,3]],[[25394,82592],[1,-7],[-4,5],[3,2]],[[24896,82337],[-3,4],[3,2],[0,-6]],[[25279,83008],[-4,0],[1,7],[3,-7]],[[24979,82401],[-5,0],[4,2],[1,-2]],[[25424,82621],[-6,-2],[1,6],[5,-4]],[[25424,81842],[-4,1],[5,4],[-1,-5]],[[25309,83006],[-4,2],[1,2],[3,-4]],[[24927,82125],[-4,-4],[1,5],[3,-1]],[[24610,82225],[-3,2],[2,3],[1,-5]],[[25162,81904],[-4,1],[4,4],[0,-5]],[[24926,81995],[-4,-1],[1,3],[3,-2]],[[24881,82175],[-5,1],[5,0],[0,-1]],[[25359,81833],[-4,2],[3,2],[1,-4]],[[25285,82316],[-3,0],[3,2],[0,-2]],[[25253,82330],[-3,1],[1,2],[2,-3]],[[25362,81872],[-4,1],[5,2],[-1,-3]],[[24768,82040],[-7,-1],[7,3],[0,-2]],[[24973,82138],[-3,-2],[2,3],[1,-1]],[[24829,82101],[-4,-1],[4,3],[0,-2]],[[24785,81906],[-3,1],[1,3],[2,-4]],[[24780,82113],[-3,2],[2,1],[1,-3]],[[25387,81823],[-2,5],[1,2],[1,-7]],[[25423,81816],[-3,-1],[1,3],[2,-2]],[[25001,82085],[-3,2],[2,1],[1,-3]],[[25109,81793],[-3,-2],[1,2],[2,0]],[[25117,82380],[-2,-3],[0,4],[2,-1]],[[25110,81873],[-3,3],[1,1],[2,-4]],[[25337,82026],[-3,3],[3,0],[0,-3]],[[24836,82123],[-2,-4],[0,5],[2,-1]],[[24954,82214],[-2,-1],[2,4],[0,-3]],[[25142,82410],[0,3],[2,1],[-2,-4]],[[24847,82160],[-2,2],[2,-1],[0,-1]],[[24961,82239],[-2,0],[0,3],[2,-3]],[[25370,81847],[-4,-1],[4,2],[0,-1]],[[25282,82984],[-2,-1],[1,1],[1,0]],[[25383,81934],[-2,-1],[1,3],[1,-2]],[[25146,81989],[-2,1],[2,0],[0,-1]],[[25124,81983],[0,3],[1,-1],[-1,-2]],[[25339,81797],[-2,-3],[1,4],[1,-1]],[[25257,82271],[-2,0],[1,1],[1,-1]],[[24885,82395],[-3,-1],[1,2],[2,-1]],[[25040,82214],[-2,-1],[1,3],[1,-2]],[[25369,81855],[-3,-2],[3,3],[0,-1]],[[24902,82327],[-3,1],[1,1],[2,-2]],[[24782,81962],[-3,0],[1,1],[2,-1]],[[24837,82110],[-2,1],[1,1],[1,-2]],[[25006,82136],[-2,-1],[1,2],[1,-1]],[[25125,81951],[-3,1],[1,1],[2,-2]],[[24954,82235],[-1,-1],[0,2],[1,-1]],[[25146,82420],[-2,1],[0,1],[2,-2]],[[25250,81990],[0,0]],[[24868,82335],[-1,-1],[0,2],[1,-1]],[[25359,81878],[-2,0],[0,1],[2,-1]],[[24951,82235],[-1,-1],[1,2],[0,-1]],[[25131,82277],[-2,-2],[1,2],[1,0]],[[24835,82114],[-2,0],[1,2],[1,-2]],[[24822,82104],[-1,-1],[0,1],[1,0]],[[24845,82093],[-1,0],[0,1],[1,-1]],[[24833,82112],[-2,0],[1,1],[1,-1]],[[24821,82101],[-1,0],[0,1],[1,-1]],[[24896,82331],[-1,0],[1,2],[0,-2]],[[25196,82192],[-1,-1],[0,2],[1,-1]],[[24835,82109],[-1,0],[0,1],[1,-1]],[[25280,83024],[-2,0],[1,1],[1,-1]],[[25209,82236],[-2,0],[1,1],[1,-1]],[[25312,83009],[-1,-1],[0,2],[1,-1]],[[24826,82114],[0,0]],[[24824,82109],[0,0]],[[29526,86274],[-109,-47],[-20,111],[202,-80],[50,19],[-26,-69],[-30,44],[-77,-15],[10,37]],[[28325,85143],[82,-133],[-54,-73],[-61,48],[7,45],[-26,23],[52,90]],[[27694,84580],[25,142],[-15,37],[57,10],[-21,-51],[35,-89],[-81,-49]],[[27288,84720],[0,-55],[31,-24],[-14,-54],[46,-57],[-77,26],[14,164]],[[28197,84985],[44,-32],[-63,-119],[-38,39],[57,112]],[[29148,85926],[-40,101],[72,-37],[-32,-64]],[[27165,84479],[-62,89],[113,-54],[-51,-35]],[[28291,85254],[54,53],[54,-23],[-108,-30]],[[28657,86062],[16,79],[43,27],[11,-25],[-70,-81]],[[26140,84465],[-51,31],[30,62],[21,-93]],[[28974,86165],[27,-42],[-46,-74],[-2,44],[21,72]],[[28268,84905],[3,-71],[-28,2],[25,69]],[[26092,84751],[-40,46],[31,53],[26,-34],[-17,-65]],[[26129,84669],[-49,26],[27,28],[22,-54]],[[27535,86099],[-46,33],[16,26],[30,-59]],[[26786,85108],[-11,71],[37,-26],[-26,-45]],[[29679,86317],[-43,42],[23,25],[20,-67]],[[28990,86202],[-28,32],[20,11],[8,-43]],[[26721,84730],[-45,28],[52,2],[-7,-30]],[[26598,85048],[13,70],[10,12],[13,-51],[-36,-31]],[[28996,86285],[-39,15],[8,45],[31,-60]],[[29559,85323],[-2,66],[28,-77],[-26,11]],[[26716,84617],[-3,-19],[-36,-4],[1,22],[38,1]],[[28294,84663],[-15,36],[37,-7],[-22,-29]],[[27742,85427],[-37,3],[16,23],[21,-26]],[[27665,85622],[-22,-68],[-4,93],[26,-25]],[[28293,85029],[-25,-46],[-14,-1],[0,28],[39,19]],[[27259,84701],[-28,30],[40,6],[-12,-36]],[[27409,84922],[-28,-3],[9,32],[19,-29]],[[28920,86114],[-22,53],[47,-41],[-25,-12]],[[27589,84890],[26,-18],[-17,-17],[-9,35]],[[27589,85476],[30,-5],[-1,-25],[-29,30]],[[28833,85529],[-29,-5],[16,12],[13,-7]],[[29575,85309],[-37,31],[12,28],[-2,-37],[27,-22]],[[27860,85494],[-15,-11],[-16,27],[31,-16]],[[29621,86122],[-27,2],[12,20],[15,-22]],[[26668,84737],[-16,23],[2,3],[14,-26]],[[26587,84610],[-24,2],[13,14],[11,-16]],[[28947,85476],[-10,21],[11,-2],[-1,-19]],[[27030,84968],[-15,24],[11,1],[4,-25]],[[27355,85650],[-21,12],[18,6],[3,-18]],[[28628,86693],[3,-40],[-11,32],[8,8]],[[26833,85195],[-15,1],[1,7],[14,-8]],[[27811,85496],[-15,4],[22,22],[-7,-26]],[[27701,84941],[-27,-4],[1,18],[26,-14]],[[26818,85100],[18,-8],[-24,-13],[6,21]],[[28129,85006],[22,22],[12,-21],[-34,-1]],[[26658,84692],[-17,-6],[11,20],[6,-14]],[[27569,85433],[23,32],[-5,-22],[-18,-10]],[[26148,84566],[-6,22],[13,-1],[-7,-21]],[[27802,85035],[2,-13],[-16,-1],[14,14]],[[26886,84517],[-14,2],[16,15],[-2,-17]],[[26685,84581],[9,-19],[2,-13],[-11,32]],[[29580,85376],[-16,6],[5,8],[11,-14]],[[27939,85188],[-10,33],[3,3],[7,-36]],[[29472,85949],[17,23],[5,-4],[-22,-19]],[[27216,84542],[-8,25],[11,-23],[-3,-2]],[[27938,85294],[-16,-2],[9,13],[7,-11]],[[27072,84774],[-14,2],[17,10],[-3,-12]],[[29595,86295],[-6,16],[9,-3],[-3,-13]],[[28316,84959],[-13,2],[1,4],[12,-6]],[[27022,84903],[-14,-2],[14,9],[0,-7]],[[27806,85348],[-10,7],[4,3],[6,-10]],[[28405,85374],[0,-17],[-4,13],[4,4]],[[29280,86062],[7,27],[7,1],[-14,-28]],[[27573,85409],[-11,1],[6,12],[5,-13]],[[28313,86027],[-13,-6],[8,13],[5,-7]],[[26811,85218],[-3,-20],[0,23],[3,-3]],[[26112,84591],[-6,8],[1,4],[5,-12]],[[27744,85687],[-13,13],[20,-9],[-7,-4]],[[27450,85602],[1,-20],[-7,1],[6,19]],[[27873,85304],[-12,-10],[10,15],[2,-5]],[[26881,84785],[-1,-5],[-11,2],[12,3]],[[26966,84994],[-2,-15],[-6,9],[8,6]],[[27041,84834],[-11,9],[3,6],[8,-15]],[[27568,85514],[-6,-10],[0,15],[6,-5]],[[26076,84525],[-6,-5],[2,12],[4,-7]],[[27213,84943],[-9,8],[11,-3],[-2,-5]],[[30020,86626],[-1,18],[3,5],[-2,-23]],[[27701,84671],[0,-13],[-3,10],[3,3]],[[26721,84552],[-7,12],[1,8],[6,-20]],[[27530,85311],[-5,14],[9,-12],[-4,-2]],[[29083,86658],[-3,4],[15,9],[-12,-13]],[[29514,85535],[-13,-2],[13,4],[0,-2]],[[27716,85690],[-8,6],[4,2],[4,-8]],[[27276,84787],[-2,7],[7,-10],[-5,3]],[[26670,84543],[-3,11],[4,4],[-1,-15]],[[26103,84607],[-8,9],[0,7],[8,-16]],[[27823,84617],[-8,6],[5,5],[3,-11]],[[27655,85511],[-2,13],[1,4],[1,-17]],[[27715,85021],[3,12],[1,-9],[-4,-3]],[[27066,84927],[-8,-1],[6,4],[2,-3]],[[26575,84591],[-4,3],[8,4],[-4,-7]],[[27639,84627],[-5,6],[5,2],[0,-8]],[[27961,85155],[-6,-6],[5,10],[1,-4]],[[27762,85647],[-5,1],[5,7],[0,-8]],[[27018,84743],[-7,-4],[2,7],[5,-3]],[[26050,84794],[-5,-1],[4,2],[1,-1]],[[29535,85921],[2,-9],[-5,6],[3,3]],[[29585,86243],[5,-2],[-5,-1],[0,3]],[[27045,84909],[-3,5],[2,4],[1,-9]],[[29599,85322],[-4,-5],[3,10],[1,-5]],[[29963,86580],[-1,6],[9,5],[-8,-11]],[[27763,85677],[-6,-3],[2,6],[4,-3]],[[28183,85021],[-3,-1],[1,3],[2,-2]],[[26747,84732],[-6,2],[4,1],[2,-3]],[[27613,84854],[-6,-2],[6,4],[0,-2]],[[26679,84561],[-5,3],[1,5],[4,-8]],[[29574,86225],[3,8],[0,-11],[-3,3]],[[27416,84994],[-6,-3],[3,5],[3,-2]],[[29582,86229],[-3,6],[5,1],[-2,-7]],[[26997,84803],[-5,-5],[3,7],[2,-2]],[[28421,84944],[1,9],[4,1],[-5,-10]],[[27471,85276],[-6,1],[5,2],[1,-3]],[[27600,85460],[-3,-1],[2,4],[1,-3]],[[28626,85427],[-4,4],[5,2],[-1,-6]],[[27553,85765],[-5,0],[4,2],[1,-2]],[[30468,86634],[-3,6],[4,-1],[-1,-5]],[[26618,84651],[-6,-2],[4,4],[2,-2]],[[26820,85108],[-5,-2],[5,4],[0,-2]],[[28537,86249],[-6,-4],[1,7],[5,-3]],[[26809,85100],[-4,1],[4,3],[0,-4]],[[27711,85154],[-4,3],[4,-1],[0,-2]],[[26819,85179],[-3,1],[1,3],[2,-4]],[[27055,84794],[-3,-4],[-1,2],[4,2]],[[28561,85290],[-4,0],[5,4],[-1,-4]],[[26838,85263],[-5,-4],[1,4],[4,0]],[[27528,85371],[-4,-2],[0,1],[4,1]],[[30514,86510],[1,-6],[-4,2],[3,4]],[[27169,84739],[-1,6],[3,-3],[-2,-3]],[[26423,84565],[-2,-3],[0,8],[2,-5]],[[26762,84712],[-4,-3],[4,5],[0,-2]],[[26467,84621],[-5,1],[1,3],[4,-4]],[[27608,85155],[-1,-6],[-2,4],[3,2]],[[28036,85775],[-5,2],[5,2],[0,-4]],[[27708,84703],[-6,1],[1,3],[5,-4]],[[26556,84594],[-4,2],[5,4],[-1,-6]],[[26209,84691],[-3,1],[4,2],[-1,-3]],[[27707,85050],[-4,0],[3,4],[1,-4]],[[29485,85917],[2,5],[0,-6],[-2,1]],[[27592,85130],[-6,-3],[5,4],[1,-1]],[[27394,85547],[-3,2],[2,1],[1,-3]],[[27519,85366],[-4,-1],[2,6],[2,-5]],[[29533,85336],[-3,-3],[2,5],[1,-2]],[[27563,84818],[-3,3],[4,2],[-1,-5]],[[27578,84805],[-3,1],[3,2],[0,-3]],[[27665,84537],[-3,0],[2,4],[1,-4]],[[27639,85543],[1,6],[2,-1],[-3,-5]],[[27615,84919],[-5,-1],[4,2],[1,-1]],[[28262,84828],[-3,3],[2,1],[1,-4]],[[26659,84771],[-3,3],[3,-2],[0,-1]],[[27198,84568],[-3,1],[3,2],[0,-3]],[[27019,84809],[-4,1],[1,4],[3,-5]],[[26824,84992],[-4,-1],[1,3],[3,-2]],[[28373,85346],[-3,3],[4,1],[-1,-4]],[[27698,84742],[-3,-1],[1,6],[2,-5]],[[26552,84636],[-2,-6],[1,6],[1,0]],[[27250,84742],[-3,-2],[1,3],[2,-1]],[[28355,84657],[-4,-2],[3,4],[1,-2]],[[26964,84998],[-3,-2],[3,6],[0,-4]],[[27250,84697],[-5,0],[4,2],[1,-2]],[[26831,84818],[-3,-2],[1,2],[2,0]],[[28794,85446],[-3,3],[4,-1],[-1,-2]],[[27012,84580],[-3,3],[3,0],[0,-3]],[[27623,84843],[-4,0],[4,4],[0,-4]],[[28547,85337],[2,-1],[1,-3],[-3,4]],[[29540,85324],[-3,0],[1,2],[2,-2]],[[27568,85388],[-3,-1],[2,3],[1,-2]],[[28990,86244],[1,4],[1,-3],[-2,-1]],[[26460,84629],[-2,-4],[-1,2],[3,2]],[[27686,85677],[-3,-1],[1,3],[2,-2]],[[28353,85923],[0,-3],[-3,2],[3,1]],[[26551,84597],[-3,-1],[2,2],[1,-1]],[[27765,84729],[0,0]],[[26607,84631],[-3,0],[3,1],[0,-1]],[[27297,84664],[-5,0],[6,1],[-1,-1]],[[27518,85262],[-2,1],[2,2],[0,-3]],[[26804,85105],[-3,0],[2,1],[1,-1]],[[27622,84867],[-1,-3],[-2,1],[3,2]],[[26964,85007],[-2,-2],[1,5],[1,-3]],[[27206,84725],[-4,-1],[4,2],[0,-1]],[[27609,85438],[-2,1],[1,1],[1,-2]],[[27038,84871],[-2,0],[1,2],[1,-2]],[[29509,86253],[-1,4],[2,-2],[-1,-2]],[[26160,84589],[-3,-2],[2,2],[1,0]],[[27698,84673],[-3,1],[0,1],[3,-2]],[[26594,84612],[-2,2],[3,1],[-1,-3]],[[27659,85638],[-3,-1],[2,2],[1,-1]],[[27412,84929],[-2,-1],[0,3],[2,-2]],[[26557,84583],[-2,0],[1,2],[1,-2]],[[27777,85019],[-2,-2],[-2,1],[4,1]],[[26557,84620],[-3,0],[1,1],[2,-1]],[[26558,84581],[0,3],[3,0],[-3,-3]],[[27457,85281],[-3,0],[3,1],[0,-1]],[[26697,84825],[-4,-2],[0,1],[4,1]],[[26613,84625],[0,2],[2,-1],[-2,-1]],[[28950,86045],[-2,2],[2,0],[0,-2]],[[29682,86334],[-2,1],[2,1],[0,-2]],[[27625,84743],[-2,-1],[0,2],[2,-1]],[[28512,85270],[-3,0],[3,2],[0,-2]],[[26582,84563],[-3,-3],[2,4],[1,-1]],[[26545,84622],[-2,1],[0,2],[2,-3]],[[26543,84605],[-2,1],[1,1],[1,-2]],[[26654,84766],[-2,2],[2,1],[0,-3]],[[26825,84623],[-3,1],[0,2],[3,-3]],[[26068,84550],[-3,-2],[2,2],[1,0]],[[27579,84799],[-2,0],[1,1],[1,-1]],[[26427,84581],[-2,0],[2,2],[0,-2]],[[27611,84848],[0,-2],[-2,1],[2,1]],[[29383,86086],[-2,0],[1,1],[1,-1]],[[28976,86249],[-1,2],[2,0],[-1,-2]],[[28952,86049],[-1,3],[2,-1],[-1,-2]],[[27741,85041],[-3,0],[2,2],[1,-2]],[[28569,85299],[-2,1],[2,2],[0,-3]],[[26464,84602],[-2,0],[1,1],[1,-1]],[[26547,84628],[-2,1],[2,1],[0,-2]],[[29597,86299],[2,-1],[-2,0],[0,1]],[[26475,84608],[-2,1],[1,1],[1,-2]],[[26472,84614],[-2,2],[1,1],[1,-3]],[[29382,86090],[-2,2],[1,1],[1,-3]],[[27207,84776],[-2,0],[1,3],[1,-3]],[[26424,84572],[-2,2],[1,1],[1,-3]],[[26428,84574],[-1,1],[1,2],[0,-3]],[[27242,84638],[-2,0],[2,1],[0,-1]],[[26477,84606],[-1,-2],[-1,1],[2,1]],[[26069,84535],[-1,2],[0,1],[1,-3]],[[27694,84662],[-2,0],[2,1],[0,-1]],[[28441,84927],[-2,0],[2,2],[0,-2]],[[28625,85423],[-2,0],[2,1],[0,-1]],[[27927,85398],[-2,1],[1,1],[1,-2]],[[28965,86166],[-1,2],[1,0],[0,-2]],[[29574,86293],[-2,3],[1,0],[1,-3]],[[28795,85453],[-1,-2],[0,1],[1,1]],[[28802,85449],[-1,-1],[0,1],[1,0]],[[28799,85447],[-2,-1],[0,1],[2,0]],[[30559,86504],[-1,-1],[1,2],[0,-1]],[[28798,85450],[0,0]],[[26469,84063],[-34,79],[-94,7],[18,19],[-11,212],[120,-57],[-4,133],[-71,50],[94,90],[11,91],[32,-127],[78,-34],[-77,-185],[73,-138],[-102,-36],[-42,-47],[9,-57]],[[26524,82923],[116,-59],[-94,-153],[-93,236],[48,61],[23,-85]],[[25947,83006],[22,118],[-85,-70],[-11,53],[27,78],[67,-31],[22,63],[-28,75],[62,-124],[-34,-122],[61,6],[2,-73],[-43,-53],[-62,80]],[[25725,82380],[106,-53],[-99,-144],[-45,54],[38,143]],[[26189,82133],[-7,-133],[-52,-18],[-5,56],[64,95]],[[26679,84159],[38,-53],[1,-15],[-4,6],[-4,-7],[0,7],[-10,-12],[-4,8],[-19,-22],[0,10],[-26,48],[-17,-74],[-52,18],[97,86]],[[26063,82829],[-5,45],[-11,1],[43,76],[16,-65],[-69,-103],[26,46]],[[26684,83089],[-20,23],[16,48],[9,-28],[-11,-16],[6,-27]],[[26097,82050],[-57,0],[66,26],[-9,-26]],[[26034,82858],[0,24],[-16,21],[33,46],[-17,-91]],[[26740,84305],[-2,-40],[-18,-6],[-5,11],[-9,-5],[-15,19],[23,45],[26,-24]],[[26676,82843],[-37,-61],[-6,8],[43,53]],[[25797,82159],[40,90],[5,-79],[-45,-11]],[[26567,83162],[9,78],[15,-35],[-24,-43]],[[25723,82442],[-52,-7],[36,44],[16,-37]],[[25567,83247],[27,90],[-19,-101],[-8,11]],[[25648,83016],[37,14],[-33,-64],[-4,50]],[[27142,82660],[33,11],[6,-35],[-39,24]],[[26209,83698],[-32,5],[19,43],[13,-48]],[[25837,83036],[-12,-58],[-22,19],[34,39]],[[25617,83189],[-4,51],[13,-41],[-9,-10]],[[27079,84345],[-26,21],[27,-1],[-1,-20]],[[26922,82981],[-12,45],[24,12],[-12,-57]],[[26915,82819],[4,41],[15,-20],[-19,-21]],[[26522,83474],[27,-23],[-5,-23],[-22,46]],[[27089,84377],[-9,46],[16,-24],[-7,-22]],[[26246,82133],[-12,41],[18,3],[-6,-44]],[[25812,82058],[8,36],[15,-22],[-23,-14]],[[25466,83241],[-7,-29],[-3,37],[10,-8]],[[26174,82456],[-22,20],[15,8],[7,-28]],[[27077,84283],[21,-2],[-17,-7],[-4,9]],[[26455,83748],[-23,19],[5,26],[18,-45]],[[26522,83229],[-13,49],[10,4],[3,-53]],[[26869,82795],[-14,-17],[1,31],[13,-14]],[[26429,83772],[-21,-2],[13,28],[8,-26]],[[25645,83237],[19,-23],[-10,-12],[-9,35]],[[25900,83196],[-27,40],[10,5],[21,-26],[-4,-19]],[[26175,82126],[-3,25],[12,-7],[-9,-18]],[[26460,84040],[-36,-13],[-3,8],[39,5]],[[26082,82531],[-18,-16],[14,19],[4,-3]],[[25924,82300],[-24,-6],[20,20],[4,-14]],[[26167,81808],[-19,5],[23,12],[-4,-17]],[[26459,83641],[-15,1],[12,18],[3,-19]],[[25850,83246],[8,18],[1,-30],[-9,12]],[[25982,83370],[-14,5],[6,15],[8,-20]],[[26804,84087],[-22,-6],[7,16],[15,-10]],[[25764,83137],[-8,19],[13,0],[-5,-19]],[[26954,82693],[-14,20],[31,-22],[-17,2]],[[26098,82536],[-12,3],[8,11],[4,-14]],[[27037,84398],[-20,2],[13,11],[7,-13]],[[26848,84345],[-12,22],[19,-9],[-7,-13]],[[27126,82679],[-35,2],[24,7],[11,-9]],[[25939,83328],[-17,6],[4,8],[13,-14]],[[28155,84089],[-5,23],[8,-26],[-3,3]],[[26741,84088],[-14,11],[11,5],[3,-16]],[[25484,83264],[-10,-6],[2,7],[8,-1]],[[26635,83348],[-10,-19],[5,22],[5,-3]],[[26520,83182],[10,0],[-2,-13],[-8,13]],[[25848,82262],[4,-19],[-6,12],[2,7]],[[26803,82866],[-13,0],[-1,18],[14,-18]],[[25712,83027],[-13,5],[7,9],[6,-14]],[[25812,83033],[-5,7],[-8,21],[13,-28]],[[27557,84146],[7,37],[2,3],[-9,-40]],[[25741,82482],[-8,4],[5,5],[3,-9]],[[26501,84088],[-13,-1],[6,11],[7,-10]],[[27563,84206],[-9,10],[11,4],[-2,-14]],[[27071,82665],[-10,9],[13,-5],[-3,-4]],[[26215,83627],[-9,3],[8,3],[1,-6]],[[25900,83380],[-15,-6],[2,9],[13,-3]],[[25974,82384],[-9,8],[10,-2],[-1,-6]],[[27088,84334],[-9,6],[13,13],[-4,-19]],[[26349,84132],[-10,-17],[-1,20],[11,-3]],[[26592,84023],[-11,5],[4,10],[7,-15]],[[26752,84358],[-11,-12],[5,17],[6,-5]],[[25599,82960],[-11,8],[16,7],[-5,-15]],[[25681,83043],[-9,7],[17,12],[-8,-19]],[[26524,83527],[-6,20],[8,2],[-2,-22]],[[26378,83051],[-14,3],[14,2],[0,-5]],[[26579,83496],[3,18],[4,-1],[-7,-17]],[[26991,84357],[7,-10],[-10,1],[3,9]],[[26233,82579],[-1,11],[5,-2],[-4,-9]],[[26431,84049],[-10,-2],[4,7],[6,-5]],[[26559,83993],[-19,1],[18,8],[1,-9]],[[26671,84190],[-15,4],[14,2],[1,-6]],[[27110,84264],[-10,-8],[6,9],[4,-1]],[[26191,83163],[-9,-4],[3,11],[6,-7]],[[26299,84258],[2,-23],[-2,-9],[0,32]],[[27107,82661],[-15,5],[16,-2],[-1,-3]],[[25787,83003],[-10,6],[1,2],[9,-8]],[[26010,82858],[-7,-6],[-1,12],[8,-6]],[[25771,82415],[-9,7],[8,0],[1,-7]],[[27064,84241],[-6,-2],[6,12],[0,-10]],[[26096,83897],[-14,8],[0,2],[14,-10]],[[26606,83309],[-9,2],[10,0],[-1,-2]],[[26712,82820],[-10,4],[3,7],[7,-11]],[[26826,84327],[-6,-3],[1,10],[5,-7]],[[26341,84139],[-5,10],[7,-6],[-2,-4]],[[26685,84214],[-8,-5],[0,6],[8,-1]],[[26701,82816],[-8,4],[8,3],[0,-7]],[[25898,83360],[3,-6],[-9,-9],[6,15]],[[26449,83313],[-4,-6],[-4,13],[8,-7]],[[26634,84275],[-10,5],[-1,5],[11,-10]],[[26689,83384],[-10,4],[10,0],[0,-4]],[[26460,83721],[-6,-1],[2,8],[4,-7]],[[25990,84394],[-6,-1],[5,4],[1,-3]],[[26587,83113],[-5,8],[9,3],[-4,-11]],[[26512,83531],[-9,1],[7,5],[2,-6]],[[26491,83181],[-3,7],[6,1],[-3,-8]],[[26346,84237],[-7,2],[3,3],[4,-5]],[[26758,82973],[-5,16],[8,-17],[-3,1]],[[26751,82994],[3,7],[0,-11],[-3,4]],[[27052,84316],[-2,-8],[-2,11],[4,-3]],[[25739,82408],[0,7],[5,-1],[-5,-6]],[[25599,82082],[-7,-1],[6,9],[1,-8]],[[26577,83977],[1,15],[1,-18],[-2,3]],[[26612,83233],[3,7],[3,-6],[-6,-1]],[[26632,84133],[-3,-5],[0,11],[3,-6]],[[26353,83106],[-5,-1],[3,6],[2,-5]],[[26779,82912],[-5,1],[0,3],[5,-4]],[[26267,81818],[-1,-6],[-5,8],[6,-2]],[[26597,83443],[-5,-3],[0,6],[5,-3]],[[26562,83959],[-6,4],[5,2],[1,-6]],[[25945,82765],[-8,6],[1,3],[7,-9]],[[26536,83577],[-7,5],[1,4],[6,-9]],[[26519,83666],[-4,1],[2,3],[2,-4]],[[26284,84101],[-4,1],[2,5],[2,-6]],[[25536,82848],[-4,3],[3,5],[1,-8]],[[26693,82981],[-6,1],[6,1],[0,-2]],[[26539,83180],[-4,3],[5,0],[-1,-3]],[[26738,83095],[-1,7],[4,-3],[-3,-4]],[[26599,84196],[-5,-1],[2,5],[3,-4]],[[25942,83297],[-6,-4],[5,6],[1,-2]],[[26506,81577],[-6,-1],[0,6],[6,-5]],[[26509,84144],[-7,3],[4,3],[3,-6]],[[26537,83571],[-3,-10],[2,13],[1,-3]],[[26697,84071],[-6,1],[5,1],[1,-2]],[[26134,82112],[-5,-3],[-1,4],[6,-1]],[[27039,84334],[-5,1],[4,5],[1,-6]],[[26644,83070],[-8,-3],[3,4],[5,-1]],[[25767,83034],[-4,-3],[0,8],[4,-5]],[[26942,84297],[-6,0],[4,6],[2,-6]],[[26880,82843],[-7,1],[1,2],[6,-3]],[[25993,83324],[-5,6],[1,8],[4,-14]],[[26433,81669],[-5,-4],[-1,3],[6,1]],[[26533,83559],[-6,4],[5,2],[1,-6]],[[26733,83106],[6,-2],[-3,-1],[-3,3]],[[26467,83300],[-7,0],[5,3],[2,-3]],[[26016,82894],[-5,-3],[4,8],[1,-5]],[[26473,81600],[-4,-3],[0,3],[4,0]],[[26028,82005],[-4,3],[4,3],[0,-6]],[[26005,83311],[-8,4],[0,5],[8,-9]],[[25864,82267],[-4,-5],[-2,6],[6,-1]],[[26434,82105],[-7,0],[9,4],[-2,-4]],[[25608,83100],[-5,-2],[-3,3],[8,-1]],[[27057,84300],[-2,8],[1,1],[1,-9]],[[25848,82163],[-7,-2],[6,3],[1,-1]],[[25743,82166],[-1,-6],[-1,7],[2,-1]],[[26899,82718],[-2,-5],[-2,2],[4,3]],[[26545,83592],[-6,3],[2,4],[4,-7]],[[26477,84100],[-4,0],[1,5],[3,-5]],[[26182,82469],[-4,1],[2,6],[2,-7]],[[26473,83693],[-4,3],[2,4],[2,-7]],[[26824,83396],[-5,-2],[2,5],[3,-3]],[[25487,82483],[-4,-1],[3,3],[1,-2]],[[26455,83730],[-3,2],[1,7],[2,-9]],[[26585,83428],[-6,0],[0,3],[6,-3]],[[26536,82957],[-4,2],[3,1],[1,-3]],[[26859,82924],[-3,2],[-1,3],[4,-5]],[[26730,82830],[-3,-2],[0,3],[3,-1]],[[26193,82149],[-6,1],[6,0],[0,-1]],[[26145,81803],[-3,2],[3,4],[0,-6]],[[26754,83073],[-5,-1],[1,3],[4,-2]],[[26181,83684],[-5,-2],[4,6],[1,-4]],[[26456,83706],[-4,4],[2,2],[2,-6]],[[26498,83680],[-3,1],[-1,4],[4,-5]],[[26603,83240],[-3,-4],[1,5],[2,-1]],[[26505,84152],[-3,3],[2,1],[1,-4]],[[27038,84390],[-4,0],[4,4],[0,-4]],[[26560,83152],[-3,-1],[1,4],[2,-3]],[[26683,83108],[-1,5],[3,0],[-2,-5]],[[26469,83703],[-4,1],[3,5],[1,-6]],[[27163,83060],[-5,1],[1,2],[4,-3]],[[26300,84302],[-2,2],[2,7],[0,-9]],[[26206,81570],[-4,-3],[2,5],[2,-2]],[[26708,83125],[-5,3],[5,3],[0,-6]],[[25863,82114],[-4,2],[0,2],[4,-4]],[[26557,83217],[-3,3],[1,2],[2,-5]],[[26413,82828],[-3,2],[3,2],[0,-4]],[[26010,83313],[-3,-2],[1,4],[2,-2]],[[25987,83340],[-4,2],[4,1],[0,-3]],[[26419,84026],[-3,0],[1,1],[2,-1]],[[26008,81930],[-5,-1],[6,3],[-1,-2]],[[25715,82188],[-2,-4],[-3,4],[5,0]],[[25761,83166],[-5,-4],[5,5],[0,-1]],[[25840,82094],[-4,-1],[2,2],[2,-1]],[[25828,82101],[-4,0],[2,3],[2,-3]],[[26666,84019],[-3,-2],[1,4],[2,-2]],[[26427,83307],[0,-3],[-3,2],[3,1]],[[26425,84100],[-3,-3],[2,7],[1,-4]],[[25490,82325],[0,-9],[-1,10],[1,-1]],[[28149,84086],[-3,1],[4,1],[-1,-2]],[[25790,82995],[-3,-8],[2,9],[1,-1]],[[25491,82502],[0,5],[3,0],[-3,-5]],[[26733,83286],[-2,-2],[-1,2],[3,0]],[[26729,83281],[-3,2],[2,2],[1,-4]],[[25555,82289],[-3,0],[0,2],[3,-2]],[[26981,84323],[-3,-2],[1,3],[2,-1]],[[26588,84299],[-2,-3],[0,4],[2,-1]],[[25894,82996],[-3,-1],[0,4],[3,-3]],[[25985,81933],[-3,1],[0,2],[3,-3]],[[26885,82833],[-3,3],[1,1],[2,-4]],[[26185,82459],[-3,-2],[1,2],[2,0]],[[26569,82717],[-4,-1],[3,4],[1,-3]],[[26573,83952],[-4,2],[1,2],[3,-4]],[[25814,83079],[-2,3],[1,1],[1,-4]],[[26530,83546],[-3,-1],[1,4],[2,-3]],[[26055,82846],[2,-2],[-1,0],[-1,2]],[[28064,84303],[0,-3],[-2,2],[2,1]],[[26671,84089],[-4,3],[0,2],[4,-5]],[[25845,82274],[-3,1],[2,2],[1,-3]],[[26223,83638],[-3,0],[1,2],[2,-2]],[[25506,80853],[-5,-3],[5,4],[0,-1]],[[26417,84013],[-2,-2],[0,3],[2,-1]],[[25780,82234],[-2,1],[2,1],[0,-2]],[[26540,83502],[-2,3],[3,0],[-1,-3]],[[25973,83213],[-2,-2],[0,6],[2,-4]],[[25645,83018],[-2,-4],[-1,2],[3,2]],[[26105,82570],[-2,0],[1,1],[1,-1]],[[26102,82555],[-5,-1],[6,3],[-1,-2]],[[28059,84160],[-3,-2],[1,4],[2,-2]],[[25494,82460],[-3,-1],[1,4],[2,-3]],[[26407,83770],[-2,-2],[-1,4],[3,-2]],[[26491,82803],[-1,-2],[-2,4],[3,-2]],[[26747,83102],[-5,2],[5,-1],[0,-1]],[[26482,82137],[-2,2],[3,-1],[-1,-1]],[[26518,83517],[-2,1],[0,2],[2,-3]],[[25666,83268],[-2,0],[1,3],[1,-3]],[[25800,82250],[2,-4],[-1,-2],[-1,6]],[[27059,84312],[-2,0],[0,2],[2,-2]],[[26083,82448],[-3,2],[0,1],[3,-3]],[[26502,81558],[-3,2],[1,1],[2,-3]],[[26147,81616],[-3,2],[1,2],[2,-4]],[[26724,83147],[0,-6],[-2,-1],[2,7]],[[26170,81515],[-3,-2],[3,3],[0,-1]],[[26004,83282],[-2,0],[1,2],[1,-2]],[[27155,84327],[-3,1],[1,3],[2,-4]],[[26213,84079],[-2,-1],[1,5],[1,-4]],[[27040,84347],[-3,-1],[2,2],[1,-1]],[[26343,84265],[-1,-3],[0,4],[1,-1]],[[26364,82249],[-3,-2],[2,3],[1,-1]],[[26207,82174],[-3,-1],[1,2],[2,-1]],[[25836,82062],[-2,2],[2,0],[0,-2]],[[26668,83323],[-2,-2],[2,3],[0,-1]],[[26449,83775],[-2,1],[0,2],[2,-3]],[[26613,83443],[-1,3],[2,0],[-1,-3]],[[26551,84328],[-3,1],[0,1],[3,-2]],[[26838,82638],[-3,0],[1,2],[2,-2]],[[26429,83791],[-3,-1],[2,2],[1,-1]],[[26413,83753],[-2,2],[1,1],[1,-3]],[[26472,83686],[-2,0],[2,1],[0,-1]],[[26625,82761],[-2,-1],[0,3],[2,-2]],[[26931,84282],[-4,-1],[0,2],[4,-1]],[[27428,84340],[-1,-2],[-1,1],[2,1]],[[26346,84087],[-2,0],[0,1],[2,-1]],[[26758,83311],[-2,2],[3,-1],[-1,-1]],[[26480,83730],[-2,0],[0,2],[2,-2]],[[26577,84392],[0,0]],[[25513,80732],[-2,-1],[0,2],[2,-1]],[[26640,83167],[-2,0],[0,2],[2,-2]],[[25889,82057],[-1,4],[2,-3],[-1,-1]],[[27047,84335],[-2,1],[1,0],[1,-1]],[[26722,84107],[-2,0],[1,1],[1,-1]],[[26624,81473],[-1,-4],[0,3],[1,1]],[[26641,83159],[0,-4],[-2,3],[2,1]],[[25567,82434],[-3,-4],[2,4],[1,0]],[[26642,83307],[-2,0],[1,1],[1,-1]],[[25898,83390],[-3,1],[2,0],[1,-1]],[[26776,84310],[-3,0],[2,1],[1,-1]],[[26335,84117],[-1,-2],[-1,3],[2,-1]],[[26420,84015],[-1,2],[2,-1],[-1,-1]],[[26700,84085],[-2,0],[0,1],[2,-1]],[[26055,81924],[-2,0],[1,3],[1,-3]],[[26264,82550],[-2,1],[2,2],[0,-3]],[[25866,82258],[-3,1],[1,1],[2,-2]],[[26741,84067],[-1,3],[1,-2],[0,-1]],[[26742,82826],[-3,1],[0,2],[3,-3]],[[26422,82129],[-3,-2],[2,3],[1,-1]],[[26985,84328],[-2,-2],[1,2],[1,0]],[[26629,81456],[-2,0],[1,2],[1,-2]],[[26506,83527],[-4,-1],[1,2],[3,-1]],[[26716,84093],[-2,0],[1,1],[1,-1]],[[26620,82719],[-3,0],[4,1],[-1,-1]],[[26523,83503],[-2,1],[2,1],[0,-2]],[[26069,82719],[0,6],[2,-4],[-2,-2]],[[26958,84308],[-1,1],[0,1],[1,-2]],[[26749,83446],[-2,0],[1,2],[1,-2]],[[26551,83227],[-2,1],[2,1],[0,-2]],[[26466,83816],[-2,0],[1,2],[1,-2]],[[26222,83264],[-2,1],[1,2],[1,-3]],[[26548,84142],[-2,0],[1,2],[1,-2]],[[26544,83479],[0,1],[2,-1],[-2,0]],[[26549,83630],[-2,3],[1,1],[1,-4]],[[26698,82985],[1,-2],[-2,0],[1,2]],[[25720,82387],[-2,-1],[1,2],[1,-1]],[[26877,82655],[-2,-1],[1,2],[1,-1]],[[25887,83354],[-2,0],[1,1],[1,-1]],[[26421,83301],[-2,-1],[2,3],[0,-2]],[[26574,84391],[-2,-1],[2,2],[0,-1]],[[25760,82192],[-2,-1],[1,2],[1,-1]],[[26512,84094],[-1,-2],[0,3],[1,-1]],[[26051,82758],[-1,2],[2,0],[-1,-2]],[[26508,83000],[-2,0],[0,1],[2,-1]],[[26253,81630],[-2,1],[2,2],[0,-3]],[[26789,83308],[-3,0],[2,1],[1,-1]],[[25802,82253],[-3,-1],[2,2],[1,-1]],[[26701,81379],[-2,-2],[0,1],[2,1]],[[26736,84260],[-2,-1],[1,2],[1,-1]],[[25867,82109],[-2,0],[1,1],[1,-1]],[[27084,84130],[-3,-2],[2,2],[1,0]],[[26597,84020],[-2,-2],[-1,1],[3,1]],[[26731,83444],[-1,-2],[1,3],[0,-1]],[[26687,84064],[-2,-1],[2,2],[0,-1]],[[25706,82329],[-2,-1],[1,2],[1,-1]],[[26627,81463],[0,0]],[[26494,82791],[-2,0],[1,2],[1,-2]],[[26452,84014],[-2,-1],[1,1],[1,0]],[[25742,82461],[-3,1],[3,0],[0,-1]],[[26169,81524],[-3,0],[1,1],[2,-1]],[[26708,81380],[-2,0],[0,1],[2,-1]],[[25742,82177],[-2,-2],[1,3],[1,-1]],[[26433,82906],[-2,-1],[1,2],[1,-1]],[[26453,81613],[-1,1],[2,1],[-1,-2]],[[26017,82884],[-2,1],[1,1],[1,-2]],[[25739,82169],[-2,0],[0,1],[2,-1]],[[26510,82782],[-1,1],[0,1],[1,-2]],[[25964,82353],[-1,-1],[0,1],[1,0]],[[26460,81611],[-1,-2],[-1,2],[2,0]],[[25948,82399],[-1,-1],[0,2],[1,-1]],[[26890,82829],[-2,-1],[0,2],[2,-1]],[[26838,82633],[-1,-1],[0,2],[1,-1]],[[25592,82976],[-2,0],[1,1],[1,-1]],[[26476,82989],[-2,0],[1,1],[1,-1]],[[25703,82326],[-1,-1],[1,2],[0,-1]],[[26878,82651],[0,0]],[[26031,82799],[0,-1],[-1,0],[1,1]],[[26454,82926],[-2,0],[1,1],[1,-1]],[[26398,82129],[-1,1],[0,1],[1,-2]],[[26657,82836],[-2,0],[1,1],[1,-1]],[[26147,81799],[-1,1],[1,0],[0,-1]],[[25980,82396],[-2,0],[1,1],[1,-1]],[[26224,82151],[-2,-2],[1,2],[1,0]],[[25547,82422],[-2,1],[1,1],[1,-2]],[[25848,82658],[-2,-1],[1,1],[1,0]],[[26423,81672],[-2,-1],[1,1],[1,0]],[[25536,82842],[-2,0],[2,1],[0,-1]],[[26450,82749],[0,0]],[[26080,82482],[0,3],[1,-1],[-1,-2]],[[26140,81806],[-1,0],[0,1],[1,-1]],[[26451,82744],[1,3],[0,-1],[-1,-2]],[[26009,81964],[0,0]],[[26200,82194],[-1,-1],[0,1],[1,0]],[[25889,82316],[-1,-1],[0,2],[1,-1]],[[26462,82919],[-1,0],[0,1],[1,-1]],[[26203,82174],[-1,0],[0,1],[1,-1]],[[26207,82197],[-2,0],[1,1],[1,-1]],[[26157,81541],[-1,0],[0,1],[1,-1]],[[33360,83763],[-85,72],[54,-20],[31,-52]],[[32317,84574],[4,128],[39,-8],[-43,-120]],[[32253,84898],[-39,-8],[13,48],[26,-40]],[[32061,85210],[-21,-3],[1,9],[20,-6]],[[34016,83862],[-9,10],[0,7],[9,-17]],[[32294,84882],[-3,4],[3,-1],[0,-3]],[[32366,84595],[0,-6],[-3,2],[3,4]],[[32506,84401],[0,-3],[-2,2],[2,1]],[[32288,84880],[-3,1],[3,0],[0,-1]],[[32013,85252],[-14,25],[22,5],[-8,-30]],[[31713,85634],[-11,13],[6,4],[5,-17]],[[31657,85688],[6,-3],[-3,-7],[-3,10]],[[31692,85645],[-1,7],[5,-4],[-4,-3]],[[31546,85796],[-5,3],[4,0],[1,-3]],[[31753,85562],[-4,5],[5,-3],[-1,-2]],[[31582,85713],[-3,1],[4,1],[-1,-2]],[[31454,85825],[-1,3],[1,-2],[0,-1]],[[31594,85762],[0,5],[1,-1],[-1,-4]],[[31591,85781],[-1,1],[0,1],[1,-2]],[[31716,85611],[-1,0],[1,2],[0,-2]],[[31594,85770],[1,-1],[-1,0],[0,1]],[[32912,82614],[-29,102],[23,235],[165,-263],[-6,-179],[-153,105]],[[33600,83371],[47,-10],[1,-86],[-30,45],[-18,51]],[[33022,82522],[23,-68],[-78,93],[55,-25]],[[32851,82531],[33,41],[-32,-73],[-1,32]],[[33587,83400],[-24,63],[27,-65],[-3,2]],[[32857,82402],[-15,0],[17,5],[-2,-5]],[[32884,83049],[-2,15],[13,-10],[-11,-5]],[[34323,83738],[-12,-4],[-9,6],[21,-2]],[[32886,82614],[-2,2],[1,0],[1,-2]],[[34330,83728],[1,-3],[-2,2],[1,1]],[[32859,82640],[-1,-1],[1,2],[0,-1]],[[33214,82123],[16,34],[15,-68],[-31,34]],[[33204,82197],[-40,55],[48,-47],[-8,-8]],[[33236,82181],[10,18],[15,-47],[-25,29]],[[33211,82259],[17,-29],[-26,34],[9,-5]],[[32865,82281],[0,18],[11,-6],[-11,-12]],[[33255,82136],[6,14],[-1,-24],[-5,10]],[[33156,82303],[0,9],[5,-11],[-5,2]],[[30045,85996],[-5,1],[4,3],[1,-4]],[[29931,85920],[-4,3],[8,-2],[-4,-1]],[[30195,86017],[6,10],[13,-21],[-1,-3],[-4,7],[-3,3],[-11,4]],[[30134,86043],[-12,11],[27,-4],[-15,-7]],[[30237,86028],[-1,-12],[-3,7],[4,5]],[[30105,86032],[-6,2],[8,3],[-2,-5]],[[30113,86041],[-5,2],[6,1],[-1,-3]],[[30195,86014],[0,0]],[[30120,86060],[-5,-2],[3,3],[2,-1]],[[30173,86040],[-4,1],[0,6],[4,-7]],[[30231,86038],[-2,0],[0,2],[2,-2]],[[30212,86027],[-38,12],[-2,6],[-14,10],[-21,8],[-27,0],[-29,-9],[0,37],[107,-40],[-6,35],[46,-67],[29,-18],[-39,-21],[-6,47]],[[29786,86139],[33,-18],[-51,-51],[18,69]],[[30839,86234],[-15,62],[26,-60],[-11,-2]],[[30078,86104],[4,23],[8,-15],[-12,-8]],[[29835,86090],[-13,33],[5,6],[8,-39]],[[30070,86095],[6,-23],[-11,6],[5,17]],[[30722,86242],[-5,12],[4,3],[1,-15]],[[30174,86079],[-2,-5],[-8,6],[10,-1]],[[30749,86067],[2,12],[5,3],[-7,-15]],[[30749,86058],[9,9],[1,-2],[-10,-7]],[[30891,86249],[-5,2],[2,2],[3,-4]],[[30576,86430],[1,-6],[-4,3],[3,3]],[[29844,86125],[-5,-2],[-1,1],[6,1]],[[30122,86093],[-3,3],[4,-2],[-1,-1]],[[30130,86130],[-2,0],[0,2],[2,-2]],[[30108,86163],[-3,0],[1,1],[2,-1]],[[30758,86086],[-1,0],[1,2],[0,-2]],[[29826,86084],[-1,2],[0,2],[1,-4]],[[30881,86126],[-1,-1],[1,2],[0,-1]],[[29034,77077],[-244,0],[0,206],[-483,0],[1,807],[-84,0],[-26,152],[26,640],[59,0],[25,1299],[-2952,0]],[[25356,80181],[8,9],[2,21],[-8,22],[-88,38],[60,135],[-45,65],[53,49],[54,80],[30,-26],[16,-65],[12,-11],[50,217],[80,-24],[-88,109],[40,42],[-32,57],[-63,-99],[64,126],[-35,-13],[-61,-104],[-60,7],[-16,-20],[-275,-613],[30,184],[-54,40],[-23,-61],[-4,162],[9,-22],[44,10],[-83,103],[34,98],[-31,102],[-41,-70],[-10,-177],[-30,66],[-34,-47],[-51,423],[22,-40],[60,-4],[29,61],[-61,2],[-25,-44],[-9,141],[-53,16],[95,-28],[4,128],[63,-94],[15,194],[4,-39],[105,-60],[-102,130],[-106,-67],[44,215],[88,11],[45,114],[21,-55],[31,-25],[-39,113],[-100,-59],[66,82],[90,27],[134,-148],[81,46],[24,-63],[22,63],[-45,110],[60,119],[-8,-111],[70,-101],[35,87],[-31,195],[148,112],[-179,20],[0,87],[98,12],[-86,69],[26,24],[-10,97],[57,-68],[8,72],[142,-140],[-74,-119],[37,-33],[65,174],[104,-91],[-20,40],[53,37],[-22,-50],[24,-106],[61,28],[110,-146],[113,-45],[52,-112],[-110,-78],[2,-40],[94,35],[-20,-83],[27,-14],[41,113],[-35,-134],[26,-11],[-21,-20],[27,-47],[82,134],[-17,71],[90,31],[296,-315],[424,-358],[-289,325],[-471,414],[45,247],[158,70],[-13,71],[-150,-91],[65,237],[-40,-88],[-22,111],[-36,-18],[48,-85],[-31,-90],[-110,115],[-111,-158],[-128,-79],[-48,48],[19,65],[-66,45],[62,76],[-1,58],[40,-43],[10,119],[91,50],[78,-86],[118,176],[-9,48],[-91,28],[-46,-125],[5,104],[-54,-7],[-19,-90],[21,-37],[-77,60],[18,-74],[-57,-6],[-90,-135],[35,91],[-50,-38],[-10,140],[70,62],[-133,-21],[163,214],[139,-82],[79,121],[41,-58],[38,105],[-77,271],[94,-48],[41,70],[40,-36],[-73,-116],[53,-36],[-24,-70],[115,62],[-8,-139],[89,-173],[256,156],[2,-133],[114,-56],[24,57],[293,-34],[7,45],[-11,15],[-264,75],[96,68],[-57,92],[78,16],[152,141],[-87,-3],[-44,-64],[-26,67],[-50,-98],[-45,119],[-173,-23],[42,109],[-73,6],[-36,-55],[7,100],[-96,-74],[93,201],[29,-96],[54,-14],[28,51],[-28,49],[85,61],[-102,85],[-111,-42],[29,95],[-10,8],[-74,-96],[-3,64],[-53,46],[38,121],[-122,53],[28,98],[80,-16],[-30,93],[65,-45],[3,154],[107,-71],[-3,102],[103,23],[-43,77],[-69,-21],[3,106],[98,41],[-4,63],[52,-77],[36,182],[7,15],[34,14],[12,18],[-26,-228],[98,33],[22,78],[7,-158],[54,-39],[-18,-80],[43,51],[-27,85],[56,-31],[-23,75],[67,32],[-37,94],[54,-71],[-6,118],[69,55],[87,-42],[-67,-90],[11,-52],[140,4],[-58,57],[89,93],[-55,15],[74,346],[-74,46],[23,278],[-55,35],[120,81],[84,-160],[77,-44],[32,77],[26,-13],[-71,-125],[63,-48],[-123,29],[-39,-156],[80,-328],[-79,-297],[-11,-133],[129,459],[147,28],[63,102],[-2,-100],[107,64],[15,-53],[-90,-65],[70,-111],[-42,-142],[181,-218],[15,59],[0,-31],[22,3],[12,20],[-73,192],[38,113],[96,52],[77,-103],[33,103],[57,-50],[20,20],[-68,342],[-74,-23],[-19,75],[242,122],[-76,281],[173,65],[58,159],[-41,54],[62,34],[-142,203],[-155,-56],[-86,78],[-36,83],[16,144],[57,-219],[36,141],[64,-29],[-74,86],[35,45],[59,-20],[20,-154],[61,2],[-36,154],[46,32],[-211,144],[114,-47],[70,138],[-20,-146],[42,58],[59,-54],[4,74],[52,11],[-69,-142],[70,-17],[-60,-49],[-46,-119],[167,173],[63,2],[11,-59],[-166,-78],[122,41],[36,-122],[-124,-42],[-23,-29],[3,-36],[89,40],[-47,-46],[-10,-93],[105,109],[-61,-261],[41,-53],[83,27],[11,-101],[-70,-74],[82,-8],[40,93],[-6,-85],[27,57],[41,-49],[25,94],[105,32],[-137,148],[36,120],[66,-2],[-23,139],[129,-6],[0,99],[97,101],[52,-68],[71,141],[164,49],[-263,-414],[63,-75],[101,81],[-57,-140],[35,-79],[88,19],[30,32],[-10,-222],[22,-35],[57,-20],[12,161],[96,19],[-14,278],[96,-40],[10,-126],[56,41],[7,160],[86,44],[-20,110],[-11,2],[-28,-13],[-30,-43],[-45,26],[10,138],[47,-71],[51,76],[46,-32],[32,37],[22,-6],[-20,-1],[-31,-29],[79,-44],[62,78],[95,-80],[50,39],[-143,166],[-73,-8],[-135,408],[98,-4],[64,65],[54,-140],[65,51],[-47,118],[152,-52],[49,25],[-65,76],[101,2],[54,-135],[27,54],[70,-102],[-28,1],[-25,-58],[66,-24],[23,76],[-6,-125],[80,26],[-45,-197],[91,69],[-19,-125],[105,-158],[105,226],[10,-53],[-20,-48],[8,-53],[39,-47],[5,83],[79,128],[155,-175],[59,18],[-51,116],[55,23],[137,-158],[42,53],[80,-167],[-40,-69],[9,-99],[65,-76],[23,71],[66,-25],[-33,-54],[63,5],[-30,-97],[71,44],[168,-216],[77,-32],[29,-153],[209,-260],[-41,-98],[46,48],[14,-109],[87,-41],[-19,-110],[66,-127],[27,4],[38,35],[149,-154],[-22,-17],[-25,-81],[55,-81],[87,87],[165,-187],[0,-85],[326,-191],[4,-105],[-82,24],[19,-273],[-160,-65],[44,-28],[-139,-674],[39,-511],[-114,-34],[107,-282],[-80,-258],[-72,-43],[-52,-57],[7,-12],[151,75],[100,186],[30,394],[-61,120],[61,192],[281,-355],[74,-443],[76,-131],[31,11],[-92,119],[3,406],[-132,208],[-99,446],[74,261],[81,59],[51,25],[91,-178],[-84,199],[47,119],[104,-408],[-8,218],[113,-118],[-133,185],[20,240],[196,-338],[-101,356],[42,-8],[174,-280],[21,-102],[16,-3],[-113,363],[-186,190],[27,55],[340,106],[79,-115],[204,33],[124,-124],[570,-117],[-3,-6069]],[[34802,77347],[-623,-1],[-32,162],[-474,0],[0,-210],[-598,-29],[0,-123],[-146,0],[0,-241],[-598,0],[0,-110],[-82,0],[0,-179],[-1995,-4],[-2,363],[-198,0],[0,519],[-1016,-1],[-4,-416]],[[31061,86474],[-14,7],[30,1],[-16,-8]],[[20074,77568],[-4,6],[0,1],[4,-7]],[[20018,77627],[-8,8],[8,-7],[0,-1]],[[19990,77666],[0,-2],[-2,2],[2,0]],[[19979,77691],[-2,-1],[0,2],[2,-1]],[[19955,77694],[-32,15],[-1,2],[33,-17]],[[19890,77696],[-46,11],[74,6],[-28,-17]],[[22007,79332],[1,-4],[-2,1],[1,3]],[[21940,79377],[4,-4],[-3,0],[-1,4]],[[22120,77880],[-4,1],[0,3],[4,-4]],[[21909,79155],[-4,3],[5,17],[-1,-20]],[[20858,77406],[-2,8],[4,0],[-2,-8]],[[20863,77419],[-1,-5],[-3,7],[4,-2]],[[22055,77886],[-3,1],[0,5],[3,-6]],[[22051,77889],[-2,-2],[0,3],[2,-1]],[[18878,72041],[-1,6],[4,2],[-3,-8]],[[18985,72371],[-4,0],[4,2],[0,-2]],[[18885,72051],[-2,1],[2,1],[0,-2]],[[19190,72498],[-5,-6],[4,12],[1,-6]],[[19065,72720],[-1,-3],[-1,3],[2,0]],[[19068,72387],[-4,-1],[3,3],[1,-2]],[[19154,72470],[-1,3],[2,-1],[-1,-2]],[[22502,77027],[-17,21],[28,-22],[-11,1]],[[20858,77425],[-2,-2],[-1,4],[3,-2]],[[20017,73659],[-3,-2],[15,26],[-12,-24]],[[19226,72926],[-2,5],[4,-2],[-2,-3]],[[20085,73694],[-4,0],[3,3],[1,-3]],[[19208,72908],[-3,-2],[-1,1],[4,1]],[[19236,72956],[-3,2],[4,-1],[-1,-1]],[[20015,73626],[-3,-1],[0,2],[3,-1]],[[19244,72974],[-2,-1],[1,2],[1,-1]],[[20076,73686],[-2,-2],[0,2],[2,0]],[[20250,76839],[-5,-1],[1,4],[4,-3]],[[20299,76852],[-3,4],[1,1],[2,-5]],[[20330,76843],[-3,3],[4,0],[-1,-3]],[[20201,76806],[-2,-1],[0,3],[2,-2]],[[20297,76942],[-4,0],[2,2],[2,-2]],[[20309,76894],[-3,0],[2,2],[1,-2]],[[20302,76909],[-3,-1],[1,1],[2,0]],[[20322,76899],[-3,-1],[2,2],[1,-1]],[[22631,76610],[-759,3],[0,-120],[299,2],[50,-266],[-2,-271],[-52,0],[0,-1026],[175,0],[0,-508],[-212,0],[1,-815],[433,0],[-5,-653],[357,0],[31,-477],[-262,0],[0,-263],[316,0]],[[23001,72216],[34,-3006]],[[15452,68830],[285,34],[942,416],[693,380],[562,498],[636,1041],[122,355],[-13,120],[52,-26],[47,30],[-52,-20],[58,226],[113,156],[-80,315],[266,4],[111,135],[-3,141],[-133,97],[133,208],[-6,-98],[22,22],[41,111],[-15,31],[-15,-78],[-31,69],[57,95],[123,-59],[161,94],[253,328],[144,53],[104,119],[11,77],[33,25],[-28,-49],[32,-5],[26,61],[-15,32],[21,39],[320,218],[34,401],[-266,91],[22,167]],[[20219,74684],[-120,8]],[[20099,74692],[-23,615],[-118,360],[61,858],[82,67],[33,156],[36,-28],[-4,78],[23,33],[12,-33],[0,15],[-5,9],[54,10],[5,35],[80,-40],[-4,23],[-63,33],[56,2],[12,11],[-17,23],[-42,-9],[2,32],[18,-5],[4,25],[-26,-16],[-15,-33],[-37,-22],[-31,49],[245,354],[224,177],[-84,-136],[109,6],[-2,251],[85,-114],[-25,-32],[0,-27],[42,19],[58,-43],[39,20],[65,-45],[21,17],[-169,371],[81,2],[-39,89],[57,125],[125,-111],[210,67],[50,91],[-32,-76],[67,60],[28,-58],[12,32],[-23,38],[62,-78],[77,-51],[-27,97],[-25,4],[36,36],[-135,26],[18,115],[-46,-42],[-46,78],[64,269],[84,130],[-33,-76],[144,152],[30,-32],[20,0],[-66,50],[109,70],[45,287],[136,24],[-12,-72],[121,137],[-51,-137],[135,-91],[-204,-80],[32,-60],[-57,-88],[80,-35],[-116,-150],[91,-62],[-2,-113],[60,105],[33,-49],[26,-200],[61,-8],[11,83],[22,-128],[97,59],[-79,-275],[16,16],[0,-46],[93,-22],[54,-162],[-62,-194],[187,-133],[312,-761]],[[22246,79052],[-20,-126],[-40,0],[-14,125],[74,1]],[[22271,79043],[0,-87],[-30,-6],[30,93]],[[22006,78943],[36,8],[49,-33],[-85,25]],[[22085,78955],[-5,70],[25,-6],[-20,-64]],[[22161,78974],[-7,45],[17,-10],[-10,-35]],[[22243,79120],[-43,19],[45,-8],[-2,-11]],[[22125,79037],[26,4],[1,-15],[-27,11]],[[22154,78932],[-10,7],[22,19],[-12,-26]],[[22079,79069],[26,-12],[-28,8],[2,4]],[[22309,79118],[-22,-8],[-9,5],[31,3]],[[22042,78895],[-9,4],[11,3],[-2,-7]],[[21994,78879],[-5,17],[14,-18],[-9,1]],[[21432,77969],[-13,4],[17,2],[-4,-6]],[[21414,77988],[-11,13],[20,5],[-9,-18]],[[22020,78986],[-8,2],[1,4],[7,-6]],[[22008,78926],[-10,-2],[1,9],[9,-7]],[[22163,79031],[-6,-6],[3,7],[3,-1]],[[21428,77962],[-2,4],[7,0],[-5,-4]],[[22013,78914],[-7,4],[1,2],[6,-6]],[[22046,78885],[-3,4],[4,3],[-1,-7]],[[21611,78909],[-5,1],[1,5],[4,-6]],[[22073,79019],[-7,5],[8,-4],[-1,-1]],[[21962,79037],[-6,3],[5,1],[1,-4]],[[21650,79064],[-8,2],[8,-1],[0,-1]],[[21784,79084],[0,3],[4,-2],[-4,-1]],[[21350,77976],[-5,2],[2,2],[3,-4]],[[21992,78938],[-4,0],[1,3],[3,-3]],[[21815,78780],[-1,-4],[-6,1],[7,3]],[[21793,79041],[-7,0],[9,2],[-2,-2]],[[22004,78892],[-3,-2],[-2,3],[5,-1]],[[22094,79048],[-4,-1],[3,4],[1,-3]],[[21933,79030],[-4,-1],[4,4],[0,-3]],[[22003,78962],[-2,-1],[0,4],[2,-3]],[[22051,78902],[-3,-1],[2,2],[1,-1]],[[22137,78946],[-3,-5],[2,6],[1,-1]],[[22131,78909],[-2,1],[2,3],[0,-4]],[[22269,78927],[-2,1],[2,1],[0,-2]],[[22101,79076],[-2,-1],[1,2],[1,-1]],[[22117,79001],[0,0]],[[22004,78949],[-2,0],[1,1],[1,-1]],[[21904,78328],[-2,1],[0,1],[2,-2]],[[22094,78875],[-2,-2],[0,2],[2,0]],[[21982,78983],[-2,-1],[1,2],[1,-1]],[[22120,79044],[-2,0],[1,1],[1,-1]],[[21960,79063],[0,-4],[-1,-1],[1,5]],[[10684,67077],[-18,10],[44,36],[-26,-46]],[[10821,67244],[2,23],[10,6],[-12,-29]],[[10836,67244],[-11,5],[9,6],[2,-11]],[[10898,67242],[-6,0],[6,2],[0,-2]],[[10888,67212],[-3,-3],[2,4],[1,-1]],[[10903,67030],[-3,0],[1,1],[2,-1]],[[10882,67237],[-1,3],[2,1],[-1,-4]],[[10879,67235],[0,2],[2,-2],[-2,0]],[[11423,67561],[-8,8],[1,1],[7,-9]],[[15452,68830],[0,-417],[1305,0],[39,564],[221,0],[0,-92],[708,0],[0,324],[670,1],[0,-94],[169,0],[3,-76],[420,1],[0,180],[4048,-11]],[[23035,69210],[1,864]],[[23036,70074],[5272,-9]],[[28308,70065],[0,-5011]],[[28308,65054],[6495,0]],[[17489,57840],[-356,-1],[-367,1]],[[14072,61778],[0,208],[-63,0],[-40,250],[-432,0]],[[13649,62643],[-1157,88]],[[10829,66667],[-335,30],[201,236],[67,-9],[-59,39],[23,57],[66,-71],[17,95],[47,-68],[72,48],[-8,73],[-62,-33],[41,87],[-65,-58],[20,135],[16,6],[16,-31],[21,-7],[469,447],[40,-68],[-33,41],[-26,-15],[-2,-24],[25,36],[1,-27],[29,-15],[5,-22],[-75,-41],[87,19],[-14,-26],[-6,-53],[42,95],[223,16],[-64,49],[124,54],[38,-128],[115,100],[157,-33],[-22,63],[18,9],[41,-66],[66,107],[-13,-35],[27,-42],[30,72],[-67,24],[70,29],[26,-72],[-40,-76],[48,53],[34,-163],[-35,-107]],[[12342,67480],[128,26],[-21,168],[166,109],[220,-7],[-60,51],[31,122],[70,-34],[-11,-32],[10,-20],[19,-3],[-10,54],[-39,50],[79,166],[135,118],[75,264],[162,59],[55,78],[13,84],[132,-153],[100,-33],[-75,46],[-2,148],[434,-149],[94,39],[60,-66],[61,34],[209,-217],[190,99],[98,148],[-21,-132],[136,56],[-51,131],[76,-1],[-3,61],[221,-41],[429,127]],[[14843,58858],[-85,88],[-64,-48],[20,-63]],[[12088,67679],[-12,37],[49,-3],[-37,-34]],[[12936,68931],[-21,8],[8,7],[13,-15]],[[13365,69793],[-7,16],[3,9],[4,-25]],[[11979,67684],[1,11],[10,1],[-11,-12]],[[14609,68600],[-8,1],[1,2],[7,-3]],[[12738,68562],[-8,-3],[-1,4],[9,-1]],[[14681,68631],[-6,1],[8,4],[-2,-5]],[[14106,68591],[-5,0],[4,5],[1,-5]],[[12829,67966],[-6,4],[0,3],[6,-7]],[[14225,68581],[-2,3],[3,0],[-1,-3]],[[13341,68666],[-2,0],[1,4],[1,-4]],[[14714,58835],[59,124],[70,-101]],[[14843,58858],[-129,-23]],[[12232,67720],[45,67],[1,-63],[91,28],[53,-126],[55,22],[-7,-142],[-244,22],[3,112],[6,-59],[111,68],[-114,71]],[[12225,67743],[-33,19],[22,3],[11,-22]],[[12225,67397],[10,91],[107,-8]],[[12342,67480],[6,-92],[-123,9]],[[5223,65837],[-2,3],[4,0],[-2,-3]],[[5217,65823],[-24,-9],[-22,63],[46,-54]],[[5172,65903],[9,120],[3,5],[30,-33],[-26,-79],[-16,-13]],[[5183,66279],[237,404],[81,-34],[16,-248],[-176,-348],[-102,63],[-58,-78],[2,241]],[[5732,66636],[-2,0],[0,2],[2,-2]],[[5732,66642],[-3,-1],[0,2],[3,-1]],[[5731,66647],[-1,-2],[-1,1],[2,1]],[[5731,66648],[2,1],[-1,-2],[-1,1]],[[5673,66850],[-1,-2],[0,2],[1,0]],[[5666,66863],[-2,-1],[-1,2],[3,-1]],[[5665,66869],[-2,-1],[0,1],[2,0]],[[5699,66877],[-1,0],[0,1],[1,-1]],[[5660,66882],[-3,2],[-2,4],[5,-6]],[[5694,66905],[-3,-1],[0,3],[3,-2]],[[5693,66915],[-2,0],[1,2],[1,-2]],[[5687,66932],[-1,2],[3,-1],[-2,-1]],[[3249,62202],[-2,0],[1,2],[1,-2]],[[3142,62269],[-1,4],[4,-2],[-3,-2]],[[2984,63668],[25,75],[70,73],[3,-18],[-98,-130]],[[5739,66664],[0,0]],[[5736,66684],[11,-5],[-9,-6],[-2,11]],[[5732,66707],[-1,2],[1,3],[0,-5]],[[5579,66745],[-2,-2],[-2,1],[4,1]],[[5621,66788],[-10,5],[14,-1],[-4,-4]],[[5722,66793],[-3,0],[2,3],[1,-3]],[[5636,66795],[-2,1],[2,1],[0,-2]],[[5718,66800],[-1,-2],[0,2],[1,0]],[[5644,66801],[-2,0],[0,2],[2,-2]],[[5684,66827],[-2,0],[0,1],[2,-1]],[[5692,66800],[0,3],[3,-2],[-3,-1]],[[5719,66802],[-1,0],[0,1],[1,-1]],[[5718,66806],[-3,-1],[2,2],[1,-1]],[[3226,63691],[8,-1],[-3,-4],[-5,5]],[[3122,63841],[12,68],[35,6],[-47,-74]],[[5658,66786],[-2,-3],[1,4],[1,-1]],[[5702,66785],[-2,0],[2,2],[0,-2]],[[5707,66786],[-2,0],[0,1],[2,-1]],[[5700,66792],[-2,0],[1,1],[1,-1]],[[5673,66793],[-4,-1],[0,1],[4,0]],[[5632,66791],[-2,1],[2,1],[0,-2]],[[5656,66797],[-3,-2],[0,1],[3,1]],[[3225,62978],[7,-18],[-6,3],[-1,15]],[[3428,63984],[-8,7],[2,3],[6,-10]],[[5743,66665],[-2,-1],[1,1],[1,0]],[[5740,66665],[0,2],[1,-1],[-1,-1]],[[5709,66767],[-3,2],[1,5],[2,-7]],[[5733,66767],[-4,-1],[3,2],[1,-1]],[[5731,66770],[0,0]],[[5641,66790],[-4,3],[5,0],[-1,-3]],[[5726,66784],[-3,-1],[0,6],[3,-5]],[[5704,66780],[-2,1],[4,1],[-2,-2]],[[5664,66780],[-1,-2],[-1,1],[2,1]],[[3320,62134],[-18,-9],[-4,20],[22,-11]],[[5749,66704],[-37,58],[33,-29],[4,-29]],[[5693,66772],[-5,1],[9,11],[-4,-12]],[[5729,66762],[-1,2],[2,0],[-1,-2]],[[3483,62657],[-57,195],[66,-39],[-9,-156]],[[3582,62855],[-35,18],[28,8],[7,-26]],[[3508,62663],[-18,19],[12,12],[6,-31]],[[3370,62466],[12,-23],[-12,0],[0,23]],[[3422,62541],[9,-13],[-13,0],[4,13]],[[3382,62413],[-16,-13],[7,13],[9,0]],[[3391,62402],[12,-20],[-6,-7],[-6,27]],[[3520,63388],[-10,13],[14,-8],[-4,-5]],[[3535,63170],[-6,-4],[-1,4],[7,0]],[[3262,63063],[-11,-4],[3,6],[8,-2]],[[3521,62836],[-10,4],[7,7],[3,-11]],[[3499,63587],[-10,-2],[4,6],[6,-4]],[[3387,62946],[-4,7],[6,-3],[-2,-4]],[[3453,62958],[-4,4],[5,-1],[-1,-3]],[[3439,62495],[-4,1],[1,4],[3,-5]],[[3344,62306],[-5,0],[1,5],[4,-5]],[[3453,63043],[-2,-3],[-1,1],[3,2]],[[3510,63201],[-4,-2],[0,2],[4,0]],[[3625,63203],[-4,-1],[0,4],[4,-3]],[[3506,62657],[-4,0],[2,2],[2,-2]],[[3418,62398],[-3,0],[0,2],[3,-2]],[[3532,63401],[-3,0],[1,1],[2,-1]],[[3319,62229],[-2,0],[0,1],[2,-1]],[[3257,62196],[-1,-2],[-1,1],[2,1]],[[5433,64198],[-5,72],[66,29],[-34,-38],[-27,-63]],[[4433,64390],[32,31],[75,-21],[-17,-20],[-90,10]],[[5519,64229],[42,19],[-14,-51],[4,-19],[-32,51]],[[4946,63996],[36,83],[35,13],[6,-17],[-77,-79]],[[3831,63916],[-21,16],[-49,84],[70,-100]],[[5278,64414],[16,-16],[-22,-13],[6,29]],[[5269,64323],[-23,8],[11,40],[12,-48]],[[5403,64251],[-20,7],[31,13],[-11,-20]],[[3981,64192],[-6,28],[4,-1],[2,-27]],[[4354,64008],[-14,7],[9,7],[5,-14]],[[3987,63652],[-9,9],[9,3],[0,-12]],[[3675,63979],[-14,9],[3,3],[11,-12]],[[5261,64260],[-15,-9],[12,17],[3,-8]],[[4773,64187],[-7,-9],[-3,6],[10,3]],[[5608,64464],[-9,-14],[8,17],[1,-3]],[[4455,63777],[-9,0],[1,3],[8,-3]],[[5366,64542],[-4,1],[16,2],[-12,-3]],[[4960,64247],[-5,7],[6,-3],[-1,-4]],[[5335,64129],[-9,4],[0,2],[9,-6]],[[5438,64515],[-10,-2],[11,4],[-1,-2]],[[4188,64048],[-5,-1],[1,3],[4,-2]],[[5615,64493],[-4,-6],[-1,3],[5,3]],[[5423,64532],[-5,-1],[3,3],[2,-2]],[[4931,64217],[-6,3],[6,0],[0,-3]],[[4466,63766],[-5,3],[1,1],[4,-4]],[[5595,64412],[-5,0],[6,3],[-1,-3]],[[3881,63956],[-6,-1],[0,2],[6,-1]],[[5578,64341],[-4,-4],[-1,1],[5,3]],[[3740,63858],[-5,1],[4,2],[1,-3]],[[5452,64163],[-4,2],[4,-1],[0,-1]],[[5306,64438],[-2,3],[1,2],[1,-5]],[[5423,64520],[-1,-4],[-2,-2],[3,6]],[[4001,64134],[-3,-2],[-1,1],[4,1]],[[5578,64370],[-3,1],[1,1],[2,-2]],[[5384,64474],[-2,-3],[1,3],[1,0]],[[4435,64504],[-3,2],[3,-1],[0,-1]],[[3855,64094],[-3,0],[1,1],[2,-1]],[[5536,64517],[-3,0],[1,2],[2,-2]],[[5267,64266],[0,0]],[[5248,64236],[-2,-1],[0,1],[2,0]],[[5423,64648],[-2,0],[0,1],[2,-1]],[[5244,64252],[-2,-1],[0,2],[2,-1]],[[4433,64487],[-1,-2],[-1,1],[2,1]],[[3383,62212],[-3,0],[2,2],[1,-2]],[[3387,62221],[-2,0],[0,1],[2,-1]],[[3382,62216],[-2,0],[1,1],[1,-1]],[[11133,64868],[167,0],[0,-141],[-77,0],[0,-206],[-56,0],[0,-182],[153,0],[0,267],[107,0],[0,-297],[55,0],[0,-117],[-68,0],[0,-225],[117,0],[0,-221],[539,78],[0,-112],[106,0],[-42,-328],[123,0],[0,-435],[235,0],[0,-218]],[[12492,62731],[64,-42],[1093,-46]],[[13649,62643],[0,-315],[-112,0],[0,-92]],[[13537,62236],[472,-37],[63,-421]],[[14072,61778],[-1223,-73],[0,79],[-224,0],[0,-198],[224,0],[0,-97],[326,0],[0,-232],[242,0],[0,-438],[-625,0],[-887,-2148]],[[11905,59033],[-752,63]],[[11153,58860],[-786,-10]],[[3775,60215],[179,688]],[[3531,62031],[-279,11],[92,28],[-62,65],[26,-20],[56,-8],[-60,128],[33,-31],[20,38],[23,-41],[6,11],[9,-17],[10,2],[-97,176],[113,-69],[15,77],[-29,78],[54,-34],[20,182],[-40,35],[74,0],[16,134],[34,-68],[-9,121],[41,-51],[26,92],[10,-56],[34,206],[38,53],[27,-15],[27,35],[-47,3],[12,188],[83,33],[15,-18],[-19,-52],[2,-31],[27,72],[-31,41],[33,44],[172,67],[295,295],[127,54],[-60,-60],[64,55],[90,-62],[52,2],[148,175],[49,-82],[23,3],[79,138],[68,-48],[-50,45],[71,-11],[49,114],[21,-24],[-19,-6],[6,-26],[207,0],[-23,58],[148,57],[32,62],[-71,-25],[68,54],[73,-55],[5,17],[-23,24],[42,61],[-30,-70],[25,-21],[1,-25],[26,98],[17,-94],[71,22],[-32,60],[58,28],[-60,68],[28,7],[2,17],[22,-18],[7,9],[29,129],[70,-62],[-22,139]],[[5738,64542],[40,0]],[[4858,64786],[-13,11],[14,-10],[-1,-1]],[[4542,64960],[-7,3],[2,5],[5,-8]],[[4552,64961],[-6,-1],[1,3],[5,-2]],[[5445,64692],[-3,4],[1,1],[2,-5]],[[5442,64681],[-2,-1],[0,1],[2,0]],[[8287,66562],[106,50],[234,-148],[-108,-143],[-161,-12],[-74,69],[3,184]],[[5427,64781],[-2,-2],[0,2],[2,0]],[[5462,64827],[-1,11],[3,0],[-2,-11]],[[5660,64587],[7,37],[-5,-38],[-2,1]],[[5582,64866],[-13,7],[4,7],[9,-14]],[[5493,64967],[-8,-1],[5,5],[3,-4]],[[5883,65171],[-19,-25],[22,37],[-3,-12]],[[7588,66727],[-5,-1],[1,5],[4,-4]],[[7921,66952],[-81,-134],[-185,35],[266,99]],[[10509,66919],[-25,7],[4,6],[21,-13]],[[7842,67066],[-14,-7],[0,4],[14,3]],[[5747,67289],[-5,3],[2,4],[3,-7]],[[8971,67299],[20,74],[-9,-104],[-11,30]],[[5728,64878],[-3,0],[1,1],[2,-1]],[[10464,66912],[10,12],[6,0],[-16,-12]],[[9201,67003],[-6,22],[5,11],[1,-33]],[[10407,66726],[-37,133],[59,-57],[-22,-76]],[[8054,67005],[-5,32],[9,-6],[-4,-26]],[[8132,67063],[-12,-26],[-8,2],[20,24]],[[8341,67051],[-12,4],[12,10],[0,-14]],[[5672,67097],[-11,3],[8,8],[3,-11]],[[8479,67294],[-15,-3],[12,19],[3,-16]],[[8728,67371],[35,-27],[-2,-16],[-33,43]],[[8458,67490],[-19,-19],[19,37],[0,-18]],[[8395,67503],[-8,-2],[1,3],[7,-1]],[[5634,67480],[6,10],[0,-10],[-6,0]],[[5738,64542],[-49,0]],[[5689,64542],[61,70],[-12,-70]],[[5784,64929],[-4,4],[3,2],[1,-6]],[[10296,66774],[-12,10],[11,-2],[1,-8]],[[10320,66777],[-6,-9],[-8,1],[14,8]],[[10299,66787],[3,-1],[-2,-6],[-1,7]],[[7951,66846],[52,115],[110,73],[-89,-179],[-73,-9]],[[7993,67333],[-11,-1],[8,6],[3,-5]],[[5743,67345],[0,4],[4,-3],[-4,-1]],[[5610,67486],[16,-29],[-19,-1],[3,30]],[[8528,67434],[-22,14],[-2,6],[24,-20]],[[8500,67431],[-6,15],[10,3],[-4,-18]],[[6322,65688],[15,-24],[-5,-2],[-10,26]],[[6359,65799],[-12,-14],[-1,5],[13,9]],[[6281,65487],[-6,15],[9,-12],[-3,-3]],[[5904,65431],[-8,-7],[5,12],[3,-5]],[[6084,64958],[-10,3],[12,3],[-2,-6]],[[6624,65823],[-12,5],[3,7],[9,-12]],[[6309,65585],[-6,-5],[-2,5],[8,0]],[[6194,65416],[-8,1],[3,8],[5,-9]],[[6070,65315],[-5,-2],[-1,2],[6,0]],[[6126,65066],[-8,-8],[0,1],[8,7]],[[6178,65057],[-6,2],[3,8],[3,-10]],[[5921,64838],[-6,-4],[4,7],[2,-3]],[[6216,65178],[-4,-5],[0,3],[4,2]],[[6298,65340],[-5,-2],[2,3],[3,-1]],[[6488,65478],[-4,-2],[1,4],[3,-2]],[[6188,64966],[-2,-3],[1,3],[1,0]],[[5915,65262],[-2,-3],[1,3],[1,0]],[[6086,64974],[-2,0],[1,1],[1,-1]],[[7951,67296],[5,-107],[-79,22],[74,85]],[[8380,67116],[10,127],[53,26],[-63,-153]],[[8025,67290],[-16,-4],[-2,19],[18,-15]],[[8065,67131],[-15,-1],[13,8],[2,-7]],[[8008,67251],[-4,10],[9,2],[-5,-12]],[[8072,67155],[-9,1],[5,5],[4,-6]],[[7819,67230],[-1,9],[4,-3],[-3,-6]],[[5664,67120],[-1,16],[3,7],[-2,-23]],[[5666,67192],[0,-4],[-4,6],[4,-2]],[[5625,67126],[-15,18],[16,-16],[-1,-2]],[[8158,67111],[-8,1],[7,2],[1,-3]],[[5635,67128],[-4,-13],[-3,6],[7,7]],[[5664,67227],[-4,-3],[4,4],[0,-1]],[[5714,67209],[-3,0],[3,2],[0,-2]],[[5597,67561],[42,11],[16,-31],[-58,20]],[[5611,67528],[-11,23],[17,-5],[-6,-18]],[[5633,67502],[-6,7],[8,8],[-2,-15]],[[5620,67525],[-9,-13],[1,15],[8,-2]],[[5611,67506],[-6,-7],[-3,2],[9,5]],[[6439,65853],[-24,61],[22,-9],[2,-52]],[[6970,65910],[26,-28],[-14,-8],[-12,36]],[[7188,66249],[-15,38],[9,10],[6,-48]],[[7040,65883],[-13,-24],[3,54],[10,-30]],[[7332,66356],[-17,23],[5,9],[12,-32]],[[6734,66001],[2,-30],[-12,29],[10,1]],[[6806,66238],[-21,9],[-1,4],[22,-13]],[[7271,66127],[-6,10],[13,-1],[-7,-9]],[[7075,66221],[-6,9],[4,3],[2,-12]],[[6525,66070],[-5,8],[1,3],[4,-11]],[[7182,66096],[-6,-2],[6,5],[0,-3]],[[7189,66108],[-1,1],[1,0],[0,-1]],[[8144,67117],[-21,50],[24,-7],[-3,-43]],[[8083,67093],[-12,28],[34,-5],[-22,-23]],[[9395,66643],[-10,2],[4,6],[6,-8]],[[10055,66646],[-11,3],[12,3],[-1,-6]],[[7884,66555],[-5,1],[5,4],[0,-5]],[[9347,66565],[1,-8],[-5,7],[4,1]],[[9802,66439],[-4,-2],[0,2],[4,0]],[[9784,66454],[-3,2],[1,2],[2,-4]],[[9789,66446],[-2,-2],[-1,1],[3,1]],[[8027,66789],[98,141],[-29,-131],[-69,-10]],[[9011,66834],[-68,-65],[-44,8],[112,57]],[[8178,66728],[9,23],[2,0],[-11,-23]],[[9341,66730],[-3,2],[3,1],[0,-3]],[[10829,66667],[0,-347],[174,0],[0,-90],[177,-37],[205,98],[-55,-205],[111,0],[-16,-594],[-409,0],[0,-458],[117,0],[0,-166]],[[11133,64868],[0,-1020],[87,0],[0,-226],[-274,0],[0,709],[-128,0],[0,320],[-482,0],[0,636],[-335,0],[0,-452],[-706,0],[0,160],[157,0],[0,197],[-314,0],[0,-197],[-130,0],[55,260],[-207,0],[0,-142],[-476,0],[0,-362],[-1350,57],[0,-216],[-135,0],[0,-403],[-225,0],[0,-141],[-103,0],[0,303],[-158,100],[0,91],[-631,0]],[[5778,64542],[-13,92],[59,0],[49,145],[27,-55],[20,12],[-25,70],[71,-4],[43,115],[4,-58],[24,66],[70,-37],[17,103],[-8,-87],[38,-3],[22,90],[-2,-100],[27,121],[54,-55],[-17,48],[35,-16],[42,5],[-10,26],[-7,-27],[-26,1],[-12,15],[31,121],[58,5],[125,362],[-13,-66],[401,292],[-7,-68],[25,-41],[-14,-39],[16,35],[-7,112],[93,-34],[-13,60],[104,70],[4,192],[17,1],[14,24],[45,18],[4,9],[-78,-15],[32,161],[109,-72],[-32,-23],[0,-31],[126,-35],[216,192],[2,-24],[86,11],[30,-52],[52,-20],[7,5],[1,13],[8,5],[21,-21],[-21,25],[-69,6],[-23,46],[69,-20],[85,152],[31,-38],[36,2],[-68,55],[63,-19],[-36,74],[172,-3],[-29,56],[18,5],[50,51],[2,-54],[14,67],[-2,-117],[22,73],[52,-45],[-47,57],[92,-83],[-39,64],[39,15],[11,30],[-2,20],[-100,3],[264,209],[-37,40],[160,270],[100,-2],[-152,-296],[11,-34],[-30,-73],[9,-32],[-15,-10],[1,-15],[1,-3],[6,-4],[14,60],[38,-85],[-128,-44],[32,-238],[202,0],[94,99],[-15,102],[54,34],[-8,-82],[71,48],[-57,32],[64,86],[89,24],[-44,25],[130,54],[4,-56],[120,125],[79,-86],[24,90],[93,87],[33,-116],[-74,12],[34,-33],[-53,-50],[53,35],[-29,-108],[70,46],[-62,-99],[62,-16],[-31,24],[11,47],[9,4],[46,-129],[14,86],[88,-96],[45,23],[-5,-18],[4,-25],[138,-1],[-60,-66],[64,-59],[44,129],[26,-145],[29,155],[134,-76],[-32,76],[221,67],[-5,-83],[23,93],[91,1],[-10,69],[88,47],[38,5],[-64,-49],[-5,-24],[55,27],[-29,-90],[60,-19],[52,141],[52,-80],[141,82],[346,-23]],[[7903,66496],[33,79],[119,68],[-152,-147]],[[8131,66703],[-18,31],[47,18],[-29,-49]],[[7625,66687],[-2,45],[7,-41],[-5,-4]],[[8074,66649],[-13,25],[23,-12],[-10,-13]],[[8107,66686],[-21,-3],[11,11],[10,-8]],[[8051,66722],[-14,13],[19,-11],[-5,-2]],[[9284,66716],[10,-9],[-8,-3],[-2,12]],[[8736,66708],[-6,9],[8,5],[-2,-14]],[[8094,66724],[-11,-3],[-1,5],[12,-2]],[[7901,66615],[-6,2],[4,2],[2,-4]],[[8717,66698],[-6,0],[3,5],[3,-5]],[[9341,66725],[-3,-1],[1,2],[2,-1]],[[8005,66688],[-2,1],[3,1],[-1,-2]],[[8432,67112],[66,215],[72,64],[-52,-108],[-4,-86],[57,29],[-28,-88],[-111,-26]],[[8715,67401],[-224,119],[-38,72],[262,-191]],[[5639,67156],[-33,183],[18,-8],[11,10],[-13,9],[19,70],[-2,-264]],[[8379,67248],[69,134],[20,1],[-89,-135]],[[5749,67400],[-72,123],[72,-62],[0,-61]],[[8415,67337],[6,75],[8,-6],[30,7],[-44,-76]],[[5605,67413],[39,42],[13,-3],[-33,-36],[-19,-3]],[[8431,67443],[-1,-33],[-23,6],[24,27]],[[5662,67352],[-3,50],[5,13],[12,-52],[-14,-11]],[[5662,67342],[18,-8],[-6,-11],[-12,19]],[[5634,67392],[-14,9],[6,12],[8,-21]],[[8478,67422],[-7,4],[17,7],[-10,-11]],[[5775,67394],[-13,0],[7,4],[6,-4]],[[8472,67413],[-7,4],[2,4],[5,-8]],[[5795,67363],[-4,1],[0,1],[4,-2]],[[19832,28829],[-182,-75],[32,-133],[-222,-5],[-32,-118],[-239,-87],[-205,138],[20,153],[-83,5]],[[19632,26777],[-10,22],[17,-13],[-7,-9]],[[19626,26826],[-5,0],[3,6],[2,-6]],[[23766,27885],[-4,0],[3,2],[1,-2]],[[22966,27055],[23,39],[37,80],[-5,-66],[-55,-53]],[[22965,27110],[-5,-1],[1,3],[4,-2]],[[23115,27466],[9,27],[21,9],[-30,-36]],[[22113,27674],[-4,6],[17,-14],[-13,8]],[[22561,27671],[-6,8],[7,-4],[-1,-4]],[[23754,27891],[-3,-2],[0,3],[3,-1]],[[22373,28002],[-5,-1],[3,5],[2,-4]],[[20113,27085],[-2,5],[4,-1],[-2,-4]],[[20108,27074],[4,-3],[-4,0],[0,3]],[[23739,27852],[-14,2],[10,3],[4,-5]],[[23709,27864],[-3,2],[2,0],[1,-2]],[[22324,27944],[-17,5],[6,21],[11,-26]],[[22302,27972],[-2,-4],[-2,3],[4,1]],[[22298,27995],[-2,-2],[-4,3],[6,-1]],[[22296,28003],[-3,-1],[1,3],[2,-2]],[[14462,27054],[-18,29],[33,-22],[-15,-7]],[[14388,27060],[26,17],[8,-4],[-34,-13]],[[14490,27048],[-9,0],[-9,4],[18,-4]],[[19322,27260],[-3,0],[3,2],[0,-2]],[[22330,28062],[-10,2],[12,3],[-2,-5]],[[23005,28161],[-3,3],[7,2],[-4,-5]],[[23011,28170],[-5,0],[4,2],[1,-2]],[[22200,27925],[6,-29],[-10,20],[4,9]],[[22321,28025],[-11,15],[27,-11],[-16,-4]],[[22275,27914],[-91,-126],[-34,41],[125,85]],[[20174,27680],[-29,154],[64,-45],[-35,-109]],[[19631,28066],[18,-28],[-43,4],[25,24]],[[19545,27980],[29,42],[26,-17],[-55,-25]],[[19966,28042],[-44,22],[50,-13],[-6,-9]],[[19750,27752],[24,-26],[-48,10],[24,16]],[[19609,27973],[12,-23],[-30,12],[18,11]],[[22340,28057],[14,33],[17,0],[-31,-33]],[[19640,27819],[-14,-16],[-10,12],[24,4]],[[19653,27949],[8,21],[33,-13],[-41,-8]],[[19589,27797],[12,23],[8,-26],[-20,3]],[[21742,27913],[-12,18],[15,12],[-3,-30]],[[19709,27717],[-33,-3],[-2,10],[35,-7]],[[19875,27954],[-5,23],[12,-16],[-7,-7]],[[19907,27856],[-11,18],[18,2],[-7,-20]],[[22046,27868],[-16,11],[14,7],[2,-18]],[[19880,27568],[-14,15],[16,-7],[-2,-8]],[[20826,27888],[-24,6],[25,-1],[-1,-5]],[[19990,27915],[18,19],[-16,-23],[-2,4]],[[19837,28013],[4,14],[5,-13],[-9,-1]],[[21452,27889],[-9,6],[17,11],[-8,-17]],[[14848,28031],[-5,18],[10,2],[-5,-20]],[[21960,27799],[-5,10],[12,-9],[-7,-1]],[[20384,27830],[6,26],[6,0],[-12,-26]],[[20156,28054],[-7,-5],[-7,10],[14,-5]],[[20720,27577],[6,12],[0,-1],[-6,-11]],[[19824,27533],[4,-12],[-11,16],[7,-4]],[[20402,27555],[-7,7],[8,0],[-1,-7]],[[21968,27819],[-7,7],[8,-5],[-1,-2]],[[22165,28077],[-20,8],[22,-5],[-2,-3]],[[20295,28078],[-1,12],[6,-8],[-5,-4]],[[19501,27753],[1,9],[6,-5],[-7,-4]],[[19810,27509],[-10,0],[1,6],[9,-6]],[[19573,27790],[3,6],[1,-6],[-4,0]],[[22304,27985],[-8,-2],[3,6],[5,-4]],[[20401,27547],[-7,-6],[-1,2],[8,4]],[[19683,27671],[6,4],[3,4],[-1,-9],[-8,1]],[[19755,28032],[-6,4],[4,1],[2,-5]],[[19788,27486],[-6,1],[0,2],[6,-3]],[[20315,28089],[-8,2],[-1,4],[9,-6]],[[21280,28015],[-4,4],[7,-2],[-3,-2]],[[19676,27659],[-1,7],[3,-5],[-2,-2]],[[18791,28025],[-5,4],[4,1],[1,-5]],[[19813,27519],[-3,6],[3,-1],[0,-5]],[[20334,27729],[-4,-5],[0,8],[4,-3]],[[19354,27984],[-4,3],[4,0],[0,-3]],[[19414,27734],[-8,3],[8,-1],[0,-2]],[[21879,27823],[-6,1],[6,1],[0,-2]],[[20172,28064],[-4,5],[5,0],[-1,-5]],[[21966,27940],[-7,0],[7,1],[0,-1]],[[19600,27786],[4,-6],[-4,2],[0,4]],[[19425,27763],[-4,-5],[-1,4],[5,1]],[[19370,28024],[-3,6],[5,-3],[-2,-3]],[[22084,27927],[-1,6],[5,0],[-4,-6]],[[20745,27583],[-4,6],[5,-1],[-1,-5]],[[21480,27770],[-4,5],[4,0],[0,-5]],[[18901,28089],[-6,3],[6,0],[0,-3]],[[19785,27977],[-5,5],[5,-1],[0,-4]],[[20390,27812],[-4,5],[6,-4],[-2,-1]],[[19583,27798],[-3,5],[4,-4],[-1,-1]],[[20107,27719],[-5,0],[1,1],[4,-1]],[[20119,27764],[5,1],[-1,-2],[-4,1]],[[20107,27710],[4,1],[-1,-4],[-3,3]],[[20704,27586],[-5,1],[1,4],[4,-5]],[[19483,27741],[-3,6],[4,-3],[-1,-3]],[[19402,28006],[-8,7],[0,1],[8,-8]],[[20119,27390],[-2,4],[3,0],[-1,-4]],[[19637,27794],[-4,1],[3,3],[1,-4]],[[20091,28016],[5,-2],[-4,-2],[-1,4]],[[18898,28070],[-2,3],[4,1],[-2,-4]],[[18876,28098],[4,-3],[-4,1],[0,2]],[[19913,27847],[-4,3],[6,0],[-2,-3]],[[19966,27504],[3,-4],[-5,0],[2,4]],[[19887,27862],[-3,3],[3,2],[0,-5]],[[19920,27736],[-3,2],[2,3],[1,-5]],[[19522,27629],[-1,6],[5,-6],[-4,0]],[[19966,27557],[-3,3],[4,1],[-1,-4]],[[19995,27930],[-3,-4],[1,5],[2,-1]],[[20119,27712],[-4,3],[3,1],[1,-4]],[[19974,27523],[-3,1],[4,2],[-1,-3]],[[19706,27708],[3,-2],[-3,0],[0,2]],[[18909,27640],[2,-3],[-3,-1],[1,4]],[[19980,28056],[-3,2],[2,0],[1,-2]],[[19698,27955],[2,-3],[-2,0],[0,3]],[[22166,27991],[-4,-1],[1,2],[3,-1]],[[19895,28089],[-3,3],[2,0],[1,-3]],[[20192,28047],[-3,1],[1,1],[2,-2]],[[14748,27984],[-4,1],[4,1],[0,-2]],[[20299,28096],[2,-2],[-2,-1],[0,3]],[[18943,27635],[-2,3],[2,0],[0,-3]],[[22036,27884],[-3,1],[2,0],[1,-1]],[[21287,28018],[-3,2],[3,0],[0,-2]],[[14639,27921],[-1,1],[2,1],[-1,-2]],[[20907,28096],[2,-1],[-2,0],[0,1]],[[14805,28036],[0,0]],[[14806,28036],[-1,1],[1,1],[0,-2]],[[23208,28468],[-26,5],[44,6],[-18,-11]],[[23020,28340],[-2,-1],[1,1],[1,0]],[[21407,28137],[62,61],[44,0],[-106,-61]],[[18805,28048],[-42,19],[50,44],[-8,-63]],[[19662,28234],[4,49],[37,-29],[-41,-20]],[[18964,28121],[-15,44],[23,-35],[-8,-9]],[[21405,28117],[-31,15],[20,11],[11,-26]],[[19197,28352],[2,34],[22,-24],[-24,-10]],[[19629,28170],[5,33],[20,-18],[-25,-15]],[[19389,28362],[-12,27],[16,-12],[-4,-15]],[[22972,28122],[-28,1],[6,11],[22,-12]],[[19640,28372],[-26,9],[30,6],[-4,-15]],[[19444,28367],[-23,14],[27,8],[-4,-22]],[[19593,28227],[19,4],[20,-7],[-28,-19],[-11,22]],[[22443,28079],[-12,7],[16,19],[-4,-26]],[[18963,28177],[-14,13],[16,5],[-2,-18]],[[20778,28256],[-16,5],[29,-1],[-13,-4]],[[20164,28113],[12,25],[6,-9],[-18,-16]],[[20323,28106],[-13,12],[14,-9],[-1,-3]],[[21280,28454],[-3,-27],[-2,-1],[5,28]],[[21010,28154],[5,-20],[-11,19],[6,1]],[[21479,28240],[-14,3],[12,10],[2,-13]],[[21059,28142],[-13,11],[16,3],[-3,-14]],[[21411,28262],[-10,-15],[1,19],[9,-4]],[[21443,28395],[-12,-9],[-4,4],[16,5]],[[20805,28135],[12,16],[-9,-26],[-3,10]],[[21076,28177],[-9,11],[11,-6],[-2,-5]],[[20924,28139],[-17,-1],[0,1],[17,0]],[[21535,28368],[-2,18],[6,-4],[-4,-14]],[[19941,28094],[18,8],[5,-6],[-23,-2]],[[21508,28246],[-11,6],[9,5],[2,-11]],[[21197,28177],[-5,-16],[-1,21],[6,-5]],[[21185,28386],[-10,4],[12,5],[-2,-9]],[[19412,28402],[5,-13],[-4,-2],[-1,15]],[[20594,28203],[-11,3],[12,-1],[-1,-2]],[[20532,28275],[-2,10],[10,0],[-8,-10]],[[20320,28287],[-12,11],[1,2],[11,-13]],[[22112,28216],[-4,-7],[-6,-3],[10,10]],[[19838,28098],[-9,5],[14,-1],[-5,-4]],[[19153,28394],[-4,-8],[-5,-3],[9,11]],[[19696,28166],[-7,6],[8,6],[-1,-12]],[[20741,28287],[-10,0],[2,6],[8,-6]],[[21060,28160],[7,9],[3,-2],[-10,-7]],[[20666,28297],[-11,-4],[-4,4],[15,0]],[[21392,28255],[-6,1],[4,5],[2,-6]],[[20897,28124],[-5,7],[6,-4],[-1,-3]],[[20309,28250],[-13,17],[1,2],[12,-19]],[[20866,28291],[-8,5],[15,-1],[-7,-4]],[[22134,28189],[-7,3],[3,3],[4,-6]],[[20257,28173],[-5,-5],[-1,4],[6,1]],[[18869,28108],[-6,7],[8,-1],[-2,-6]],[[21206,28191],[-10,0],[2,3],[8,-3]],[[21061,28131],[-4,5],[6,-1],[-2,-4]],[[21535,28169],[5,8],[0,-2],[-5,-6]],[[22288,28138],[-8,-2],[0,1],[8,1]],[[21198,28303],[-8,-2],[0,2],[8,0]],[[21125,28096],[-7,4],[9,2],[-2,-6]],[[19408,28433],[3,-8],[-7,7],[4,1]],[[20158,28109],[-4,6],[6,-2],[-2,-4]],[[21402,28368],[-7,9],[10,-7],[-3,-2]],[[21422,28211],[-5,-1],[-3,3],[8,-2]],[[21751,28426],[-3,-4],[0,13],[3,-9]],[[21529,28143],[-4,4],[5,1],[-1,-5]],[[22545,28376],[-6,-3],[5,7],[1,-4]],[[22165,28149],[-6,-1],[5,6],[1,-5]],[[18886,28441],[-7,-1],[6,6],[1,-5]],[[18992,28164],[-3,-3],[-4,3],[7,0]],[[22982,28146],[-5,0],[1,1],[4,-1]],[[22073,28284],[-5,0],[7,5],[-2,-5]],[[19252,28410],[1,-2],[-6,-4],[5,6]],[[20678,28286],[-6,-1],[-1,2],[7,-1]],[[21418,28406],[7,9],[2,0],[-9,-9]],[[21105,28376],[-4,-3],[1,6],[3,-3]],[[20298,28185],[-6,-1],[0,2],[6,-1]],[[21754,28411],[0,8],[2,2],[-2,-10]],[[21679,28262],[-5,2],[5,-1],[0,-1]],[[20311,28173],[-4,0],[4,3],[0,-3]],[[20889,28148],[-3,-5],[-2,6],[5,-1]],[[21012,28175],[-5,0],[1,3],[4,-3]],[[19270,28451],[-6,2],[1,1],[5,-3]],[[21590,28248],[-6,4],[5,2],[1,-6]],[[22120,28351],[-6,-5],[5,6],[1,-1]],[[22135,28293],[-5,1],[7,2],[-2,-3]],[[20292,28200],[-3,0],[4,6],[-1,-6]],[[20073,28103],[-3,0],[1,3],[2,-3]],[[20934,28343],[-5,-1],[2,3],[3,-2]],[[22927,28108],[-4,-2],[4,6],[0,-4]],[[20963,28376],[-5,2],[6,1],[-1,-3]],[[19400,28352],[-4,1],[5,2],[-1,-3]],[[16905,28437],[0,4],[2,-1],[-2,-3]],[[21136,28107],[-3,-3],[1,5],[2,-2]],[[20881,28115],[-5,3],[7,-1],[-2,-2]],[[19242,28411],[2,-4],[-2,1],[0,3]],[[21207,28447],[-3,0],[0,3],[3,-3]],[[22127,28138],[-2,3],[3,-1],[-1,-2]],[[21590,28215],[-4,1],[1,1],[3,-2]],[[20754,28251],[-2,3],[3,1],[-1,-4]],[[19614,28169],[-3,2],[3,2],[0,-4]],[[21077,28190],[-5,0],[5,2],[0,-2]],[[19382,28393],[-4,2],[5,1],[-1,-3]],[[22133,28318],[-3,2],[4,2],[-1,-4]],[[21609,28249],[-6,-3],[5,4],[1,-1]],[[20240,28219],[-2,-3],[-1,2],[3,1]],[[20387,28195],[-3,0],[3,2],[0,-2]],[[22976,28126],[-4,3],[3,1],[1,-4]],[[20999,28161],[-3,2],[3,1],[0,-3]],[[20793,28301],[-4,-2],[4,3],[0,-1]],[[19585,28359],[0,-3],[-3,2],[3,1]],[[19580,28356],[-3,1],[1,1],[2,-2]],[[21251,28444],[-1,3],[2,-1],[-1,-2]],[[20292,28192],[-3,-2],[1,3],[2,-1]],[[21795,28426],[0,4],[1,-1],[-1,-3]],[[22550,28381],[-4,0],[1,2],[3,-2]],[[19700,28212],[-4,0],[0,1],[4,-1]],[[19348,28395],[-2,-3],[0,2],[2,1]],[[21191,28290],[-3,-1],[1,3],[2,-2]],[[21023,28184],[-3,-1],[1,3],[2,-2]],[[19594,28218],[-3,1],[4,1],[-1,-2]],[[19612,28355],[-1,-3],[-3,0],[4,3]],[[19665,28192],[-4,2],[3,2],[1,-4]],[[21143,28398],[-3,1],[2,1],[1,-2]],[[19139,28368],[-3,1],[3,2],[0,-3]],[[20291,28210],[-1,-4],[-1,2],[2,2]],[[18865,28100],[4,1],[0,-1],[-4,0]],[[19258,28375],[-3,0],[2,2],[1,-2]],[[22157,28144],[0,-3],[-2,1],[2,2]],[[16810,28445],[2,5],[-1,-7],[-1,2]],[[21597,28211],[-2,1],[3,2],[-1,-3]],[[21598,28236],[-3,0],[3,1],[0,-1]],[[21066,28173],[-3,1],[3,0],[0,-1]],[[21139,28345],[-3,0],[2,2],[1,-2]],[[21246,28440],[-2,1],[2,2],[0,-3]],[[21601,28209],[-1,2],[1,-1],[0,-1]],[[15564,28275],[2,-3],[-2,1],[0,2]],[[19662,28190],[-2,0],[2,1],[0,-1]],[[19697,28210],[-3,0],[1,2],[2,-2]],[[21592,28209],[-1,-2],[-1,1],[2,1]],[[20794,28307],[-1,-2],[0,2],[1,0]],[[21085,28177],[-3,0],[2,2],[1,-2]],[[16698,28453],[-2,1],[3,0],[-1,-1]],[[16742,28467],[0,0]],[[17078,28464],[-1,-1],[0,1],[1,0]],[[17089,28485],[0,0]],[[17069,28457],[0,0]],[[17076,28478],[0,0]],[[15319,30305],[-66,249],[193,140],[-73,112],[410,16],[83,231],[706,664],[-59,0]],[[24437,30924],[-243,-395],[-224,-723],[-47,-382],[-219,-117],[6,-99],[-224,-187],[-58,-195],[36,-86],[-234,-149],[-37,-87],[-142,-31],[-85,-152],[-352,128],[-90,-66],[-94,-177],[-268,-106],[20,78],[-51,39],[27,87],[-59,121],[-241,138],[-94,-89],[-7,-44],[-88,47],[-229,-69],[-121,94],[-335,-44],[-103,-198],[8,37],[-38,34],[-46,4],[-58,-52],[-19,49],[-122,50],[-173,16],[-195,-133],[-13,-25],[19,-94],[-109,37],[-73,-85],[-60,43],[-112,-43],[-61,331],[-179,299],[182,101]],[[19832,28829],[-1,90],[-911,1],[1,-213]],[[18921,28707],[83,-15],[-20,-143],[-106,-106],[-203,198],[-414,41],[-201,-102],[-151,17],[-47,-95],[-167,84],[-199,-70],[-302,48],[-60,-28],[-64,-59],[5,-19],[-477,19],[-87,-49],[11,-67],[-264,-132],[-445,115],[-226,-64],[-178,90],[-216,-158],[-203,23],[-103,-61],[-46,-103],[-68,-41],[-16,-35],[-10,-4],[-10,-18],[-197,-93],[-301,-564],[-101,0],[99,-7],[10,-199],[74,-68],[61,17],[14,-30],[-160,-70],[-122,129],[-100,-78],[-128,27],[-49,40]],[[13837,27077],[0,713],[-292,410],[153,-2],[202,248],[325,0],[0,270],[-106,1],[-38,115],[52,65],[-32,87],[216,385]],[[14317,29369],[-211,152],[511,567],[201,-172],[501,389]],[[24258,28603],[21,-58],[-22,-2],[1,60]],[[24175,28916],[14,-8],[-17,-5],[3,13]],[[18233,28530],[4,-14],[-10,-1],[6,15]],[[24188,28944],[1,18],[6,4],[-7,-22]],[[24257,28563],[-12,-3],[-1,14],[13,-11]],[[24334,28837],[-15,-7],[15,10],[0,-3]],[[19702,28498],[-9,1],[4,6],[5,-7]],[[23911,29193],[-9,2],[7,3],[2,-5]],[[24067,28820],[-7,3],[8,4],[-1,-7]],[[23418,28675],[-3,0],[11,11],[-8,-11]],[[24171,28886],[-6,3],[4,3],[2,-6]],[[24147,28933],[2,-9],[-6,3],[4,6]],[[19570,28567],[-11,4],[14,-1],[-3,-3]],[[24241,28575],[-9,-2],[9,4],[0,-2]],[[23940,28649],[-5,-1],[5,6],[0,-5]],[[19585,28505],[-7,-3],[2,6],[5,-3]],[[24332,28958],[-5,-2],[5,3],[0,-1]],[[23256,28585],[-1,3],[3,-1],[-2,-2]],[[23973,29204],[-2,-3],[-1,1],[3,2]],[[19723,28509],[-4,0],[0,1],[4,-1]],[[23402,28640],[-4,0],[4,3],[0,-3]],[[23233,28576],[-4,2],[4,0],[0,-2]],[[23875,29231],[-3,1],[3,1],[0,-2]],[[24245,28900],[3,-2],[-2,0],[-1,2]],[[24147,28912],[-2,1],[2,2],[0,-3]],[[23903,29216],[-1,4],[2,-1],[-1,-3]],[[23885,29248],[-3,-1],[1,2],[2,-1]],[[24351,28683],[-1,2],[2,-1],[-1,-1]],[[21847,28544],[-2,-1],[1,3],[1,-2]],[[23895,29205],[-3,-1],[2,2],[1,-1]],[[23881,29243],[-2,1],[1,1],[1,-2]],[[23541,28969],[-3,0],[1,2],[2,-2]],[[19728,28512],[-2,0],[1,1],[1,-1]],[[23889,29227],[-2,0],[1,2],[1,-2]],[[19726,28512],[-2,1],[1,1],[1,-2]],[[23865,29209],[0,-1],[-1,1],[1,0]],[[23866,29205],[-1,2],[1,0],[0,-2]],[[1536,54477],[2,-30],[-40,87],[52,1],[-14,-58]],[[1558,54479],[-6,28],[18,-16],[-12,-12]],[[1691,54455],[-135,-1],[19,36],[-14,44],[68,44],[47,2],[10,14],[-115,5],[111,12],[43,87],[150,2]],[[3095,61425],[-2,0],[0,1],[2,-1]],[[874,50356],[18,-7],[-1,-12],[-17,19]],[[3058,61428],[-3,-3],[2,4],[1,-1]],[[2641,61420],[45,127],[8,-33],[-12,-49],[-41,-45]],[[2609,61510],[-4,-2],[3,7],[1,-5]],[[3186,61494],[-4,-1],[0,1],[4,0]],[[2649,61555],[-3,-1],[1,2],[2,-1]],[[413,54201],[46,565],[42,106],[-21,-522],[-67,-149]],[[504,54884],[-3,3],[3,3],[0,-6]],[[520,54747],[-3,0],[1,1],[2,-1]],[[2726,61638],[-11,-29],[-1,38],[12,-9]],[[3149,61691],[-10,-13],[-1,3],[11,10]],[[2621,61539],[-1,22],[8,10],[-7,-32]],[[2720,61678],[-3,0],[2,4],[1,-4]],[[2982,61594],[-3,-1],[0,3],[3,-2]],[[3144,61569],[-2,-1],[1,2],[1,-1]],[[3136,61572],[-3,0],[1,1],[2,-1]],[[3166,61674],[-1,1],[0,1],[1,-2]],[[1835,49696],[-35,29],[29,10],[6,-39]],[[1561,49674],[-9,-3],[8,4],[1,-1]],[[1651,49734],[-2,-5],[0,1],[2,4]],[[1654,49697],[-3,-2],[0,5],[3,-3]],[[1601,49501],[-5,-1],[1,2],[4,-1]],[[1528,49610],[-5,0],[-1,1],[6,-1]],[[1727,49587],[-2,-2],[0,2],[2,0]],[[1567,49558],[-1,3],[4,3],[-3,-6]],[[1600,49362],[-3,1],[1,1],[2,-2]],[[1724,49592],[-2,-3],[-1,2],[3,1]],[[964,50153],[-2,-1],[1,1],[1,0]],[[978,50151],[-3,-1],[1,2],[2,-1]],[[1490,54543],[20,17],[7,-5],[-27,-12]],[[1042,55639],[-4,1],[4,3],[0,-4]],[[1499,54561],[-5,1],[0,3],[5,-4]],[[3296,61982],[-17,-3],[-2,7],[19,-4]],[[3257,62000],[-10,-5],[4,9],[6,-4]],[[3227,61924],[-10,-1],[4,10],[6,-9]],[[2760,61821],[-11,-8],[11,11],[0,-3]],[[3315,61899],[-3,0],[0,4],[3,-4]],[[3306,61987],[-5,-1],[5,2],[0,-1]],[[3146,61698],[0,0]],[[2036,50162],[-22,84],[15,18],[7,-102]],[[1267,50128],[-13,4],[11,2],[2,-6]],[[1567,49774],[-8,16],[7,0],[1,-16]],[[2068,49966],[-8,6],[2,15],[6,-21]],[[2057,49963],[-2,-2],[0,17],[2,-15]],[[1252,50079],[-8,6],[1,2],[7,-8]],[[2039,50287],[-6,-4],[5,7],[1,-3]],[[2233,50550],[-5,0],[12,11],[-7,-11]],[[2056,49982],[-2,8],[6,5],[-4,-13]],[[1251,50110],[-4,-3],[3,4],[1,-1]],[[1435,49858],[-4,1],[3,1],[1,-2]],[[1243,50351],[-4,-2],[3,5],[1,-3]],[[2040,50154],[-3,-1],[2,3],[1,-2]],[[1393,49865],[-3,-1],[1,2],[2,-1]],[[1389,50218],[-3,1],[2,2],[1,-3]],[[1498,50070],[-4,2],[3,1],[1,-3]],[[1811,49990],[-4,0],[1,3],[3,-3]],[[1391,50212],[-3,3],[2,1],[1,-4]],[[1641,49871],[-4,0],[1,2],[3,-2]],[[1496,50092],[1,7],[1,-2],[-2,-5]],[[1383,49990],[-3,0],[1,3],[2,-3]],[[1266,50288],[-3,1],[2,2],[1,-3]],[[1249,50408],[-2,-2],[1,4],[1,-2]],[[1490,49966],[-1,6],[2,-2],[-1,-4]],[[1477,49866],[-3,-1],[1,2],[2,-1]],[[2067,51179],[-5,6],[-93,81],[68,-42],[30,-45]],[[2056,51132],[0,-57],[-26,-42],[26,99]],[[1684,50999],[1,31],[24,41],[-1,34],[9,-16],[-33,-90]],[[1682,50915],[-6,46],[3,37],[3,-83]],[[1687,50861],[-6,26],[0,23],[10,-43],[-4,-6]],[[2108,51397],[-18,6],[-13,8],[10,1],[21,-15]],[[1710,51161],[-7,-2],[8,27],[-1,-25]],[[1691,51051],[-4,-5],[0,13],[4,-8]],[[2822,50807],[-3,6],[9,4],[-6,-10]],[[2837,51043],[-3,-12],[0,23],[3,-11]],[[2050,51236],[-3,-9],[2,10],[1,-1]],[[974,50690],[-5,-4],[1,3],[4,1]],[[1725,50703],[-3,-6],[1,9],[2,-3]],[[1702,51116],[-3,-1],[-1,2],[4,-1]],[[2813,50947],[1,-3],[-6,4],[5,-1]],[[1259,50607],[-6,5],[2,2],[4,-7]],[[2035,51310],[3,-4],[-2,-2],[-1,6]],[[833,51028],[-3,-1],[0,7],[3,-6]],[[2057,51214],[-4,-1],[-1,5],[5,-4]],[[2055,51067],[-1,3],[1,0],[0,-3]],[[1055,51010],[-3,1],[0,1],[3,-2]],[[1242,50615],[4,-1],[0,-2],[-4,3]],[[2119,51395],[-4,-1],[0,1],[4,0]],[[1405,51001],[-3,0],[2,2],[1,-2]],[[671,50911],[-4,1],[3,1],[1,-2]],[[2825,50976],[-3,2],[3,-1],[0,-1]],[[1033,50976],[-3,0],[2,3],[1,-3]],[[592,51269],[-3,1],[3,1],[0,-2]],[[1012,51105],[-1,3],[3,-1],[-2,-2]],[[2813,50957],[-1,-2],[0,2],[1,0]],[[2822,50954],[-1,0],[1,1],[0,-1]],[[202,52724],[191,-1070],[100,-58],[-64,-100],[23,-159],[67,99],[-2,-105],[114,-165],[40,-201],[-47,-163],[-541,1105],[-83,728],[92,139],[110,-50]],[[2125,51800],[22,-231],[-86,30],[-61,205],[125,-4]],[[412,54185],[-92,-812],[25,588],[67,224]],[[2389,52292],[-18,10],[2,16],[16,-26]],[[2070,53207],[-11,-2],[-5,22],[16,-20]],[[2459,52186],[-20,11],[-1,9],[21,-20]],[[2383,52253],[-14,9],[3,4],[11,-13]],[[2009,51666],[-7,-2],[0,10],[7,-8]],[[2143,51721],[-7,-1],[5,9],[2,-8]],[[2472,52179],[-7,2],[-1,6],[8,-8]],[[2476,52170],[-7,-2],[-2,6],[9,-4]],[[2039,51839],[-3,4],[5,-2],[-2,-2]],[[2079,53196],[-6,6],[1,1],[5,-7]],[[2130,53004],[-4,1],[-1,4],[5,-5]],[[2067,53226],[-4,3],[0,1],[4,-4]],[[2396,52282],[-2,-2],[0,4],[2,-2]],[[2376,52322],[-3,-1],[-1,2],[4,-1]],[[2369,52331],[-3,0],[0,3],[3,-3]],[[2395,52271],[-3,-1],[1,4],[2,-3]],[[497,51534],[-3,0],[0,2],[3,-2]],[[2083,53186],[-3,1],[1,3],[2,-4]],[[2329,52383],[-3,-1],[1,3],[2,-2]],[[3531,62031],[0,-655],[169,-1],[0,-472],[254,0]],[[3954,60903],[0,-108],[-179,-580]],[[3775,60215],[82,0],[0,-78],[-242,-103],[0,-143],[-256,0],[0,-161],[142,1],[0,-162],[277,1],[1,-262],[-89,0],[-1,-491],[229,0],[-1,-181],[993,0],[0,174],[611,0],[1,-267],[117,0],[-14,-263],[171,0],[0,-288],[214,0],[49,-484],[315,-71],[0,-60],[234,0],[0,896],[209,0],[0,-71],[131,0],[0,-84],[116,0],[0,-68],[231,0],[0,161],[427,2],[2,257],[223,0],[-1,-187],[565,5],[-1,-671],[1663,35]],[[4949,47757],[0,-252],[-1638,58]],[[2246,47717],[-395,870],[-430,744],[-623,784],[-42,307],[-262,412],[226,-115],[20,-146],[64,653],[59,-929],[63,19],[27,-198],[56,21],[12,-76],[-4,66],[-93,274],[-40,1],[61,259],[47,-5],[-49,564],[72,-279],[103,-143],[135,-580],[-65,-327],[57,24],[54,308],[-26,116],[-48,34],[94,89],[33,-548],[53,-102],[-41,-201],[106,-93],[-30,272],[45,66],[5,-129],[11,-14],[20,218],[-11,-312],[36,-139],[26,71],[21,-4],[0,-226],[89,35],[-39,175],[112,-46],[66,88],[84,-69],[162,296],[10,170],[-37,169],[23,162],[-180,240],[-238,100],[-145,338],[-88,10],[-46,436],[-90,78],[-10,195],[-112,123],[38,75],[-13,214],[-61,0],[54,-220],[-119,176],[38,286],[171,354],[31,-302],[72,-80],[49,42],[55,-270],[250,-228],[-1,-216],[87,-31],[-59,-390],[-75,-91],[3,-251],[59,-160],[-55,-36],[85,-21],[24,63],[58,-82],[108,173],[116,270],[-10,-23],[13,113],[-43,211],[26,32],[81,-108],[-46,-152],[38,-253],[79,-59],[-28,-176],[83,-401],[225,-358],[289,273],[60,171],[-107,383],[76,177],[4,-133],[35,-2],[28,60],[-33,209],[-97,258],[52,42],[11,-53],[47,-15],[43,30],[-39,132],[43,141],[-133,100],[-186,361],[-62,92],[-120,98],[28,-14],[-64,125],[-32,16],[24,-6],[-51,161],[-125,258],[22,49],[-91,140],[25,27],[-48,185],[-161,472],[-227,203],[-103,246],[59,259],[-42,44],[79,42]],[[1691,54455],[65,-102],[-48,208],[167,139]],[[1875,54700],[-382,-129],[12,326],[-423,666],[-61,301],[-21,542],[116,122],[-46,401],[79,85],[25,332],[309,774],[304,297],[53,145],[36,526],[-74,505],[113,111],[30,367],[-154,577],[-184,113],[35,153],[-70,247],[129,176],[222,585],[387,1272],[181,172],[188,88],[56,-84],[-92,-150],[-148,-831],[114,-311],[-37,-201],[135,75],[0,-139],[-122,-181],[47,-353],[300,301],[76,-19],[3,-140],[11,-48],[1,75],[35,-106],[12,77],[67,-25],[14,97],[44,-14],[-7,18],[-23,7],[-21,57],[60,35],[-33,107],[52,-20],[15,9],[-49,104],[110,-8],[-86,127],[31,-4],[16,73],[29,-27],[4,-37],[25,-37],[2,6],[0,101],[-64,43],[275,0]],[[18539,37508],[86,-125],[-40,-41],[-101,89],[55,77]],[[18397,37460],[141,175],[60,-67],[-170,-163],[-31,55]],[[18433,37633],[120,22],[-52,-90],[-104,-105],[36,173]],[[18542,37403],[-114,2],[43,56],[71,-58]],[[15334,31717],[9,7527],[15886,52]],[[34806,38827],[0,-3261]],[[34806,35566],[0,-732]],[[34806,34834],[-1489,-845],[-2140,-801],[-1415,-150],[-1017,220],[-524,-157],[-929,-759],[-1095,-520],[-446,-408],[-988,-252],[-326,-238]],[[24437,30924],[-1,442],[-1648,-3],[0,548],[75,0],[0,386],[-6350,-13],[0,-567]],[[16513,31717],[-1179,0]],[[18396,37462],[189,-120],[112,121],[-204,221],[-94,-91],[-3,-131]],[[25421,58671],[9382,0]],[[34803,58671],[3,-19844]],[[34806,38827],[-3577,0],[0,469]],[[31229,39296],[-15895,-52],[-3262,1586]],[[18625,37383],[-82,186],[55,-1],[99,-105],[-72,-80]],[[3647,43276],[15,112],[58,11],[-11,-145],[-141,-30],[79,52]],[[3896,43083],[-120,-141],[-101,287],[44,129],[99,-136],[61,35],[-30,-116]],[[3789,43812],[-50,-52],[66,-125],[-22,-92],[65,-15],[-29,-264],[-156,124],[-107,464]],[[3639,43200],[36,22],[116,-292],[-33,-57],[-119,327]],[[4933,42570],[126,0],[-42,-1962]],[[4397,40610],[84,558],[-370,1254],[91,108],[589,23]],[[10173,57652],[0,153],[191,0],[64,352],[0,246],[-186,0],[0,137],[-46,0],[0,138],[171,0],[0,172]],[[10367,58850],[597,-44],[0,54],[189,0]],[[11153,58860],[0,236]],[[11153,59096],[192,0],[0,-63],[560,0]],[[11905,59033],[0,-362]],[[11905,58671],[850,0],[0,62],[141,0],[0,-62],[4131,0],[-45,-429],[-216,-402]],[[16766,57840],[723,0]],[[17489,57840],[0,831],[7932,0]],[[25421,58671],[0,-9552],[-3511,-2],[0,184],[-179,0],[0,79],[-595,0],[0,-168],[-494,0],[0,-334],[-1477,62],[0,-1397],[-3725,0],[35,-932],[179,0],[-7,-1257],[91,1],[0,-705],[-327,0],[0,-500],[-525,0],[0,-1109],[-58,0],[0,-195],[-244,-572],[-690,6],[-312,-520],[-1040,-4],[0,536],[-616,5],[0,-504],[146,-963]],[[12072,40830],[-1750,0],[58,-122],[-40,-60],[-268,169],[-63,-252],[41,-150]],[[10050,40415],[-146,-131]],[[9904,40284],[-868,0]],[[9036,40284],[1,1039]],[[6841,43043],[-8,143]],[[4983,47263],[-34,494]],[[4949,47757],[228,0],[-44,58],[28,1186],[206,0],[0,1470],[236,0],[-96,1188],[311,111],[0,273],[194,0],[0,141],[1648,1],[0,170],[78,0],[0,120],[895,1],[0,-154],[719,0],[0,85],[102,0],[0,69],[171,0],[-5,627],[664,-1],[0,-73],[173,0],[-46,513],[125,0],[0,1040],[-158,0],[0,207],[325,0],[0,220],[-547,37],[0,463],[130,0],[-28,460],[333,0],[23,1164],[-47,0],[0,236],[-394,0],[0,283]],[[4363,39310],[-3,3],[3,0],[0,-3]],[[4225,40268],[0,0]],[[4367,39333],[-3,2],[3,1],[0,-3]],[[4393,39602],[-1,1],[1,1],[0,-2]],[[4402,39640],[-2,1],[0,1],[2,-2]],[[4403,39781],[-2,-1],[0,1],[2,0]],[[4439,39895],[-2,2],[1,1],[1,-3]],[[4430,39868],[0,3],[1,-2],[-1,-1]],[[4433,39880],[-2,0],[0,1],[2,-1]],[[5017,40608],[42,1991],[165,0]],[[6765,43392],[0,-88],[63,-5],[13,-256]],[[6841,43043],[150,0],[0,-85],[169,-132],[1,-88],[240,1],[0,-185],[78,0],[0,-225],[356,35],[0,502],[174,1],[-2,120],[460,2],[1,-275],[205,1],[0,-319],[256,26],[28,-173],[-71,-61],[0,-126],[262,0],[0,-219],[-268,0],[0,-520],[157,0]],[[9037,41323],[-1,-958]],[[9036,40365],[-531,0],[0,87],[-138,0],[13,-181],[96,-98],[-112,-83],[60,-61],[-107,54],[-50,-105],[-917,-53],[0,-106],[73,0],[-5,-647],[-126,0],[0,67],[-259,-114],[-122,72],[-527,5]],[[6384,39202],[0,-57]],[[6384,39145],[-176,-28],[0,203]],[[6208,39320],[-320,-161],[-353,-42],[-7,93]],[[5528,39210],[-534,1],[-47,192]],[[4947,39403],[-289,1],[0,91]],[[4658,39495],[-90,0],[13,-203],[-86,1]],[[4495,39293],[-106,272],[31,123],[-14,98],[32,83],[11,98],[-52,643]],[[4397,40610],[620,-2]],[[1950,43506],[2,-1],[-1,-1],[-1,2]],[[1963,43514],[-7,13],[5,0],[2,-13]],[[2237,42641],[-2,-1],[1,1],[1,0]],[[2014,42873],[-2,0],[0,2],[2,-2]],[[2057,42969],[-2,2],[1,1],[1,-3]],[[1846,43356],[-3,-2],[3,5],[0,-3]],[[1958,43543],[-6,-3],[0,14],[6,-11]],[[1951,43561],[-4,-2],[-1,5],[5,-3]],[[1624,44165],[-3,2],[4,0],[-1,-2]],[[1451,44601],[-7,54],[17,-23],[-10,-31]],[[2014,42921],[4,15],[3,-18],[-7,3]],[[1845,43464],[-3,1],[4,0],[-1,-1]],[[2021,42894],[-2,-1],[0,2],[2,-1]],[[1851,43366],[-2,0],[1,2],[1,-2]],[[2070,43671],[-4,-2],[0,2],[4,0]],[[1641,44096],[-9,83],[41,40],[16,-71],[-48,-52]],[[1690,44137],[-4,2],[3,0],[1,-2]],[[1668,44120],[0,3],[2,-1],[-2,-2]],[[1673,44120],[-2,2],[2,0],[0,-2]],[[1697,44138],[-2,0],[1,2],[1,-2]],[[2922,44872],[0,0]],[[2359,43023],[-3,2],[2,2],[1,-4]],[[2360,43028],[-3,2],[2,1],[1,-3]],[[2355,43029],[-2,0],[1,1],[1,-1]],[[2239,42644],[10,151],[82,94],[-92,-245]],[[2134,42877],[2,-17],[-7,-5],[5,22]],[[2315,42995],[-3,3],[11,-3],[-8,0]],[[2273,42988],[-7,2],[5,7],[2,-9]],[[2101,42894],[-3,7],[5,0],[-2,-7]],[[2296,42974],[-5,2],[3,4],[2,-6]],[[2327,42971],[-4,4],[5,-1],[-1,-3]],[[2252,42983],[-2,0],[6,3],[-4,-3]],[[2246,42968],[-3,3],[4,3],[-1,-6]],[[2048,42842],[-4,-1],[0,4],[4,-3]],[[2070,42862],[-5,3],[6,0],[-1,-3]],[[2153,42924],[-3,-4],[2,6],[1,-2]],[[2057,42850],[-3,2],[3,1],[0,-3]],[[2241,42963],[-4,-4],[3,5],[1,-1]],[[2332,42967],[-4,0],[2,3],[2,-3]],[[2047,42873],[-6,-1],[0,1],[6,0]],[[2336,42892],[-1,4],[2,0],[-1,-4]],[[2293,42988],[-3,0],[0,1],[3,-1]],[[2332,42895],[-2,3],[2,1],[0,-4]],[[2027,42859],[4,0],[-1,-2],[-3,2]],[[2058,42865],[2,-1],[-3,0],[1,1]],[[2203,42889],[1,-3],[-2,1],[1,2]],[[1737,44208],[-27,40],[58,11],[-31,-51]],[[1833,44117],[-6,28],[2,5],[4,-33]],[[1711,44179],[-9,-10],[9,13],[0,-3]],[[1702,44152],[-1,6],[4,1],[-3,-7]],[[1819,44056],[-5,0],[3,5],[2,-5]],[[1732,44182],[-4,-2],[4,3],[0,-1]],[[1738,44111],[2,-4],[-3,0],[1,4]],[[1767,44114],[-3,1],[3,1],[0,-2]],[[1710,44187],[-4,0],[3,2],[1,-2]],[[1724,44156],[-2,1],[2,2],[0,-3]],[[1701,44122],[-3,-2],[0,2],[3,0]],[[1830,44156],[-2,1],[0,1],[2,-2]],[[1759,44060],[0,2],[1,-1],[-1,-1]],[[1808,44132],[2,-1],[-2,-1],[0,2]],[[1844,43441],[13,-36],[-4,-3],[-9,39]],[[1967,43401],[7,65],[3,-27],[-10,-38]],[[2025,43494],[-8,14],[22,0],[-14,-14]],[[1905,43318],[-13,0],[17,7],[-4,-7]],[[1918,43333],[-8,9],[15,2],[-7,-11]],[[1970,43482],[-8,1],[3,7],[5,-8]],[[2403,43180],[11,-2],[0,-3],[-11,5]],[[1861,43391],[-6,-3],[5,7],[1,-4]],[[2057,43548],[-5,-1],[2,9],[3,-8]],[[1964,43393],[-4,2],[5,4],[-1,-6]],[[2055,43566],[-2,10],[3,1],[-1,-11]],[[2003,43539],[-4,3],[6,3],[-2,-6]],[[1918,44147],[-3,4],[2,2],[1,-6]],[[1895,44094],[0,5],[1,0],[-1,-5]],[[2058,43588],[-2,-6],[1,10],[1,-4]],[[2025,43558],[-3,1],[3,0],[0,-1]],[[1907,44117],[-2,3],[1,1],[1,-4]],[[1862,43252],[-3,-3],[0,6],[3,-3]],[[1858,44117],[-4,-1],[0,4],[4,-3]],[[1860,43373],[-3,1],[2,2],[1,-3]],[[1854,44093],[-3,-1],[0,1],[3,0]],[[1911,43329],[-2,0],[2,2],[0,-2]],[[2004,43553],[-1,2],[2,-1],[-1,-1]],[[1861,43400],[-1,0],[0,1],[1,-1]],[[2007,43548],[-1,1],[1,1],[0,-2]],[[2016,43547],[-1,1],[1,1],[0,-2]],[[1927,43348],[-2,0],[1,1],[1,-1]],[[2008,43541],[2,0],[0,-1],[-2,1]],[[1909,44122],[-2,0],[2,1],[0,-1]],[[2012,43541],[0,0]],[[2016,43521],[-1,2],[2,-1],[-1,-1]],[[2246,47717],[222,0],[0,340],[352,0],[0,-257],[111,0],[2,-78],[378,0],[0,-159]],[[3311,47563],[1672,-58],[0,-242]],[[4983,47263],[-58,0],[0,-312],[57,0],[0,-127],[378,-75],[-10,-369],[-150,0],[-1,-363],[107,0],[0,-347],[1140,11],[12,-380],[-123,0],[0,126],[-98,0],[0,-1175],[406,-15],[-1,210],[-137,0],[0,79],[56,0],[0,134],[192,0],[0,99],[265,0],[0,-227],[125,0],[0,-462],[71,0],[0,-301],[-197,-22],[0,-324],[133,0],[0,-235],[-317,-2]],[[6833,43186],[-68,206]],[[6765,43392],[-132,0],[-72,-168],[-159,-52],[-1,-106],[-537,-61],[-31,-306],[-61,141],[-477,0],[0,-89],[-71,0],[0,-152]],[[5224,42599],[-291,-29]],[[4933,42570],[0,92],[-142,-45],[0,-64]],[[4791,42553],[-556,-8],[-125,-123],[-352,451],[138,210]],[[3896,43083],[-47,58]],[[3849,43141],[33,112],[-69,10],[35,265],[-50,-15],[7,122],[-60,46],[44,131]],[[3789,43812],[-233,40]],[[3556,43852],[-536,968],[-318,347],[-146,733],[158,515],[-17,62],[-22,-139],[-131,600],[-298,779]],[[74199,2921],[2,3],[2,-1],[-4,-2]],[[73977,2939],[192,70],[155,-156],[11,-15],[-6,-4],[-124,92],[-14,-5],[-13,-12],[-12,-23],[15,-4],[-78,-31],[-39,-52]],[[74351,2839],[17,53],[19,-25],[-36,-28]],[[74199,2902],[9,5],[5,-9],[-14,4]],[[74195,2904],[-9,-3],[-4,-2],[2,6],[11,-1]],[[74194,2896],[-2,-4],[-2,3],[4,1]],[[74179,2896],[1,1],[2,-2],[-3,1]],[[74101,2846],[6,5],[-8,-7],[2,2]],[[74179,2899],[2,1],[1,-3],[-3,2]],[[74182,2903],[0,0]],[[74204,2911],[0,0]],[[74188,2908],[1,-1],[-1,0],[0,1]],[[74205,2913],[2,-1],[0,-1],[-2,1],[0,1]],[[74182,2905],[1,1],[0,-1],[-1,0]],[[74185,2906],[0,1],[1,0],[-1,-1]],[[74193,2909],[0,0]],[[74181,2901],[-1,1],[1,0],[0,-1]],[[74186,2898],[0,0]],[[74185,2897],[1,0],[-1,-1],[0,1]],[[74191,2907],[0,1],[1,0],[-1,-1]],[[74180,2903],[0,1],[1,0],[-1,-1]],[[74189,2893],[1,-1],[-2,1],[1,0]],[[74193,2908],[-1,1],[1,0],[0,-1]],[[74179,2903],[0,1],[1,-1],[-1,0]],[[74188,2909],[0,0]],[[74206,2911],[0,0]],[[74195,2902],[0,0]],[[74183,2906],[0,0]],[[74179,2898],[0,1],[1,-1],[-1,0]],[[74184,2907],[-1,1],[1,0],[0,-1]],[[74185,2907],[-1,0],[1,1],[0,-1]],[[74181,2905],[0,0]],[[74187,2898],[-1,1],[1,0],[0,-1]],[[74169,3009],[266,121],[194,-149],[-103,-109],[-173,17],[-184,120]],[[74346,2818],[22,74],[120,-3],[-48,-142],[39,-70],[-133,141]],[[74573,2473],[-37,54],[89,-37],[-52,-17]],[[74993,2671],[-5,8],[1,1],[4,-9]],[[74837,2658],[-4,-6],[-1,5],[5,1]],[[74929,2668],[-1,-1],[0,4],[1,-3]],[[74842,2658],[-1,3],[0,0],[1,-3]],[[74839,2658],[0,0]],[[74844,2343],[-230,268],[30,167],[71,8],[105,-152],[69,45],[217,-100],[-213,-27],[-49,-209]],[[74560,2584],[-93,69],[119,-10],[-26,-59]],[[74621,2500],[83,-24],[-27,-164],[4,90],[-60,98]],[[74601,2553],[-91,28],[106,58],[-15,-86]],[[74654,2503],[-32,98],[63,-60],[-31,-38]],[[74654,2666],[-200,-5],[-13,88],[135,75],[68,-46],[10,-112]],[[74686,2305],[-2,203],[96,-27],[-94,-176]],[[74838,1925],[0,0]],[[74838,1928],[0,0]],[[74830,1938],[-2,0],[0,1],[2,-1]],[[74828,2029],[0,0]],[[74826,2006],[9,-61],[-35,56],[26,5]],[[74683,1966],[-1,-3],[-2,0],[2,4],[1,-1]],[[74627,2200],[0,0]],[[74827,2029],[0,0]],[[74827,2027],[0,0]],[[74823,2044],[-1,0],[1,1],[0,-1]],[[74823,2044],[0,0]],[[74824,2044],[0,0]],[[74651,2224],[0,0]],[[74811,2195],[-69,1],[24,120],[122,53],[57,-125],[-51,27],[-11,-48],[41,-46],[27,74],[27,-76],[-72,-102],[-244,-74],[16,76],[-51,128],[21,8],[7,16],[-1,14],[71,-195],[77,20],[9,129]],[[74211,2884],[116,-73],[7,-50],[-266,33],[143,90]],[[74071,2573],[258,151],[18,-48],[-138,-146],[-138,43]],[[74197,2754],[91,58],[103,-72],[-159,-44],[-35,58]],[[74455,2568],[-32,89],[56,-55],[-24,-34]],[[74321,2610],[75,47],[18,-13],[-80,-133],[-13,99]],[[74287,2660],[80,-25],[-94,-18],[14,43]],[[74401,2540],[34,61],[20,-33],[-54,-28]],[[73977,2939],[87,-140]],[[74064,2799],[-27,-1],[-15,-19],[105,17],[77,-88],[-258,-9],[-107,111],[138,129]],[[74372,2549],[33,29],[-1,-34],[-32,5]],[[74361,2268],[139,66],[-49,-239],[-186,54],[-38,87],[64,95]],[[74459,2172],[67,-180],[-51,-34],[-79,139],[63,75]],[[74371,2073],[-1,4],[3,-3],[-2,-1]],[[74367,2070],[0,0]],[[74366,2070],[0,0]],[[74366,2071],[0,0]],[[74366,2064],[3,-1],[-4,0],[1,1]],[[74363,2061],[1,1],[1,-1],[-2,0]],[[74047,2063],[72,247],[146,-161],[103,6],[35,-36],[-50,-57],[-21,-140],[96,-56],[-256,-83],[-49,90],[98,135],[-174,55]],[[74104,2543],[202,66],[28,-98],[-62,-29],[85,12],[-4,-115],[-208,-130],[-41,294]],[[74489,2199],[11,135],[59,-3],[-70,-132]],[[74465,2449],[6,102],[41,-103],[-47,1]],[[74352,2528],[102,-27],[-182,-19],[80,46]],[[74438,2346],[38,99],[63,-110],[-101,11]],[[74453,2516],[-23,51],[60,9],[-37,-60]],[[74464,2421],[86,-25],[9,-65],[-71,44],[-24,46]],[[74291,2331],[182,116],[-112,-179]],[[74361,2268],[-70,63]],[[74403,2460],[52,38],[19,-43],[-71,5]],[[75479,2385],[-3,7],[6,3],[-3,-10]],[[75186,2403],[-2,-4],[0,4],[2,0]],[[75081,2526],[-2,1],[-1,1],[3,-2]],[[75531,2424],[6,28],[12,-16],[-18,-12]],[[75650,2669],[-161,-256],[-262,4],[-63,65],[35,-7],[61,51],[26,-28],[10,7],[-36,25],[-169,-19],[32,78],[-58,102],[48,70],[80,-49],[199,66],[88,190],[285,-22],[41,-48],[-141,-157],[28,-161],[-30,25],[-14,49],[2,14],[-1,1]],[[75082,2514],[-3,4],[3,2],[0,-6]],[[75081,2524],[0,0]],[[74937,2695],[0,1],[1,-1],[-1,0]],[[74785,2794],[-26,1],[-1,3],[27,-4]],[[74770,2805],[0,0]],[[74758,2767],[0,0]],[[74768,2776],[0,0]],[[74772,2800],[0,0]],[[74964,2731],[0,0]],[[75002,3021],[216,67],[212,-68],[55,-94],[-134,-167],[-251,-48],[-27,12],[-4,36],[-4,6],[-19,9],[14,-66],[-123,76],[0,-88],[-40,64],[-109,-26],[3,68],[-41,37],[0,-36],[20,-18],[2,-7],[-89,-33],[-107,79],[-93,-32],[9,111],[98,35],[23,108],[91,26],[208,-71]],[[74060,6661],[19,73],[18,-9],[-37,-64]],[[74106,6516],[36,88],[28,-65],[-64,-23]],[[74059,6656],[34,52],[30,-7],[-4,-67],[-60,22]],[[73971,6811],[0,0]],[[73956,6803],[11,21],[-5,-21],[-6,0]],[[73940,6807],[0,0]],[[73785,6839],[158,91],[-20,-132],[30,-40],[-142,18],[-26,63]],[[74047,6737],[53,60],[65,-52],[-61,-48],[-57,40]],[[74002,6783],[57,108],[175,-113],[-194,-35],[-38,40]],[[74118,6600],[16,82],[23,-64],[-39,-18]],[[74186,6538],[-33,91],[36,-16],[-3,-75]],[[74023,6462],[-73,168],[131,-112],[-58,-56]],[[74129,6715],[83,53],[18,-59],[-78,-56],[-23,62]],[[73943,6797],[2,5],[0,-5],[-2,0]],[[73887,6724],[50,82],[20,-36],[90,-46],[-127,-136],[-76,96],[-49,-56],[-77,46],[99,109],[70,-59]],[[74087,6566],[15,62],[25,-31],[-40,-31]],[[73998,6569],[110,-57],[30,-27],[-65,-19],[-75,103]],[[73948,6634],[107,15],[-51,-80],[-56,65]],[[74260,6488],[-93,140],[85,123],[187,-252]],[[74010,6591],[51,47],[26,-61],[-45,-3],[-32,17]],[[74260,6488],[-75,-43],[-62,83],[67,51],[70,-91]],[[73395,7512],[0,0]],[[73330,7600],[0,0]],[[73579,7317],[-1,1],[1,0],[0,-1]],[[73282,7471],[-2,2],[3,0],[-1,-2]],[[73283,7473],[1,-2],[-1,0],[0,2]],[[73072,7621],[73,109],[132,-43],[42,-96],[56,-2],[14,-72],[-42,9],[-82,-44],[16,-45],[103,57],[46,-158],[40,21],[-51,86],[93,38],[113,-82],[-200,-128],[25,-54],[-134,-238],[-80,80],[-164,562]],[[73080,5987],[82,-16],[27,-109],[-227,-138]],[[72460,5525],[-87,-233],[-651,-194]],[[72109,6504],[404,-73],[177,50],[-109,67],[103,274],[206,47],[65,108],[181,-24],[35,-164],[120,-34],[-49,-69],[107,-101],[-80,-223],[-181,-55]],[[73355,7015],[70,256],[123,76],[113,-185],[62,25],[-12,-160],[130,-110],[-123,-241],[-165,156],[-382,-43],[-31,265],[215,-39]],[[73650,6224],[53,221],[-94,77],[15,93],[220,69],[179,-222],[-97,-60],[57,-42],[-64,-111],[-213,-91]],[[73650,6224],[56,-66]],[[73706,6158],[6,-302]],[[73495,5924],[9,-78],[-123,44],[-196,-113],[-18,188],[-87,22]],[[73080,5987],[-45,206],[64,-11],[-11,125]],[[73088,6307],[88,-22],[159,189],[14,111],[-108,104],[23,106],[320,27],[134,-146],[-109,-153],[120,-138],[-79,-161]],[[74406,7112],[140,79],[186,-177]],[[75050,7032],[234,-511],[-509,-115],[-117,-99],[-129,127]],[[74306,6330],[-46,158]],[[74260,6488],[179,11]],[[74439,6499],[-70,139],[-101,41],[-62,140],[-147,72],[-78,-89],[-46,157],[-207,76],[74,89],[219,43]],[[74209,7398],[52,155],[154,-57]],[[73708,7217],[-2,1],[3,0],[-1,-1]],[[73589,7311],[0,0]],[[73477,7491],[8,0],[-8,-3],[0,3]],[[74209,7398],[-243,-127],[55,-104]],[[74021,7167],[-179,-47],[-184,198],[-68,-25],[25,79],[40,17],[39,-30],[9,6],[-141,154],[-157,2],[-89,236],[191,103],[183,-25],[133,137],[206,-42],[93,-55],[-53,-61],[130,103],[129,-108],[10,-290],[-119,27],[-10,-148]],[[74078,5995],[-403,64],[80,165],[221,121],[-50,57],[132,85],[76,-107],[-77,-110],[226,-302],[-281,-57]],[[73724,5477],[-262,90],[32,60],[-76,38],[-34,54]],[[73454,5736],[41,188]],[[73495,5924],[217,-68]],[[73712,5856],[29,210],[337,-71]],[[74078,5995],[-96,-36],[20,-48]],[[74002,5911],[255,40],[149,100]],[[74334,6107],[289,114],[152,185],[100,-25],[306,150],[307,-373],[8,-124],[-77,-19]],[[75432,5772],[42,-57],[139,-56]],[[76016,5797],[124,260],[202,-204],[-122,-79],[-19,-164],[59,-79]],[[75577,4218],[-569,141]],[[74340,4546],[-6,127]],[[74133,5266],[-99,-61],[-256,112]],[[74306,6330],[163,-1],[60,105]],[[74529,6434],[148,-166],[-343,-161]],[[74334,6107],[72,-56]],[[74406,6051],[-123,-83],[-78,176],[-79,-21],[-70,177],[78,80],[-61,86],[72,24],[114,-2],[47,-158]],[[76690,6917],[-4,-12],[-15,6],[19,6]],[[76677,7191],[4,2],[0,-3],[-4,1]],[[76717,7915],[-2,-1],[-2,1],[4,0]],[[76653,8106],[0,0]],[[76657,8136],[3,-7],[-6,5],[3,2]],[[76512,8225],[0,0]],[[76659,8138],[-2,4],[3,-2],[-1,-2]],[[76481,8247],[2,0],[0,-1],[-2,1]],[[76450,8269],[0,0]],[[76454,8274],[0,2],[1,-1],[-1,-1]],[[76446,8268],[-1,0],[1,1],[0,-1]],[[76579,7429],[-1,2],[2,1],[-1,-3]],[[76578,7425],[1,2],[0,-1],[-1,-1]],[[76639,8141],[1,-3],[-2,0],[1,3]],[[76643,8160],[2,2],[0,-1],[-2,-1]],[[76645,8159],[0,0]],[[76638,8166],[-1,1],[2,-1],[-1,0]],[[76569,7308],[-1,2],[2,0],[-1,-2]],[[76655,7196],[-1,1],[1,1],[0,-2]],[[76676,7163],[0,0]],[[76273,8194],[48,166],[105,0],[9,-88],[266,-344],[-115,-192],[-6,95],[-96,-64],[105,-37],[-62,-180],[33,-123],[-69,-64],[41,29],[34,-220],[111,-2],[-67,-129],[-57,74],[-10,-112],[-89,-21],[78,-49],[82,65],[48,117],[59,-9],[-173,-266],[-26,-260],[-2,28],[-72,-24],[1,51],[-13,32],[3,-37],[-10,9],[-3,0],[-4,-5],[2,-10],[-32,7],[-10,-12],[-3,3],[8,11],[1,7],[-6,1],[-4,0],[-6,-5],[8,-17],[39,4],[-7,-3],[0,-10],[35,24],[-5,-43],[3,-8],[23,-19],[54,12],[8,-114],[-14,60],[-33,-12],[155,-362],[-79,-310],[44,-86],[-84,-199],[-167,-104],[-17,-84],[-134,245],[20,167],[121,76],[-187,206],[-139,-262]],[[76016,5797],[-157,11],[-246,-149]],[[75613,5659],[-181,113]],[[75432,5772],[66,63],[-79,180]],[[75419,6015],[87,85],[-255,370],[40,75],[-103,90],[1,171],[-63,64],[480,77]],[[76600,6768],[0,-7],[-3,0],[3,7]],[[76602,9299],[28,67],[-8,-70],[-20,3]],[[76653,9355],[48,-45],[-6,-15],[-42,60]],[[75714,10279],[50,-13],[-50,-22],[0,35]],[[75915,10267],[-35,24],[10,9],[25,-33]],[[75733,11657],[-5,69],[100,-46],[-95,-23]],[[75257,11703],[-12,10],[22,1],[-10,-11]],[[75933,11752],[1,2],[1,-1],[-2,-1]],[[75871,11792],[35,63],[62,-34],[-43,-43],[-54,14]],[[76197,9235],[1,-4],[-2,3],[1,1]],[[77023,9545],[-7,7],[5,2],[2,-9]],[[75715,9707],[5,8],[5,-6],[-10,-2]],[[75475,9949],[0,5],[6,-4],[-6,-1]],[[75758,10068],[-2,1],[2,2],[0,-3]],[[75343,10432],[5,-9],[-7,2],[2,7]],[[75758,10449],[5,-3],[-1,-3],[-4,6]],[[75433,10722],[-17,-191],[-65,-24],[82,215]],[[76730,10917],[-3,17],[7,-7],[-4,-10]],[[74062,12183],[-10,13],[3,1],[7,-14]],[[73014,12311],[-2,38],[25,8],[-23,-46]],[[74587,12399],[12,18],[7,-14],[-19,-4]],[[72439,13039],[30,-11],[-24,-14],[-6,25]],[[73777,13085],[-1,14],[10,8],[-9,-22]],[[73729,13034],[41,22],[-33,-33],[-8,11]],[[76183,9214],[-3,9],[5,-6],[-2,-3]],[[76478,9180],[-3,2],[4,0],[-1,-2]],[[76055,9813],[-2,12],[8,-4],[-6,-8]],[[75776,9832],[-1,6],[2,-1],[-1,-5]],[[76093,9976],[4,-3],[-8,-2],[4,5]],[[75358,10431],[0,3],[2,-1],[-2,-2]],[[75698,10532],[12,-21],[-11,-13],[-1,34]],[[75614,10720],[-7,13],[7,-2],[0,-11]],[[76705,10948],[25,10],[-4,-19],[-21,9]],[[75460,10968],[-1,7],[2,-5],[-1,-2]],[[75453,10983],[2,4],[2,-5],[-4,1]],[[76467,9179],[4,2],[0,-1],[-4,-1]],[[76226,9155],[-1,-3],[-1,3],[2,0]],[[76202,9163],[-2,0],[0,1],[2,-1]],[[76225,9156],[0,0]],[[76398,9886],[-4,1],[3,2],[1,-3]],[[75515,9894],[-12,45],[8,-8],[4,-37]],[[75791,9995],[-25,42],[34,21],[-9,-63]],[[75749,10028],[-1,4],[4,0],[-3,-4]],[[75824,10427],[-7,8],[9,0],[-2,-8]],[[75712,10404],[1,7],[3,-5],[-4,-2]],[[75439,10939],[16,8],[-22,-19],[6,11]],[[76633,10942],[22,60],[41,-55],[-11,-23],[-52,18]],[[75438,11270],[11,4],[-8,-8],[-3,4]],[[75598,9944],[136,19],[12,-30],[-60,-70],[-88,81]],[[76157,9908],[38,37],[-10,-38],[-28,1]],[[76610,9919],[3,11],[11,-10],[-14,-1]],[[76640,9938],[-2,7],[7,-1],[-5,-6]],[[75766,9935],[-5,1],[-2,3],[7,-4]],[[76388,9903],[0,4],[1,-2],[-1,-2]],[[76475,10944],[-1,2],[1,1],[0,-3]],[[75451,11019],[-3,3],[5,-1],[-2,-2]],[[75464,11039],[7,-17],[-17,2],[10,15]],[[75567,11316],[-5,6],[5,0],[0,-6]],[[74468,12262],[5,126],[86,-33],[-20,-97],[-71,4]],[[74369,12334],[44,26],[-43,49],[61,20],[-15,-100],[-47,5]],[[76151,9268],[257,84],[73,65],[-108,-318],[-184,73],[18,81],[-56,15]],[[75955,9789],[21,-30],[-73,-22],[52,52]],[[76121,9392],[-74,43],[30,16],[44,-59]],[[76099,9374],[10,-1],[-5,-3],[-5,4]],[[76001,9549],[3,-7],[-3,0],[0,7]],[[75988,9403],[-5,2],[2,3],[3,-5]],[[76521,10075],[-72,-6],[-12,41],[84,-35]],[[76498,10137],[2,27],[11,-19],[-13,-8]],[[76389,10058],[13,29],[7,-20],[-20,-9]],[[76553,10061],[-1,6],[7,-2],[-6,-4]],[[76523,10161],[0,0]],[[76467,10140],[0,3],[2,-3],[-2,0]],[[76472,10137],[-3,2],[4,-1],[-1,-1]],[[76469,10135],[0,2],[1,-1],[-1,-1]],[[76524,10153],[-1,1],[0,1],[1,-2]],[[76522,10166],[0,1],[1,-1],[-1,0]],[[75622,11483],[1,-5],[-3,4],[2,1]],[[75614,11486],[3,-1],[-2,-1],[-1,2]],[[75992,9601],[-73,-13],[-3,98],[200,137],[243,-48],[41,111],[121,-66],[109,84],[28,61],[167,-253],[96,4],[66,-168],[-284,-167],[-88,191],[-180,-114],[-67,88],[-294,-51],[-82,106]],[[76554,9971],[30,90],[65,-87],[-95,-3]],[[76293,9945],[-45,20],[55,-4],[-10,-16]],[[76182,9957],[11,11],[5,-1],[-16,-10]],[[76079,9965],[-2,-4],[-2,0],[4,4]],[[76564,10574],[-3,3],[0,1],[3,-4]],[[76559,10584],[1,2],[0,-2],[-1,0]],[[76542,10551],[-1,2],[3,-1],[-2,-1]],[[76562,10592],[0,0]],[[75418,11121],[187,155],[56,146],[-47,104],[250,68],[-16,-14],[0,-38],[23,-80],[52,-19],[-65,142],[469,-641],[247,-38],[-11,-297],[-136,-154],[121,14],[18,103],[101,-371],[-110,-65],[-53,62],[-105,-2],[-191,-183],[-165,71],[-84,416],[-94,88],[-22,-69],[-43,186],[-162,32],[104,137],[-58,199],[-165,-26],[-101,74]],[[75453,11084],[2,-21],[-11,4],[9,17]],[[76385,8377],[0,0]],[[75114,8454],[54,97],[-17,-79],[-37,-18]],[[76197,8666],[-50,16],[70,21],[-20,-37]],[[75854,8677],[-2,3],[0,3],[2,-6]],[[76117,8717],[5,-11],[-7,2],[2,9]],[[76111,8737],[0,0]],[[74953,8210],[0,2],[1,-2],[-1,0]],[[76136,8666],[0,0]],[[75886,8694],[-1,1],[1,0],[0,-1]],[[75886,8698],[0,0]],[[75887,8710],[-4,10],[9,-3],[-5,-7]],[[75879,8709],[0,5],[5,-4],[-5,-1]],[[75803,8608],[1,-5],[-2,4],[1,1]],[[75804,8598],[0,1],[1,0],[-1,-1]],[[74968,8226],[0,0]],[[75020,8219],[0,3],[3,1],[-3,-4]],[[75023,8225],[0,1],[1,0],[-1,-1]],[[75860,8654],[-3,0],[1,1],[2,-1]],[[75835,8628],[-1,1],[2,0],[-1,-1]],[[76007,8638],[-1,1],[2,-1],[-1,0]],[[75864,8656],[0,0]],[[75866,8655],[0,1],[1,-1],[-1,0]],[[75427,8328],[-3,5],[5,-2],[-2,-3]],[[75437,8293],[1,1],[3,-4],[-4,3]],[[75461,8268],[8,-5],[-3,2],[-5,3]],[[75488,8263],[1,0],[-2,-1],[1,1]],[[75810,8581],[6,-5],[-7,5],[1,0]],[[75805,8580],[0,2],[2,-2],[-2,0]],[[75137,8423],[0,5],[4,-3],[-4,-2]],[[76331,8436],[0,0]],[[76331,8435],[0,0]],[[75834,8661],[3,-2],[0,-2],[-3,4]],[[75840,8659],[0,0]],[[75843,8656],[2,3],[0,-5],[-2,2]],[[75871,8658],[-2,2],[3,-1],[-1,-1]],[[75839,8657],[0,1],[1,-1],[-1,0]],[[75867,8661],[0,0]],[[75843,8662],[0,1],[1,-1],[-1,0]],[[76273,8194],[144,-107],[2,-117],[-270,-159],[57,-246],[-502,-127],[-98,-491]],[[75606,6947],[-478,-77],[-78,162]],[[75050,7032],[-318,-18]],[[74732,7014],[-114,165],[-212,-67]],[[74406,7112],[9,384]],[[74415,7496],[-91,20],[14,278],[-127,121],[173,168],[143,7],[21,-124],[123,-92],[29,0],[10,4],[1,2],[-3,6],[3,-1],[2,-3],[5,-2],[1,0],[1,3],[-12,4],[-9,-11],[-43,10],[-18,20],[177,50],[225,267],[26,128],[162,81],[80,-114],[110,8],[-15,-30],[3,-23],[1,23],[9,8],[51,-42],[91,-21],[178,27],[-37,41],[155,285],[0,29],[-18,11],[-16,-5],[-7,40],[22,-21],[175,-12],[313,-229],[-130,45],[24,-64],[103,-7],[10,51],[36,-47],[-93,-191]],[[72460,5525],[-89,146],[88,94],[244,37],[259,-78]],[[72962,5724],[58,80],[152,48],[31,-75],[178,113],[68,-63],[5,-91]],[[73454,5736],[-70,-17]],[[73384,5719],[110,-92],[-29,-63],[259,-87]],[[73724,5477],[54,-160]],[[73778,5317],[177,-118],[178,67]],[[74133,5266],[149,-463],[100,-122],[-48,-8]],[[74334,4673],[2,-122],[55,-166],[-217,-120]],[[73864,3190],[-40,-93],[-236,-75],[-285,134]],[[72751,3304],[-84,-320],[-131,-78]],[[72465,2674],[-71,15],[-10,235]],[[71878,4565],[-233,444],[77,89]],[[71722,5098],[570,140],[168,287]],[[72751,3304],[280,-96],[153,-166],[104,30],[15,84]],[[73303,3156],[286,-134],[247,95],[178,-159],[-171,-181],[325,-130],[-95,-63],[31,-200],[-89,-72],[-338,163]],[[73613,2425],[38,-79],[-146,-81]],[[73320,2411],[-168,168],[-420,-20],[-97,271]],[[72686,2860],[-78,62],[143,382]],[[74174,4265],[209,68],[-43,213]],[[74340,4546],[163,121],[157,-50],[90,69],[212,-185],[46,-142]],[[75008,4359],[228,-28],[84,-96],[210,4],[-43,-29]],[[75047,3250],[84,-23],[25,-149],[-154,-57]],[[75002,3021],[-44,51],[-46,-71]],[[74912,3001],[-477,129],[-422,-175],[-184,166],[35,69]],[[73864,3190],[-60,79],[88,97],[-79,218],[117,-22],[120,164],[90,-8],[39,178],[132,15],[-61,112],[93,40],[-169,202]],[[72425,0],[-11,4],[3,3],[8,-7]],[[72178,218],[6,-1],[-7,-1],[1,2]],[[72171,313],[-2,1],[3,0],[-1,-1]],[[72171,315],[0,0]],[[72236,330],[10,32],[10,-20],[-20,-12]],[[72360,433],[67,4],[3,-28],[-58,-30],[-12,54]],[[72147,221],[0,1],[2,-1],[-2,0]],[[72189,220],[0,3],[2,0],[-2,-3]],[[72419,272],[8,1],[-5,-6],[-3,5]],[[72441,288],[4,-4],[-6,4],[2,0]],[[72212,300],[-11,13],[15,-5],[-4,-8]],[[72211,280],[22,-29],[-40,-21],[18,50]],[[71960,1212],[-1,2],[3,-1],[-2,-1]],[[72151,219],[7,5],[4,-2],[-11,-3]],[[72167,220],[2,-2],[-6,1],[4,1]],[[71550,1196],[-9,4],[3,6],[6,-10]],[[71602,1181],[2,5],[1,-10],[-3,5]],[[71538,1190],[1,-1],[0,-1],[-1,2]],[[71534,1176],[13,14],[-6,-24],[-7,10]],[[71634,1155],[3,4],[4,-2],[-7,-2]],[[71537,1166],[6,-1],[-4,-7],[-2,8]],[[71527,1133],[-1,-4],[-1,2],[2,2]],[[71718,1153],[4,2],[1,-2],[-5,0]],[[71524,1126],[-1,1],[3,1],[-2,-2]],[[71526,1136],[0,-1],[-1,1],[1,0]],[[71532,1133],[0,1],[1,0],[-1,-1]],[[71530,1135],[0,0]],[[72998,434],[0,1],[1,0],[-1,-1]],[[72998,442],[0,0]],[[72999,430],[0,1],[1,0],[-1,-1]],[[71539,3120],[137,348],[227,327],[-75,65],[16,282],[-232,689],[51,79],[136,-128],[79,-217]],[[71878,4565],[136,-2],[-55,-92],[113,-174],[-100,-49],[296,-189],[299,-26],[77,-112],[4,-114],[-129,-69],[37,-76],[-109,-33],[67,-148],[-76,-112],[105,-249],[-159,-196]],[[72384,2924],[9,-234],[72,-16]],[[72465,2674],[134,136],[-63,96]],[[72536,2906],[36,34],[114,-80]],[[72686,2860],[-51,-30]],[[72635,2830],[98,-271],[419,20],[-79,-75]],[[73108,2195],[206,-128],[12,-621]],[[73332,1357],[78,-90],[-40,-87],[103,-45],[-169,-243],[213,-78],[-3,-82],[-150,-54]],[[73477,404],[121,85],[10,-88],[-109,-113],[-96,-13],[10,81],[-100,42],[-173,-95],[-42,106],[-56,-32],[-4,84],[-39,-25],[10,20],[-46,52],[-33,-19],[4,26],[-23,-6],[17,34],[-104,247],[-17,-132],[96,-95],[-116,58],[-296,-48],[-132,78],[-118,-92],[-37,134],[-124,37],[-10,-140],[-137,94],[-2,-77],[-79,13],[-1,-97],[-66,47],[-103,-88],[23,182],[-98,293],[-164,69],[121,80],[35,-112],[-15,188],[210,-122],[-55,78],[60,7],[96,-39],[-8,-53],[29,-95],[25,-26],[32,-9],[-69,122],[49,-45],[43,29],[-47,56],[119,-2],[-3,-35],[16,-30],[9,-9],[6,0],[19,188],[-121,-7],[0,81],[-11,-4],[6,14],[-2,4],[-3,1],[-1,2],[-2,1],[-2,3],[-1,0],[-123,-166],[-87,61],[-4,52],[-28,25],[19,9],[3,24],[-6,0],[-24,-33],[-9,-59],[21,-36],[-65,-25],[-147,137],[41,174],[-140,118],[48,7],[-25,97],[123,67]],[[72728,451],[24,49],[18,4],[-42,-53]],[[71547,908],[-13,3],[1,1],[3,1],[-2,9],[7,5],[0,12],[5,3],[-1,-34]],[[72381,581],[6,13],[16,-6],[-22,-7]],[[72879,489],[-5,-1],[11,5],[-6,-4]],[[71961,1047],[-2,5],[4,-2],[-2,-3]],[[71947,1035],[-3,4],[5,3],[-2,-7]],[[71577,1110],[-2,2],[5,5],[-3,-7]],[[71464,940],[-1,8],[4,-1],[-3,-7]],[[71930,1069],[5,-5],[-8,4],[3,1]],[[71468,916],[-2,5],[6,-2],[-4,-3]],[[71870,600],[1,8],[1,-9],[-2,1]],[[71950,1056],[-3,5],[4,-2],[-1,-3]],[[71629,807],[2,5],[1,-1],[-3,-4]],[[72921,482],[-5,0],[4,2],[1,-2]],[[71925,1070],[-7,3],[-1,2],[8,-5]],[[72821,646],[4,-2],[3,1],[-5,-2],[-2,3]],[[72409,584],[-4,2],[2,1],[2,-3]],[[71628,807],[-3,1],[0,2],[3,-3]],[[71523,902],[0,5],[2,-3],[-2,-2]],[[71440,926],[2,-4],[-2,0],[0,4]],[[71616,864],[0,3],[4,-1],[-4,-2]],[[71446,923],[-2,-2],[0,4],[2,-2]],[[72434,584],[1,4],[1,-2],[-2,-2]],[[71632,808],[3,1],[1,-2],[-4,1]],[[71966,636],[-1,1],[1,1],[0,-2]],[[71462,1008],[-1,2],[0,1],[1,-3]],[[72305,585],[0,2],[2,-1],[-2,-1]],[[71466,951],[1,-2],[-2,0],[1,2]],[[71540,898],[1,-2],[-2,2],[1,0]],[[71548,903],[0,0]],[[72314,605],[0,-3],[-2,2],[2,1]],[[72313,594],[2,-1],[-2,-1],[0,2]],[[72519,577],[2,-1],[-1,-1],[-1,2]],[[71822,523],[-1,1],[1,1],[0,-2]],[[71764,517],[-1,-1],[-2,0],[3,1]],[[72386,579],[0,0]],[[71454,926],[-2,-1],[1,1],[1,0]],[[72522,575],[0,0]],[[71468,949],[0,0]],[[72000,1096],[0,0]],[[71947,634],[0,0]],[[71879,605],[0,-2],[-1,2],[1,0]],[[72922,511],[0,1],[1,-1],[-1,0]],[[71612,904],[0,-2],[-1,0],[1,2]],[[71848,519],[-1,0],[0,1],[1,-1]],[[71947,1053],[-1,-1],[0,1],[1,0]],[[71511,909],[0,0]],[[71513,906],[0,0]],[[74417,611],[-8,7],[5,1],[3,-8]],[[74432,640],[-2,-1],[0,1],[2,0]],[[74060,691],[0,2],[1,0],[-1,-2]],[[73997,950],[-15,31],[14,28],[1,-59]],[[74606,1059],[0,-3],[-1,0],[1,3]],[[74168,1303],[2,0],[-3,-1],[1,1]],[[74700,1399],[-1,1],[1,0],[0,-1]],[[74012,857],[-1,2],[1,0],[0,-2]],[[74013,861],[0,0]],[[74421,610],[-2,2],[2,2],[0,-4]],[[74421,606],[2,-3],[-3,1],[1,2]],[[74423,616],[0,-5],[-1,0],[1,5]],[[74425,609],[-2,0],[3,1],[-1,-1]],[[74423,608],[0,0]],[[74067,693],[-1,0],[1,1],[0,-1]],[[74074,696],[0,0]],[[74071,693],[0,0]],[[74009,872],[0,1],[1,0],[-1,-1]],[[74555,968],[2,-4],[-3,1],[1,3]],[[74567,977],[0,0]],[[74572,1000],[0,-1],[-1,1],[1,0]],[[74108,714],[1,1],[0,-2],[-1,1]],[[74103,708],[0,0]],[[74442,1276],[0,3],[1,-3],[-1,0]],[[74444,1279],[-1,-1],[0,2],[1,-1]],[[74345,1487],[0,0]],[[74068,690],[7,13],[-1,-7],[-6,-6]],[[74587,1121],[-8,4],[10,-4],[-2,0]],[[74231,922],[-4,6],[4,-3],[0,-3]],[[74512,862],[5,-1],[1,-5],[-6,6]],[[74314,707],[2,-2],[-1,-1],[-1,3]],[[74230,920],[-2,2],[3,-1],[-1,-1]],[[74225,912],[1,-2],[-1,0],[0,2]],[[74164,708],[-2,1],[1,1],[1,-2]],[[74155,899],[-1,1],[2,1],[-1,-2]],[[74306,754],[0,0]],[[74318,705],[-1,1],[1,1],[0,-2]],[[74411,653],[0,0]],[[74183,745],[-1,2],[1,0],[0,-2]],[[74195,782],[1,2],[1,1],[-2,-3]],[[74143,717],[-1,0],[0,2],[1,-2]],[[74163,710],[-1,1],[1,0],[0,-1]],[[74313,706],[1,-1],[-1,0],[0,1]],[[74259,1221],[7,-19],[-21,11],[14,8]],[[74515,1072],[0,0]],[[74429,1639],[-40,77],[164,20],[7,69],[-118,0],[110,145],[94,-184],[-18,-102],[88,-191],[-240,-218],[26,-184],[33,-2],[38,52],[32,-62],[-95,-149],[-23,-213],[-71,-55],[-8,32],[-60,49],[-36,-14],[-1,152],[-97,10],[88,32],[-32,38],[-47,-13],[-7,-6],[-42,-202],[-51,16],[-47,-29],[-88,235],[180,-133],[-2,305],[73,-86],[169,407],[32,-160],[26,6],[87,113],[-36,106],[91,35],[-9,90],[-170,14]],[[74185,1606],[47,228],[134,-32],[-71,-115],[48,-200],[-40,-128],[-162,-45],[126,229]],[[74410,1564],[-5,2],[3,2],[2,-4]],[[74412,1628],[-1,7],[4,-2],[-3,-5]],[[74673,1569],[-1,1],[1,1],[0,-2]],[[74091,1283],[5,26],[3,0],[-8,-26]],[[74060,1368],[0,35],[9,0],[-9,-35]],[[74185,1606],[82,-63]],[[74267,1543],[-60,-69],[37,-54],[-90,-3],[-14,-102],[-54,35],[19,87],[-117,-27],[-12,88],[12,13],[35,2],[2,12],[7,-2],[1,0],[0,2],[-76,138],[-45,-180],[-168,103],[71,219],[4,4],[14,73],[49,12],[258,-30],[45,-258]],[[73816,1811],[0,-4],[-2,-1],[2,5]],[[73764,535],[-2,6],[7,-4],[-5,-2]],[[73799,754],[1,6],[5,-3],[-6,-3]],[[73768,610],[7,-19],[-4,-3],[-3,22]],[[73618,557],[0,3],[1,-2],[-1,-1]],[[73788,757],[0,2],[1,0],[-1,-2]],[[73569,439],[-16,11],[16,15],[0,-26]],[[73565,637],[5,-1],[-1,-1],[-4,2]],[[73564,642],[2,-1],[-2,-1],[0,2]],[[73729,745],[-1,-9],[-6,-1],[7,10]],[[73664,711],[-6,-1],[5,4],[1,-3]],[[73666,737],[-1,0],[0,4],[1,-4]],[[73664,720],[-1,1],[1,0],[0,-1]],[[73721,838],[-2,2],[2,1],[0,-3]],[[73718,842],[0,1],[1,0],[-1,-1]],[[73878,1155],[-19,4],[20,5],[-1,-9]],[[73734,1184],[1,5],[6,-5],[-7,0]],[[73794,1153],[2,6],[2,-2],[-4,-4]],[[73749,1187],[3,-7],[-7,6],[4,1]],[[73748,1175],[-2,4],[5,-4],[-3,0]],[[73733,1190],[-4,1],[8,-1],[-4,0]],[[73848,1197],[0,0]],[[73869,1176],[-1,-1],[0,2],[1,-1]],[[73771,1156],[1,2],[1,-1],[-2,-1]],[[73728,1190],[1,1],[1,-1],[-2,0]],[[73797,1151],[-1,-1],[0,1],[1,0]],[[73729,1192],[0,1],[1,-1],[-1,0]],[[73774,1160],[2,1],[-1,-1],[-1,0]],[[73770,1156],[-1,1],[1,0],[0,-1]],[[73326,1446],[3,518]],[[73640,1829],[123,-67],[-93,-101],[53,-17],[-6,-100],[279,-230],[-76,-142],[-44,59],[-89,-67],[-22,1],[-14,22],[-14,6],[-10,0],[-9,-4],[14,-37],[63,-11],[26,27],[87,-68],[-94,-131],[2,-117],[-242,65],[208,-170],[-129,5],[3,-98],[73,68],[-50,-124],[-81,-44],[-13,93],[-21,-4],[-51,-122],[57,-12],[-93,-105]],[[73477,404],[-128,57],[103,129],[-88,88]],[[73364,678],[155,67],[-5,77],[-210,70],[169,239],[-103,49],[40,86],[-78,91]],[[73332,1357],[49,36],[-55,53]],[[73789,1748],[-1,6],[1,1],[0,-7]],[[73785,1753],[6,51],[5,3],[-2,-6],[5,-3],[-8,-38],[-2,-4],[-4,-3]],[[73797,1813],[-1,7],[2,1],[-1,-8]],[[73787,1831],[0,-4],[-1,0],[1,4]],[[73800,1823],[0,1],[1,0],[-1,-1]],[[73800,1825],[1,0],[0,-1],[-1,1]],[[73778,1785],[11,48],[33,38],[-14,-60],[-1,26],[-12,-17],[-17,-35]],[[73797,1854],[0,6],[2,1],[-2,-7]],[[73821,1897],[21,13],[-30,-36],[9,23]],[[73818,1903],[-1,-1],[0,2],[1,-1]],[[73842,1911],[0,2],[1,1],[-1,-3]],[[73862,1959],[0,0]],[[73829,1910],[8,6],[-5,13],[12,26],[1,9],[23,17],[-18,-52],[-10,-14],[-11,-5]],[[73613,2425],[64,50]],[[73677,2475],[282,-158],[156,65],[-80,-283],[187,-96],[-69,-116],[-226,-43],[-94,38],[67,138],[-48,82],[-24,-1],[-36,-10],[105,-73],[-55,-54],[-83,-174],[4,-28],[-32,3],[-91,64]],[[73640,1829],[-3,101],[-104,-43],[-204,77]],[[73329,1964],[-34,139],[-187,92]],[[73108,2195],[23,157],[-65,52],[7,100]],[[73073,2504],[196,-6],[51,-87]],[[73320,2411],[124,-10],[61,-136]],[[73505,2265],[145,79],[-37,81]],[[75240,1737],[-13,7],[8,16],[5,-23]],[[76066,1778],[0,1],[1,0],[-1,-1]],[[75956,2250],[-1,1],[1,0],[0,-1]],[[75183,2281],[-29,-1],[13,18],[16,-17]],[[75201,2300],[0,2],[1,-2],[-1,0]],[[75942,1421],[7,45],[15,-15],[-22,-30]],[[75955,1424],[0,0]],[[76057,1779],[1,6],[4,-7],[-5,1]],[[76027,1787],[0,1],[1,-1],[-1,0]],[[75843,2130],[0,0]],[[75497,1442],[0,2],[1,-2],[-1,0]],[[75468,1449],[-1,1],[1,0],[0,-1]],[[75964,1743],[0,0]],[[76028,1785],[0,0]],[[75134,1914],[0,0]],[[75951,2247],[1,2],[0,-2],[-1,0]],[[75947,2250],[0,0]],[[75894,2472],[-5,6],[6,-1],[-1,-5]],[[75889,2548],[1,6],[4,-3],[-5,-3]],[[75885,2477],[2,-4],[-3,0],[1,4]],[[75897,2472],[-2,2],[3,0],[-1,-2]],[[75891,2548],[2,1],[0,-1],[-2,0]],[[75829,1514],[-1,2],[1,0],[0,-2]],[[75934,1509],[0,2],[1,-1],[-1,-1]],[[75969,1497],[-1,1],[1,0],[0,-1]],[[75466,1481],[0,0]],[[75870,1506],[-2,-1],[1,1],[1,0]],[[75909,1483],[-1,2],[2,-1],[-1,-1]],[[75832,1508],[-1,2],[1,1],[0,-3]],[[75471,1482],[0,1],[1,0],[-1,-1]],[[75640,1518],[-1,1],[1,2],[0,-3]],[[75858,1912],[-2,3],[3,-2],[-1,-1]],[[75871,1887],[0,2],[1,0],[-1,-2]],[[75858,1915],[0,0]],[[75856,2159],[0,0]],[[75336,2167],[0,0]],[[75962,1742],[1,-9],[-5,6],[4,3]],[[75316,1581],[0,-2],[-1,2],[1,0]],[[75304,1613],[1,2],[0,-2],[-1,0]],[[75957,1729],[0,1],[1,-1],[-1,0]],[[75715,1585],[0,0]],[[75488,2281],[-23,18],[6,8],[17,-26]],[[75559,2266],[7,11],[3,-5],[-10,-6]],[[75943,2248],[0,2],[3,-2],[-3,0]],[[75634,2308],[-1,0],[1,1],[0,-1]],[[75918,2212],[-1,0],[0,1],[1,-1]],[[75560,2199],[1,-1],[-1,0],[0,1]],[[75858,2171],[0,0]],[[75958,1738],[1,-8],[-4,5],[3,3]],[[75658,1702],[-2,2],[2,-1],[0,-1]],[[75882,1842],[0,3],[1,-2],[-1,-1]],[[75909,1824],[-4,1],[5,0],[-1,-1]],[[75903,1809],[-2,1],[-1,1],[3,-2]],[[75353,1812],[-1,2],[1,-1],[0,-1]],[[75352,1809],[0,0]],[[75957,1730],[0,0]],[[75953,1713],[0,0]],[[75284,1684],[0,1],[1,0],[-1,-1]],[[75665,1666],[0,0]],[[75378,1829],[0,0]],[[75286,1685],[0,0]],[[75904,1809],[0,0]],[[75665,1672],[-1,1],[1,0],[0,-1]],[[75781,2086],[-169,9],[21,89],[-97,53],[117,50],[-18,33],[-96,-3],[5,107],[200,-27],[-8,77],[-93,21],[127,92],[40,-97],[70,36],[-27,-53],[88,-93],[-8,-164],[-18,4],[-22,-38],[-33,-2],[-76,-106],[20,-42],[32,1],[-11,-71],[55,-125],[23,-14],[-58,-84],[111,-7],[-91,-151],[94,-98],[-239,98],[-72,241],[-39,-135],[54,8],[-38,-81],[47,-77],[-65,54],[-128,-145],[-6,50],[-14,21],[-140,55],[8,46],[-65,115],[99,39],[7,41],[-39,16],[68,-20],[-15,47],[-246,65],[-19,188],[132,48],[-1,166],[102,-44],[-40,-165],[144,-139],[142,-17],[-8,57],[21,30],[32,-77],[26,98],[114,20]],[[75614,2053],[6,9],[8,-5],[-14,-4]],[[75829,2037],[-3,6],[5,-4],[-2,-2]],[[75609,2114],[0,3],[3,0],[-3,-3]],[[75592,2123],[-2,0],[1,1],[1,-1]],[[75816,2104],[-1,2],[1,-1],[0,-1]],[[75817,2106],[-2,1],[1,0]],[[75587,2118],[1,0],[-1,-1],[0,1]],[[75817,2106],[0,1]],[[75817,2107],[1,0],[-1,-1]],[[75816,2107],[1,0]],[[76098,3392],[-4,10],[6,-5],[-2,-5]],[[76710,4435],[1,5],[0,-4],[-1,-1]],[[76714,4679],[1,3],[2,-2],[-3,-1]],[[76721,4685],[-1,3],[1,1],[0,-4]],[[75965,3703],[0,0]],[[76704,4422],[0,0]],[[76698,4684],[0,5],[4,-5],[-4,0]],[[76717,4685],[1,1],[0,-2],[-1,1]],[[76088,3075],[-124,38],[128,263],[112,-43],[105,-183],[-190,-39],[26,-171],[-172,-61],[115,196]],[[75894,3163],[1,6],[5,-3],[-6,-3]],[[75806,3157],[0,-5],[-5,5],[5,0]],[[75816,3148],[-3,1],[5,-1],[-2,0]],[[75809,3149],[-1,0],[-1,1],[2,-1]],[[75812,3147],[0,0]],[[76680,4022],[0,0]],[[76563,4052],[1,1],[0,-1],[-1,0]],[[76510,4513],[3,-4],[-5,-3],[2,7]],[[76670,4360],[-1,1],[1,0],[0,-1]],[[76664,4361],[-1,0],[1,1],[0,-1]],[[76523,4513],[0,0]],[[76633,4531],[0,0]],[[76647,4785],[2,1],[-1,-2],[-1,1]],[[76647,4779],[0,0]],[[76474,5042],[0,-3],[-1,-5],[1,12],[0,-4]],[[76474,5050],[-1,0],[-1,2],[0,1],[2,-3]],[[76472,5051],[-2,1],[0,1],[2,-2]],[[76614,5345],[0,2],[1,-1],[-1,-1]],[[76627,5381],[1,-1],[-1,0],[0,1]],[[76626,3977],[-4,13],[8,-7],[-4,-6]],[[75827,4032],[4,5],[6,-3],[-10,-2]],[[75838,4039],[-3,0],[3,1],[7,2],[-4,-3]],[[75845,4040],[4,-7],[-8,3],[4,4]],[[76619,3995],[3,0],[0,-1],[-3,1]],[[76622,3996],[0,3],[1,-2],[-1,-1]],[[75838,4039],[3,0]],[[75841,4039],[2,0],[-3,-1],[-2,1]],[[76627,3975],[-1,1],[1,0],[0,-1]],[[76623,3971],[0,0]],[[75827,4023],[0,0]],[[76261,4823],[-1,8],[11,0],[-10,-8]],[[76254,4812],[6,8],[8,0],[-14,-8]],[[76375,4802],[-1,9],[4,-2],[-3,-7]],[[76222,4820],[-2,3],[3,0],[-1,-3]],[[76259,4836],[-1,-3],[-3,1],[4,2]],[[76272,4820],[-1,-2],[-1,2],[2,0]],[[76693,4037],[-212,41],[-26,60],[135,41],[103,-142]],[[75907,4103],[-14,1],[12,8],[2,-9]],[[76001,4294],[-2,-4],[-2,2],[4,2]],[[75907,4093],[0,-4],[-1,3],[1,1]],[[76613,4241],[-1,1],[2,-1],[-1,0]],[[76656,4353],[0,-1],[-1,2],[1,-1]],[[76001,4288],[0,0]],[[75918,4094],[-1,0],[0,1],[1,-1]],[[76671,4354],[0,0]],[[76001,4289],[0,0]],[[75913,4088],[0,0]],[[76569,5437],[6,-5],[-3,-4],[-3,9]],[[76619,5388],[1,6],[1,-8],[-2,2]],[[76622,5394],[-2,4],[3,0],[-1,-4]],[[76584,5405],[1,-1],[-2,0],[1,1]],[[76621,5384],[0,1],[1,-1],[-1,0]],[[76556,5435],[-1,0],[0,1],[1,-1]],[[76551,5438],[0,0]],[[75752,3546],[0,-1],[-1,1],[1,0]],[[75751,3543],[-1,1],[2,-1],[-1,0]],[[75748,3548],[-1,-1],[0,2],[1,-1]],[[75747,3551],[0,0]],[[75748,3535],[0,0]],[[75748,3550],[0,1],[1,-1],[-1,0]],[[76274,4840],[0,3],[2,0],[-2,-3]],[[76418,4948],[-2,2],[3,1],[-1,-3]],[[76347,4918],[0,-4],[-1,0],[1,4]],[[76348,4920],[1,-1],[-3,0],[2,1]],[[76409,5012],[1,-3],[-3,1],[2,2]],[[76328,4985],[-1,2],[2,1],[-1,-3]],[[76353,4919],[1,2],[2,-1],[-3,-1]],[[76348,4921],[0,1],[1,0],[-1,-1]],[[76421,4953],[0,1],[1,0],[-1,-1]],[[76402,4992],[-1,1],[1,0],[0,-1]],[[76398,4986],[0,0]],[[75047,3250],[19,143],[86,-19],[87,123],[-17,126],[242,303],[-44,61],[213,87],[-90,10],[-56,126]],[[75487,4210],[90,8]],[[75577,4218],[111,189],[16,203],[-108,276],[98,495],[179,57],[118,-49],[39,86],[230,56]],[[76260,5531],[-6,-96],[81,-70],[181,195],[28,-119],[42,-46],[31,-5],[-15,-52],[42,-75],[-87,-338],[129,-209],[-10,-76],[-40,1],[-48,-97],[128,-39],[-23,-128],[-40,-18],[-45,-117],[17,-16],[-49,-15],[-90,144],[86,95],[-67,95],[83,74],[2,42],[-110,25],[-58,139],[-138,-16],[150,151],[41,71],[0,15],[-3,9],[-15,13],[-50,-3],[-34,-101],[-59,68],[-38,-23],[-44,-112],[63,15],[-21,-68],[-50,3],[-57,-59],[-58,80],[-27,-41],[68,-42],[243,-5],[59,-40],[-240,17],[-58,-14],[-52,-44],[-2,4],[-23,-6],[0,-1],[-1,-3],[1,-3],[-2,-1],[-13,3],[-17,-10],[31,6],[1,2],[-1,3],[2,4],[23,1],[15,-92],[-143,-275],[31,-60],[-60,-143],[-49,8],[-101,-107],[67,-38],[123,123],[18,-101],[-108,-264],[71,2],[-46,-167],[48,-33],[-134,-126],[-55,163],[-40,-27],[-17,-52],[35,-70],[-136,-30],[206,-138],[-31,-72],[57,-61],[-43,22],[-18,0],[72,-71],[-35,-169],[-610,168],[-79,-49],[34,88],[-126,123]],[[76527,4663],[-1,2],[3,0],[-2,-2]],[[76677,4641],[0,-3],[-1,3],[1,0]],[[76680,4636],[-1,2],[1,-1],[0,-1]],[[76636,4635],[1,1],[0,-2],[-1,1]],[[71389,7681],[-20,46],[40,4],[-20,-50]],[[71294,6568],[-2,318],[-486,43],[59,368],[347,307],[15,101],[140,-21],[-22,-73],[66,-29],[29,100],[97,12],[140,-294],[154,55],[181,-97],[32,-106],[82,11],[45,-110],[-133,-79],[-42,-146],[-136,-88],[-55,-247],[-152,-112],[-70,169]],[[71446,7689],[107,34],[28,-29],[-135,-5]],[[71394,7779],[38,-80],[-63,28],[25,52]],[[71279,7802],[119,-18],[-28,-100],[-143,21],[52,97]],[[71873,7568],[0,0]],[[71862,7566],[0,0]],[[71558,7678],[53,13],[258,-152],[-192,-139],[-119,278]],[[71355,7594],[95,99],[-29,-102],[-66,3]],[[71092,7781],[173,19],[-32,-134],[-133,39],[-8,76]],[[71877,7414],[104,55],[-2,1],[-1,14],[0,6],[1,4],[126,-42],[-75,-129],[-153,91]],[[71971,7514],[-1,0],[0,1],[1,-1]],[[71890,7562],[-1,1],[0,1],[1,-2]],[[71876,7565],[-1,2],[1,-1],[0,-1]],[[71889,7569],[0,0]],[[71966,7514],[-1,0],[1,1]],[[71966,7515],[0,-1]],[[71913,7521],[1,3],[0,-2],[-1,-1]],[[71876,7563],[0,0]],[[71892,7554],[-1,2],[1,-1],[0,-1]],[[71888,7545],[0,0]],[[71886,7555],[0,0]],[[71828,7458],[-64,-40],[-31,3],[141,142],[19,-40],[82,-32],[-147,-33]],[[71881,7459],[6,-2],[4,-1],[-5,0],[-5,3]],[[70859,7939],[117,34],[7,-8],[26,9],[21,-24],[82,-26],[63,-107],[-93,-39],[7,67],[-54,2],[-47,-144]],[[71010,8029],[-2,-52],[-27,-7],[-13,18],[42,41]],[[72323,7365],[62,91],[22,-99],[-84,8]],[[72434,7303],[-29,105],[7,4],[-2,11],[2,5],[2,3],[104,-32],[-84,-96]],[[72454,7264],[2,1],[0,-1],[-2,0]],[[72455,7259],[0,0]],[[72390,7093],[93,155],[-4,8],[-52,48],[52,39]],[[72843,7085],[113,42],[87,-164],[-324,-123]],[[72482,7248],[-8,7],[-7,6],[11,-4],[4,-9]],[[72456,7260],[9,2],[3,-5],[-10,-1],[-2,4]],[[72330,7444],[-1,4],[4,-1],[-3,-3]],[[72290,7466],[0,0]],[[72213,7308],[120,154],[2,-11],[-9,-3],[1,-17],[-19,-15],[4,-13],[-8,-2],[-3,-2],[1,-2],[-5,-8],[0,-3],[110,-29],[-133,-92],[-61,43]],[[72314,7405],[-3,1],[1,1],[2,-2]],[[72516,7468],[0,0]],[[72538,7489],[-2,-1],[0,1],[2,0]],[[72923,7170],[-2,4],[2,1],[0,-5]],[[72905,7199],[-1,2],[1,0],[0,-2]],[[72838,7207],[-1,1],[1,1],[0,-2]],[[72906,7203],[-1,1],[1,0],[0,-1]],[[72796,7554],[1,3],[4,0],[-5,-3]],[[72867,7313],[-12,-1],[11,4],[1,-3]],[[72843,7227],[-4,7],[6,-1],[-2,-6]],[[72855,7231],[0,5],[4,-1],[-4,-4]],[[72858,7418],[-14,5],[10,6],[4,-11]],[[72833,7414],[12,-5],[2,-1],[-4,-3],[-9,4],[-1,5]],[[72842,7418],[-2,7],[5,-6],[-3,-1]],[[72844,7404],[3,-3],[-2,0],[-1,3]],[[72895,7434],[-1,1],[2,1],[-1,-2]],[[72839,7422],[0,-2],[-1,2],[1,0]],[[72879,7331],[0,0]],[[72843,7085],[-12,81],[-352,177]],[[72479,7343],[24,83],[263,146],[64,-141],[-31,-3],[-15,-20],[-1,-11],[70,-29],[-22,-24],[6,-155],[27,30],[16,103],[19,-134],[21,-8],[-1,-7],[5,-7],[2,-1],[6,137],[-67,79],[64,85],[-13,10],[-87,-16],[216,177],[217,-557],[-122,-26],[-4,-101],[-93,10],[-86,164],[-114,-42]],[[72816,7478],[-4,3],[2,2],[2,-5]],[[72814,7471],[2,-1],[0,-1],[-2,2]],[[72896,7455],[0,0]],[[72797,7530],[0,0]],[[72389,7324],[0,0]],[[72391,7322],[0,-8],[-4,3],[4,5]],[[72393,7313],[-1,5],[4,1],[-3,-6]],[[72396,7313],[0,4],[2,-1],[-2,-3]],[[72463,7244],[-20,-7],[6,18],[14,-11]],[[72435,7262],[-6,3],[4,7],[2,-10]],[[72247,7231],[134,104],[-15,-49],[86,-59],[-160,-45],[-45,49]],[[72390,7093],[185,-39],[144,-214]],[[72719,6840],[-92,-97],[-46,-194],[101,-47],[1,-75],[-574,77]],[[72109,6504],[-87,-72],[-6,-305],[-345,120],[-164,-311]],[[71507,5936],[-213,293],[0,339]],[[71294,6568],[289,82]],[[71583,6650],[54,-169],[71,29],[97,85],[56,246],[135,87],[74,179],[299,108],[21,-122]],[[72157,7408],[0,6],[4,2],[-4,-8]],[[72155,7416],[2,3],[-1,-3],[-1,0]],[[72161,7418],[-1,1],[1,3],[0,-4]],[[72150,7429],[1,0],[-2,-2],[1,2]],[[72160,7408],[-2,0],[2,2],[0,-2]],[[72147,7411],[-1,0],[1,1],[0,-1]],[[72158,7415],[0,0]],[[72151,7428],[0,0]],[[72159,7416],[0,0]],[[72036,7264],[119,192],[-15,-54],[19,-48],[7,122],[113,-33],[-66,-135],[58,-10],[37,-169],[-120,18],[-39,-72],[-23,188],[-90,1]],[[67117,10328],[0,0]],[[67117,10329],[0,1],[1,0],[-1,-1]],[[67127,10336],[0,0]],[[67128,10337],[-1,0],[1,1],[0,-1]],[[67118,10339],[-1,1],[1,0],[0,-1]],[[67130,10343],[0,0]],[[67019,10459],[0,0]],[[67349,10492],[0,0]],[[66973,10619],[0,0]],[[66974,10624],[0,0]],[[66918,11031],[0,1],[1,0],[-1,-1]],[[66920,11044],[0,0]],[[67627,11297],[10,4],[-13,-13],[3,9]],[[67119,10342],[-1,1],[1,0],[0,-1]],[[67010,10513],[0,0]],[[66908,11700],[0,0]],[[67399,11892],[0,0]],[[67120,10337],[0,0]],[[67128,10340],[0,0]],[[67024,10457],[0,1],[1,0],[-1,-1]],[[67020,10457],[0,0]],[[67020,10459],[0,0]],[[67023,10456],[-1,0],[1,1],[0,-1]],[[66950,11575],[-2,3],[4,0],[-2,-3]],[[67398,11888],[0,2],[1,0],[-1,-2]],[[67018,10459],[0,0]],[[67016,10460],[0,0]],[[67021,10460],[0,0]],[[67031,10717],[-1,0],[0,1],[1,-1]],[[67035,10684],[0,0]],[[67035,10678],[0,0]],[[67030,10716],[0,0]],[[67031,10692],[0,0]],[[67036,10679],[-1,1],[1,0],[0,-1]],[[67034,10693],[0,0]],[[67034,10697],[0,0]],[[67034,10676],[0,0]],[[67031,10711],[0,0]],[[67035,10676],[0,0]],[[67529,10749],[0,0]],[[67528,10748],[0,0]],[[67529,10748],[0,0]],[[66920,11085],[0,1],[1,-1],[-1,0]],[[66905,11738],[2,35],[24,-10],[-26,-25]],[[66905,11722],[22,-15],[-5,-15],[-17,30]],[[66907,11724],[-1,0],[1,1],[0,-1]],[[67484,10653],[-1,1],[1,0],[0,-1]],[[67501,10667],[-1,0],[0,1],[1,-1]],[[67503,10669],[-1,1],[1,0],[0,-1]],[[67501,10668],[0,0]],[[67504,10672],[0,0]],[[67483,10654],[0,0]],[[67479,10653],[0,0]],[[67038,10668],[0,0]],[[67037,10669],[0,0]],[[67038,10667],[0,0]],[[67479,10654],[0,0]],[[67506,10674],[0,0]],[[67503,10671],[0,0]],[[67038,10666],[0,0]],[[67488,10654],[0,0]],[[66924,11030],[0,0]],[[66920,11031],[0,0]],[[66920,11042],[0,0]],[[66920,11043],[0,0]],[[67123,10349],[-3,-8],[-2,-3],[5,11]],[[67028,10455],[0,0]],[[67036,10453],[0,-1],[1,1],[-1,0]],[[67100,10384],[0,0]],[[67066,10419],[0,0]],[[67033,10453],[0,0]],[[67032,10452],[0,0]],[[67109,10363],[0,0]],[[67019,10455],[0,0]],[[67068,10400],[0,0]],[[67065,10410],[0,0]],[[67044,10451],[0,0]],[[67130,10379],[0,1],[1,0],[-1,-1]],[[67106,10369],[0,0]],[[67066,10417],[-1,0],[1,1],[0,-1]],[[67076,10398],[0,0]],[[67124,10357],[0,0]],[[67042,10451],[0,0]],[[67029,10455],[-1,0],[0,1],[1,-1]],[[67190,10364],[0,0]],[[67026,10455],[0,0]],[[67030,10455],[0,0]],[[67190,10363],[-1,1],[1,0],[0,-1]],[[67128,10386],[0,0]],[[67130,10381],[0,0]],[[67106,10368],[0,0]],[[66989,10591],[0,2],[2,0],[-2,-2]],[[67485,10651],[0,0]],[[66983,10610],[0,0]],[[66994,10576],[-1,0],[0,1],[1,-1]],[[66993,10589],[0,0]],[[66993,10581],[0,1],[1,1],[-1,-2]],[[67385,10578],[0,0]],[[67386,10575],[0,0]],[[66991,10591],[0,0]],[[66998,10581],[0,0]],[[66981,10612],[0,0]],[[66995,10584],[0,0]],[[66975,10621],[0,0]],[[66977,10629],[0,0]],[[66998,10580],[0,-1],[-1,1],[1,0]],[[66982,10631],[0,0]],[[66983,10612],[0,0]],[[66988,10590],[0,0]],[[66999,10577],[-1,1],[1,0],[0,-1]],[[66977,10630],[0,0]],[[66988,10604],[0,0]],[[66977,10616],[0,0]],[[66991,10588],[0,0]],[[66977,10614],[0,0]],[[66989,10607],[-1,1],[1,0]],[[66989,10608],[0,-1]],[[66998,10576],[0,0]],[[66988,10631],[0,0]],[[66991,10592],[0,0]],[[66980,10631],[0,0]],[[66939,11023],[0,0]],[[66937,11023],[0,1],[1,-1],[-1,0]],[[67219,10467],[-1,0],[1,1],[0,-1]],[[67218,10464],[0,0]],[[67216,10466],[0,0]],[[67012,10469],[-1,1],[1,0],[0,-1]],[[67011,10484],[0,0]],[[67012,10468],[0,0]],[[67013,10463],[0,1],[1,0],[-1,-1]],[[67010,10488],[0,0]],[[67012,10483],[0,0]],[[67010,10479],[0,0]],[[67010,10487],[0,0]],[[67219,10464],[0,0]],[[67009,10480],[0,0]],[[67009,10489],[0,0]],[[67236,10487],[0,0]],[[67233,10475],[0,0]],[[67010,10484],[0,0]],[[67218,10465],[0,0]],[[67216,10472],[0,0]],[[67225,10470],[0,0]],[[67219,10466],[0,0]],[[67013,10470],[0,0]],[[67009,10481],[0,0]],[[67009,10488],[0,0]],[[67210,10480],[0,0]],[[67226,10469],[0,0]],[[67015,10463],[-1,0],[1,1],[0,-1]],[[67236,10486],[0,0]],[[67013,10484],[0,0]],[[67220,10467],[0,0]],[[67237,10488],[0,0]],[[67032,10813],[-1,1],[2,0],[-1,-1]],[[67046,10777],[0,0]],[[67047,10774],[0,0]],[[67034,10834],[0,0]],[[67036,10832],[0,0]],[[67048,10783],[0,1],[1,-1],[-1,0]],[[67036,10786],[0,0]],[[67031,10804],[0,0]],[[67032,10742],[0,0]],[[67039,10785],[0,0]],[[67031,10812],[0,0]],[[67032,10737],[0,0]],[[67034,10797],[0,0]],[[67048,10774],[0,0]],[[67362,10554],[2,3],[-1,-4],[-1,1]],[[67350,10500],[-1,0],[0,1],[1,-1]],[[67367,10554],[-2,1],[2,0],[0,-1]],[[67009,10501],[0,0]],[[67009,10504],[-1,0],[1,1],[0,-1]],[[67010,10495],[-1,0],[2,1],[-1,-1]],[[67328,10535],[-1,1],[1,0],[0,-1]],[[67349,10496],[-1,1],[1,0],[0,-1]],[[67365,10565],[-1,1],[1,0],[0,-1]],[[67006,10527],[0,-1],[-1,1],[1,0]],[[67336,10535],[-1,-2],[0,2],[1,0]],[[67366,10553],[0,0]],[[67001,10570],[0,0]],[[67346,10545],[0,0]],[[67300,10519],[0,-1],[-1,1],[1,0]],[[67005,10521],[0,0]],[[67010,10497],[0,0]],[[67001,10573],[0,0]],[[67347,10511],[0,0]],[[66997,10557],[0,0]],[[67347,10510],[-1,1],[1,0],[0,-1]],[[67001,10571],[0,0]],[[67010,10515],[0,0]],[[67010,10514],[0,0]],[[67349,10499],[0,0]],[[66999,10574],[-1,1],[1,0],[0,-1]],[[67003,10528],[-1,0],[1,1],[0,-1]],[[67012,10517],[0,0]],[[66998,10539],[0,0]],[[67305,10531],[0,0]],[[67006,10516],[0,0]],[[66997,10537],[-1,0],[1,1],[0,-1]],[[67348,10511],[0,0]],[[67007,10501],[0,0]],[[67004,10527],[0,0]],[[67012,10515],[0,0]],[[67347,10512],[0,0]],[[66998,10569],[0,0]],[[67001,10566],[0,0]],[[67013,10523],[0,0]],[[67351,10500],[0,0]],[[67347,10510],[0,0]],[[67349,10495],[0,0]],[[67007,10525],[0,0]],[[67010,10499],[0,0]],[[67305,10511],[0,0]],[[66999,10560],[0,0]],[[67012,10522],[0,0]],[[66999,10569],[0,0]],[[67385,10575],[0,0]],[[67008,10500],[0,0]],[[66994,11286],[-49,343],[169,132],[4,214],[51,46],[351,-263],[39,-933],[-59,-103],[10,-45],[-76,-21],[-16,-51],[-29,4],[3,-18],[-30,-17],[0,-18],[-23,-13],[1,-12],[-8,8],[-72,-18],[-41,-53],[-4,10],[-14,12],[-28,-11],[-62,-61],[10,-70],[-46,106],[-63,14],[2,4],[-3,2],[2,3],[-4,5],[6,1],[-7,9],[6,6],[0,26],[-18,22],[9,17],[-3,11],[-11,33],[-16,11],[65,23],[10,132],[-1,12],[-15,17],[13,22],[-26,74],[-77,76],[1,53],[-23,5],[72,254]],[[68762,9047],[-1,0],[1,1],[0,-1]],[[68764,9048],[0,0]],[[68763,9118],[0,0]],[[68764,9119],[1,-2],[-1,0],[0,2]],[[68692,9703],[0,0]],[[69267,5982],[0,0]],[[69271,5984],[0,0]],[[68749,7272],[0,0]],[[68753,7401],[0,0]],[[68745,7424],[-1,0],[0,1],[1,-1]],[[68725,7546],[0,1],[1,-1],[-1,0]],[[68591,7885],[0,0]],[[68590,7886],[0,0]],[[68748,8711],[0,0]],[[68746,8731],[-1,-2],[-1,2],[1,0]],[[68745,8731],[1,0]],[[68750,8743],[0,-2],[-1,2],[1,0]],[[68740,8862],[1,6],[1,-4],[-2,-2]],[[68767,8961],[0,0]],[[68751,8996],[0,0]],[[68767,9049],[0,0]],[[68761,9116],[-1,1],[1,0],[0,-1]],[[68760,9122],[0,0]],[[68750,9172],[0,0]],[[68759,9183],[0,0]],[[68698,9718],[0,0]],[[68702,9732],[0,0]],[[69269,5982],[0,0]],[[69270,5982],[0,0]],[[68769,7206],[3,-2],[-2,0]],[[68770,7204],[-2,1],[1,1]],[[68769,7206],[1,-2]],[[68767,7205],[0,-1],[-1,1],[1,0]],[[68749,7405],[0,0]],[[68741,7507],[0,0]],[[68742,7507],[0,0]],[[68747,8733],[0,5],[2,-1],[-2,-4]],[[68753,8981],[0,0]],[[68753,8982],[0,0]],[[68768,9183],[-5,-16],[-12,12],[17,4]],[[68703,9711],[0,0]],[[68754,7403],[0,0]],[[68756,7414],[0,0]],[[68757,7408],[1,1],[0,-1],[-1,0]],[[68758,7413],[-1,-1],[0,1],[1,0]],[[68753,7402],[-1,1],[1,0],[0,-1]],[[68739,7450],[-1,3],[2,-1],[-1,-2]],[[68740,7456],[0,0]],[[68751,7487],[0,0]],[[68751,7486],[0,0]],[[68750,8862],[0,0]],[[68755,8984],[-1,0],[1,1],[0,-1]],[[68695,9707],[1,-1],[-1,0]],[[68695,9707],[0,-1]],[[68695,9706],[-1,1],[1,0]],[[68695,9705],[0,0]],[[68695,9703],[0,1],[-1,0]],[[68767,7308],[0,0]],[[68772,7290],[0,0]],[[68769,7291],[0,0]],[[68769,7283],[0,0]],[[68768,7283],[0,0]],[[68754,7398],[0,0]],[[68753,7393],[0,1],[1,-1],[-1,0]],[[68754,7397],[0,0]],[[68753,7392],[0,0]],[[68752,7395],[0,0]],[[68752,7399],[0,0]],[[68739,7446],[0,0]],[[68739,7448],[0,0]],[[68602,7896],[0,1],[1,-1],[-1,0]],[[68598,7900],[1,0],[0,-1],[-1,1]],[[68750,8711],[0,0]],[[68694,9701],[0,2],[2,-2],[-2,0]],[[68695,9703],[-1,1]],[[68695,9703],[0,0]],[[68754,7392],[0,0]],[[68754,7384],[0,0]],[[68754,7386],[0,0]],[[68753,7391],[0,0]],[[68754,7390],[0,0]],[[68754,7387],[0,0]],[[68726,7549],[0,0]],[[68730,7551],[0,0]],[[68751,8708],[0,1],[1,-1],[-1,0]],[[68751,8710],[0,1],[1,0],[-1,-1]],[[68756,8718],[0,0]],[[68754,8714],[0,0]],[[68752,7416],[-1,-1],[0,1],[1,0]],[[68748,7421],[-1,-1],[0,1],[1,0]],[[68747,7422],[0,0]],[[68747,7429],[0,0]],[[68749,7417],[0,0]],[[68685,7779],[0,0]],[[68599,8085],[0,0]],[[68757,8859],[-4,8],[6,-6],[-2,-2]],[[68768,8864],[-2,2],[2,0],[0,-2]],[[68774,8772],[-1,1],[-1,0],[2,-1]],[[68770,8781],[1,-1],[-1,0],[0,1]],[[68764,8856],[0,0]],[[68758,8720],[0,0]],[[68769,8839],[0,0]],[[68762,8766],[0,0]],[[68756,8726],[0,1],[1,-1],[-1,0]],[[68766,8824],[0,0]],[[68771,8829],[0,0]],[[68751,8735],[0,0]],[[68779,7199],[-1,2],[1,0],[0,-2]],[[68772,7187],[-2,0],[0,1],[2,-1]],[[68771,7190],[0,0]],[[68772,7188],[0,0]],[[68777,7196],[0,0]],[[68769,7198],[0,0]],[[68780,7199],[0,0]],[[68776,7194],[0,0]],[[68776,7195],[0,0]],[[68621,7893],[-1,2],[1,0],[0,-2]],[[68634,7835],[0,0]],[[68651,7799],[0,0]],[[68655,7798],[0,1],[1,-1],[-1,0]],[[68627,7845],[0,0]],[[68653,7797],[0,1],[1,-1],[-1,0]],[[68655,7793],[1,0],[0,-1],[-1,1]],[[68666,7782],[-1,1],[2,-1],[-1,0]],[[68638,7834],[2,1],[0,-1],[-2,0]],[[68663,7786],[-2,1],[1,0],[1,-1]],[[68662,7789],[1,0],[0,-1],[-1,1]],[[68598,7893],[1,1],[0,-1],[-1,0]],[[68617,7894],[0,1],[1,0],[-1,-1]],[[68634,7899],[0,0]],[[68625,7844],[1,1],[1,-1],[-2,0]],[[68667,7782],[0,0]],[[68680,7780],[0,0]],[[68649,7787],[0,0]],[[68662,7787],[0,0]],[[68619,7853],[0,1],[1,-1],[-1,0]],[[68620,7852],[0,0]],[[68665,7786],[0,0]],[[68643,7820],[0,0]],[[68610,7853],[0,1],[1,-1],[-1,0]],[[68644,7820],[0,0]],[[68655,7800],[0,0]],[[68647,7823],[0,0]],[[68669,7780],[0,-1],[-1,1],[1,0]],[[68662,7785],[0,0]],[[68647,7800],[-1,1],[1,0],[0,-1]],[[68633,7899],[0,0]],[[68611,7893],[0,0]],[[68683,7781],[0,1],[1,0],[-1,-1]],[[68648,7804],[0,0]],[[68670,7780],[0,0]],[[68647,7788],[0,0]],[[68652,7814],[0,0]],[[68648,7799],[0,0]],[[68653,7787],[0,0]],[[68662,7784],[0,0]],[[68646,7818],[0,0]],[[68613,7892],[0,0]],[[68610,7874],[0,0]],[[68669,7780],[0,0]],[[68609,7854],[0,0]],[[68654,7795],[0,0]],[[68654,7796],[0,0]],[[68674,7782],[0,0]],[[68625,7897],[0,0]],[[68664,7792],[0,0]],[[68681,7781],[0,0]],[[68627,7844],[0,0]],[[68645,7803],[0,0]],[[68637,7837],[0,0]],[[68648,7798],[0,0]],[[68686,7780],[0,0]],[[68626,7845],[0,0]],[[68671,7781],[0,0]],[[68665,7788],[0,0]],[[68689,8210],[-1,1],[2,-1],[-1,0]],[[68689,8211],[0,1],[1,-1],[-1,0]],[[68687,8205],[0,0]],[[68692,8205],[0,0]],[[68690,8210],[0,0]],[[68691,8205],[0,0]],[[68688,8212],[0,0]],[[68695,9703],[2,3],[-1,1],[1,1],[-2,2],[4,4],[1,6],[-2,4],[4,6],[3,-11],[-5,-9],[1,-3],[-6,-4]],[[68701,9731],[0,0]],[[68699,9718],[0,0]],[[68696,7761],[0,0]],[[68686,7779],[1,1],[0,-1],[-1,0]],[[68734,7619],[0,0]],[[68698,7771],[0,0]],[[68702,7765],[0,0]],[[68742,7610],[0,0]],[[68686,7777],[0,0]],[[68710,7747],[-1,0],[0,1],[1,-1]],[[68687,7778],[-1,0],[0,1],[1,-1]],[[68715,7752],[0,0]],[[68781,8532],[0,0]],[[68783,8529],[0,0]],[[68779,8533],[0,0]],[[69249,9673],[-1,-4],[-1,-1],[2,5]],[[69336,9667],[-2,0],[3,1],[-1,-1]],[[69194,9656],[0,0]],[[69269,9665],[0,1],[1,0],[-1,-1]],[[69346,9674],[0,0]],[[69337,9669],[0,0]],[[69282,9667],[-1,1],[1,0],[0,-1]],[[69364,9656],[-1,0],[0,1],[1,-1]],[[69337,9670],[0,0]],[[69191,9655],[0,0]],[[69313,9659],[0,0]],[[69334,9672],[0,0]],[[69312,9660],[0,0]],[[68605,8084],[0,3],[2,-2],[-2,-1]],[[68609,8104],[1,2],[1,-1],[-2,-1]],[[68611,8071],[0,-1],[-1,1],[1,0]],[[68606,8102],[2,0],[-2,-1],[0,1]],[[68644,7975],[0,0]],[[68642,8131],[1,2],[1,-1],[-2,-1]],[[68614,8108],[0,-1],[-1,1],[1,0]],[[68647,8137],[0,1],[1,-1]],[[68612,8092],[0,0]],[[68610,8070],[0,0]],[[68667,8150],[-1,1],[1,0],[0,-1]],[[68651,8142],[-1,1],[2,-1],[-1,0]],[[68627,8062],[0,0]],[[68640,7973],[0,0]],[[68658,8143],[0,1],[1,-1],[-1,0]],[[68684,8147],[0,-1],[-1,2],[1,-1]],[[68605,8098],[0,0]],[[68616,8105],[0,0]],[[68653,8200],[0,0]],[[68605,8109],[0,0]],[[68730,8185],[0,0]],[[68649,7990],[0,0]],[[68605,8093],[0,0]],[[68606,8095],[0,0]],[[68604,8100],[0,0]],[[68627,8063],[1,0],[0,-1],[-1,1]],[[68620,8111],[0,0]],[[68641,8122],[0,0]],[[68606,8093],[0,1],[1,0],[-1,-1]],[[68731,8185],[0,0]],[[68642,8134],[0,0]],[[68613,8108],[0,0]],[[68689,8194],[0,0]],[[68636,8111],[1,0],[0,-1],[-1,1]],[[68659,8144],[1,-1],[-1,0],[0,1]],[[68648,7989],[0,0]],[[68608,8108],[1,-1],[-1,0]],[[68605,8072],[0,0]],[[68603,8095],[0,0]],[[68601,8093],[0,0]],[[68641,7974],[0,0]],[[68603,8084],[0,0]],[[68603,8075],[0,0]],[[68608,8070],[0,0]],[[68687,8148],[0,0]],[[68677,8145],[0,0]],[[68628,8062],[0,0]],[[68695,8188],[0,0]],[[68609,8070],[0,0]],[[68606,8104],[-1,1],[1,0],[0,-1]],[[68617,8111],[0,0]],[[68614,8109],[0,0]],[[68649,8201],[0,1],[1,0],[-1,-1]],[[68625,8073],[0,0]],[[68602,8086],[0,0]],[[68664,8201],[0,0]],[[68608,8072],[1,0],[0,-1],[-1,1]],[[68702,8168],[1,-1],[-1,0],[0,1]],[[68616,8072],[0,0]],[[68602,8102],[0,0]],[[68640,8126],[0,0]],[[68607,8111],[0,0]],[[68697,8185],[0,0]],[[68663,8151],[0,0]],[[68644,7967],[0,0]],[[68606,8109],[0,1],[1,-1],[-1,0]],[[68651,8142],[0,0]],[[68646,8140],[0,0]],[[68733,8184],[0,1],[1,-1],[-1,0]],[[68620,8113],[0,0]],[[68682,8148],[0,0]],[[68604,8094],[0,0]],[[68741,8181],[0,0]],[[68666,8150],[0,0]],[[68641,7972],[0,0]],[[68605,8082],[0,0]],[[68641,8133],[0,0]],[[68608,8108],[0,-1]],[[68603,8101],[0,0]],[[68609,8071],[0,0]],[[68637,7971],[0,0]],[[68689,8197],[0,0]],[[68617,8072],[0,0]],[[68731,8186],[0,0]],[[68626,8073],[0,0]],[[68742,8180],[0,0]],[[68701,8178],[0,0]],[[68698,8202],[0,0]],[[68697,8203],[0,0]],[[68637,8053],[0,0]],[[68689,8196],[0,0]],[[68641,7971],[0,0]],[[68687,8200],[0,0]],[[68643,8114],[0,0]],[[68644,8040],[0,0]],[[68699,8163],[0,0]],[[68608,8072],[0,0]],[[68601,8086],[0,0]],[[68687,8203],[0,0]],[[68638,8053],[0,0]],[[68670,8151],[0,0]],[[68624,8073],[0,0]],[[68631,8057],[0,0]],[[68685,8204],[0,0]],[[68614,8071],[0,0]],[[68644,8129],[0,0]],[[68600,8095],[0,0]],[[68621,8108],[0,0]],[[68649,8200],[0,1],[1,0],[-1,-1]],[[68658,8199],[0,0]],[[68613,8070],[0,0]],[[68606,8088],[0,0]],[[68657,8198],[0,0]],[[68614,8103],[0,0]],[[68603,8094],[0,0]],[[68633,8056],[0,0]],[[68732,8187],[0,0]],[[68642,7974],[0,0]],[[68651,8202],[0,0]],[[68645,7986],[0,0]],[[68659,8200],[0,0]],[[68647,8137],[1,0]],[[68627,8108],[0,0]],[[68600,8094],[0,0]],[[68607,8098],[0,0]],[[68642,7973],[0,0]],[[68630,8110],[0,0]],[[68669,8151],[0,0]],[[68662,8143],[0,0]],[[68605,8104],[-1,1],[1,0],[0,-1]],[[68652,8200],[0,0]],[[68649,8202],[0,0]],[[68643,8130],[0,0]],[[68610,8107],[0,0]],[[68697,8186],[0,0]],[[68715,8190],[0,0]],[[68638,8129],[0,0]],[[68605,8081],[0,0]],[[68617,8116],[0,0]],[[68647,8140],[0,0]],[[68643,7967],[0,0]],[[68635,7969],[0,0]],[[68650,8140],[0,0]],[[68653,8199],[0,0]],[[68605,8096],[0,0]],[[68614,8101],[0,0]],[[68603,8092],[0,0]],[[68730,8186],[0,0]],[[68639,8126],[0,0]],[[68661,8144],[0,0]],[[68661,8151],[0,0]],[[68622,8074],[0,0]],[[68661,8152],[0,0]],[[68643,8126],[0,0]],[[68668,8154],[0,0]],[[69548,6161],[-1,2],[2,0],[-1,-2]],[[70117,8597],[0,0]],[[70104,8663],[0,0]],[[69415,8739],[0,0]],[[69399,8685],[3,-6],[-1,0],[-2,6]],[[69401,8674],[1,-1],[-1,0],[0,1]],[[69398,8704],[0,0]],[[69402,8698],[0,0]],[[69404,8700],[0,0]],[[69409,8700],[0,0]],[[70610,8231],[6,1],[-1,-3],[-5,2]],[[70391,8232],[-1,1],[2,1],[-1,-2]],[[70576,8267],[-1,1],[1,0],[0,-1]],[[69548,8542],[4,91],[121,-124],[-125,33]],[[69485,8594],[5,11],[1,0],[-6,-11]],[[70093,8350],[0,1],[2,0],[-2,-1]],[[70107,8356],[-2,2],[2,-1],[0,-1]],[[70119,8359],[0,2],[1,0],[-1,-2]],[[70532,8337],[-2,1],[-1,2],[3,-3]],[[70314,8339],[1,1],[0,-1],[-1,0]],[[70566,8293],[-1,1],[1,0],[0,-1]],[[70567,8294],[0,0]],[[69530,8740],[-1,-1],[2,3],[-1,-2]],[[70093,8676],[1,1],[0,-1],[-1,0]],[[69528,8739],[-1,1],[1,1],[0,-2]],[[70093,8668],[0,0]],[[70091,8666],[-1,1],[1,0],[0,-1]],[[69294,9139],[0,-1],[-1,0],[1,1]],[[69309,9138],[-1,1],[1,0],[0,-1]],[[68855,8955],[0,0]],[[68771,8959],[-18,34],[41,-20],[-23,-14]],[[69276,9147],[0,0]],[[69279,9149],[-2,3],[3,1],[-1,-4]],[[69319,9188],[-5,-1],[3,5],[2,-4]],[[68814,9324],[0,0]],[[68813,9326],[-1,2],[2,-1],[-1,-1]],[[68815,9330],[0,0]],[[68811,9331],[0,0]],[[68811,9332],[0,0]],[[68808,9341],[-1,2],[1,0],[0,-2]],[[68806,9348],[0,0]],[[68821,9386],[0,0]],[[68817,9401],[0,0]],[[69212,9402],[-1,2],[1,0],[0,-2]],[[69389,9579],[1,-1],[-1,0],[0,1]],[[68810,9338],[-1,8],[8,-7],[-7,-1]],[[68808,9337],[0,0]],[[68873,8963],[1,-2],[-1,-5],[0,7]],[[69281,9166],[0,0]],[[68814,9330],[0,0]],[[68814,9331],[0,0]],[[68821,9346],[0,-1],[-1,1],[1,0]],[[68846,9044],[0,0]],[[68880,9022],[0,0]],[[68843,9045],[0,0]],[[69376,9554],[0,0]],[[68810,8400],[0,-3],[-1,-1],[1,4]],[[68999,7676],[-1,1],[1,0],[0,-1]],[[68795,7176],[0,0]],[[68791,7182],[0,0]],[[68793,7179],[0,0]],[[68798,8414],[0,0]],[[68792,7181],[0,0]],[[68788,7184],[0,0]],[[68791,7186],[0,0]],[[68792,7179],[0,0]],[[68971,7716],[0,0]],[[69309,9108],[-1,0],[1,1],[0,-1]],[[68819,9408],[-1,-2],[0,1],[1,1]],[[68820,9387],[0,0]],[[68889,9399],[-1,0],[0,1],[1,-1]],[[68821,9388],[0,1],[1,-1],[-1,0]],[[68818,9399],[0,0]],[[68820,7126],[-1,5],[-1,4],[2,-9]],[[68821,7110],[1,2],[1,-1],[-2,-1]],[[68829,7108],[-1,1],[2,-1],[-1,0]],[[68811,7145],[-1,0],[0,1],[1,-1]],[[68818,7124],[0,0]],[[68817,7120],[-1,0],[0,1],[1,-1]],[[68823,7123],[0,0]],[[68820,7113],[0,0]],[[68814,7095],[0,0]],[[68826,7096],[0,0]],[[68813,7096],[0,0]],[[68802,7164],[0,0]],[[68802,7169],[0,0]],[[68814,7094],[0,0]],[[68814,7096],[0,0]],[[69308,9136],[-1,1],[1,0],[0,-1]],[[69306,9116],[0,0]],[[69306,9115],[0,0]],[[68991,9332],[0,0]],[[68855,9232],[-1,0],[1,1],[0,-1]],[[68842,9285],[0,0]],[[68858,9229],[0,0]],[[68854,9253],[-1,1],[1,0],[0,-1]],[[68857,9240],[-1,0],[1,1],[0,-1]],[[69320,9470],[1,0],[0,-1],[-1,1]],[[69308,9449],[0,1],[1,0],[-1,-1]],[[68791,8484],[4,4],[-1,-2],[-3,-2]],[[68805,8516],[-1,2],[2,0],[-1,-2]],[[68795,8490],[1,0],[1,-1],[-2,1]],[[68807,8512],[1,-1],[-1,0],[0,1]],[[68792,8491],[1,-1],[-2,1],[1,0]],[[68801,8476],[-1,2],[1,-1],[0,-1]],[[68792,8488],[-1,0],[1,1],[0,-1]],[[68806,8516],[0,1],[1,0],[-1,-1]],[[68788,8457],[0,0]],[[68800,8485],[0,0]],[[68793,8432],[0,0]],[[68796,8431],[0,0]],[[68799,8487],[0,0]],[[68807,8505],[0,0]],[[68791,8492],[0,1],[1,0],[-1,-1]],[[68795,8476],[0,0]],[[68797,8438],[0,0]],[[68796,8443],[0,0]],[[68806,8503],[0,0]],[[68791,8479],[0,0]],[[68790,8482],[0,-1],[-1,0],[1,1]],[[68790,8481],[0,0]],[[68807,8504],[0,0]],[[68806,8519],[0,0]],[[68809,8511],[0,0]],[[68798,8445],[0,0]],[[68802,8496],[0,0]],[[68797,8444],[0,0]],[[68792,8481],[0,0]],[[68795,8432],[0,0]],[[68797,8437],[0,0]],[[68791,8487],[0,0]],[[68809,8509],[0,0]],[[68808,8509],[0,0]],[[68881,9013],[2,5],[1,-2],[-3,-3]],[[68880,9019],[0,0]],[[69097,9561],[2,-2],[-1,-1],[-1,3]],[[68854,9416],[-1,0],[1,2],[0,-2]],[[68942,9452],[0,0]],[[68942,9485],[0,0]],[[69244,9414],[1,0],[0,-1],[-1,1]],[[68955,9556],[0,1],[1,0],[-1,-1]],[[69272,9424],[0,0]],[[68952,9548],[0,0]],[[68991,9561],[0,-1],[-1,0],[1,2]],[[69271,9424],[-1,1],[1,0],[0,-1]],[[68951,9545],[0,0]],[[69243,9411],[0,0]],[[68955,9558],[0,0]],[[69097,9512],[0,0]],[[69188,9424],[0,0]],[[68950,9541],[0,0]],[[68952,9549],[0,0]],[[68943,9515],[0,0]],[[68950,9540],[0,0]],[[68942,9492],[0,0]],[[68949,9542],[0,0]],[[68951,9554],[0,0]],[[69120,9557],[0,0]],[[68991,9562],[0,-1]],[[68949,9544],[0,0]],[[68953,9549],[0,0]],[[68997,9423],[0,0]],[[68956,9576],[0,0]],[[68860,7025],[-1,2],[2,-2],[-1,0]],[[68849,7036],[2,2],[0,-2],[-2,0]],[[68864,6995],[-1,1],[0,1],[1,-2]],[[68870,6990],[0,0]],[[68868,6993],[-1,1],[1,1],[0,-2]],[[68881,7015],[0,2],[1,-1],[-1,-1]],[[68830,7088],[0,0]],[[68864,7025],[0,0]],[[68888,6962],[-1,-1],[0,1],[1,0]],[[68860,7030],[0,0]],[[68866,6998],[0,0]],[[68827,7059],[0,0]],[[68866,6996],[0,0]],[[68862,7029],[0,-1],[-1,1],[1,0]],[[68840,7070],[0,0]],[[68856,7033],[0,0]],[[68867,6992],[-1,-1],[0,1],[1,0]],[[68844,7040],[0,0]],[[68876,6970],[-1,1],[1,0],[0,-1]],[[68875,6976],[0,0]],[[68845,7040],[0,1],[2,-1],[-2,0]],[[68865,6987],[-1,1],[1,0],[0,-1]],[[68903,6950],[-1,1],[1,0],[0,-1]],[[68883,6967],[0,0]],[[68899,6953],[0,0]],[[68834,7055],[0,0]],[[68866,6989],[-1,0],[1,1],[0,-1]],[[68867,6988],[0,0]],[[68885,6968],[0,0]],[[68839,7047],[0,0]],[[68866,6993],[0,0]],[[68882,6970],[-1,1],[1,0],[0,-1]],[[68894,6956],[0,0]],[[68834,7058],[0,0]],[[68832,7057],[-1,1],[1,-2],[0,1]],[[68900,6954],[0,0]],[[68861,7027],[0,0]],[[68871,7025],[-1,0],[1,1],[0,-1]],[[68900,6953],[0,0]],[[68866,6986],[0,0]],[[68857,7030],[0,0]],[[68843,7040],[0,0]],[[68836,7089],[0,0]],[[68835,7044],[0,0]],[[68902,6951],[0,0]],[[68882,6972],[0,0]],[[68844,7037],[0,0]],[[68877,7020],[0,0]],[[68891,6959],[0,0]],[[68889,6959],[0,0]],[[68837,7054],[0,0]],[[68864,6998],[0,0]],[[68868,6991],[0,0]],[[68908,6946],[-1,0],[0,1],[1,-1]],[[68877,7019],[0,0]],[[68826,7058],[0,0]],[[68859,7029],[0,0]],[[68856,7029],[0,0]],[[68897,6955],[0,1]],[[68897,6956],[1,0],[-1,-1]],[[68865,6999],[0,0]],[[68867,6987],[0,0]],[[68835,7055],[0,0]],[[68887,6964],[0,0]],[[68878,9002],[1,2],[1,-1],[-2,-1]],[[68874,8991],[1,2],[-1,-3],[0,1]],[[68876,9002],[0,0]],[[68874,8995],[0,0]],[[68874,8996],[0,0]],[[69092,9521],[99,76],[12,85],[58,-26],[64,-1],[24,19],[4,-61],[29,-39],[-158,-168],[-132,115]],[[68977,9624],[-2,2],[4,-1],[-2,-1]],[[68958,9573],[-1,3],[1,-1],[0,-2]],[[68968,9583],[-1,2],[2,-2],[-1,0]],[[69376,9586],[1,1],[1,0],[-1,-1],[-1,0]],[[68966,9582],[0,0]],[[68980,9620],[0,-1],[-1,0],[1,1]],[[69356,9609],[0,1],[1,-1],[-1,0]],[[68958,9577],[0,0]],[[69358,9622],[-1,0],[1,1],[0,-1]],[[68979,9640],[0,2],[1,-1],[-1,-1]],[[68976,9606],[0,0]],[[68992,9639],[0,0]],[[69363,9650],[0,0]],[[68979,9624],[0,0]],[[68979,9647],[0,0]],[[68979,9623],[0,0]],[[69363,9604],[-1,0],[0,1],[1,-1]],[[69364,9631],[0,0]],[[69364,9606],[0,0]],[[68967,9586],[-1,-1],[0,1],[1,0]],[[68977,9633],[0,0]],[[68976,9605],[0,0]],[[69361,9649],[0,0]],[[69354,9613],[0,0]],[[68978,9614],[0,0]],[[68975,9607],[0,0]],[[68985,9648],[0,0]],[[69374,9587],[0,0]],[[68994,9577],[0,0]],[[68969,9590],[0,0]],[[69364,9648],[0,0]],[[69359,9651],[0,0]],[[68977,9627],[0,0]],[[69373,9588],[0,0]],[[69355,9613],[0,0]],[[69365,9654],[0,0]],[[69365,9655],[0,0]],[[69165,8709],[15,42],[-10,93],[124,162],[18,-79],[37,-7],[16,-19],[13,0],[-29,85],[245,-246],[-197,19],[-180,-94],[-24,14],[-21,31],[-1,0],[-3,1],[-3,-2]],[[69073,8777],[27,24],[4,-8],[-31,-16]],[[69260,8644],[13,-13],[-22,6],[9,7]],[[69173,8697],[-7,-4],[-4,10],[11,-6]],[[69179,8697],[-11,6],[-3,4],[14,-10]],[[69122,8680],[-2,8],[7,-7],[-5,-1]],[[69166,8733],[1,7],[3,-5],[-4,-2]],[[69155,8713],[0,-7],[-3,6],[3,1]],[[69077,8742],[-1,5],[6,-3],[-5,-2]],[[69153,8704],[0,2],[2,0],[2,1],[-4,-3]],[[68869,8958],[3,-3],[-2,-4],[-1,7]],[[69180,8686],[-1,4],[1,-3],[0,-1]],[[69369,8740],[-1,3],[3,0],[-2,-3]],[[69160,8704],[-1,6],[0,1],[1,-7]],[[68792,8544],[0,3],[2,-1],[-2,-2]],[[69393,8752],[-1,3],[2,-1],[-1,-2]],[[69161,8653],[0,2],[1,-1],[-1,-1]],[[68803,8941],[0,2],[2,0],[-2,-2]],[[69158,8659],[0,2],[1,-1],[-1,-1]],[[68805,8911],[2,-3],[0,-1],[-2,2],[0,2]],[[68928,8795],[-2,3],[3,-2],[-1,-1]],[[69371,8744],[2,-1],[-1,-1],[-1,2]],[[69152,8714],[2,3],[1,-1],[-3,-2]],[[69327,8633],[-1,2],[1,-1],[0,-1]],[[69159,8704],[-1,3],[0,1],[1,-4]],[[69333,8631],[-1,1],[2,0],[-1,-1]],[[68800,8553],[-1,0],[0,2],[1,-2]],[[68800,8525],[0,0]],[[68891,8892],[-1,1],[2,0],[-1,-1]],[[69104,8644],[1,1],[0,-2],[-1,1]],[[68803,8524],[-1,2],[1,-1],[0,-1]],[[68940,8668],[0,0]],[[69180,8694],[0,1],[1,-1],[-1,0]],[[68790,8544],[1,-2],[-1,0],[0,2]],[[68806,8612],[-2,1],[1,0],[1,-1]],[[68804,8911],[-1,1],[1,0],[0,-1]],[[69182,8687],[-1,1],[1,0],[0,-1]],[[68796,8533],[0,0]],[[69107,8637],[0,0]],[[68798,8550],[-1,1],[2,-1],[-1,0]],[[69106,8643],[0,0]],[[69162,8655],[0,0]],[[68894,8893],[0,0]],[[68941,8657],[0,-1],[-1,1],[1,0]],[[69364,8905],[-1,0],[1,1],[0,-1]],[[68845,8946],[-1,1],[1,0],[0,-1]],[[69115,8729],[-1,1],[1,0],[0,-1]],[[68813,8624],[0,0]],[[69158,8708],[0,0]],[[69364,8906],[-1,1],[1,0],[0,-1]],[[68799,8522],[1,-1],[-1,0],[0,1]],[[68799,8531],[0,0]],[[68867,8950],[0,0]],[[68801,8527],[0,0]],[[68805,8519],[0,0]],[[68794,8537],[0,0]],[[68896,8893],[0,0]],[[68797,8532],[0,0]],[[68894,8892],[0,0]],[[68803,8524],[0,0]],[[68794,8556],[0,0]],[[68807,8906],[0,0]],[[68798,8531],[0,0]],[[68891,8890],[0,0]],[[68898,8894],[0,0]],[[68800,8551],[-1,1],[1,0],[0,-1]],[[68796,8550],[0,0]],[[68791,8541],[0,0]],[[68835,8928],[0,0]],[[68892,8891],[0,0]],[[68795,8547],[1,0],[0,-1],[-1,1]],[[68806,8615],[0,0]],[[68891,8893],[0,0]],[[68890,8890],[0,0]],[[68803,8523],[-1,0],[1,1],[0,-1]],[[68803,8526],[0,0]],[[68787,8546],[0,0]],[[68803,8914],[0,0]],[[68899,8895],[0,0]],[[68794,8534],[0,0]],[[68802,8914],[0,0]],[[68799,8530],[0,0]],[[68799,8525],[0,0]],[[68793,8555],[0,0]],[[68801,8526],[0,0]],[[68802,8913],[0,0]],[[69704,8301],[162,-73],[22,61]],[[69821,8329],[204,194],[-14,223],[105,-150],[-92,-97],[101,-108],[-55,-45],[226,3],[8,-39],[109,-23],[-6,-10],[8,-33],[-21,-7],[-9,-6],[-1,-5],[0,-1],[1,-2],[4,1],[1,-4],[152,124],[78,-206],[65,-27]],[[69698,6741],[-104,-665],[-71,55],[35,26],[1,3],[-1,2],[-6,5],[4,9],[-163,-79],[-86,-72],[-17,-25],[-8,-4],[-6,-11],[-70,244],[-106,224],[-40,14],[3,13],[-24,33],[5,21],[-62,92],[-45,48],[-41,25],[96,74],[-41,154],[-71,46],[9,41],[-37,29],[-11,0],[-2,12],[-4,5],[7,2],[-3,19],[8,5],[0,4],[-36,88],[-42,34],[18,124],[-5,32],[-23,18],[0,26],[-13,11],[4,7],[-10,16],[1,5],[-3,3],[8,2],[13,37],[2,39],[-25,-18],[0,30],[-15,22],[12,10],[9,-3],[3,2],[0,3],[1,-5],[1,3],[3,108],[-40,65],[47,20],[6,34],[198,-132],[-2,40],[37,5],[8,42],[-10,-94],[5,-7],[6,5],[-3,0],[-3,-3],[-4,6],[9,18],[6,40],[7,7],[-5,18],[-5,10],[-6,1],[-2,-3],[-6,-18],[2,-22],[-19,9],[-18,-12],[-3,-14],[-6,17],[-52,38],[-135,52],[-6,0],[-4,-7],[2,-28],[-20,5],[-23,-15],[-17,18],[-11,4],[-5,-2],[-13,2],[2,10],[-17,10],[3,13],[-9,16],[-31,48],[-5,-1],[-11,10],[20,-1],[20,12],[15,32],[-4,120],[-41,48],[6,0],[8,7],[5,-5],[19,12],[8,30],[5,-2],[4,1],[5,7],[6,-5],[14,1],[15,18],[2,10],[0,8],[-16,21],[6,1],[13,-13],[41,-16],[15,8],[62,148],[-9,292],[-18,13],[-19,-14],[-11,84],[-11,7],[3,13],[-9,7],[20,19],[22,60],[-25,50],[61,46],[26,43],[21,-141],[77,-45],[-12,-40],[9,-27],[-11,-27],[1,-4],[2,-3],[-3,-7],[1,-1],[31,41],[13,60],[109,-29],[0,-81],[13,-19],[142,7],[46,-71],[105,93],[89,-134],[73,8],[38,-88],[-123,-38],[182,-50],[-66,-151]],[[69230,6129],[3,2],[-2,-5],[-1,3]],[[69043,6499],[-1,3],[2,0],[-1,-3]],[[68933,6662],[0,4],[1,0],[-1,-4]],[[69230,6075],[-1,0],[-1,2],[2,-2]],[[68913,6686],[-2,-1],[1,2],[1,-1]],[[69228,6075],[-1,0],[0,1],[1,-1]],[[69280,5990],[-1,1],[2,0],[-1,-1]],[[69213,6179],[-1,0],[0,2],[1,-2]],[[68990,6606],[-1,0],[0,1],[1,-1]],[[69213,6175],[0,0]],[[69223,6153],[0,2],[1,-1],[-1,-1]],[[69055,6480],[0,2],[1,-1],[-1,-1]],[[69048,6489],[0,0]],[[69045,6493],[0,1],[1,-1],[-1,0]],[[69051,6487],[-1,1],[1,0],[0,-1]],[[69011,6556],[0,2],[1,-3],[-1,1]],[[68933,6660],[-1,-1],[0,2],[1,-1]],[[68919,6734],[0,0]],[[69229,6134],[0,0]],[[69046,6496],[0,0]],[[68991,6608],[-2,0],[0,1],[2,-1]],[[69217,6168],[1,1],[0,-1],[-1,0]],[[69200,6213],[-1,1],[0,1],[1,-2]],[[68936,6658],[-1,1],[1,0],[0,-1]],[[68918,6733],[0,0]],[[68929,6673],[0,0]],[[69040,6502],[0,0]],[[69200,6212],[0,0]],[[69044,6491],[-1,0],[1,1],[0,-1]],[[69041,6505],[1,-1],[-1,0],[0,1]],[[69220,6159],[0,2],[1,-2],[-1,0]],[[68939,6647],[0,0]],[[69068,6461],[0,0]],[[69207,6199],[-1,-1],[0,1],[1,0]],[[68916,6726],[0,0]],[[69039,6503],[0,0]],[[69090,6445],[-1,0],[1,1],[0,-1]],[[69053,6484],[0,0]],[[69058,6476],[0,0]],[[69209,6187],[0,0]],[[69212,6177],[0,0]],[[69208,6198],[0,0]],[[68940,6650],[0,0]],[[69266,5991],[0,1],[1,-1],[-1,0]],[[69195,6234],[0,0]],[[68994,6602],[-1,1],[1,0],[0,-1]],[[68975,6630],[0,0]],[[68896,6698],[0,1],[1,-1],[-1,0]],[[69010,6558],[-1,0],[1,1],[0,-1]],[[68941,6652],[0,0]],[[69218,6166],[-1,0],[0,1],[1,-1]],[[68896,6702],[0,1],[1,0],[-1,-1]],[[68990,6602],[0,0]],[[68928,6674],[-1,-1],[0,1],[1,0]],[[69238,6060],[0,1],[1,0],[-1,-1]],[[69040,6501],[-1,0],[1,1],[0,-1]],[[69229,6129],[0,0]],[[69039,6499],[0,0]],[[69008,6560],[0,0]],[[69022,6541],[0,0]],[[68920,6732],[0,1],[1,0],[-1,-1]],[[69217,6172],[0,0]],[[69258,6009],[0,0]],[[69024,6540],[0,0]],[[69060,6467],[0,0]],[[69049,6490],[-1,0],[0,1],[1,-1]],[[69208,6200],[0,0]],[[69077,6452],[0,0]],[[69231,6133],[-1,0],[0,1],[1,-1]],[[68909,6687],[0,0]],[[69043,6497],[0,0]],[[69053,6480],[0,0]],[[69199,6217],[0,0]],[[68927,6671],[0,0]],[[69062,6465],[0,-1],[-1,1]],[[69010,6561],[-1,-1],[0,1],[1,0]],[[68940,6646],[0,0]],[[68907,6688],[0,0]],[[69013,6545],[-1,1],[1,0],[0,-1]],[[68940,6652],[-1,0],[0,1],[1,-1]],[[69267,5994],[0,0]],[[69003,6573],[0,0]],[[69207,6196],[-1,-1],[0,1],[1,0]],[[68917,6683],[0,0]],[[69027,6533],[-1,1],[1,0],[0,-1]],[[69236,6112],[0,0]],[[69240,6041],[0,0]],[[69232,6061],[-1,1],[1,0],[0,-1]],[[69058,6475],[0,0]],[[69054,6482],[0,0]],[[69222,6157],[0,0]],[[69046,6495],[0,0]],[[68998,6579],[0,0]],[[69048,6487],[-1,0],[1,1],[0,-1]],[[69208,6199],[-1,0],[0,1],[1,-1]],[[68977,6628],[0,0]],[[69210,6185],[0,0]],[[69206,6203],[0,0]],[[68934,6659],[0,0]],[[69045,6491],[-1,0],[1,1],[0,-1]],[[69054,6484],[0,0]],[[69023,6541],[0,0]],[[69211,6186],[0,0]],[[69026,6534],[0,0]],[[68937,6652],[0,0]],[[69007,6567],[-1,0],[0,1],[1,-1]],[[69009,6559],[0,0]],[[68934,6667],[0,0]],[[69211,6181],[0,0]],[[68999,6589],[0,0]],[[69037,6513],[0,0]],[[69056,6476],[0,0]],[[69023,6538],[0,0]],[[68896,6695],[-1,0],[0,1],[1,-1]],[[69211,6189],[-1,1],[1,0],[0,-1]],[[69257,6007],[0,0]],[[69216,6170],[0,0]],[[69002,6572],[0,0]],[[69211,6190],[0,0]],[[69022,6545],[0,0]],[[68920,6683],[0,0]],[[69012,6549],[0,0]],[[69010,6546],[0,0]],[[68925,6675],[0,0]],[[68997,6572],[0,0]],[[68934,6661],[0,0]],[[68932,6665],[0,0]],[[69195,6228],[0,0]],[[69219,6165],[0,0]],[[69199,6216],[0,0]],[[69241,6039],[0,0]],[[68910,6686],[0,0]],[[69041,6508],[0,0]],[[69059,6468],[-1,1],[1,0],[0,-1]],[[69207,6193],[0,0]],[[68901,6693],[0,0]],[[69241,6037],[0,0]],[[69267,5992],[1,1],[0,-1],[-1,0]],[[69069,6463],[0,0]],[[68999,6594],[0,0]],[[68938,6651],[0,0]],[[69246,6025],[0,0]],[[69198,6220],[0,0]],[[69213,6176],[0,0]],[[69005,6571],[-1,0],[1,1],[0,-1]],[[68937,6655],[0,0]],[[69207,6202],[0,0]],[[68901,6691],[0,0]],[[69229,6062],[0,0]],[[69221,6161],[0,0]],[[69211,6192],[0,0]],[[69045,6497],[0,0]],[[69023,6543],[0,0]],[[68914,6726],[0,0]],[[69241,6047],[0,0]],[[69070,6460],[0,0]],[[69220,6158],[0,0]],[[68939,6645],[0,0]],[[69229,6071],[0,0]],[[69043,6495],[0,0]],[[69067,6462],[0,0]],[[69009,6546],[0,0]],[[68900,6706],[0,0]],[[69219,6168],[-1,1],[1,0],[0,-1]],[[68939,6650],[0,0]],[[68998,6591],[0,0]],[[69208,6195],[0,0]],[[68907,6690],[0,0]],[[68926,6675],[0,0]],[[69050,6487],[-1,0],[1,1],[0,-1]],[[68933,6658],[0,0]],[[69012,6548],[0,0]],[[69060,6477],[0,0]],[[69229,6128],[0,0]],[[69166,6289],[0,0]],[[68925,6680],[0,0]],[[68913,6682],[-1,0],[1,1],[0,-1]],[[69044,6498],[0,0]],[[68908,6686],[0,0]],[[68941,6650],[0,0]],[[69059,6476],[0,0]],[[69242,6034],[0,0]],[[68901,6706],[0,0]],[[68934,6655],[-1,1],[1,0],[0,-1]],[[68900,6690],[0,0]],[[69022,6542],[0,0]],[[69239,6107],[0,0]],[[68989,6608],[0,0]],[[68929,6665],[0,0]],[[68920,6734],[-1,1],[1,0],[0,-1]],[[68937,6648],[0,-1],[-1,1],[1,0]],[[69005,6569],[0,0]],[[69041,6509],[0,0]],[[69028,6532],[0,0]],[[69000,6584],[0,0]],[[68931,6672],[0,0]],[[69022,6543],[0,0]],[[69013,6546],[0,0]],[[68933,6655],[0,0]],[[68936,6654],[0,0]],[[68932,6659],[0,0]],[[69226,6145],[0,0]],[[68911,6685],[0,0]],[[68905,6690],[0,0]],[[69071,6459],[0,0]],[[68936,6647],[0,0]],[[69022,6536],[0,0]],[[69068,6463],[0,0]],[[69002,6575],[0,0]],[[68900,6707],[0,0]],[[68935,6655],[0,0]],[[68933,6654],[0,0]],[[69032,6516],[0,0]],[[69048,6495],[0,0]],[[69044,6493],[0,0]],[[68999,6593],[0,0]],[[68912,6683],[-1,0],[0,1],[1,-1]],[[68912,6683],[0,0]],[[68991,6604],[0,0]],[[68901,6692],[0,0]],[[69058,6470],[0,0]],[[68895,6698],[0,0]],[[68940,6649],[0,0]],[[68931,6657],[0,0]],[[68909,6717],[0,0]],[[69038,6499],[0,0]],[[68938,6652],[0,0]],[[68938,6649],[0,0]],[[68937,6650],[0,0]],[[68937,6651],[0,0]],[[68930,6674],[0,0]],[[69022,6544],[0,0]],[[69007,6568],[0,0]],[[68990,6608],[0,0]],[[68913,6682],[0,0]],[[68915,6727],[0,0]],[[68989,6613],[0,0]],[[69032,6517],[0,0]],[[68932,6652],[0,0]],[[69000,6574],[0,0]],[[68914,6724],[0,0]],[[68934,6657],[-1,-1],[0,1],[1,0]],[[69262,6000],[0,0]],[[69061,6465],[0,0]],[[68938,6644],[0,0]],[[69023,6544],[0,0]],[[68901,6690],[0,0]],[[69061,6465],[1,0]],[[69262,6001],[0,0]],[[68999,6591],[0,0]],[[68936,6655],[0,0]],[[68985,9647],[10,-308],[-9,-10],[1,-12],[-7,-2],[-11,-39],[-17,-13],[-30,-210],[-68,91],[16,71],[-49,189],[30,16],[3,-19],[10,-10],[55,10],[36,61],[30,185]],[[69281,9117],[58,-107],[-28,-24],[-37,47],[7,84]],[[68833,9052],[8,22],[6,-28],[-14,6]],[[68967,9050],[-10,3],[13,10],[-3,-13]],[[69288,9154],[6,10],[3,-8],[-9,-2]],[[69036,9146],[5,-3],[-2,-9],[-3,12]],[[69277,9164],[4,1],[0,-3],[-4,2]],[[68973,9073],[2,3],[-1,-5],[-1,2]],[[68867,9107],[-2,4],[2,-1],[0,-3]],[[68972,9068],[-1,1],[1,2],[0,-3]],[[68868,9111],[-1,0],[0,1],[1,-1]],[[68849,9061],[0,0]],[[68856,9132],[0,0]],[[68827,9124],[-1,0],[0,1],[1,-1]],[[69270,9119],[0,0]],[[68883,9082],[0,0]],[[68850,9053],[-1,0],[1,1],[0,-1]],[[68840,9074],[0,0]],[[69294,9164],[0,0]],[[69039,9133],[0,0]],[[68849,9057],[0,0]],[[68853,9144],[0,0]],[[68970,9064],[0,0]],[[69669,8458],[0,2],[1,0],[-1,-2]],[[69821,8329],[67,-40]],[[69888,8289],[-23,-62],[-161,74]],[[69704,8301],[-31,-94],[-81,-3]],[[69592,8204],[-13,59],[89,52],[-30,46],[6,6],[5,-5],[5,5],[2,-5],[46,10],[10,9],[20,56],[71,-18],[6,19],[-123,71],[168,-28],[139,41],[17,-3],[-189,-190]],[[69612,8469],[92,-94],[-12,3],[-8,-9],[-8,4],[-3,-5],[-20,0],[-4,-5],[-61,55],[-112,-13],[136,64]],[[70685,8111],[-67,74],[409,-111],[-168,-135]],[[70859,7939],[94,-44],[35,-192]],[[70988,7703],[30,132],[54,15],[28,-145],[123,-53],[-358,-355],[-71,-319],[85,-93],[413,1],[4,-656],[-344,-182]],[[70820,5869],[-1230,169],[108,703]],[[69698,6741],[637,788],[62,241],[223,333],[65,8]],[[70066,4480],[-1,5],[3,-2],[-2,-3]],[[70077,4490],[0,0]],[[70072,4404],[1,-1],[-1,0],[0,1]],[[69305,5818],[-1,1],[3,-2],[-2,1]],[[70094,4473],[-8,15],[12,-4],[-4,-11]],[[70095,4501],[4,-4],[-6,2],[2,2]],[[70100,4500],[-3,2],[4,0],[-1,-2]],[[70225,4464],[0,-3],[-1,3],[1,0]],[[70086,4497],[1,0],[-1,-1],[0,1]],[[69607,5438],[1,1],[1,-1],[-2,0]],[[69679,5375],[0,0]],[[69656,5392],[-1,0],[0,1],[1,-1]],[[69309,5818],[-2,1],[6,0],[-4,-1]],[[69328,5838],[0,-2],[-1,1],[1,1]],[[69310,5818],[0,-2],[-1,1],[1,1]],[[69266,5862],[0,0]],[[69262,5869],[0,1],[1,0],[-1,-1]],[[69256,5864],[0,1],[1,-1],[-1,0]],[[70820,5869],[132,179]],[[70952,6048],[340,183],[215,-295]],[[71507,5936],[215,-838]],[[71722,5098],[-110,-267],[-86,90]],[[71128,4698],[-188,71],[-97,-66],[38,-33],[2,-20],[-58,-101],[-161,70],[-85,-49],[45,-101],[-95,-83],[31,-132],[-208,-34],[-114,76],[16,143],[-53,0],[18,24],[7,-5],[19,5],[15,-9],[20,-2],[8,3],[6,9],[13,-8],[31,-5],[20,3],[7,21],[19,-6],[3,10],[33,-32],[45,7],[2,2],[1,10],[-7,14],[5,4],[2,4],[13,-3],[13,7],[4,-7],[4,-1],[12,7],[-1,13],[13,6],[4,4],[-62,-25],[-8,-11],[4,-22],[-77,24],[-4,-10],[-8,9],[-9,-2],[-8,-5],[-2,-17],[-62,11],[-29,-10],[-151,138],[22,-79],[-53,-9],[-25,-22],[-30,-45],[48,17],[-10,-60],[9,-29],[-142,22],[76,129],[10,192],[-27,132],[5,13],[-17,79],[47,24],[-48,-14],[2,-42],[12,-52],[-104,357],[-293,291],[-26,35],[-100,98],[-55,157],[-160,129],[202,211],[167,-113],[1196,-146]],[[69521,5558],[0,0]],[[69596,5480],[-1,1],[1,0],[0,-1]],[[69596,5473],[-2,1],[2,0],[0,-1]],[[69521,5561],[-1,-1],[0,1],[1,0]],[[70508,2220],[-3,1],[5,1],[-2,-2]],[[69933,3811],[-3,-1],[0,3],[3,-2]],[[69805,4456],[-1,2],[1,0],[0,-2]],[[70044,3408],[-3,7],[5,-3],[-2,-4]],[[70268,2786],[0,-7],[-2,5],[2,2]],[[70266,2776],[0,3],[2,-2],[-2,-1]],[[70418,3898],[-2,6],[8,4],[-6,-10]],[[70441,3911],[1,2],[1,-2],[-2,0]],[[70050,3272],[-7,8],[5,0],[2,-8]],[[70066,3189],[2,4],[0,-3],[-2,-1]],[[70032,3207],[-1,-2],[-4,-2],[5,4]],[[71150,1479],[-4,13],[7,-4],[-3,-9]],[[71223,1268],[-9,11],[0,2],[9,-13]],[[71207,1324],[4,4],[2,-7],[-6,3]],[[71439,1538],[-2,0],[4,2],[-2,-2]],[[71201,1323],[2,-3],[-3,3],[1,0]],[[70897,1897],[-2,1],[1,1],[1,-2]],[[70939,1808],[-1,2],[-1,1],[2,-1],[0,-2]],[[70806,2077],[2,-1],[-1,-1],[-1,2]],[[70944,1803],[-2,2],[3,-1],[-1,-1]],[[71423,1565],[1,1],[0,-2],[-1,1]],[[71197,1255],[0,0]],[[70765,2107],[0,0]],[[70893,1895],[-1,2],[1,-1],[0,-1]],[[71194,1252],[0,-1],[-1,1],[1,0]],[[70764,2102],[0,0]],[[70787,2090],[0,0]],[[71128,4698],[81,204],[317,19]],[[71526,4921],[250,-505],[68,-275],[-16,-281],[75,-34],[-364,-706]],[[71539,3120],[-289,-170],[253,-544],[-19,-72],[118,-144],[-27,-446]],[[71575,1744],[-134,-77],[-26,-74],[39,-175],[-119,-32],[-20,-42],[39,-48],[94,65],[6,-96],[-122,-64],[-118,127],[-45,250],[-73,-3],[-86,164],[32,57],[-155,59],[38,133],[-75,5],[-8,69],[-116,151],[-207,-55],[-16,226],[-77,45],[-81,338],[-69,35],[30,93],[-66,231],[-223,101],[84,65],[6,81],[-112,142],[-17,335],[-106,226],[38,145],[-51,202],[-54,30],[75,-30],[16,23],[100,-256],[139,9],[-16,-101],[310,-243],[-14,-95],[59,-256],[-35,263],[74,37],[84,-79],[167,-10],[87,49],[51,-26],[-14,-239],[12,-100],[102,-80],[51,-4],[-151,88],[3,341],[-59,25],[-44,-30],[-27,30],[-190,-29],[70,252],[-98,-50],[31,40],[-71,112],[-28,-124],[-38,119],[-150,152],[240,-2],[5,196],[78,34],[-46,100],[216,-3],[140,201],[194,-69]],[[70535,4024],[-2,-8],[-8,8],[10,0]],[[70425,4052],[-5,8],[10,-5],[-5,-3]],[[70036,4236],[2,5],[2,-2],[-4,-3]],[[69833,4423],[-1,-4],[-2,0],[2,3],[1,1]],[[69876,4301],[-1,4],[1,0],[0,-4]],[[69917,4414],[-3,0],[1,2],[2,-2]],[[69832,4133],[0,0]],[[69807,4457],[1,1],[0,-2],[-1,1]],[[69838,4418],[0,2],[1,0],[-1,-2]],[[69843,4390],[-1,1],[1,1],[0,-2]],[[69854,4414],[-1,1],[1,1],[0,-2]],[[69834,4135],[-1,2],[1,1],[0,-3]],[[69857,4320],[0,0]],[[69855,4337],[1,-2],[-1,0],[0,2]],[[69863,4316],[0,1],[1,-1],[-1,0]],[[69929,4378],[-1,0],[1,1],[0,-1]],[[69863,4357],[0,1],[1,0],[-1,-1]],[[69875,4300],[0,0]],[[69855,4376],[-1,2],[1,0],[0,-2]],[[69873,4300],[1,2],[0,-2],[-1,0]],[[69930,4375],[0,0]],[[69882,4447],[0,0]],[[69869,4457],[0,0]],[[38934,90513],[-113,75],[113,-12],[0,-63]],[[38788,90372],[20,58],[4,-51],[-24,-7]],[[38798,90544],[-56,-3],[-7,22],[63,-19]],[[38759,90440],[45,76],[-27,-96],[-18,20]],[[38749,90447],[1,-43],[-18,23],[17,20]],[[38810,90496],[11,80],[29,-65],[-40,-15]],[[38788,90463],[0,43],[30,-11],[-30,-32]],[[38811,90429],[-23,40],[12,3],[11,-43]],[[38788,90469],[59,42],[87,2],[-146,-44]],[[38843,90627],[8,28],[26,-7],[-34,-21]],[[38879,90597],[10,31],[22,-33],[-32,2]],[[38967,90428],[-33,141],[97,8],[32,-128],[-96,-21]],[[38833,90652],[43,25],[7,-26],[-50,1]],[[38998,90555],[-73,216],[70,-22],[3,-194]],[[38821,90436],[145,13],[1,-21],[-146,8]],[[38798,90576],[22,42],[1,-42],[-23,0]],[[38851,90343],[100,93],[103,-69],[-46,-85],[9,96],[-166,-35]],[[38855,90597],[10,36],[4,-36],[-14,0]],[[38932,90579],[23,22],[11,-46],[-34,24]],[[38896,90648],[21,34],[10,-49],[-31,15]],[[38927,90772],[-55,-33],[34,46],[21,-13]],[[38854,90597],[86,13],[15,-64],[-101,51]],[[38821,90615],[34,-18],[-34,-9],[0,27]],[[38869,90597],[18,25],[-8,-25],[-10,0]],[[38793,90620],[13,31],[14,-33],[-27,2]],[[38821,90615],[17,46],[5,-34],[-22,-12]],[[38884,90679],[-41,8],[29,52],[12,-60]],[[38871,90637],[25,11],[-9,-26],[-16,15]],[[38883,90651],[16,29],[-3,-32],[-13,3]],[[38902,90618],[1,29],[23,-22],[-24,-7]],[[39236,90220],[-202,229],[29,65],[181,-55]],[[39324,90558],[49,-253],[-97,0]],[[39291,89966],[-60,254],[5,0]],[[39236,90220],[50,0],[-10,85]],[[39276,90305],[178,-85],[32,84],[81,-83],[-17,-255]],[[39268,91604],[-132,-16],[135,53],[-3,-37]],[[39281,91532],[55,53],[71,-18],[-23,-39],[-103,4]],[[39306,91692],[102,45],[18,-40],[-52,-27],[-68,22]],[[39232,91468],[54,-58],[-13,-34],[-136,23],[95,69]],[[39141,91290],[-18,2],[11,6],[7,-8]],[[39163,91303],[0,0]],[[39595,90372],[-141,-152],[-97,0],[-33,338]],[[39324,90558],[-80,0],[0,-99]],[[39244,90459],[-246,117],[-2,172],[177,-83],[-21,44],[99,25],[-54,4],[0,60],[47,-22],[20,3],[-70,77],[-34,-51],[38,265],[-77,132],[109,125],[44,-70],[103,34],[27,-79],[97,24],[112,-153],[-62,-31],[27,-94],[57,10],[-22,-32],[1,-13],[5,-8],[20,55],[-60,12],[17,72],[124,-3],[21,-330],[98,-85],[-54,-123],[202,-241],[-4,-107],[-219,-34]],[[39183,91315],[-7,9],[8,-6],[-1,-3]],[[39291,89966],[-186,192],[56,147],[126,-181],[4,-158]],[[38832,90129],[24,13],[-23,-28],[-1,15]],[[39031,90184],[-4,5],[6,-1],[-2,-4]],[[38868,90130],[-2,-1],[1,2],[1,-1]],[[39291,89966],[259,0]],[[39550,89966],[33,170],[-65,187],[77,49]],[[39595,90372],[63,-230],[39,131],[67,-142]],[[39764,90131],[189,26],[17,-131],[-41,-159],[-206,-169],[21,-137]],[[38892,89866],[13,-99],[28,75],[-56,145],[110,-14],[27,-77],[20,2],[26,21],[-29,95],[-149,64],[-14,65],[33,-24],[15,2],[3,10],[-92,144],[96,-19],[10,-80],[32,91],[35,-129],[82,37],[178,-209],[31,0]],[[39032,89925],[-19,16],[7,14],[12,-30]],[[39016,89960],[-6,0],[1,5],[5,-5]],[[39104,90311],[26,-23],[-29,6],[3,17]],[[39078,90305],[14,53],[8,-13],[-22,-40]],[[39012,90257],[19,195],[69,-89],[-88,-106]],[[39078,90311],[29,22],[-4,-31],[-25,9]],[[39067,90265],[11,40],[1,-59],[-12,19]],[[39091,90387],[56,-41],[-14,-27],[-29,-8],[-13,76]],[[39006,90211],[4,2],[-2,-3],[-2,1]],[[39014,90219],[-2,-1],[1,2],[1,-1]],[[39138,90333],[25,-118],[-58,-57],[-97,65],[42,63],[53,-47],[35,94]],[[39079,90246],[51,42],[-39,-57],[-12,15]],[[39080,90277],[23,25],[-13,-40],[-10,15]],[[45372,57898],[-57,137],[90,-13],[-33,-124]],[[45389,57883],[16,139],[94,0],[0,-133],[-110,-6]],[[45220,57933],[140,-16],[-25,-78],[-114,9],[-1,85]],[[45454,58121],[0,-99],[-139,13],[29,-115],[-124,13],[-1,188]],[[45348,57877],[151,12],[0,-78],[-130,22],[-21,44]],[[54287,57423],[1,-6142],[-19485,-5],[0,5380]],[[45101,57593],[2,88],[-68,19],[0,83],[121,66],[343,-38],[-44,-76],[44,-195]],[[46434,63702],[-180,3]],[[54285,63039],[2,-5616]],[[54287,57423],[-3005,-43],[-1328,-901],[8,-1698],[-817,0],[0,827],[-1757,0],[0,-462],[-629,-142],[-513,142],[0,-1037],[-1018,0],[0,736],[-140,0],[0,761],[-821,4],[0,421],[-418,0],[0,632]],[[43076,59890],[2196,0]],[[45454,58121],[-235,0]],[[45219,58121],[2,-272],[-186,-66],[66,-190]],[[45101,57593],[250,61],[25,-114],[123,0]],[[45499,57540],[0,146],[-42,0],[42,336],[-45,99]],[[34803,56656],[0,2015]],[[34803,58671],[0,6383]],[[34803,65054],[0,7369]],[[38386,73462],[2959,-2]],[[41352,67871],[344,-392]],[[41958,59891],[1118,-1]],[[43076,59890],[0,-2142],[773,-1],[0,-1084]],[[43849,56663],[-605,0],[0,-406],[-343,0],[0,405],[-8098,-6]],[[45272,59890],[-3314,1]],[[41958,59891],[0,475],[84,-1],[0,687],[-1883,1],[0,-172],[-1010,0],[0,126],[-801,0],[187,647],[1929,1],[0,1416],[-889,0],[0,415],[-338,0],[0,-252],[-1225,0],[0,2495],[4090,0],[0,400],[-754,839],[348,511]],[[41696,67479],[1239,-1329]],[[45176,63709],[1258,-7]],[[46434,63702],[-3,-423],[119,1],[397,-576],[-19,-218],[-122,-91],[-9,-204],[45,-19],[-43,-174],[-157,-23],[-5,-789],[-744,-1],[7,-1527],[-528,-2],[-100,234]],[[42168,78491],[726,1]],[[54280,75520],[5,-12481]],[[54285,63039],[-685,0],[0,-200],[-2580,1],[0,1311],[-1447,-1],[3,378],[-202,0],[-134,-168],[-721,0],[0,255],[-845,0],[2,-613],[-1421,4],[-1,-301]],[[46254,63705],[-1078,4]],[[45176,63709],[216,373],[-258,0],[0,462],[-241,2],[-7,1980],[-716,0],[0,-1364],[-358,0],[0,340],[-878,0],[1,648]],[[42935,66150],[-1583,1721]],[[41352,67871],[-7,5589]],[[41345,73460],[-814,-1]],[[46013,69496],[110,113],[-64,96],[-100,-1],[54,-208]],[[45959,69619],[114,72],[50,-139],[-114,-56],[-50,123]],[[37009,88341],[-6,147],[4,39],[20,-114],[102,-59],[-120,-13]],[[37178,88209],[10,79],[13,-85],[-23,6]],[[42026,91469],[141,50],[44,-128],[-69,-56],[-116,134]],[[39878,91437],[28,-13],[-20,-10],[-8,23]],[[42044,91242],[34,-5],[-18,-44],[-16,49]],[[37763,89796],[-21,31],[27,-24],[-6,-7]],[[38892,89866],[0,-611],[324,-3],[0,129],[65,0],[291,-131],[22,168],[150,143]],[[39744,89561],[-20,139],[205,167],[62,324],[-60,172],[-99,66],[38,46],[-85,38],[57,113],[-99,89],[-14,322],[-101,99],[148,480],[80,-488],[101,-130],[198,-79],[611,29],[270,171],[130,-169],[283,-88],[364,387],[88,-158],[161,74],[79,-109],[114,260],[249,176],[292,-178],[147,17]],[[43421,90712],[39,-3031]],[[42088,86512],[8,134],[-91,120],[-44,231]],[[37485,88034],[-165,303],[-100,32],[52,672],[114,67],[25,-93],[91,-17],[198,171],[31,635],[111,-92],[-23,113],[146,67],[114,-83],[-27,-145],[39,-93],[-17,115],[53,-25],[47,49],[56,-50],[-29,-71],[56,75],[73,-28],[3,-51],[-12,-24],[-2,-62],[41,91],[-47,111],[142,-66],[-16,-50],[20,-18],[88,124],[-51,-7],[-35,-25],[-24,18],[51,52],[-1,15],[-61,-51],[-124,113],[-67,-45],[-87,145],[81,33],[8,-109],[49,162],[69,-115],[-21,102],[-91,49],[32,40],[-81,-10],[85,232],[-54,112],[91,43],[-97,119],[85,73],[322,-168],[-85,-251],[112,149],[-9,-205],[-98,-104],[0,-26],[11,-29],[96,120],[-25,-123],[22,6],[6,-57],[25,-7],[29,240],[20,-125],[53,81],[62,-123],[-46,-40],[50,-4],[1,-136],[22,80],[20,-49]],[[38088,90094],[-32,-119],[85,-205],[-5,-83],[-115,250],[-4,125],[71,32]],[[37825,89928],[-68,3],[28,26],[40,-29]],[[37869,90028],[9,82],[29,-47],[-38,-35]],[[37837,89999],[-2,61],[33,-41],[-31,-20]],[[37815,90003],[3,-36],[-17,31],[14,5]],[[37969,89900],[-17,21],[4,19],[13,-40]],[[37920,90241],[-22,-10],[17,24],[5,-14]],[[38329,89759],[-15,1],[8,14],[7,-15]],[[37880,90186],[-7,0],[6,13],[1,-13]],[[38276,89713],[-11,0],[1,5],[10,-5]],[[38853,90030],[-4,-1],[4,5],[0,-4]],[[36360,83608],[-105,85],[132,-59],[-27,-26]],[[37485,88034],[1009,4],[222,-709],[83,-47],[150,112],[38,266],[174,-90],[0,-134],[500,0],[-2,405],[236,-262],[0,553],[1088,0],[0,209],[52,0],[318,-955],[240,-278],[155,15],[213,-126]],[[41961,86997],[135,-451],[-752,-34]],[[41180,85860],[92,-139],[21,-158],[79,-137],[8,-42],[-160,18],[-379,-470],[-147,-16],[-133,-123],[104,-437]],[[40658,84060],[51,-21],[-2348,-1]],[[37434,83451],[-129,229],[-408,-47],[-169,99],[-261,-167],[-43,53],[60,41],[36,76],[22,-1],[13,18],[1,9],[-164,-98],[-135,89],[-180,295],[-12,130],[236,10],[199,223]],[[36838,84937],[240,237],[-419,606]],[[36566,87071],[43,156],[-38,172],[129,-2],[45,179],[67,-254],[197,-2],[299,249],[177,465]],[[36566,87071],[149,1],[41,-144],[-40,-157],[-112,-84],[250,-561],[-195,-346]],[[36659,85780],[412,-639],[-233,-204]],[[36838,84937],[-163,182],[-67,-148],[-57,28],[-53,-100],[2,-489]],[[36500,84410],[-249,-130],[-310,82],[-82,141],[75,110],[-71,15],[36,-33],[-52,-85],[-3,149],[-59,9],[44,-129],[-46,-41],[-5,63],[-115,195],[-89,-22],[22,247],[114,136],[-22,159],[222,315],[-71,229],[79,-80],[46,44],[11,-243],[55,175],[91,41],[-41,106],[18,65],[91,-106],[174,98],[68,177],[-81,169],[13,122],[160,212],[-20,246],[63,225]],[[37331,93027],[2,-1],[-2,-1],[0,2]],[[38367,92255],[12,33],[19,-16],[-31,-17]],[[38295,92501],[-4,4],[5,-1],[-1,-3]],[[38397,93464],[109,-247],[89,31],[127,-143],[-167,291],[-80,1],[18,120],[312,87],[109,132],[289,-168],[17,141],[233,199],[133,-272],[-11,310],[155,135],[87,-113],[-28,-129],[107,68],[64,-141],[40,115],[79,-23],[61,-344],[125,-24],[44,-169],[-178,-177],[16,-276],[-191,75],[-215,-452],[-431,-277],[-280,-302],[-196,247],[-379,168],[-10,103],[-208,206],[-203,101],[-4,282],[-127,156],[-48,401],[-57,54],[59,92],[-102,174],[20,244],[62,11],[247,-331],[83,41],[90,-68],[18,-91],[-107,-118],[32,-105],[148,67],[41,114],[8,-196]],[[38296,92500],[58,-68],[-75,-193],[-231,-7],[-402,170],[-572,-154],[-63,138],[115,33],[6,277],[162,-110],[111,167],[17,-200],[52,-64],[-30,204],[179,-166],[-20,93],[-103,48],[27,8],[12,41],[-159,62],[22,156],[-56,81],[44,119],[49,15],[16,24],[12,-64],[51,-21],[20,-84],[-5,103],[-66,86],[-59,-41],[-120,85],[208,333],[-6,-79],[17,-21],[16,7],[-10,153],[187,80],[134,-307],[-53,-241],[192,-198],[9,-262],[183,-71],[84,-114],[26,-15],[14,-4],[7,1]],[[38399,93683],[-1,38],[9,-35],[-8,-3]],[[37854,93394],[-7,3],[4,13],[3,-16]],[[38197,93579],[5,7],[0,-9],[-5,2]],[[43500,94433],[-58,3],[-27,66],[85,-69]],[[43186,94457],[-28,42],[40,-8],[-12,-34]],[[43084,94644],[-14,63],[7,19],[24,-21],[-17,-61]],[[43521,94882],[11,18],[25,-1],[-36,-17]],[[46089,92058],[-2,-6],[-1,7],[3,-1]],[[43168,94225],[123,-86],[-138,63],[15,23]],[[41923,94327],[-1,8],[4,3],[-3,-11]],[[42291,94548],[-4,13],[5,4],[-1,-17]],[[43069,94587],[14,-15],[-17,-12],[3,27]],[[42292,92813],[-18,33],[28,-11],[-10,-22]],[[42884,93806],[-28,-14],[0,15],[28,-1]],[[42997,93715],[-6,1],[8,0],[-2,-1]],[[41210,93217],[-10,46],[22,-33],[-12,-13]],[[46029,91458],[-44,-11],[38,41],[6,-30]],[[46099,91843],[-7,31],[18,-2],[-11,-29]],[[47075,91977],[-3,1],[0,1],[3,-2]],[[41538,92862],[7,102],[35,32],[42,-127],[-84,-7]],[[42001,92948],[-62,-11],[18,64],[44,-53]],[[42030,93067],[-5,37],[-2,37],[2,1],[5,-75]],[[41677,92937],[-15,18],[8,6],[7,-24]],[[41628,92995],[6,-18],[-3,-1],[-3,19]],[[41637,93065],[-3,0],[0,2],[3,-2]],[[44241,92789],[106,149],[158,-97],[-203,-45],[31,-78],[-71,-60],[-21,131]],[[44310,93198],[164,89],[55,-146],[-122,25],[-111,-119],[14,151]],[[43026,93486],[-42,65],[52,-45],[-10,-20]],[[44157,92701],[-10,23],[14,-4],[-4,-19]],[[42871,93260],[-8,-3],[1,5],[7,-2]],[[43461,88479],[-40,2233]],[[43421,90712],[-88,220],[-142,7],[-173,236],[-32,-56],[16,126],[-59,86]],[[42943,91331],[-131,-22],[-265,124],[113,55],[-23,208],[80,362],[-42,198],[-121,97],[140,173],[-218,23],[-95,110],[12,130],[198,-50],[-120,177],[28,108],[-128,165],[68,86],[-93,-49],[-280,128],[-253,-42],[-265,-177],[1,-67],[-176,166],[55,147],[-260,101],[97,57],[-41,100],[-103,-47],[54,112],[-180,77],[-181,-92],[-37,72],[98,16],[-11,79],[113,-40],[-79,198],[142,-64],[-11,119],[7,24],[9,10],[99,-222],[71,17],[55,97],[-55,117],[19,22],[27,-28],[27,21],[-53,109],[50,32],[113,-215],[64,57],[23,-153],[60,61],[-29,-342],[49,-60],[31,156],[16,-249],[55,-109],[15,68],[58,-57],[-42,158],[82,-24],[32,88],[-85,111],[-54,-63],[58,286],[-140,295],[113,-25],[205,-416],[-36,286],[118,24],[30,148],[106,-265],[-21,-251],[53,-15],[48,211],[67,27],[121,-157],[-11,-168],[261,-235],[100,-302],[142,-6],[249,363],[101,-100],[29,123],[-95,129],[115,22],[341,-543],[167,-540],[209,-75],[196,113],[30,-74],[-81,-16],[0,-124],[115,-26],[70,128],[-8,-104],[126,-98],[169,120],[-36,-335],[99,198],[146,-83],[72,52],[10,125],[153,-21],[119,167],[159,-86],[110,31],[49,-77],[-203,-123],[-52,-80],[34,-103],[166,-127],[267,190],[86,-123],[-7,-112],[121,105],[96,-162],[-53,-82],[93,-130],[-69,-207],[43,-99],[25,174],[130,117],[-17,145],[87,4],[165,-184],[288,-75],[236,64],[184,256],[152,31],[12,-395]],[[42627,94257],[-59,-137],[97,-30],[-61,-45],[35,-244],[-67,-202],[-256,574],[82,47],[11,147],[-111,151],[88,-58],[99,49],[35,180],[66,27],[-33,-121],[74,-338]],[[42729,94018],[2,72],[44,-5],[-46,-67]],[[41711,94292],[-5,-1],[4,6],[1,-5]],[[52022,84939],[-11,4],[11,8],[0,-12]],[[51985,84950],[-6,12],[21,-16],[-15,4]],[[50549,87123],[-4,19],[11,-5],[-7,-14]],[[50660,87140],[-13,0],[3,11],[10,-11]],[[50448,87113],[43,47],[4,-44],[-47,-3]],[[51741,84988],[-5,4],[-7,16],[12,-20]],[[52089,85200],[-17,23],[20,-17],[-3,-6]],[[50150,86507],[-5,-3],[7,7],[-2,-4]],[[51972,87000],[67,43],[7,-10],[-27,-60],[-47,27]],[[50860,87017],[2,35],[7,-31],[-9,-4]],[[51679,85669],[-9,8],[8,20],[1,-28]],[[50589,86577],[-4,10],[8,2],[-4,-12]],[[52028,85313],[20,-3],[-11,-12],[-9,15]],[[52037,85093],[-3,21],[12,-24],[-9,3]],[[52063,85251],[-20,2],[12,10],[8,-12]],[[51388,85072],[-5,-2],[0,9],[5,-7]],[[50604,86813],[-9,0],[9,6],[0,-6]],[[50613,86815],[-6,-1],[2,5],[4,-4]],[[50843,86027],[31,464],[157,-71],[78,160],[46,-101],[171,89],[-122,282],[133,9],[-11,-92],[96,51],[6,64],[35,84],[79,-33],[-23,-156],[-85,-59],[34,-109],[83,11],[-49,-66],[31,-142],[219,-20],[20,137],[-87,-91],[92,256],[142,-54],[42,-122],[-144,-308],[-98,25],[-91,-135],[-14,-168],[91,-83],[-102,-30],[-16,-114],[-68,50],[-47,-151],[26,-154],[113,-60],[54,22],[-25,128],[190,-194],[69,30],[39,185],[107,-81],[-65,-114],[56,-116],[-42,-47],[51,-67],[-64,0],[37,-57],[-83,55],[-50,-67],[-69,86],[-95,-47],[-130,104],[-227,-110],[-43,88],[-297,83],[-118,120],[-244,-144],[0,95],[255,259],[-74,426]],[[50403,86371],[-44,258],[-75,-26],[40,-165],[-109,12],[-11,285],[127,-51],[21,207],[132,31],[110,-120],[18,-81],[-107,-49],[69,-100],[-53,8],[-24,-188],[-94,-21]],[[50970,86706],[139,109],[22,-196],[-48,-59],[-113,146]],[[50767,86463],[-85,-40],[50,86],[35,-46]],[[51400,86870],[0,89],[37,-14],[-37,-75]],[[51239,86919],[-10,40],[35,-9],[-25,-31]],[[50795,86839],[31,-59],[-44,61],[13,-2]],[[51927,86947],[-18,-57],[-29,5],[47,52]],[[51351,86917],[-24,24],[19,11],[5,-35]],[[51558,86865],[26,-28],[-37,1],[11,27]],[[51353,86950],[22,-18],[-15,-5],[-7,23]],[[51203,86573],[-5,39],[14,-4],[-9,-35]],[[51193,86751],[33,8],[-14,-18],[-19,10]],[[51124,86828],[-18,32],[22,3],[-4,-35]],[[51987,86928],[-16,17],[18,-11],[-2,-6]],[[51321,86924],[-17,0],[17,15],[0,-15]],[[50784,86774],[-8,9],[4,12],[4,-21]],[[51280,86929],[-13,6],[8,4],[5,-10]],[[50538,86418],[-7,22],[2,4],[5,-26]],[[50355,86920],[0,12],[4,-6],[-4,-6]],[[51241,86884],[-1,15],[6,-1],[-5,-14]],[[50329,86423],[-6,3],[6,0],[0,-3]],[[51143,86743],[-4,3],[6,2],[-2,-5]],[[51321,86951],[-3,-4],[-2,6],[5,-2]],[[51314,86906],[-3,2],[4,2],[-1,-4]],[[51278,86919],[-3,-3],[3,5],[0,-2]],[[51282,86917],[-1,2],[1,1],[0,-3]],[[51479,87013],[-34,21],[31,30],[3,-51]],[[51432,87011],[16,-16],[-16,-17],[0,33]],[[50144,92892],[-19,43],[27,13],[-8,-56]],[[50207,92993],[-7,59],[24,5],[-17,-64]],[[50455,87478],[-1,5],[3,-1],[-2,-4]],[[50540,87498],[-47,90],[57,-75],[-10,-15]],[[51424,89202],[-3,22],[6,-19],[-3,-3]],[[51663,91614],[-5,2],[7,1],[-2,-3]],[[51351,92203],[75,47],[24,4],[-45,-46],[-47,-8],[-7,3]],[[50047,92366],[4,-54],[-32,-31],[28,85]],[[48463,92521],[-3,0],[2,3],[1,-3]],[[50257,92656],[9,-106],[-23,-17],[14,123]],[[48143,92583],[-10,64],[28,-50],[-18,-14]],[[51713,92681],[49,49],[11,-23],[-60,-26]],[[50454,87580],[-9,-8],[-3,4],[12,4]],[[51324,89240],[-27,19],[19,11],[8,-30]],[[51214,92118],[-21,11],[21,0],[0,-11]],[[50376,92855],[39,-62],[-6,-16],[-33,78]],[[50124,87447],[13,119],[58,-62],[-71,-57]],[[50199,87562],[-11,8],[7,4],[4,-12]],[[50120,87562],[-8,9],[2,3],[6,-12]],[[47353,91650],[41,-2],[35,-45],[-76,47]],[[51077,92325],[39,106],[54,-60],[149,117],[-94,-132],[-148,-31]],[[49942,92561],[-85,105],[209,100],[-44,-120],[-80,-85]],[[50095,92759],[-18,23],[16,34],[2,-57]],[[51444,94247],[7,-20],[-15,10],[8,10]],[[51533,94406],[-22,-4],[-1,8],[23,-4]],[[51447,93974],[-5,5],[1,3],[4,-8]],[[51438,93963],[-3,-3],[0,3],[3,0]],[[50985,93332],[224,340],[106,362],[172,104],[-25,148],[61,26],[-48,49],[81,43],[-7,47],[-10,-2],[-35,23],[101,105],[-87,-510],[-115,-88],[38,-70],[-126,-101],[-81,-287],[-207,-225],[-42,36]],[[51577,94570],[21,57],[13,-14],[-34,-43]],[[51538,94426],[-8,11],[12,-6],[-4,-5]],[[50264,87217],[-42,237],[43,183],[-106,177],[244,-270],[-86,-98],[-51,42],[57,-114],[-59,-157]],[[50159,87991],[-2,-72],[-30,69],[32,3]],[[49891,87913],[18,-58],[-32,65],[14,-7]],[[50785,87932],[-26,12],[30,-1],[-4,-11]],[[50076,87874],[-2,9],[5,0],[-3,-9]],[[51931,90989],[-6,8],[13,-4],[-7,-4]],[[49870,92427],[-12,84],[52,1],[-40,-85]],[[50118,92401],[7,53],[53,32],[5,-21],[-65,-64]],[[50069,90841],[-7,73],[50,26],[-43,-99]],[[50012,90367],[-7,10],[7,8],[0,-18]],[[51541,89177],[-14,5],[11,8],[3,-13]],[[50323,90662],[12,12],[2,-8],[-14,-4]],[[50963,92015],[30,299],[44,20],[-26,-266],[-48,-53]],[[50848,92141],[45,-96],[-103,-38],[-37,10],[95,124]],[[49843,92014],[-10,72],[89,92],[20,-7],[-99,-157]],[[50942,91977],[-18,41],[27,19],[-9,-60]],[[47794,88844],[0,342],[-762,19],[106,508],[161,283],[-11,1069],[85,183],[1,177],[-89,60]],[[47285,91485],[-2,267],[74,-156],[98,-34],[26,-205],[249,-76],[185,-300],[192,73],[147,-170],[-109,206],[225,-1],[84,-97],[104,80],[-84,-34],[-198,152],[179,82],[0,107],[133,115],[120,4],[-14,-92],[80,1],[145,157],[108,-116],[184,178],[554,251],[-72,-99],[-99,6],[-384,-497],[8,-165],[138,-197],[-30,-81],[83,134],[52,-21],[73,207],[178,143],[15,-118],[42,115],[102,-5],[186,258],[-253,-457],[88,-153],[96,117],[107,-45],[-117,-119],[31,-85],[-102,-145],[-20,-123],[104,46],[-40,-136],[44,-144],[103,183],[46,-80],[142,64],[150,-125],[182,228],[85,399],[77,34],[-87,132],[-238,-28],[-28,83],[-100,-19],[-6,83],[107,29],[104,250],[166,27],[161,288],[316,116],[2,119],[40,-113],[-294,-239],[97,-113],[89,133],[129,-298],[-25,-171],[151,-336],[201,-7],[44,113],[-176,136],[220,80],[313,-353],[15,-156],[-121,-94],[-16,-42],[111,112],[125,-7],[-167,-129],[-281,-479],[46,300],[-148,-86],[28,-208],[-91,-32],[-59,-75],[169,115],[32,-76],[-150,-146],[4,-240],[-133,34],[-58,-68],[33,-338],[-154,287],[-55,-52],[38,-140],[-167,75],[37,-181],[152,-89],[-13,-122],[198,-98],[65,-157],[-84,-36],[-19,142],[-85,-147],[-54,158],[-53,-81],[-169,37],[245,-231],[-77,-275],[-103,-19],[-43,-261],[-53,96],[-236,-307],[-6,214],[131,68],[-70,227],[35,217],[-85,117],[-90,-216],[65,-37],[-11,-114],[-129,14],[-6,97],[-23,-72],[-53,25],[56,-223],[-50,35],[-45,-130],[-84,15],[41,-114],[-101,215],[24,250],[-104,-117],[-28,-206],[-75,-20],[-8,-205],[-104,283],[-73,-240],[-38,124],[-128,-198],[-17,-119],[89,-59]],[[51645,91273],[-22,-9],[-11,-81],[71,12]],[[49021,91532],[59,350],[80,-70],[75,111],[147,-8],[220,292],[77,11],[11,225],[114,-55],[22,-83],[-305,-462],[-349,-157],[-151,-154]],[[50216,91591],[32,74],[128,-7],[-7,78],[62,-102],[207,180],[-11,-111],[-249,-187],[-141,8],[-21,67]],[[47639,91458],[-59,-124],[-70,38],[-47,236],[176,-150]],[[47598,91643],[98,51],[77,-60],[-69,-86],[-106,95]],[[47914,91872],[0,102],[144,-24],[-28,-39],[-116,-39]],[[51752,91349],[-67,135],[58,46],[9,-181]],[[50221,91253],[64,-79],[-100,14],[36,65]],[[47437,91714],[60,-65],[-73,6],[13,59]],[[50017,91306],[-2,133],[20,31],[26,-28],[-44,-136]],[[47775,91463],[-33,72],[4,13],[49,-35],[-20,-50]],[[47687,91469],[8,57],[6,-64],[-14,7]],[[51478,91071],[17,81],[5,-22],[-22,-59]],[[47632,91551],[3,32],[9,-38],[-12,6]],[[50686,91853],[-6,15],[-1,29],[7,-44]],[[50015,91258],[-3,-72],[-9,-14],[12,86]],[[50645,91848],[4,-27],[-8,25],[4,2]],[[50300,91227],[-6,-9],[-3,6],[9,3]],[[50169,91535],[5,9],[-5,-23],[0,14]],[[50655,91790],[-10,-1],[8,11],[2,-10]],[[49991,91105],[6,29],[1,-8],[-7,-21]],[[48891,91670],[-1,17],[3,-15],[-2,-2]],[[48913,91573],[-3,3],[6,1],[-3,-4]],[[51463,91041],[12,10],[-12,-11],[0,1]],[[51420,91209],[-5,3],[1,2],[4,-5]],[[51841,91482],[-3,-4],[2,5],[1,-1]],[[51586,91271],[-4,0],[6,4],[-2,-4]],[[51421,91036],[0,0]],[[51422,91055],[0,-2],[-2,1],[2,1]],[[50638,92902],[-39,52],[101,-30],[57,94],[18,-84],[-96,-106],[-78,-53],[-52,74],[-20,-135],[-85,29],[-140,-117],[46,44],[-31,97],[140,-4],[-17,79],[90,134],[35,-95],[71,21]],[[50766,92999],[-13,87],[35,-34],[197,228],[-51,-188],[-168,-93]],[[51645,91273],[38,-78]],[[51683,91195],[-59,-37],[21,115]],[[41344,86512],[744,0]],[[42088,86512],[251,0],[0,802],[-130,0],[0,372],[1251,-5]],[[43460,87681],[1,798]],[[43461,88479],[3990,-22],[198,389],[145,-2]],[[47794,88844],[0,-2886]],[[46587,78305],[0,-632],[-1850,0],[0,-740],[-648,-1],[-64,136],[-104,0],[0,607],[-538,0],[1,211],[-490,0],[0,606]],[[42894,78492],[-464,-1]],[[41492,79987],[5,2750]],[[42564,84758],[-276,-62],[-54,82]],[[41773,84813],[-182,140],[-130,170],[-281,737]],[[41180,85860],[164,0],[0,652]],[[52028,81625],[-12,-12],[-1,1],[13,11]],[[51954,81635],[-8,-2],[3,11],[5,-9]],[[49498,82785],[-13,10],[21,9],[-8,-19]],[[49287,83339],[78,206],[73,-37],[10,-156],[-161,-13]],[[49119,84460],[-19,81],[58,-9],[-39,-72]],[[49374,85123],[7,-18],[-11,11],[4,7]],[[49690,84716],[-16,-19],[16,24],[0,-5]],[[49698,84735],[6,16],[-2,-11],[-4,-5]],[[49610,85302],[-6,2],[1,1],[5,-3]],[[49118,84410],[-3,4],[2,2],[1,-6]],[[49696,84730],[-3,-2],[2,5],[1,-3]],[[52270,80588],[16,9],[-12,-33],[-4,24]],[[52347,80899],[7,9],[2,-11],[-9,2]],[[52303,81194],[-6,-10],[-2,2],[8,8]],[[52296,81226],[-8,-2],[3,12],[5,-10]],[[52350,80938],[-4,5],[3,0],[1,-5]],[[52347,80948],[-4,1],[3,3],[1,-4]],[[48886,83985],[-8,-3],[-2,7],[10,-4]],[[47794,85958],[1087,-932],[-2,2189],[909,528]],[[49788,87743],[12,-102],[101,45],[-91,-186],[-80,120],[-75,-44],[21,-351],[-74,-84],[99,-226],[88,-20],[-91,-104],[76,-102],[90,11],[168,176],[-17,88],[124,-10],[-151,-310],[-53,-385],[-171,-273],[-67,-510],[53,-68],[-237,-103],[-102,-152],[-96,21],[60,-73],[-130,-369],[-110,3],[-179,-399],[-40,-186],[49,-78],[-164,-67],[-106,-171],[-74,27],[63,-426],[259,-417],[271,-100],[705,-680],[559,-373],[169,-607],[19,70],[185,-70],[311,-359],[192,225],[173,-69],[-90,-236],[-78,31],[-8,-5],[154,-254],[-50,-134],[34,-81],[141,121],[-24,-78],[135,50],[282,-113],[-88,111],[142,141],[228,-269],[370,-197],[88,-199],[168,-151],[-34,51],[810,-339],[284,-549],[287,-334],[2,-3101]],[[54280,75520],[-874,0],[0,322],[-1658,0],[0,130],[-1655,0],[-2,547],[-390,0],[0,902],[129,100],[-355,364],[0,-464],[-415,0],[0,-483],[-1103,-2],[0,1790],[-493,0],[0,-421],[-877,0]],[[46587,78305],[-257,0],[0,3559],[-1005,1],[1,1514],[198,-39],[137,187],[-2,-396],[1112,0],[0,460],[-268,0],[0,364],[-62,21],[-39,253],[-154,-13],[0,907],[827,5],[5,830],[714,0]],[[52013,80939],[-64,158],[91,121],[64,-95],[-30,111],[70,138],[50,-137],[71,21],[36,-84],[-18,-260],[71,-81],[-67,-209],[-76,31],[-12,111],[-91,14],[-30,231],[-65,-70]],[[51296,81463],[-60,-260],[-206,5],[67,325],[115,58],[84,-128]],[[51584,81199],[96,5],[92,-123],[-107,2],[36,-107],[-143,-113],[26,336]],[[51847,81303],[19,-76],[-76,-30],[-35,85],[57,104],[-31,114],[85,106],[-15,-76],[67,-168],[-71,-59]],[[51676,81449],[93,-72],[-135,18],[42,54]],[[51705,81301],[-37,58],[65,-35],[-28,-23]],[[51360,81315],[49,46],[25,-43],[-16,-20],[-58,17]],[[51755,80956],[-62,-34],[-2,41],[41,13],[23,-20]],[[51995,80849],[21,-14],[-7,-14],[-14,28]],[[52080,81314],[-4,22],[9,3],[-5,-25]],[[51526,80865],[-16,12],[4,6],[12,-18]],[[51931,81296],[-16,-8],[11,28],[5,-20]],[[51532,81172],[5,20],[7,-24],[-12,4]],[[51066,81553],[-8,-7],[17,22],[-9,-15]],[[51379,81364],[-2,21],[9,-3],[-7,-18]],[[51873,80990],[-5,10],[12,-3],[-7,-7]],[[51509,81305],[10,-9],[-10,0],[0,9]],[[52071,81190],[-9,1],[2,7],[7,-8]],[[51980,81250],[-9,6],[12,-3],[-3,-3]],[[52037,81378],[7,-5],[-3,-7],[-4,12]],[[51544,80999],[-6,4],[3,7],[3,-11]],[[51767,81151],[-7,1],[-2,6],[9,-7]],[[52038,80794],[-5,3],[3,2],[2,-5]],[[51759,80999],[-7,-6],[6,8],[1,-2]],[[51801,81415],[-4,-5],[0,3],[4,2]],[[51635,80884],[-3,-2],[1,7],[2,-5]],[[51691,80913],[-4,-4],[0,5],[4,-1]],[[51907,81025],[-5,-2],[3,5],[2,-3]],[[51427,81360],[-2,4],[3,-2],[-1,-2]],[[51875,81516],[-2,2],[3,-1],[-1,-1]],[[41773,84813],[130,72],[271,-10],[1,129],[88,-90],[-29,-136]],[[42234,84778],[60,-87],[270,67]],[[42564,84758],[0,-254],[224,0],[0,-514],[-113,99],[-67,-144],[0,-1208],[-1111,0]],[[41497,82737],[1,136]],[[41063,84041],[-405,19]],[[40658,84060],[7,296]],[[40665,84356],[-94,381],[120,177],[150,18],[129,127],[243,338],[142,24],[112,-309],[306,-299]],[[37434,83451],[135,-71],[267,59],[33,75],[76,-91],[65,127],[43,-58],[306,91],[2,455]],[[38361,84038],[2702,3]],[[41063,84041],[0,-1169],[435,1]],[[41498,82873],[-6,-2886]],[[41492,79987],[932,-28],[6,-1468]],[[42430,78491],[-262,0]],[[42168,78491],[0,-2090],[-671,1],[65,-1480],[-1030,0],[-1,-1463]],[[40531,73459],[-2145,3]],[[38386,73462],[-54,-55],[11,1148],[-1109,0],[0,-2132],[-2431,0]],[[34803,72423],[2,10993],[216,-103],[15,-214],[48,116],[127,-110],[-42,-186],[67,-206],[-56,-71],[0,-61],[-37,-46],[-3,-14],[4,-24],[64,23],[-2,45],[28,79],[-9,-37],[77,-48],[-34,64],[49,73],[25,107],[-28,69],[42,98],[1,-81],[47,94],[32,-36],[19,15],[-148,82],[-11,488],[550,-294],[263,-482],[-95,-137],[8,-71],[135,121],[129,20],[-99,176],[51,122],[-61,-14],[-26,230],[-65,-40],[-199,514],[197,-294],[57,44],[-89,224],[118,-132],[369,-41],[292,237],[66,-82],[269,62],[147,-18],[8,-72],[26,66],[87,-220]],[[35275,82642],[2,37],[8,-1],[-10,-36]],[[36047,82605],[-8,7],[6,3],[2,-10]],[[35150,82517],[-4,14],[8,10],[-4,-24]],[[35315,82739],[-7,-1],[6,11],[1,-10]],[[35314,82723],[-6,-5],[3,7],[3,-2]],[[35241,82612],[-3,9],[4,-6],[-1,-3]],[[35307,82695],[-3,5],[5,-2],[-2,-3]],[[35205,82523],[-6,7],[1,2],[5,-9]],[[35304,82687],[-4,2],[2,1],[2,-3]],[[78291,24491],[-18,43],[29,-19],[-11,-24]],[[78273,24534],[-29,83],[39,-27],[-10,-56]],[[78302,24515],[-19,75],[73,-37],[-54,-38]],[[78183,24658],[10,40],[13,-14],[-23,-26]],[[78253,24485],[17,40],[0,-32],[-17,-8]],[[78159,24669],[-12,53],[34,-14],[-22,-39]],[[78243,24654],[45,-1],[-62,-31],[17,32]],[[78184,24599],[60,18],[-10,-41],[-50,23]],[[78199,24693],[4,-65],[-20,30],[16,35]],[[78222,24677],[-46,47],[60,-46],[-14,-1]],[[78321,24623],[-6,53],[30,-24],[-24,-29]],[[78315,24675],[-126,55],[-42,-8],[62,48],[106,-95]],[[78184,24523],[24,33],[-2,-35],[-22,2]],[[78145,24587],[39,12],[-13,-41],[-26,29]],[[78145,24587],[-37,43],[68,-20],[-31,-23]],[[78345,24555],[0,97],[35,-63],[-35,-34]],[[78151,24623],[52,5],[-19,-29],[-33,24]],[[78308,24579],[-16,54],[34,-18],[-18,-36]],[[78151,24623],[-26,62],[43,-21],[-17,-41]],[[78231,24553],[42,-19],[-46,-20]],[[78258,24629],[39,12],[-28,-36],[-11,24]],[[78226,24622],[9,56],[15,-21],[-24,-35]],[[78231,24553],[-33,8],[36,15],[-3,-23]],[[78186,24561],[-2,38],[30,-11],[-28,-27]],[[78250,24657],[-15,52],[33,-29],[-18,-23]],[[78231,24553],[-4,-39]],[[78227,24514],[-23,10],[27,29]],[[78300,24469],[-149,-22],[-126,102],[102,44],[173,-124]],[[78041,24589],[-15,37],[63,-4]],[[78089,24622],[-7,-69],[-41,36]],[[78041,24589],[48,33]],[[78072,24663],[52,41],[-20,-88],[-32,47]],[[78439,24071],[29,129],[54,-9],[-83,-120]],[[78678,24511],[286,-130]],[[78964,24381],[7,-64],[-101,-75]],[[78870,24242],[-238,42]],[[78614,24279],[-186,-168],[-62,42],[93,150],[155,-24]],[[78568,24400],[-68,-18],[33,50],[35,-32]],[[78678,24511],[-46,-227]],[[78632,24284],[-22,-16],[-87,6],[-64,160],[76,228],[143,-151]],[[78535,24432],[-9,-102],[44,36],[-35,66]],[[78382,24740],[-1,59],[30,-43],[-29,-16]],[[78408,24775],[16,56],[24,-18]],[[78298,24772],[38,34],[-45,-60],[7,26]],[[78347,24649],[-4,43],[20,-17],[-16,-26]],[[78408,24775],[40,38]],[[78448,24813],[-30,-75],[-10,37]],[[78396,24660],[39,50],[-7,-56],[-32,6]],[[78397,24675],[14,81],[35,-32],[-49,-49]],[[78268,24735],[-24,63],[31,-21],[-7,-42]],[[78428,24654],[39,25],[-12,-26],[-27,1]],[[78420,24605],[-61,74],[69,-25],[-8,-49]],[[78324,24750],[28,42],[35,-60],[-63,18]],[[78319,24676],[6,74],[43,-31],[-49,-43]],[[78354,24681],[14,38],[24,-32],[-38,-6]],[[78424,24734],[24,78],[63,-20],[32,-129],[-119,71]],[[78466,24842],[-153,10],[-40,-126],[-29,72],[127,100],[95,-56]],[[78416,24827],[-50,13],[45,9],[5,-22]],[[78436,24590],[31,89],[47,-39],[-78,-50]],[[78335,24805],[43,3],[-8,-35],[-35,32]],[[78309,24815],[57,36],[8,-38],[-65,2]],[[78470,24675],[-39,59],[43,-21],[-4,-38]],[[78384,24414],[-60,-5],[27,82],[29,-29],[4,-48]],[[78403,24498],[53,24],[-36,-63],[-17,39]],[[78390,24461],[14,42],[16,-43],[-30,1]],[[78373,24431],[25,28],[8,-20],[-33,-8]],[[78404,24503],[-4,37],[46,-6],[-42,-31]],[[78400,24540],[20,35],[23,-32],[-43,-3]],[[78467,24511],[0,54],[9,-8],[-9,-46]],[[78364,24575],[53,31],[19,-16],[-41,-85],[-31,70]],[[78302,24515],[60,39],[29,-51],[-89,12]],[[78390,24461],[2,44],[3,0],[-5,-44]],[[78477,24553],[-26,49],[32,11],[-6,-60]],[[78261,24395],[38,116],[48,-10],[-5,-62],[-81,-44]],[[78443,24399],[-6,73],[30,-45],[-24,-28]],[[78438,24377],[30,50],[26,-33],[-56,-17]],[[78438,24377],[-54,37],[2,17],[41,-20],[11,-34]],[[78414,24421],[6,39],[8,-18],[-14,-21]],[[78435,24384],[-8,27],[16,-27],[-8,0]],[[78306,24347],[65,10],[-73,-43],[8,33]],[[78368,24323],[20,36],[14,-15],[-34,-21]],[[78387,24330],[51,-10],[-45,-31],[-6,41]],[[78440,24376],[-123,18],[-3,33],[-22,-48],[-29,16],[36,38],[48,4],[93,-61]],[[78409,24262],[29,58],[24,-47],[-53,-11]],[[78375,24355],[8,52],[29,-23],[-37,-29]],[[78378,24252],[-20,84],[51,-74],[-31,-10]],[[78361,24394],[-51,-48],[-44,34],[48,47],[47,-33]],[[78405,24342],[7,42],[7,-21]],[[78438,24320],[49,63],[35,-107],[-84,44]],[[78405,24342],[14,21]],[[78419,24363],[4,6],[19,-31],[-37,4]],[[78329,23869],[-12,49],[32,-22],[-20,-27]],[[78280,23967],[-2,66],[29,-41],[-27,-25]],[[78342,23948],[-11,59],[47,-10],[-36,-49]],[[78357,24054],[55,-25],[-57,-4],[2,29]],[[78306,23916],[68,23],[-3,-25],[-65,2]],[[78337,24113],[53,-46],[-33,-13],[-20,59]],[[78385,24049],[37,37],[-10,-57],[-27,20]],[[78279,23892],[28,100],[-2,-108],[-26,8]],[[78333,24041],[6,52],[29,-17],[-35,-35]],[[78220,24025],[45,87],[-8,-110],[-37,23]],[[78307,23992],[26,49],[6,-35],[-32,-14]],[[78201,24154],[40,36],[70,-43],[-62,-55],[-48,62]],[[78390,24067],[-2,40],[28,-22],[-26,-18]],[[78278,24033],[52,49],[3,-41],[-55,-8]],[[78441,24107],[-258,74],[-3,34],[87,2],[174,-110]],[[78271,24057],[6,35],[20,-21],[-26,-14]],[[78339,24006],[18,48],[33,-44],[-51,-4]],[[78360,23925],[18,72],[14,-29],[-32,-43]],[[78328,23870],[96,219],[-6,-545],[-73,19],[-71,171],[-20,268],[74,-132]],[[78297,24071],[14,76],[28,-54],[-42,-22]],[[78127,24110],[58,72],[-9,-66],[73,-24],[-122,18]],[[78180,24215],[-9,48],[46,-57],[-37,9]],[[78198,24268],[-33,49],[40,0],[-7,-49]],[[78238,24197],[-17,38],[37,-15],[-20,-23]],[[78215,24268],[-10,49],[20,-3],[-10,-46]],[[78199,24236],[-14,32],[30,0],[-16,-32]],[[78216,24228],[-1,40],[18,-9],[-17,-31]],[[78232,24224],[27,27],[-1,-31],[-26,4]],[[78259,24251],[-35,88],[20,12],[15,-100]],[[78244,24351],[45,2],[-44,-21],[-1,19]],[[78258,24220],[33,29],[5,-20],[-38,-9]],[[78290,24279],[-33,60],[51,14],[-18,-74]],[[78337,24147],[7,46],[17,-41],[-24,-5]],[[78326,24244],[35,56],[17,-48],[-52,-8]],[[78309,24277],[21,32],[5,-19],[-26,-13]],[[78361,24152],[-3,82],[22,-76],[-19,-6]],[[78291,24249],[-44,45],[43,-15],[1,-30]],[[78310,24183],[17,49],[17,-39],[-34,-10]],[[78347,24258],[19,-40],[-39,11],[20,29]],[[78284,24187],[23,38],[2,-21],[-25,-17]],[[78298,24227],[23,39],[6,-34],[-29,-5]],[[78311,24167],[-18,30],[16,7],[2,-37]],[[78210,24337],[27,96],[58,15],[-36,-85],[-49,-26]],[[78207,24315],[4,49],[9,-52],[-13,3]],[[78176,24365],[-21,82],[39,-15],[-18,-67]],[[78224,24387],[-48,-16],[21,53],[27,-37]],[[78204,24318],[-26,25],[-19,18],[17,4],[28,-47]],[[78190,24365],[30,114],[55,-21],[-46,-105],[-39,12]],[[78182,24489],[-4,-70],[-23,32],[27,38]],[[77698,24369],[328,257],[0,-80],[123,-78],[34,-295],[-57,-60],[137,-117],[-19,-283],[-76,74]],[[77822,23970],[163,357],[-50,30]],[[77698,24369],[193,-103],[44,91]],[[77935,24357],[47,-27],[-160,-360]],[[77822,23970],[32,-220],[203,40],[79,-62],[32,59]],[[78168,23787],[161,-87],[20,-123],[-71,-19],[68,-314],[-19,-341],[-112,-305],[-302,194],[-49,387],[-64,-122],[-149,184],[-56,584],[103,544]]]}