{"type":"Topology","objects":{"metros":{"geometries":[{"properties":{"sa2_code":"102011028","sa2_name":"Avoca Beach - Copacabana","state":"New South Wales","metro_code":"1GSYD","metro_name":"Greater Sydney"},"type":"Polygon","arcs":[[0,-80,1,-78,2,-76,3,-55,4,-53]],"id":"feature_0000"},{"properties":{"sa2_code":"102011029","sa2_name":"Box Head - MacMasters Beach","state":"New South Wales","metro_code":"1GSYD","metro_name":"Greater Sydney"},"type":"Polygon","arcs":[[-57,5]],"id":"feature_0001"},{"properties":{"sa2_code":"102011030","sa2_name":"Calga - Kulnura","state":"New South Wales","metro_code":"1GSYD","metro_name":"Greater Sydney"},"type":"MultiPolygon","arcs":[[[6]],[[-339,7,-337,8,-335,9,-333,10,-141,11,-150,12,-163,13,-161,14,-63,15,-61,16,-39,17,-45,18,-48,-99,19,-107,-92,20,-90,21,-88,22,-317,23,-285,24,-283,25,-347,26,-345,27,-343,28,-341,29]]],"id":"feature_0002"},{"properties":{"sa2_code":"102011031","sa2_name":"Erina - Green Point","state":"New South Wales","metro_code":"1GSYD","metro_name":"Greater Sydney"},"type":"Polygon","arcs":[[-43,30,-41,31,-66,32,-130,33,-128,34,-97,35,-84,36,-50,37]],"id":"feature_0003"},{"properties":{"sa2_code":"102011032","sa2_name":"Gosford - Springfield","state":"New South Wales","metro_code":"1GSYD","metro_name":"Greater Sydney"},"type":"Polygon","arcs":[[38,39,40,41,42,43]],"id":"feature_0004"},{"properties":{"sa2_code":"102011033","sa2_name":"Kariong","state":"New South Wales","metro_code":"1GSYD","metro_name":"Greater Sydney"},"type":"Polygon","arcs":[[44,45,-72,46,-100,47,48]],"id":"feature_0005"},{"properties":{"sa2_code":"102011034","sa2_name":"Kincumber - Picketts Valley","state":"New South Wales","metro_code":"1GSYD","metro_name":"Greater Sydney"},"type":"Polygon","arcs":[[49,50,-82,51,52,53,54,55,56,57]],"id":"feature_0006"},{"properties":{"sa2_code":"102011035","sa2_name":"Narara","state":"New South Wales","metro_code":"1GSYD","metro_name":"Greater Sydney"},"type":"Polygon","arcs":[[58,-69,59,60]],"id":"feature_0007"},{"properties":{"sa2_code":"102011036","sa2_name":"Niagara Park - Lisarow","state":"New South Wales","metro_code":"1GSYD","metro_name":"Greater Sydney"},"type":"Polygon","arcs":[[61,62,63,-159,64,65,66,-108,67,68]],"id":"feature_0008"},{"properties":{"sa2_code":"102011037","sa2_name":"Point Clare - Koolewong","state":"New South Wales","metro_code":"1GSYD","metro_name":"Greater Sydney"},"type":"Polygon","arcs":[[69,-102,70,71]],"id":"feature_0009"},{"properties":{"sa2_code":"102011038","sa2_name":"Saratoga - Davistown","state":"New South Wales","metro_code":"1GSYD","metro_name":"Greater Sydney"},"type":"Polygon","arcs":[[72]],"id":"feature_0010"},{"properties":{"sa2_code":"102011039","sa2_name":"Terrigal - North Avoca","state":"New South Wales","metro_code":"1GSYD","metro_name":"Greater Sydney"},"type":"Polygon","arcs":[[73,-95,74,75,76,77,78,79,80,81,82,83]],"id":"feature_0011"},{"properties":{"sa2_code":"102011040","sa2_name":"Umina - Booker Bay - Patonga","state":"New South Wales","metro_code":"1GSYD","metro_name":"Greater Sydney"},"type":"MultiPolygon","arcs":[[[84]],[[85,-104,86,87,88,89,90,91,-106]]],"id":"feature_0012"},{"properties":{"sa2_code":"102011041","sa2_name":"Wamberal - Forresters Beach","state":"New South Wales","metro_code":"1GSYD","metro_name":"Greater Sydney"},"type":"Polygon","arcs":[[92,-112,93,94,95,96]],"id":"feature_0013"},{"properties":{"sa2_code":"102011042","sa2_name":"Woy Woy - Blackwall","state":"New South Wales","metro_code":"1GSYD","metro_name":"Greater Sydney"},"type":"Polygon","arcs":[[97,98,99,100,101,102,103,104,105,106]],"id":"feature_0014"},{"properties":{"sa2_code":"102011043","sa2_name":"Wyoming","state":"New South Wales","metro_code":"1GSYD","metro_name":"Greater Sydney"},"type":"Polygon","arcs":[[107,108]],"id":"feature_0015"},{"properties":{"sa2_code":"102021044","sa2_name":"Bateau Bay - Killarney Vale","state":"New South Wales","metro_code":"1GSYD","metro_name":"Greater Sydney"},"type":"Polygon","arcs":[[109,-167,110,111,112,-126]],"id":"feature_0016"},{"properties":{"sa2_code":"102021045","sa2_name":"Blue Haven - San Remo","state":"New South Wales","metro_code":"1GSYD","metro_name":"Greater Sydney"},"type":"Polygon","arcs":[[113,-147,114,-145,115,-118,116,-190]],"id":"feature_0017"},{"properties":{"sa2_code":"102021046","sa2_name":"Budgewoi - Buff Point - Halekulani","state":"New South Wales","metro_code":"1GSYD","metro_name":"Greater Sydney"},"type":"MultiPolygon","arcs":[[[117,118]],[[-143,119,-170,120]]],"id":"feature_0018"},{"properties":{"sa2_code":"102021047","sa2_name":"Chittaway Bay - Tumbi Umbi","state":"New South Wales","metro_code":"1GSYD","metro_name":"Greater Sydney"},"type":"Polygon","arcs":[[121,-178,122,-176,123,-174,124,125,126,127,128,129,130,-157,131,-155]],"id":"feature_0019"},{"properties":{"sa2_code":"102021048","sa2_name":"Gorokan - Kanwal - Charmhaven","state":"New South Wales","metro_code":"1GSYD","metro_name":"Greater Sydney"},"type":"Polygon","arcs":[[132,-198,133,-194,134,-192]],"id":"feature_0020"},{"properties":{"sa2_code":"102021049","sa2_name":"Jilliby - Yarramalong","state":"New South Wales","metro_code":"1GSYD","metro_name":"Greater Sydney"},"type":"Polygon","arcs":[[135,-188,136,-204,-184,137,-182,138,-152,139,140]],"id":"feature_0021"},{"properties":{"sa2_code":"102021050","sa2_name":"Lake Munmorah - Mannering Park","state":"New South Wales","metro_code":"1GSYD","metro_name":"Greater Sydney"},"type":"Polygon","arcs":[[-164,141,142,143,144,145,146,147]],"id":"feature_0022"},{"properties":{"sa2_code":"102021051","sa2_name":"Ourimbah - Fountaindale","state":"New South Wales","metro_code":"1GSYD","metro_name":"Greater Sydney"},"type":"Polygon","arcs":[[148,149,150,151,152,-180,153,154,155,156,157,158,159,160,161,162]],"id":"feature_0023"},{"properties":{"sa2_code":"102021052","sa2_name":"Summerland Point - Gwandalan","state":"New South Wales","metro_code":"1GSYD","metro_name":"Greater Sydney"},"type":"Polygon","arcs":[[163,164]],"id":"feature_0024"},{"properties":{"sa2_code":"102021053","sa2_name":"The Entrance","state":"New South Wales","metro_code":"1GSYD","metro_name":"Greater Sydney"},"type":"MultiPolygon","arcs":[[[-172,165]],[[166,167]]],"id":"feature_0025"},{"properties":{"sa2_code":"102021054","sa2_name":"Toukley - Norah Head","state":"New South Wales","metro_code":"1GSYD","metro_name":"Greater Sydney"},"type":"MultiPolygon","arcs":[[[168]],[[169,170,171,172]]],"id":"feature_0026"},{"properties":{"sa2_code":"102021055","sa2_name":"Tuggerah - Kangy Angy","state":"New South Wales","metro_code":"1GSYD","metro_name":"Greater Sydney"},"type":"Polygon","arcs":[[173,174,175,176,177,178,179,180,181,182,183,184,-202,185,-200,186]],"id":"feature_0027"},{"properties":{"sa2_code":"102021056","sa2_name":"Warnervale - Wadalba","state":"New South Wales","metro_code":"1GSYD","metro_name":"Greater Sydney"},"type":"Polygon","arcs":[[187,188,189,190,191,192,193,194,-206,195]],"id":"feature_0028"},{"properties":{"sa2_code":"102021057","sa2_name":"Wyong","state":"New South Wales","metro_code":"1GSYD","metro_name":"Greater Sydney"},"type":"Polygon","arcs":[[196,197,198,199,200,201,202,203,204,205]],"id":"feature_0029"},{"properties":{"sa2_code":"115011290","sa2_name":"Baulkham Hills - East","state":"New South Wales","metro_code":"1GSYD","metro_name":"Greater Sydney"},"type":"Polygon","arcs":[[206,-216,207,-214,208,-231,209,-245,210,-1768,211,-218]],"id":"feature_0030"},{"properties":{"sa2_code":"115011291","sa2_name":"Baulkham Hills (West) - Bella Vista","state":"New South Wales","metro_code":"1GSYD","metro_name":"Greater Sydney"},"type":"Polygon","arcs":[[-265,212,213,214,215,216,217,218]],"id":"feature_0031"},{"properties":{"sa2_code":"115011294","sa2_name":"Glenhaven","state":"New South Wales","metro_code":"1GSYD","metro_name":"Greater Sydney"},"type":"Polygon","arcs":[[219,-300,220,-298,221,-296,222,-233,223,-237]],"id":"feature_0032"},{"properties":{"sa2_code":"115011296","sa2_name":"West Pennant Hills","state":"New South Wales","metro_code":"1GSYD","metro_name":"Greater Sydney"},"type":"Polygon","arcs":[[-241,224,225,-1838,226,-1706,227,-1770,228,-243,229]],"id":"feature_0033"},{"properties":{"sa2_code":"115011553","sa2_name":"Castle Hill - Central","state":"New South Wales","metro_code":"1GSYD","metro_name":"Greater Sydney"},"type":"Polygon","arcs":[[230,231]],"id":"feature_0034"},{"properties":{"sa2_code":"115011554","sa2_name":"Castle Hill - East","state":"New South Wales","metro_code":"1GSYD","metro_name":"Greater Sydney"},"type":"Polygon","arcs":[[232,233,-254,234]],"id":"feature_0035"},{"properties":{"sa2_code":"115011555","sa2_name":"Castle Hill - North","state":"New South Wales","metro_code":"1GSYD","metro_name":"Greater Sydney"},"type":"Polygon","arcs":[[235,236,237,-248,238,-259,239,-257]],"id":"feature_0036"},{"properties":{"sa2_code":"115011556","sa2_name":"Castle Hill - South","state":"New South Wales","metro_code":"1GSYD","metro_name":"Greater Sydney"},"type":"Polygon","arcs":[[240,241,242,243,244,245]],"id":"feature_0037"},{"properties":{"sa2_code":"115011557","sa2_name":"Castle Hill - West","state":"New South Wales","metro_code":"1GSYD","metro_name":"Greater Sydney"},"type":"Polygon","arcs":[[246,247,248,-261]],"id":"feature_0038"},{"properties":{"sa2_code":"115011558","sa2_name":"Cherrybrook","state":"New South Wales","metro_code":"1GSYD","metro_name":"Greater Sydney"},"type":"Polygon","arcs":[[-294,249,-1007,250,-1829,251,-1827,252,253,254]],"id":"feature_0039"},{"properties":{"sa2_code":"115011621","sa2_name":"Kellyville - East","state":"New South Wales","metro_code":"1GSYD","metro_name":"Greater Sydney"},"type":"Polygon","arcs":[[255,256,257,258,259,260,261,-406]],"id":"feature_0040"},{"properties":{"sa2_code":"115011622","sa2_name":"Kellyville - West","state":"New South Wales","metro_code":"1GSYD","metro_name":"Greater Sydney"},"type":"Polygon","arcs":[[262,263,264]],"id":"feature_0041"},{"properties":{"sa2_code":"115021297","sa2_name":"Dural - Kenthurst - Wisemans Ferry","state":"New South Wales","metro_code":"1GSYD","metro_name":"Greater Sydney"},"type":"Polygon","arcs":[[-390,265,-388,266,-386,267,-366,268,-364,269,-382,270,-380,271,-378,272,-376,273,-374,274,-372,275,-358,276,-356,277,-325,278,-323,279,-321,280,-319,281,282,283,284,285,-315,286,-313,287,-311,288,-309,289,-995,290,-1023,291,-1009,292,293,294,295,296,297,298,299,-397,300,-400,301,-394,302,-392,303]],"id":"feature_0042"},{"properties":{"sa2_code":"115021298","sa2_name":"Galston - Laughtondale","state":"New South Wales","metro_code":"1GSYD","metro_name":"Greater Sydney"},"type":"MultiPolygon","arcs":[[[304]],[[-1001,305,-985,306,-983,307,-981,308,309,310,311,312,313,314,315,316,317]]],"id":"feature_0043"},{"properties":{"sa2_code":"115031299","sa2_name":"Bilpin - Colo - St Albans","state":"New South Wales","metro_code":"1GSYD","metro_name":"Greater Sydney"},"type":"Polygon","arcs":[[318,319,320,321,322,323,324,325,-354,326,-352,327,-350,328,-1426,329,-1424,330,-1422,331,332,333,334,335,336,337,338,339,340,341,342,343,344,345,346,347]],"id":"feature_0044"},{"properties":{"sa2_code":"115031300","sa2_name":"Kurrajong Heights - Ebenezer","state":"New South Wales","metro_code":"1GSYD","metro_name":"Greater Sydney"},"type":"Polygon","arcs":[[348,349,350,351,352,353,354,355,356,357,358,-1596,359,-1618,360,-1432,361,-1430,362,-1428]],"id":"feature_0045"},{"properties":{"sa2_code":"115041301","sa2_name":"Pitt Town - McGraths Hill","state":"New South Wales","metro_code":"1GSYD","metro_name":"Greater Sydney"},"type":"Polygon","arcs":[[363,364,365,366,-384,367,-461,368,-1603,369,-1601,370,371,372,373,374,375,376,377,378,379,380,381,382]],"id":"feature_0046"},{"properties":{"sa2_code":"115041623","sa2_name":"Box Hill - Nelson","state":"New South Wales","metro_code":"1GSYD","metro_name":"Greater Sydney"},"type":"Polygon","arcs":[[383,384,385,386,387,388,389,390,391,392,393,394]],"id":"feature_0047"},{"properties":{"sa2_code":"115041624","sa2_name":"North Kellyville","state":"New South Wales","metro_code":"1GSYD","metro_name":"Greater Sydney"},"type":"Polygon","arcs":[[395,396,397,-404,398,-402]],"id":"feature_0048"},{"properties":{"sa2_code":"115041625","sa2_name":"Rouse Hill - Beaumont Hills","state":"New South Wales","metro_code":"1GSYD","metro_name":"Greater Sydney"},"type":"Polygon","arcs":[[399,400,401,402,403,404,405,406,407]],"id":"feature_0049"},{"properties":{"sa2_code":"116011303","sa2_name":"Blacktown (East) - Kings Park","state":"New South Wales","metro_code":"1GSYD","metro_name":"Greater Sydney"},"type":"Polygon","arcs":[[-419,408,-424,409,-426,410]],"id":"feature_0050"},{"properties":{"sa2_code":"116011304","sa2_name":"Blacktown (North) - Marayong","state":"New South Wales","metro_code":"1GSYD","metro_name":"Greater Sydney"},"type":"Polygon","arcs":[[-483,411,-447,412,-430,413]],"id":"feature_0051"},{"properties":{"sa2_code":"116011306","sa2_name":"Doonside - Woodcroft","state":"New South Wales","metro_code":"1GSYD","metro_name":"Greater Sydney"},"type":"Polygon","arcs":[[414,-485,415,-433,416,-513,417,-511]],"id":"feature_0052"},{"properties":{"sa2_code":"116011307","sa2_name":"Lalor Park - Kings Langley","state":"New South Wales","metro_code":"1GSYD","metro_name":"Greater Sydney"},"type":"Polygon","arcs":[[418,419,-440,420,421,-1787,422,423,424]],"id":"feature_0053"},{"properties":{"sa2_code":"116011560","sa2_name":"Blacktown - South","state":"New South Wales","metro_code":"1GSYD","metro_name":"Greater Sydney"},"type":"Polygon","arcs":[[425,426,-436,427]],"id":"feature_0054"},{"properties":{"sa2_code":"116011561","sa2_name":"Blacktown - West","state":"New South Wales","metro_code":"1GSYD","metro_name":"Greater Sydney"},"type":"Polygon","arcs":[[428,429,430,-502,431,432]],"id":"feature_0055"},{"properties":{"sa2_code":"116011626","sa2_name":"Seven Hills - Prospect","state":"New South Wales","metro_code":"1GSYD","metro_name":"Greater Sydney"},"type":"Polygon","arcs":[[433,-1757,-504,434,435,436]],"id":"feature_0056"},{"properties":{"sa2_code":"116011627","sa2_name":"Toongabbie - West","state":"New South Wales","metro_code":"1GSYD","metro_name":"Greater Sydney"},"type":"Polygon","arcs":[[437,-1798,438]],"id":"feature_0057"},{"properties":{"sa2_code":"116021309","sa2_name":"Glenwood","state":"New South Wales","metro_code":"1GSYD","metro_name":"Greater Sydney"},"type":"Polygon","arcs":[[439,440]],"id":"feature_0058"},{"properties":{"sa2_code":"116021562","sa2_name":"Acacia Gardens","state":"New South Wales","metro_code":"1GSYD","metro_name":"Greater Sydney"},"type":"Polygon","arcs":[[-445,441]],"id":"feature_0059"},{"properties":{"sa2_code":"116021563","sa2_name":"Quakers Hill","state":"New South Wales","metro_code":"1GSYD","metro_name":"Greater Sydney"},"type":"Polygon","arcs":[[-471,442,-475,443,444,445,446,-463,447]],"id":"feature_0060"},{"properties":{"sa2_code":"116021628","sa2_name":"Kellyville Ridge - The Ponds","state":"New South Wales","metro_code":"1GSYD","metro_name":"Greater Sydney"},"type":"Polygon","arcs":[[-469,448,-473,449,-477,450]],"id":"feature_0061"},{"properties":{"sa2_code":"116021629","sa2_name":"Marsden Park - Shanes Park","state":"New South Wales","metro_code":"1GSYD","metro_name":"Greater Sydney"},"type":"Polygon","arcs":[[-458,451,-491,452,-1584,453,-1624]],"id":"feature_0062"},{"properties":{"sa2_code":"116021630","sa2_name":"Riverstone","state":"New South Wales","metro_code":"1GSYD","metro_name":"Greater Sydney"},"type":"Polygon","arcs":[[454,-467,455,-466,456,457,458,-1605,459,460]],"id":"feature_0063"},{"properties":{"sa2_code":"116021631","sa2_name":"Schofields (West) - Colebee","state":"New South Wales","metro_code":"1GSYD","metro_name":"Greater Sydney"},"type":"Polygon","arcs":[[461,462,463,-481,464,465]],"id":"feature_0064"},{"properties":{"sa2_code":"116021632","sa2_name":"Schofields - East","state":"New South Wales","metro_code":"1GSYD","metro_name":"Greater Sydney"},"type":"Polygon","arcs":[[466,467,468,469,470,471]],"id":"feature_0065"},{"properties":{"sa2_code":"116021633","sa2_name":"Stanhope Gardens - Parklea","state":"New South Wales","metro_code":"1GSYD","metro_name":"Greater Sydney"},"type":"Polygon","arcs":[[472,473,474,475,476,477]],"id":"feature_0066"},{"properties":{"sa2_code":"116031313","sa2_name":"Bidwill - Hebersham - Emerton","state":"New South Wales","metro_code":"1GSYD","metro_name":"Greater Sydney"},"type":"Polygon","arcs":[[-497,478]],"id":"feature_0067"},{"properties":{"sa2_code":"116031314","sa2_name":"Glendenning - Dean Park","state":"New South Wales","metro_code":"1GSYD","metro_name":"Greater Sydney"},"type":"Polygon","arcs":[[479,480,481,482,483,484,485,-487]],"id":"feature_0068"},{"properties":{"sa2_code":"116031315","sa2_name":"Hassall Grove - Plumpton","state":"New South Wales","metro_code":"1GSYD","metro_name":"Greater Sydney"},"type":"Polygon","arcs":[[486,487]],"id":"feature_0069"},{"properties":{"sa2_code":"116031316","sa2_name":"Lethbridge Park - Tregear","state":"New South Wales","metro_code":"1GSYD","metro_name":"Greater Sydney"},"type":"Polygon","arcs":[[-1639,488,-1586,489,490,491,-495,492,-1641,493]],"id":"feature_0070"},{"properties":{"sa2_code":"116031317","sa2_name":"Mount Druitt - Whalan","state":"New South Wales","metro_code":"1GSYD","metro_name":"Greater Sydney"},"type":"Polygon","arcs":[[494,495,496,497,-509,498,-1635,499]],"id":"feature_0071"},{"properties":{"sa2_code":"116031318","sa2_name":"Prospect Reservoir","state":"New South Wales","metro_code":"1GSYD","metro_name":"Greater Sydney"},"type":"Polygon","arcs":[[500,501,502,503,-1756,504,-2084,505,-2058,506,-1629,507,-515]],"id":"feature_0072"},{"properties":{"sa2_code":"116031319","sa2_name":"Rooty Hill - Minchinbury","state":"New South Wales","metro_code":"1GSYD","metro_name":"Greater Sydney"},"type":"Polygon","arcs":[[508,509,510,511,512,513,514,515,-1637,516]],"id":"feature_0073"},{"properties":{"sa2_code":"117011320","sa2_name":"Banksmeadow","state":"New South Wales","metro_code":"1GSYD","metro_name":"Greater Sydney"},"type":"Polygon","arcs":[[-529,517,-527,518,-531,519,-523,520]],"id":"feature_0074"},{"properties":{"sa2_code":"117011321","sa2_name":"Botany","state":"New South Wales","metro_code":"1GSYD","metro_name":"Greater Sydney"},"type":"Polygon","arcs":[[521,522,523]],"id":"feature_0075"},{"properties":{"sa2_code":"117011323","sa2_name":"Pagewood - Hillsdale - Daceyville","state":"New South Wales","metro_code":"1GSYD","metro_name":"Greater Sydney"},"type":"Polygon","arcs":[[524,-693,525,526,527,528,529,-538]],"id":"feature_0076"},{"properties":{"sa2_code":"117011324","sa2_name":"Port Botany Industrial","state":"New South Wales","metro_code":"1GSYD","metro_name":"Greater Sydney"},"type":"Polygon","arcs":[[530,531,-699,532,-691,533]],"id":"feature_0077"},{"properties":{"sa2_code":"117011325","sa2_name":"Sydney Airport","state":"New South Wales","metro_code":"1GSYD","metro_name":"Greater Sydney"},"type":"Polygon","arcs":[[-542,534,-549,535]],"id":"feature_0078"},{"properties":{"sa2_code":"117011634","sa2_name":"Eastlakes","state":"New South Wales","metro_code":"1GSYD","metro_name":"Greater Sydney"},"type":"Polygon","arcs":[[536,537,538,-540]],"id":"feature_0079"},{"properties":{"sa2_code":"117011635","sa2_name":"Mascot","state":"New South Wales","metro_code":"1GSYD","metro_name":"Greater Sydney"},"type":"Polygon","arcs":[[-565,539,540,541,542]],"id":"feature_0080"},{"properties":{"sa2_code":"117021327","sa2_name":"Petersham - Stanmore","state":"New South Wales","metro_code":"1GSYD","metro_name":"Greater Sydney"},"type":"Polygon","arcs":[[-588,543,-552,544,-906,545]],"id":"feature_0081"},{"properties":{"sa2_code":"117021328","sa2_name":"Sydenham - Tempe - St Peters","state":"New South Wales","metro_code":"1GSYD","metro_name":"Greater Sydney"},"type":"Polygon","arcs":[[546,-586,547,548,549,-871,550,-556]],"id":"feature_0082"},{"properties":{"sa2_code":"117021636","sa2_name":"Marrickville - North","state":"New South Wales","metro_code":"1GSYD","metro_name":"Greater Sydney"},"type":"Polygon","arcs":[[551,552,553]],"id":"feature_0083"},{"properties":{"sa2_code":"117021637","sa2_name":"Marrickville - South","state":"New South Wales","metro_code":"1GSYD","metro_name":"Greater Sydney"},"type":"Polygon","arcs":[[-908,554,555,556,-792,557]],"id":"feature_0084"},{"properties":{"sa2_code":"117031329","sa2_name":"Darlinghurst","state":"New South Wales","metro_code":"1GSYD","metro_name":"Greater Sydney"},"type":"Polygon","arcs":[[-569,558,-634,559,-573,560]],"id":"feature_0085"},{"properties":{"sa2_code":"117031330","sa2_name":"Erskineville - Alexandria","state":"New South Wales","metro_code":"1GSYD","metro_name":"Greater Sydney"},"type":"Polygon","arcs":[[-584,561,-590,562,-594,563,-597,564,565]],"id":"feature_0086"},{"properties":{"sa2_code":"117031331","sa2_name":"Glebe - Forest Lodge","state":"New South Wales","metro_code":"1GSYD","metro_name":"Greater Sydney"},"type":"Polygon","arcs":[[-607,566,-894,567]],"id":"feature_0087"},{"properties":{"sa2_code":"117031333","sa2_name":"Potts Point - Woolloomooloo","state":"New South Wales","metro_code":"1GSYD","metro_name":"Greater Sydney"},"type":"Polygon","arcs":[[568,569,-601,570]],"id":"feature_0088"},{"properties":{"sa2_code":"117031336","sa2_name":"Surry Hills","state":"New South Wales","metro_code":"1GSYD","metro_name":"Greater Sydney"},"type":"Polygon","arcs":[[-605,571,572,573]],"id":"feature_0089"},{"properties":{"sa2_code":"117031638","sa2_name":"Camperdown - Darlington","state":"New South Wales","metro_code":"1GSYD","metro_name":"Greater Sydney"},"type":"Polygon","arcs":[[574,-578,575,-581,576]],"id":"feature_0090"},{"properties":{"sa2_code":"117031639","sa2_name":"Chippendale","state":"New South Wales","metro_code":"1GSYD","metro_name":"Greater Sydney"},"type":"Polygon","arcs":[[577,578]],"id":"feature_0091"},{"properties":{"sa2_code":"117031640","sa2_name":"Newtown (NSW)","state":"New South Wales","metro_code":"1GSYD","metro_name":"Greater Sydney"},"type":"Polygon","arcs":[[579,580,581,-592,582,583,584,585,586,587]],"id":"feature_0092"},{"properties":{"sa2_code":"117031641","sa2_name":"Pyrmont","state":"New South Wales","metro_code":"1GSYD","metro_name":"Greater Sydney"},"type":"Polygon","arcs":[[-609,588]],"id":"feature_0093"},{"properties":{"sa2_code":"117031642","sa2_name":"Redfern","state":"New South Wales","metro_code":"1GSYD","metro_name":"Greater Sydney"},"type":"Polygon","arcs":[[589,590,591,592]],"id":"feature_0094"},{"properties":{"sa2_code":"117031643","sa2_name":"Rosebery - Beaconsfield","state":"New South Wales","metro_code":"1GSYD","metro_name":"Greater Sydney"},"type":"Polygon","arcs":[[593,594,-614,595,596,597]],"id":"feature_0095"},{"properties":{"sa2_code":"117031644","sa2_name":"Sydney (North) - Millers Point","state":"New South Wales","metro_code":"1GSYD","metro_name":"Greater Sydney"},"type":"MultiPolygon","arcs":[[[598]],[[599]],[[600,601,-604,602]]],"id":"feature_0096"},{"properties":{"sa2_code":"117031645","sa2_name":"Sydney (South) - Haymarket","state":"New South Wales","metro_code":"1GSYD","metro_name":"Greater Sydney"},"type":"Polygon","arcs":[[603,604,605]],"id":"feature_0097"},{"properties":{"sa2_code":"117031646","sa2_name":"Ultimo","state":"New South Wales","metro_code":"1GSYD","metro_name":"Greater Sydney"},"type":"Polygon","arcs":[[606,607,608,609]],"id":"feature_0098"},{"properties":{"sa2_code":"117031647","sa2_name":"Waterloo","state":"New South Wales","metro_code":"1GSYD","metro_name":"Greater Sydney"},"type":"Polygon","arcs":[[-612,610]],"id":"feature_0099"},{"properties":{"sa2_code":"117031648","sa2_name":"Zetland","state":"New South Wales","metro_code":"1GSYD","metro_name":"Greater Sydney"},"type":"Polygon","arcs":[[611,612,613,614]],"id":"feature_0100"},{"properties":{"sa2_code":"118011339","sa2_name":"Bondi - Tamarama - Bronte","state":"New South Wales","metro_code":"1GSYD","metro_name":"Greater Sydney"},"type":"Polygon","arcs":[[615,-623,616,-621]],"id":"feature_0101"},{"properties":{"sa2_code":"118011340","sa2_name":"Bondi Beach - North Bondi","state":"New South Wales","metro_code":"1GSYD","metro_name":"Greater Sydney"},"type":"Polygon","arcs":[[-631,617,-629,618]],"id":"feature_0102"},{"properties":{"sa2_code":"118011341","sa2_name":"Bondi Junction - Waverly","state":"New South Wales","metro_code":"1GSYD","metro_name":"Greater Sydney"},"type":"Polygon","arcs":[[619,620,621,622,623,-625]],"id":"feature_0103"},{"properties":{"sa2_code":"118011342","sa2_name":"Centennial Park","state":"New South Wales","metro_code":"1GSYD","metro_name":"Greater Sydney"},"type":"Polygon","arcs":[[624,625,-638,626]],"id":"feature_0104"},{"properties":{"sa2_code":"118011344","sa2_name":"Dover Heights","state":"New South Wales","metro_code":"1GSYD","metro_name":"Greater Sydney"},"type":"Polygon","arcs":[[627,628,629,630,631,-643]],"id":"feature_0105"},{"properties":{"sa2_code":"118011345","sa2_name":"Paddington - Moore Park","state":"New South Wales","metro_code":"1GSYD","metro_name":"Greater Sydney"},"type":"Polygon","arcs":[[632,633,634,-650,635,-645,636,637,638]],"id":"feature_0106"},{"properties":{"sa2_code":"118011346","sa2_name":"Rose Bay - Vaucluse - Watsons Bay","state":"New South Wales","metro_code":"1GSYD","metro_name":"Greater Sydney"},"type":"MultiPolygon","arcs":[[[639]],[[640]],[[641]],[[642,643]]],"id":"feature_0107"},{"properties":{"sa2_code":"118011347","sa2_name":"Woollahra","state":"New South Wales","metro_code":"1GSYD","metro_name":"Greater Sydney"},"type":"Polygon","arcs":[[644,645]],"id":"feature_0108"},{"properties":{"sa2_code":"118011649","sa2_name":"Bellevue Hill","state":"New South Wales","metro_code":"1GSYD","metro_name":"Greater Sydney"},"type":"Polygon","arcs":[[-648,646]],"id":"feature_0109"},{"properties":{"sa2_code":"118011650","sa2_name":"Double Bay - Darling Point","state":"New South Wales","metro_code":"1GSYD","metro_name":"Greater Sydney"},"type":"Polygon","arcs":[[647,648,649,650]],"id":"feature_0110"},{"properties":{"sa2_code":"118021564","sa2_name":"Kensington (NSW)","state":"New South Wales","metro_code":"1GSYD","metro_name":"Greater Sydney"},"type":"Polygon","arcs":[[651,-673,652,-657,653,-661,654,655]],"id":"feature_0111"},{"properties":{"sa2_code":"118021565","sa2_name":"Kingsford","state":"New South Wales","metro_code":"1GSYD","metro_name":"Greater Sydney"},"type":"Polygon","arcs":[[656,657,-680,658,-668,659,660,661]],"id":"feature_0112"},{"properties":{"sa2_code":"118021566","sa2_name":"Maroubra - North","state":"New South Wales","metro_code":"1GSYD","metro_name":"Greater Sydney"},"type":"Polygon","arcs":[[662,-678,-701,663,-667]],"id":"feature_0113"},{"properties":{"sa2_code":"118021567","sa2_name":"Maroubra - South","state":"New South Wales","metro_code":"1GSYD","metro_name":"Greater Sydney"},"type":"Polygon","arcs":[[664,-689,665,666]],"id":"feature_0114"},{"properties":{"sa2_code":"118021568","sa2_name":"Maroubra - West","state":"New South Wales","metro_code":"1GSYD","metro_name":"Greater Sydney"},"type":"Polygon","arcs":[[667,668,-695,669]],"id":"feature_0115"},{"properties":{"sa2_code":"118021569","sa2_name":"Randwick - North","state":"New South Wales","metro_code":"1GSYD","metro_name":"Greater Sydney"},"type":"Polygon","arcs":[[670,-684,671,-675]],"id":"feature_0116"},{"properties":{"sa2_code":"118021570","sa2_name":"Randwick - South","state":"New South Wales","metro_code":"1GSYD","metro_name":"Greater Sydney"},"type":"Polygon","arcs":[[672,673,674,675,-686,676,-702,677,678,679,680]],"id":"feature_0117"},{"properties":{"sa2_code":"118021651","sa2_name":"Coogee - Clovelly","state":"New South Wales","metro_code":"1GSYD","metro_name":"Greater Sydney"},"type":"MultiPolygon","arcs":[[[681]],[[682,683,684,685]]],"id":"feature_0118"},{"properties":{"sa2_code":"118021652","sa2_name":"Malabar - La Perouse","state":"New South Wales","metro_code":"1GSYD","metro_name":"Greater Sydney"},"type":"Polygon","arcs":[[686,-697,687,688,689,690]],"id":"feature_0119"},{"properties":{"sa2_code":"118021653","sa2_name":"Matraville - Chifley","state":"New South Wales","metro_code":"1GSYD","metro_name":"Greater Sydney"},"type":"Polygon","arcs":[[691,692,693,694,695,696,697,698]],"id":"feature_0120"},{"properties":{"sa2_code":"118021654","sa2_name":"South Coogee","state":"New South Wales","metro_code":"1GSYD","metro_name":"Greater Sydney"},"type":"Polygon","arcs":[[699,700,701]],"id":"feature_0121"},{"properties":{"sa2_code":"119011354","sa2_name":"Bass Hill - Georges Hall","state":"New South Wales","metro_code":"1GSYD","metro_name":"Greater Sydney"},"type":"Polygon","arcs":[[702,-1716,703,-732,-710,704,-2013,705,-1719]],"id":"feature_0122"},{"properties":{"sa2_code":"119011355","sa2_name":"Chullora","state":"New South Wales","metro_code":"1GSYD","metro_name":"Greater Sydney"},"type":"Polygon","arcs":[[706,-1673,707,708,-729]],"id":"feature_0123"},{"properties":{"sa2_code":"119011356","sa2_name":"Condell Park","state":"New South Wales","metro_code":"1GSYD","metro_name":"Greater Sydney"},"type":"Polygon","arcs":[[709,710,-740,711,-718,712,-753,713]],"id":"feature_0124"},{"properties":{"sa2_code":"119011358","sa2_name":"Padstow","state":"New South Wales","metro_code":"1GSYD","metro_name":"Greater Sydney"},"type":"Polygon","arcs":[[714,-721,715,-723]],"id":"feature_0125"},{"properties":{"sa2_code":"119011360","sa2_name":"Revesby","state":"New South Wales","metro_code":"1GSYD","metro_name":"Greater Sydney"},"type":"Polygon","arcs":[[-750,716,717,718,-738,719,720,721,722,723,-755,724]],"id":"feature_0126"},{"properties":{"sa2_code":"119011361","sa2_name":"Yagoona - Birrong","state":"New South Wales","metro_code":"1GSYD","metro_name":"Greater Sydney"},"type":"Polygon","arcs":[[725,-1714,726,-1679,727,728,729,-733,730,731]],"id":"feature_0127"},{"properties":{"sa2_code":"119011571","sa2_name":"Bankstown - North","state":"New South Wales","metro_code":"1GSYD","metro_name":"Greater Sydney"},"type":"Polygon","arcs":[[732,733,-749,734,-762,735]],"id":"feature_0128"},{"properties":{"sa2_code":"119011572","sa2_name":"Bankstown - South","state":"New South Wales","metro_code":"1GSYD","metro_name":"Greater Sydney"},"type":"Polygon","arcs":[[-768,736,737,738,739,740]],"id":"feature_0129"},{"properties":{"sa2_code":"119011655","sa2_name":"Greenacre - North","state":"New South Wales","metro_code":"1GSYD","metro_name":"Greater Sydney"},"type":"Polygon","arcs":[[-923,741,-745,742]],"id":"feature_0130"},{"properties":{"sa2_code":"119011656","sa2_name":"Greenacre - South","state":"New South Wales","metro_code":"1GSYD","metro_name":"Greater Sydney"},"type":"Polygon","arcs":[[743,744,745,-774,746,-764,747,748]],"id":"feature_0131"},{"properties":{"sa2_code":"119011657","sa2_name":"Panania (North) - Milperra","state":"New South Wales","metro_code":"1GSYD","metro_name":"Greater Sydney"},"type":"Polygon","arcs":[[749,750,-2104,751,-2099,752,753]],"id":"feature_0132"},{"properties":{"sa2_code":"119011658","sa2_name":"Panania (South) - Picnic Point","state":"New South Wales","metro_code":"1GSYD","metro_name":"Greater Sydney"},"type":"Polygon","arcs":[[754,755,-2183,756]],"id":"feature_0133"},{"properties":{"sa2_code":"119021362","sa2_name":"Belmore - Belfield","state":"New South Wales","metro_code":"1GSYD","metro_name":"Greater Sydney"},"type":"Polygon","arcs":[[-921,757,-781,-784,758,-789,759]],"id":"feature_0134"},{"properties":{"sa2_code":"119021366","sa2_name":"Punchbowl","state":"New South Wales","metro_code":"1GSYD","metro_name":"Greater Sydney"},"type":"Polygon","arcs":[[760,761,762,763,-776,764,-772,765,-809,766,767]],"id":"feature_0135"},{"properties":{"sa2_code":"119021367","sa2_name":"Roselands","state":"New South Wales","metro_code":"1GSYD","metro_name":"Greater Sydney"},"type":"Polygon","arcs":[[768,-799,769,-802,770,771]],"id":"feature_0136"},{"properties":{"sa2_code":"119021573","sa2_name":"Lakemba","state":"New South Wales","metro_code":"1GSYD","metro_name":"Greater Sydney"},"type":"Polygon","arcs":[[772,773,774,-778]],"id":"feature_0137"},{"properties":{"sa2_code":"119021574","sa2_name":"Wiley Park","state":"New South Wales","metro_code":"1GSYD","metro_name":"Greater Sydney"},"type":"Polygon","arcs":[[775,776,777,778]],"id":"feature_0138"},{"properties":{"sa2_code":"119021659","sa2_name":"Campsie - North","state":"New South Wales","metro_code":"1GSYD","metro_name":"Greater Sydney"},"type":"Polygon","arcs":[[779,780]],"id":"feature_0139"},{"properties":{"sa2_code":"119021660","sa2_name":"Campsie - South","state":"New South Wales","metro_code":"1GSYD","metro_name":"Greater Sydney"},"type":"Polygon","arcs":[[781,-786,782,783]],"id":"feature_0140"},{"properties":{"sa2_code":"119021661","sa2_name":"Canterbury - South","state":"New South Wales","metro_code":"1GSYD","metro_name":"Greater Sydney"},"type":"Polygon","arcs":[[784,785,786,-790,787,788]],"id":"feature_0141"},{"properties":{"sa2_code":"119021662","sa2_name":"Earlwood","state":"New South Wales","metro_code":"1GSYD","metro_name":"Greater Sydney"},"type":"Polygon","arcs":[[789,790,791,792,-869,793,-796,794]],"id":"feature_0142"},{"properties":{"sa2_code":"119021663","sa2_name":"Kingsgrove - North","state":"New South Wales","metro_code":"1GSYD","metro_name":"Greater Sydney"},"type":"Polygon","arcs":[[795,796,-831,797,798,799]],"id":"feature_0143"},{"properties":{"sa2_code":"119031370","sa2_name":"Narwee - Beverly Hills","state":"New South Wales","metro_code":"1GSYD","metro_name":"Greater Sydney"},"type":"Polygon","arcs":[[800,801,802,-829,803,-825,804,-811]],"id":"feature_0144"},{"properties":{"sa2_code":"119031371","sa2_name":"Oatley - Hurstville Grove","state":"New South Wales","metro_code":"1GSYD","metro_name":"Greater Sydney"},"type":"Polygon","arcs":[[-817,805]],"id":"feature_0145"},{"properties":{"sa2_code":"119031372","sa2_name":"Peakhurst - Lugarno","state":"New South Wales","metro_code":"1GSYD","metro_name":"Greater Sydney"},"type":"Polygon","arcs":[[-813,806,-824,807]],"id":"feature_0146"},{"properties":{"sa2_code":"119031373","sa2_name":"Riverwood","state":"New South Wales","metro_code":"1GSYD","metro_name":"Greater Sydney"},"type":"Polygon","arcs":[[808,809,810,811,812,813]],"id":"feature_0147"},{"properties":{"sa2_code":"119031374","sa2_name":"South Hurstville - Blakehurst","state":"New South Wales","metro_code":"1GSYD","metro_name":"Greater Sydney"},"type":"Polygon","arcs":[[814,-840,815,816]],"id":"feature_0148"},{"properties":{"sa2_code":"119031664","sa2_name":"Hurstville - Central","state":"New South Wales","metro_code":"1GSYD","metro_name":"Greater Sydney"},"type":"Polygon","arcs":[[817,818,-822]],"id":"feature_0149"},{"properties":{"sa2_code":"119031665","sa2_name":"Hurstville - North","state":"New South Wales","metro_code":"1GSYD","metro_name":"Greater Sydney"},"type":"Polygon","arcs":[[819,820,-866,821]],"id":"feature_0150"},{"properties":{"sa2_code":"119031666","sa2_name":"Mortdale - Oatley","state":"New South Wales","metro_code":"1GSYD","metro_name":"Greater Sydney"},"type":"Polygon","arcs":[[822,823]],"id":"feature_0151"},{"properties":{"sa2_code":"119031667","sa2_name":"Penshurst","state":"New South Wales","metro_code":"1GSYD","metro_name":"Greater Sydney"},"type":"Polygon","arcs":[[824,825,826]],"id":"feature_0152"},{"properties":{"sa2_code":"119041377","sa2_name":"Kingsgrove (South) - Bardwell Park","state":"New South Wales","metro_code":"1GSYD","metro_name":"Greater Sydney"},"type":"Polygon","arcs":[[-862,827,828,829,830,831]],"id":"feature_0153"},{"properties":{"sa2_code":"119041378","sa2_name":"Kogarah","state":"New South Wales","metro_code":"1GSYD","metro_name":"Greater Sydney"},"type":"Polygon","arcs":[[-849,832,-843,833,-852,-837,834]],"id":"feature_0154"},{"properties":{"sa2_code":"119041379","sa2_name":"Kogarah Bay - Carlton - Allawah","state":"New South Wales","metro_code":"1GSYD","metro_name":"Greater Sydney"},"type":"Polygon","arcs":[[835,836,837,-850,838,839]],"id":"feature_0155"},{"properties":{"sa2_code":"119041380","sa2_name":"Monterey - Brighton-le-Sands - Kyeemagh","state":"New South Wales","metro_code":"1GSYD","metro_name":"Greater Sydney"},"type":"Polygon","arcs":[[-847,840,-854,841,842,843]],"id":"feature_0156"},{"properties":{"sa2_code":"119041381","sa2_name":"Rockdale - Banksia","state":"New South Wales","metro_code":"1GSYD","metro_name":"Greater Sydney"},"type":"Polygon","arcs":[[844,-858,845,846,847,848]],"id":"feature_0157"},{"properties":{"sa2_code":"119041382","sa2_name":"Sans Souci - Ramsgate","state":"New South Wales","metro_code":"1GSYD","metro_name":"Greater Sydney"},"type":"Polygon","arcs":[[849,850,851,852,853,854]],"id":"feature_0158"},{"properties":{"sa2_code":"119041668","sa2_name":"Arncliffe - Bardwell Valley","state":"New South Wales","metro_code":"1GSYD","metro_name":"Greater Sydney"},"type":"Polygon","arcs":[[-873,855,856,857,858,-864,859]],"id":"feature_0159"},{"properties":{"sa2_code":"119041669","sa2_name":"Bexley - North","state":"New South Wales","metro_code":"1GSYD","metro_name":"Greater Sydney"},"type":"Polygon","arcs":[[860,861,862,863,864,865]],"id":"feature_0160"},{"properties":{"sa2_code":"119041670","sa2_name":"Bexley - South","state":"New South Wales","metro_code":"1GSYD","metro_name":"Greater Sydney"},"type":"Polygon","arcs":[[866]],"id":"feature_0161"},{"properties":{"sa2_code":"119041671","sa2_name":"Wolli Creek","state":"New South Wales","metro_code":"1GSYD","metro_name":"Greater Sydney"},"type":"Polygon","arcs":[[867,868,869,870,871,872]],"id":"feature_0162"},{"properties":{"sa2_code":"120011383","sa2_name":"Concord - Mortlake - Cabarita","state":"New South Wales","metro_code":"1GSYD","metro_name":"Greater Sydney"},"type":"Polygon","arcs":[[873,-879,874,-881]],"id":"feature_0163"},{"properties":{"sa2_code":"120011385","sa2_name":"Drummoyne - Rodd Point","state":"New South Wales","metro_code":"1GSYD","metro_name":"Greater Sydney"},"type":"Polygon","arcs":[[-877,875]],"id":"feature_0164"},{"properties":{"sa2_code":"120011386","sa2_name":"Five Dock - Abbotsford","state":"New South Wales","metro_code":"1GSYD","metro_name":"Greater Sydney"},"type":"Polygon","arcs":[[876,877,-936,878,879]],"id":"feature_0165"},{"properties":{"sa2_code":"120011672","sa2_name":"Concord West - North Strathfield","state":"New South Wales","metro_code":"1GSYD","metro_name":"Greater Sydney"},"type":"Polygon","arcs":[[880,881,-917,882,-1686,883]],"id":"feature_0166"},{"properties":{"sa2_code":"120011673","sa2_name":"Rhodes","state":"New South Wales","metro_code":"1GSYD","metro_name":"Greater Sydney"},"type":"Polygon","arcs":[[884]],"id":"feature_0167"},{"properties":{"sa2_code":"120021387","sa2_name":"Balmain","state":"New South Wales","metro_code":"1GSYD","metro_name":"Greater Sydney"},"type":"MultiPolygon","arcs":[[[885]],[[886,-891,887,-889]]],"id":"feature_0168"},{"properties":{"sa2_code":"120021389","sa2_name":"Lilyfield - Rozelle","state":"New South Wales","metro_code":"1GSYD","metro_name":"Greater Sydney"},"type":"Polygon","arcs":[[888,889,890,891]],"id":"feature_0169"},{"properties":{"sa2_code":"120021674","sa2_name":"Annandale (NSW)","state":"New South Wales","metro_code":"1GSYD","metro_name":"Greater Sydney"},"type":"Polygon","arcs":[[892,893,894,-896]],"id":"feature_0170"},{"properties":{"sa2_code":"120021675","sa2_name":"Leichhardt","state":"New South Wales","metro_code":"1GSYD","metro_name":"Greater Sydney"},"type":"Polygon","arcs":[[895,896]],"id":"feature_0171"},{"properties":{"sa2_code":"120031392","sa2_name":"Canterbury (North) - Ashbury","state":"New South Wales","metro_code":"1GSYD","metro_name":"Greater Sydney"},"type":"Polygon","arcs":[[897,-929,898,-910,899,-902]],"id":"feature_0172"},{"properties":{"sa2_code":"120031393","sa2_name":"Croydon Park - Enfield","state":"New South Wales","metro_code":"1GSYD","metro_name":"Greater Sydney"},"type":"Polygon","arcs":[[-931,900,901,902]],"id":"feature_0173"},{"properties":{"sa2_code":"120031394","sa2_name":"Dulwich Hill - Lewisham","state":"New South Wales","metro_code":"1GSYD","metro_name":"Greater Sydney"},"type":"Polygon","arcs":[[903,-912,904,905,906,907,908,909]],"id":"feature_0174"},{"properties":{"sa2_code":"120031395","sa2_name":"Haberfield - Summer Hill","state":"New South Wales","metro_code":"1GSYD","metro_name":"Greater Sydney"},"type":"Polygon","arcs":[[910,911,912,-927,913]],"id":"feature_0175"},{"properties":{"sa2_code":"120031396","sa2_name":"Homebush","state":"New South Wales","metro_code":"1GSYD","metro_name":"Greater Sydney"},"type":"Polygon","arcs":[[914,-1688,915,916,917,-940,918,-944,919,-1670]],"id":"feature_0176"},{"properties":{"sa2_code":"120031576","sa2_name":"Strathfield South","state":"New South Wales","metro_code":"1GSYD","metro_name":"Greater Sydney"},"type":"Polygon","arcs":[[920,921,922,923]],"id":"feature_0177"},{"properties":{"sa2_code":"120031676","sa2_name":"Ashfield - North","state":"New South Wales","metro_code":"1GSYD","metro_name":"Greater Sydney"},"type":"Polygon","arcs":[[-938,924]],"id":"feature_0178"},{"properties":{"sa2_code":"120031677","sa2_name":"Ashfield - South","state":"New South Wales","metro_code":"1GSYD","metro_name":"Greater Sydney"},"type":"Polygon","arcs":[[925,926,927,928,929,930]],"id":"feature_0179"},{"properties":{"sa2_code":"120031678","sa2_name":"Burwood (NSW)","state":"New South Wales","metro_code":"1GSYD","metro_name":"Greater Sydney"},"type":"Polygon","arcs":[[-942,931,-934,932]],"id":"feature_0180"},{"properties":{"sa2_code":"120031679","sa2_name":"Croydon","state":"New South Wales","metro_code":"1GSYD","metro_name":"Greater Sydney"},"type":"Polygon","arcs":[[933,934,935,936,937,938]],"id":"feature_0181"},{"properties":{"sa2_code":"120031680","sa2_name":"Strathfield - East","state":"New South Wales","metro_code":"1GSYD","metro_name":"Greater Sydney"},"type":"Polygon","arcs":[[939,940,941,942]],"id":"feature_0182"},{"properties":{"sa2_code":"120031681","sa2_name":"Strathfield - West","state":"New South Wales","metro_code":"1GSYD","metro_name":"Greater Sydney"},"type":"Polygon","arcs":[[943,944,-1651,945]],"id":"feature_0183"},{"properties":{"sa2_code":"121011399","sa2_name":"Chatswood (West) - Lane Cove North","state":"New South Wales","metro_code":"1GSYD","metro_name":"Greater Sydney"},"type":"Polygon","arcs":[[946,-1041,947,-969,948,-954,-972,949,-1873]],"id":"feature_0184"},{"properties":{"sa2_code":"121011401","sa2_name":"St Leonards - Naremburn","state":"New South Wales","metro_code":"1GSYD","metro_name":"Greater Sydney"},"type":"Polygon","arcs":[[-958,950,-961,951,-1100,952]],"id":"feature_0185"},{"properties":{"sa2_code":"121011682","sa2_name":"Artarmon","state":"New South Wales","metro_code":"1GSYD","metro_name":"Greater Sydney"},"type":"Polygon","arcs":[[953,954,-967,955,-979,956,957]],"id":"feature_0186"},{"properties":{"sa2_code":"121011683","sa2_name":"Castle Cove - Northbridge","state":"New South Wales","metro_code":"1GSYD","metro_name":"Greater Sydney"},"type":"Polygon","arcs":[[-965,958,-1088,959,960,961,-977,962]],"id":"feature_0187"},{"properties":{"sa2_code":"121011684","sa2_name":"Chatswood - East","state":"New South Wales","metro_code":"1GSYD","metro_name":"Greater Sydney"},"type":"Polygon","arcs":[[963,964,965,966,967,968]],"id":"feature_0188"},{"properties":{"sa2_code":"121011685","sa2_name":"Greenwich - Riverview","state":"New South Wales","metro_code":"1GSYD","metro_name":"Greater Sydney"},"type":"Polygon","arcs":[[969,-1098,970,-974]],"id":"feature_0189"},{"properties":{"sa2_code":"121011686","sa2_name":"Lane Cove","state":"New South Wales","metro_code":"1GSYD","metro_name":"Greater Sydney"},"type":"Polygon","arcs":[[971,972,973,974]],"id":"feature_0190"},{"properties":{"sa2_code":"121011687","sa2_name":"Willoughby","state":"New South Wales","metro_code":"1GSYD","metro_name":"Greater Sydney"},"type":"Polygon","arcs":[[975,976,977,978]],"id":"feature_0191"},{"properties":{"sa2_code":"121021403","sa2_name":"Asquith - Mount Colah","state":"New South Wales","metro_code":"1GSYD","metro_name":"Greater Sydney"},"type":"Polygon","arcs":[[979,980,981,982,983,984,985,-999,986,-997,987,-1066,988,-1064,989,-1075,990,-1012,991,-1019,992,-1017,993,994]],"id":"feature_0192"},{"properties":{"sa2_code":"121021404","sa2_name":"Berowra - Brooklyn - Cowan","state":"New South Wales","metro_code":"1GSYD","metro_name":"Greater Sydney"},"type":"MultiPolygon","arcs":[[[995]],[[996,997,998,999,1000,1001]],[[1002]]],"id":"feature_0193"},{"properties":{"sa2_code":"121021406","sa2_name":"Normanhurst - Thornleigh - Westleigh","state":"New South Wales","metro_code":"1GSYD","metro_name":"Greater Sydney"},"type":"Polygon","arcs":[[1003,-1086,1004,-1084,1005,-1831,1006,1007,1008,1009,-1021,1010,-1027]],"id":"feature_0194"},{"properties":{"sa2_code":"121021577","sa2_name":"Hornsby - East","state":"New South Wales","metro_code":"1GSYD","metro_name":"Greater Sydney"},"type":"Polygon","arcs":[[1011,1012,-1025,1013,-1029,1014]],"id":"feature_0195"},{"properties":{"sa2_code":"121021578","sa2_name":"Hornsby - West","state":"New South Wales","metro_code":"1GSYD","metro_name":"Greater Sydney"},"type":"Polygon","arcs":[[1015,1016,1017,1018,1019,1020,1021,1022]],"id":"feature_0196"},{"properties":{"sa2_code":"121021579","sa2_name":"Wahroonga (West) - Waitara","state":"New South Wales","metro_code":"1GSYD","metro_name":"Greater Sydney"},"type":"Polygon","arcs":[[1023,1024,1025,1026,1027,1028]],"id":"feature_0197"},{"properties":{"sa2_code":"121031407","sa2_name":"Gordon - Killara","state":"New South Wales","metro_code":"1GSYD","metro_name":"Greater Sydney"},"type":"Polygon","arcs":[[1029,-1049,1030,-1057,1031,-1225,1032,-1160,1033,-1046,1034,-1044,1035,-1863,1036,-1861,1037,-1051]],"id":"feature_0198"},{"properties":{"sa2_code":"121031408","sa2_name":"Lindfield - Roseville","state":"New South Wales","metro_code":"1GSYD","metro_name":"Greater Sydney"},"type":"Polygon","arcs":[[1038,-1158,1039,1040,1041,-1865,1042,1043,1044,1045]],"id":"feature_0199"},{"properties":{"sa2_code":"121031409","sa2_name":"Pymble","state":"New South Wales","metro_code":"1GSYD","metro_name":"Greater Sydney"},"type":"Polygon","arcs":[[1046,-1059,1047,1048,1049,1050,1051,-1071]],"id":"feature_0200"},{"properties":{"sa2_code":"121031410","sa2_name":"St Ives","state":"New South Wales","metro_code":"1GSYD","metro_name":"Greater Sydney"},"type":"Polygon","arcs":[[1052,-1185,1053,-1188,1054,-1205,1055,1056,1057,1058,1059,-1069]],"id":"feature_0201"},{"properties":{"sa2_code":"121031411","sa2_name":"Turramurra","state":"New South Wales","metro_code":"1GSYD","metro_name":"Greater Sydney"},"type":"Polygon","arcs":[[1060,-1079,1061,-1077,1062,1063,1064,1065,1066,-1179,1067,1068,1069,1070,1071,-1842,1072,-1835,1073,-1081]],"id":"feature_0202"},{"properties":{"sa2_code":"121031412","sa2_name":"Wahroonga (East) - Warrawee","state":"New South Wales","metro_code":"1GSYD","metro_name":"Greater Sydney"},"type":"Polygon","arcs":[[1074,1075,1076,1077,1078,1079,1080,1081,-1833,1082,1083,1084,1085,1086]],"id":"feature_0203"},{"properties":{"sa2_code":"121041413","sa2_name":"Cremorne - Cammeray","state":"New South Wales","metro_code":"1GSYD","metro_name":"Greater Sydney"},"type":"Polygon","arcs":[[1087,1088,-1107,1089,-1103,1090,-1101,1091,-1095,1092]],"id":"feature_0204"},{"properties":{"sa2_code":"121041414","sa2_name":"Crows Nest - Waverton","state":"New South Wales","metro_code":"1GSYD","metro_name":"Greater Sydney"},"type":"Polygon","arcs":[[1093,1094,1095,-1105,1096,1097,1098,1099]],"id":"feature_0205"},{"properties":{"sa2_code":"121041416","sa2_name":"Neutral Bay - Kirribilli","state":"New South Wales","metro_code":"1GSYD","metro_name":"Greater Sydney"},"type":"Polygon","arcs":[[1100,1101,1102,1103]],"id":"feature_0206"},{"properties":{"sa2_code":"121041417","sa2_name":"North Sydney - Lavender Bay","state":"New South Wales","metro_code":"1GSYD","metro_name":"Greater Sydney"},"type":"Polygon","arcs":[[1104,1105]],"id":"feature_0207"},{"properties":{"sa2_code":"121041688","sa2_name":"Mosman - North","state":"New South Wales","metro_code":"1GSYD","metro_name":"Greater Sydney"},"type":"Polygon","arcs":[[1106,1107,-1111,1108,-1113,1109]],"id":"feature_0208"},{"properties":{"sa2_code":"121041689","sa2_name":"Mosman - South","state":"New South Wales","metro_code":"1GSYD","metro_name":"Greater Sydney"},"type":"Polygon","arcs":[[1110,1111,1112,1113]],"id":"feature_0209"},{"properties":{"sa2_code":"122011418","sa2_name":"Balgowlah - Clontarf - Seaforth","state":"New South Wales","metro_code":"1GSYD","metro_name":"Greater Sydney"},"type":"Polygon","arcs":[[-1177,1114,-1119,1115]],"id":"feature_0210"},{"properties":{"sa2_code":"122011419","sa2_name":"Manly - Fairlight","state":"New South Wales","metro_code":"1GSYD","metro_name":"Greater Sydney"},"type":"Polygon","arcs":[[1116,-1168,1117,1118]],"id":"feature_0211"},{"properties":{"sa2_code":"122021420","sa2_name":"Avalon - Palm Beach","state":"New South Wales","metro_code":"1GSYD","metro_name":"Greater Sydney"},"type":"Polygon","arcs":[[-1129,1119,-1127,1120]],"id":"feature_0212"},{"properties":{"sa2_code":"122021421","sa2_name":"Bayview - Elanora Heights","state":"New South Wales","metro_code":"1GSYD","metro_name":"Greater Sydney"},"type":"MultiPolygon","arcs":[[[-1136,1121,-1140,1122,-1181,1123]],[[1124]]],"id":"feature_0213"},{"properties":{"sa2_code":"122021422","sa2_name":"Newport - Bilgola","state":"New South Wales","metro_code":"1GSYD","metro_name":"Greater Sydney"},"type":"MultiPolygon","arcs":[[[1125]],[[1126,1127,1128,1129,-1133,1130]]],"id":"feature_0214"},{"properties":{"sa2_code":"122021690","sa2_name":"Mona Vale - Warriewood (North)","state":"New South Wales","metro_code":"1GSYD","metro_name":"Greater Sydney"},"type":"Polygon","arcs":[[1131,1132,1133,-1138,1134,1135]],"id":"feature_0215"},{"properties":{"sa2_code":"122021691","sa2_name":"North Narrabeen - Warriewood (South)","state":"New South Wales","metro_code":"1GSYD","metro_name":"Greater Sydney"},"type":"Polygon","arcs":[[1136,1137,1138,1139]],"id":"feature_0216"},{"properties":{"sa2_code":"122031424","sa2_name":"Beacon Hill - Narraweena","state":"New South Wales","metro_code":"1GSYD","metro_name":"Greater Sydney"},"type":"Polygon","arcs":[[-1152,1140,-1150,1141,-1164,1142,-1162,1143,-1171,1144,-1219,1145]],"id":"feature_0217"},{"properties":{"sa2_code":"122031425","sa2_name":"Cromer","state":"New South Wales","metro_code":"1GSYD","metro_name":"Greater Sydney"},"type":"Polygon","arcs":[[-1215,1146,-1228,1147,-1195,1148,1149,1150,1151,1152,-1217,1153]],"id":"feature_0218"},{"properties":{"sa2_code":"122031427","sa2_name":"Forestville - Killarney Heights","state":"New South Wales","metro_code":"1GSYD","metro_name":"Greater Sydney"},"type":"Polygon","arcs":[[1154,-1223,1155,-1221,1156,1157,1158,1159]],"id":"feature_0219"},{"properties":{"sa2_code":"122031429","sa2_name":"Freshwater - Brookvale","state":"New South Wales","metro_code":"1GSYD","metro_name":"Greater Sydney"},"type":"Polygon","arcs":[[1160,1161,1162,1163,1164,-1202,1165,-1198,1166,1167,1168,-1175,1169,-1173]],"id":"feature_0220"},{"properties":{"sa2_code":"122031430","sa2_name":"Manly Vale - Allambie Heights","state":"New South Wales","metro_code":"1GSYD","metro_name":"Greater Sydney"},"type":"Polygon","arcs":[[1170,1171,1172,1173,1174,1175,1176,1177]],"id":"feature_0221"},{"properties":{"sa2_code":"122031432","sa2_name":"Terrey Hills - Duffys Forest","state":"New South Wales","metro_code":"1GSYD","metro_name":"Greater Sydney"},"type":"Polygon","arcs":[[1178,1179,1180,1181,-1213,1182,-1190,1183,1184,1185]],"id":"feature_0222"},{"properties":{"sa2_code":"122031692","sa2_name":"Belrose","state":"New South Wales","metro_code":"1GSYD","metro_name":"Greater Sydney"},"type":"Polygon","arcs":[[1186,1187,1188,1189,1190,-1211,1191,-1209,1192,-1207]],"id":"feature_0223"},{"properties":{"sa2_code":"122031693","sa2_name":"Collaroy - Collaroy Plateau","state":"New South Wales","metro_code":"1GSYD","metro_name":"Greater Sydney"},"type":"Polygon","arcs":[[1193,1194,1195,-1226]],"id":"feature_0224"},{"properties":{"sa2_code":"122031694","sa2_name":"Dee Why (South) - North Curl Curl","state":"New South Wales","metro_code":"1GSYD","metro_name":"Greater Sydney"},"type":"Polygon","arcs":[[-1200,1196,1197,1198]],"id":"feature_0225"},{"properties":{"sa2_code":"122031695","sa2_name":"Dee Why - North","state":"New South Wales","metro_code":"1GSYD","metro_name":"Greater Sydney"},"type":"Polygon","arcs":[[1199,1200,1201,1202]],"id":"feature_0226"},{"properties":{"sa2_code":"122031696","sa2_name":"Frenchs Forest - Oxford Falls","state":"New South Wales","metro_code":"1GSYD","metro_name":"Greater Sydney"},"type":"Polygon","arcs":[[1203,1204,1205,1206,1207,1208,1209,1210,1211,1212,1213,1214,1215,1216,1217,1218,1219,1220,1221,1222,1223,1224]],"id":"feature_0227"},{"properties":{"sa2_code":"122031697","sa2_name":"Narrabeen - Wheeler Heights","state":"New South Wales","metro_code":"1GSYD","metro_name":"Greater Sydney"},"type":"Polygon","arcs":[[1225,1226,1227,1228]],"id":"feature_0228"},{"properties":{"sa2_code":"123011433","sa2_name":"Camden - Ellis Lane","state":"New South Wales","metro_code":"1GSYD","metro_name":"Greater Sydney"},"type":"Polygon","arcs":[[-1392,1229,-1968,1230,-1358,1231,-1356,1232,-1354,1233,-1394,1234]],"id":"feature_0229"},{"properties":{"sa2_code":"123011698","sa2_name":"Currans Hill","state":"New South Wales","metro_code":"1GSYD","metro_name":"Greater Sydney"},"type":"Polygon","arcs":[[1235,-1277,1236,-1275,1237,-1241]],"id":"feature_0230"},{"properties":{"sa2_code":"123011699","sa2_name":"Elderslie - Narellan","state":"New South Wales","metro_code":"1GSYD","metro_name":"Greater Sydney"},"type":"Polygon","arcs":[[-1966,1238]],"id":"feature_0231"},{"properties":{"sa2_code":"123011700","sa2_name":"Harrington Park","state":"New South Wales","metro_code":"1GSYD","metro_name":"Greater Sydney"},"type":"Polygon","arcs":[[-1999,1239,1240,1241]],"id":"feature_0232"},{"properties":{"sa2_code":"123011701","sa2_name":"Mount Annan","state":"New South Wales","metro_code":"1GSYD","metro_name":"Greater Sydney"},"type":"Polygon","arcs":[[1242,-1269,1243,-1309,1244,-1249,1245,-1247]],"id":"feature_0233"},{"properties":{"sa2_code":"123011702","sa2_name":"Spring Farm","state":"New South Wales","metro_code":"1GSYD","metro_name":"Greater Sydney"},"type":"Polygon","arcs":[[1246,1247,1248,1249,-1362,1250,-1360,1251]],"id":"feature_0234"},{"properties":{"sa2_code":"123021436","sa2_name":"Bradbury - Wedderburn","state":"New South Wales","metro_code":"1GSYD","metro_name":"Greater Sydney"},"type":"Polygon","arcs":[[1252,-1266,1253,-1264,1254,-1303,1255,-1292,1256,-1290,1257,-1288,1258,-1319,1259,-1317,1260,-1315,1261,-1313]],"id":"feature_0235"},{"properties":{"sa2_code":"123021437","sa2_name":"Campbelltown - Woodbine","state":"New South Wales","metro_code":"1GSYD","metro_name":"Greater Sydney"},"type":"Polygon","arcs":[[-1305,1262,1263,1264,1265,1266,-1311,1267,1268,1269]],"id":"feature_0236"},{"properties":{"sa2_code":"123021438","sa2_name":"Claymore - Eagle Vale - Raby","state":"New South Wales","metro_code":"1GSYD","metro_name":"Greater Sydney"},"type":"Polygon","arcs":[[-1973,1270,-1988,1271,-1986,1272,-1324,1273,1274,1275,1276,1277,-1975,1278]],"id":"feature_0237"},{"properties":{"sa2_code":"123021439","sa2_name":"Holsworthy Military Area","state":"New South Wales","metro_code":"1GSYD","metro_name":"Greater Sydney"},"type":"Polygon","arcs":[[1279,-2193,1280,-2191,1281,-2176,1282,-2174,1283,-2172,1284,-2170,1285,-1366,1286,1287,1288,1289,1290,1291,1292,-1301,1293,-1299,1294,-2107]],"id":"feature_0238"},{"properties":{"sa2_code":"123021441","sa2_name":"Leumeah - Minto Heights","state":"New South Wales","metro_code":"1GSYD","metro_name":"Greater Sydney"},"type":"Polygon","arcs":[[1295,-1307,1296,-1336,1297,1298,1299,1300,1301,1302,1303,1304]],"id":"feature_0239"},{"properties":{"sa2_code":"123021443","sa2_name":"Minto - St Andrews","state":"New South Wales","metro_code":"1GSYD","metro_name":"Greater Sydney"},"type":"Polygon","arcs":[[-1338,1305,1306,1307]],"id":"feature_0240"},{"properties":{"sa2_code":"123021444","sa2_name":"Rosemeadow - Glen Alpine","state":"New South Wales","metro_code":"1GSYD","metro_name":"Greater Sydney"},"type":"Polygon","arcs":[[1308,1309,1310,1311,1312,1313,1314,1315,1316,1317,1318,1319,-1364,1320]],"id":"feature_0241"},{"properties":{"sa2_code":"123021703","sa2_name":"Denham Court - Bardia","state":"New South Wales","metro_code":"1GSYD","metro_name":"Greater Sydney"},"type":"Polygon","arcs":[[-1327,1321,-1331,1322,1323,1324,-1984,1325,-1982,-2128]],"id":"feature_0242"},{"properties":{"sa2_code":"123021704","sa2_name":"Glenfield","state":"New South Wales","metro_code":"1GSYD","metro_name":"Greater Sydney"},"type":"Polygon","arcs":[[1326,-2093,1327,-1340,1328,-1333,1329]],"id":"feature_0243"},{"properties":{"sa2_code":"123021705","sa2_name":"Ingleburn","state":"New South Wales","metro_code":"1GSYD","metro_name":"Greater Sydney"},"type":"Polygon","arcs":[[1330,1331,1332,1333,-1344,1334,1335,1336,1337,1338]],"id":"feature_0244"},{"properties":{"sa2_code":"123021706","sa2_name":"Macquarie Fields","state":"New South Wales","metro_code":"1GSYD","metro_name":"Greater Sydney"},"type":"Polygon","arcs":[[1339,1340,-2111,1341,-2109,1342,1343,1344]],"id":"feature_0245"},{"properties":{"sa2_code":"123031445","sa2_name":"Bargo","state":"New South Wales","metro_code":"1GSYD","metro_name":"Greater Sydney"},"type":"Polygon","arcs":[[-1386,1345,-1384,1346,-1382,1347,-1380,1348,-1368,1349]],"id":"feature_0246"},{"properties":{"sa2_code":"123031446","sa2_name":"Douglas Park - Appin","state":"New South Wales","metro_code":"1GSYD","metro_name":"Greater Sydney"},"type":"Polygon","arcs":[[1350,-1374,1351,-1396,1352,1353,1354,1355,1356,1357,1358,1359,1360,1361,1362,1363,1364,1365,1366,1367,1368,-1378,1369,-1376]],"id":"feature_0247"},{"properties":{"sa2_code":"123031447","sa2_name":"Picton - Tahmoor - Buxton","state":"New South Wales","metro_code":"1GSYD","metro_name":"Greater Sydney"},"type":"Polygon","arcs":[[-1519,1370,-1517,1371,-1398,1372,1373,1374,1375,1376,1377,1378,1379,1380,1381,1382,1383,1384,1385,1386]],"id":"feature_0248"},{"properties":{"sa2_code":"123031448","sa2_name":"The Oaks - Oakdale","state":"New South Wales","metro_code":"1GSYD","metro_name":"Greater Sydney"},"type":"Polygon","arcs":[[-1511,1387,-1566,1388,-1957,1389,-1970,1390,1391,1392,1393,1394,1395,1396,1397,1398,-1515,1399,-1513,1400]],"id":"feature_0249"},{"properties":{"sa2_code":"124011449","sa2_name":"Blackheath - Megalong Valley","state":"New South Wales","metro_code":"1GSYD","metro_name":"Greater Sydney"},"type":"Polygon","arcs":[[-1420,1401,-1418,1402,-1416,1403,-1442,1404,-1445,1405,-1452,1406,-1485,1407,-1483,1408]],"id":"feature_0250"},{"properties":{"sa2_code":"124011450","sa2_name":"Blaxland - Warrimoo - Lapstone","state":"New South Wales","metro_code":"1GSYD","metro_name":"Greater Sydney"},"type":"Polygon","arcs":[[1409,-1466,1410,-1526,1411,-1524,1412,-1529,1413,-1505,1414,-1503]],"id":"feature_0251"},{"properties":{"sa2_code":"124011451","sa2_name":"Blue Mountains - North","state":"New South Wales","metro_code":"1GSYD","metro_name":"Greater Sydney"},"type":"Polygon","arcs":[[1415,1416,1417,1418,1419,1420,1421,1422,1423,1424,1425,1426,1427,1428,1429,1430,1431,1432,-1616,1433,-1473,1434,-1471,1435,-1453,1436,-1461,1437,-1477,1438,-1475,1439,-1447,1440,1441,1442]],"id":"feature_0252"},{"properties":{"sa2_code":"124011452","sa2_name":"Katoomba - Leura","state":"New South Wales","metro_code":"1GSYD","metro_name":"Greater Sydney"},"type":"Polygon","arcs":[[1443,1444,1445,1446,1447,-1482,1448,-1489,1449,-1487,1450,1451]],"id":"feature_0253"},{"properties":{"sa2_code":"124011453","sa2_name":"Lawson - Hazelbrook - Linden","state":"New South Wales","metro_code":"1GSYD","metro_name":"Greater Sydney"},"type":"Polygon","arcs":[[1452,1453,-1469,1454,-1499,1455,-1497,1456,-1495,1457,-1493,1458,-1479,1459,1460,1461]],"id":"feature_0254"},{"properties":{"sa2_code":"124011454","sa2_name":"Springwood - Winmalee","state":"New South Wales","metro_code":"1GSYD","metro_name":"Greater Sydney"},"type":"Polygon","arcs":[[1462,-1614,1463,-1573,1464,1465,1466,-1501,1467,1468,1469,1470,1471,1472]],"id":"feature_0255"},{"properties":{"sa2_code":"124011455","sa2_name":"Wentworth Falls","state":"New South Wales","metro_code":"1GSYD","metro_name":"Greater Sydney"},"type":"Polygon","arcs":[[1473,1474,1475,1476,1477,1478,1479,-1491,1480,1481]],"id":"feature_0256"},{"properties":{"sa2_code":"124021456","sa2_name":"Blue Mountains - South","state":"New South Wales","metro_code":"1GSYD","metro_name":"Greater Sydney"},"type":"Polygon","arcs":[[1482,1483,1484,1485,1486,1487,1488,1489,1490,1491,1492,1493,1494,1495,1496,1497,1498,1499,1500,1501,1502,1503,1504,1505,-1559,1506,-1572,1507,-1570,1508,-1568,1509,1510,1511,1512,1513,1514,1515,1516,1517,1518,1519]],"id":"feature_0257"},{"properties":{"sa2_code":"124031457","sa2_name":"Cambridge Park","state":"New South Wales","metro_code":"1GSYD","metro_name":"Greater Sydney"},"type":"Polygon","arcs":[[-1588,1520,-1647,1521,-1535,1522]],"id":"feature_0258"},{"properties":{"sa2_code":"124031459","sa2_name":"Emu Plains - Leonay","state":"New South Wales","metro_code":"1GSYD","metro_name":"Greater Sydney"},"type":"Polygon","arcs":[[1523,1524,1525,1526,-1579,1527,1528,1529]],"id":"feature_0259"},{"properties":{"sa2_code":"124031460","sa2_name":"Glenmore Park - Regentville","state":"New South Wales","metro_code":"1GSYD","metro_name":"Greater Sydney"},"type":"Polygon","arcs":[[-1540,1530,1531,-1542,1532]],"id":"feature_0260"},{"properties":{"sa2_code":"124031461","sa2_name":"Jamisontown - South Penrith","state":"New South Wales","metro_code":"1GSYD","metro_name":"Greater Sydney"},"type":"Polygon","arcs":[[-1544,1533]],"id":"feature_0261"},{"properties":{"sa2_code":"124031462","sa2_name":"Kingswood - Werrington","state":"New South Wales","metro_code":"1GSYD","metro_name":"Greater Sydney"},"type":"Polygon","arcs":[[1534,1535,-1645,1536,-1546,1537]],"id":"feature_0262"},{"properties":{"sa2_code":"124031463","sa2_name":"Mulgoa - Luddenham - Orchard Hills","state":"New South Wales","metro_code":"1GSYD","metro_name":"Greater Sydney"},"type":"Polygon","arcs":[[1538,1539,1540,1541,1542,1543,1544,1545,1546,-1631,1547,-2067,1548,-2065,1549,-1940,1550,-1938,1551,-1929,1552,-1927,1553,-1925,1554,-1923,1555,-1921,1556,-1562,1557,1558]],"id":"feature_0263"},{"properties":{"sa2_code":"124031464","sa2_name":"Penrith","state":"New South Wales","metro_code":"1GSYD","metro_name":"Greater Sydney"},"type":"Polygon","arcs":[[1559,-1577]],"id":"feature_0264"},{"properties":{"sa2_code":"124031465","sa2_name":"Warragamba - Silverdale","state":"New South Wales","metro_code":"1GSYD","metro_name":"Greater Sydney"},"type":"Polygon","arcs":[[1560,1561,1562,-1919,1563,-1917,1564,1565,1566,1567,1568,1569,1570,1571]],"id":"feature_0265"},{"properties":{"sa2_code":"124031707","sa2_name":"Cranebrook - Castlereagh","state":"New South Wales","metro_code":"1GSYD","metro_name":"Greater Sydney"},"type":"Polygon","arcs":[[1572,1573,-1628,1574,-1581,1575,1576,1577,1578,1579]],"id":"feature_0266"},{"properties":{"sa2_code":"124031708","sa2_name":"Jordan Springs - Llandilo","state":"New South Wales","metro_code":"1GSYD","metro_name":"Greater Sydney"},"type":"Polygon","arcs":[[1580,1581,-1626,1582,1583,1584,1585,1586,1587,1588]],"id":"feature_0267"},{"properties":{"sa2_code":"124041466","sa2_name":"Richmond - Clarendon","state":"New South Wales","metro_code":"1GSYD","metro_name":"Greater Sydney"},"type":"Polygon","arcs":[[1589,-1599,1590,-1597,1591,-1611,1592,-1609,1593,-1620,1594,1595]],"id":"feature_0268"},{"properties":{"sa2_code":"124041467","sa2_name":"Windsor - Bligh Park","state":"New South Wales","metro_code":"1GSYD","metro_name":"Greater Sydney"},"type":"Polygon","arcs":[[1596,1597,1598,1599,1600,1601,1602,1603,1604,1605,1606,-1622,1607,1608,1609,1610,1611]],"id":"feature_0269"},{"properties":{"sa2_code":"124041468","sa2_name":"Yarramundi - Londonderry","state":"New South Wales","metro_code":"1GSYD","metro_name":"Greater Sydney"},"type":"Polygon","arcs":[[1612,1613,1614,1615,1616,1617,1618,1619,1620,1621,1622,1623,1624,1625,1626,1627]],"id":"feature_0270"},{"properties":{"sa2_code":"124051469","sa2_name":"Erskine Park","state":"New South Wales","metro_code":"1GSYD","metro_name":"Greater Sydney"},"type":"Polygon","arcs":[[1628,1629,1630,1631]],"id":"feature_0271"},{"properties":{"sa2_code":"124051470","sa2_name":"St Clair","state":"New South Wales","metro_code":"1GSYD","metro_name":"Greater Sydney"},"type":"Polygon","arcs":[[1632]],"id":"feature_0272"},{"properties":{"sa2_code":"124051580","sa2_name":"Colyton - Oxley Park","state":"New South Wales","metro_code":"1GSYD","metro_name":"Greater Sydney"},"type":"Polygon","arcs":[[1633,1634,1635,1636,1637,-1643]],"id":"feature_0273"},{"properties":{"sa2_code":"124051581","sa2_name":"St Marys - North St Marys","state":"New South Wales","metro_code":"1GSYD","metro_name":"Greater Sydney"},"type":"Polygon","arcs":[[1638,1639,1640,1641,1642,1643,1644,1645,1646,1647]],"id":"feature_0274"},{"properties":{"sa2_code":"125011475","sa2_name":"Rookwood Cemetery","state":"New South Wales","metro_code":"1GSYD","metro_name":"Greater Sydney"},"type":"Polygon","arcs":[[1648,-1671,1649,1650]],"id":"feature_0275"},{"properties":{"sa2_code":"125011582","sa2_name":"Auburn - Central","state":"New South Wales","metro_code":"1GSYD","metro_name":"Greater Sydney"},"type":"Polygon","arcs":[[1651,-1665,1652,-1660,-1729]],"id":"feature_0276"},{"properties":{"sa2_code":"125011583","sa2_name":"Auburn - North","state":"New South Wales","metro_code":"1GSYD","metro_name":"Greater Sydney"},"type":"Polygon","arcs":[[-1725,1653,-1667,1654]],"id":"feature_0277"},{"properties":{"sa2_code":"125011584","sa2_name":"Auburn - South","state":"New South Wales","metro_code":"1GSYD","metro_name":"Greater Sydney"},"type":"Polygon","arcs":[[1655,-1664,1656,-1681,1657,-1731,1658,1659]],"id":"feature_0278"},{"properties":{"sa2_code":"125011585","sa2_name":"Berala","state":"New South Wales","metro_code":"1GSYD","metro_name":"Greater Sydney"},"type":"Polygon","arcs":[[1660,-1675,1661,-1677,1662,1663]],"id":"feature_0279"},{"properties":{"sa2_code":"125011586","sa2_name":"Lidcombe","state":"New South Wales","metro_code":"1GSYD","metro_name":"Greater Sydney"},"type":"Polygon","arcs":[[1664,1665,1666,1667,-1690,1668,1669,1670,1671,1672,1673,1674,1675]],"id":"feature_0280"},{"properties":{"sa2_code":"125011587","sa2_name":"Regents Park","state":"New South Wales","metro_code":"1GSYD","metro_name":"Greater Sydney"},"type":"Polygon","arcs":[[1676,1677,1678,1679,1680,1681]],"id":"feature_0281"},{"properties":{"sa2_code":"125011709","sa2_name":"Silverwater - Newington","state":"New South Wales","metro_code":"1GSYD","metro_name":"Greater Sydney"},"type":"Polygon","arcs":[[-1824,1682,-1692,1683]],"id":"feature_0282"},{"properties":{"sa2_code":"125011710","sa2_name":"Wentworth Point - Sydney Olympic Park","state":"New South Wales","metro_code":"1GSYD","metro_name":"Greater Sydney"},"type":"Polygon","arcs":[[1684,1685,1686,1687,1688,1689,1690,1691]],"id":"feature_0283"},{"properties":{"sa2_code":"125021477","sa2_name":"Ermington - Rydalmere","state":"New South Wales","metro_code":"1GSYD","metro_name":"Greater Sydney"},"type":"Polygon","arcs":[[1692,-1822,1693,1694]],"id":"feature_0284"},{"properties":{"sa2_code":"125021478","sa2_name":"Oatlands - Dundas Valley","state":"New South Wales","metro_code":"1GSYD","metro_name":"Greater Sydney"},"type":"Polygon","arcs":[[-1710,1695,1696,-1703,1697,-1890,1698,-1765,1699]],"id":"feature_0285"},{"properties":{"sa2_code":"125021711","sa2_name":"Carlingford - East","state":"New South Wales","metro_code":"1GSYD","metro_name":"Greater Sydney"},"type":"Polygon","arcs":[[1700,-1852,1701,1702,1703,-1708]],"id":"feature_0286"},{"properties":{"sa2_code":"125021712","sa2_name":"Carlingford - West","state":"New South Wales","metro_code":"1GSYD","metro_name":"Greater Sydney"},"type":"Polygon","arcs":[[1704,1705,1706,1707,1708,1709,1710,-1763,1711,-1772]],"id":"feature_0287"},{"properties":{"sa2_code":"125031479","sa2_name":"Chester Hill - Sefton","state":"New South Wales","metro_code":"1GSYD","metro_name":"Greater Sydney"},"type":"Polygon","arcs":[[1712,1713,1714,1715]],"id":"feature_0288"},{"properties":{"sa2_code":"125031480","sa2_name":"Fairfield - East","state":"New South Wales","metro_code":"1GSYD","metro_name":"Greater Sydney"},"type":"Polygon","arcs":[[1716,-1743,1717,1718,1719,-2029,1720,-2027,1721,-2041]],"id":"feature_0289"},{"properties":{"sa2_code":"125031481","sa2_name":"Granville - Clyde","state":"New South Wales","metro_code":"1GSYD","metro_name":"Greater Sydney"},"type":"Polygon","arcs":[[1722,-1816,1723,-1825,1724,1725,-1727,-1750]],"id":"feature_0290"},{"properties":{"sa2_code":"125031483","sa2_name":"Guildford - South Granville","state":"New South Wales","metro_code":"1GSYD","metro_name":"Greater Sydney"},"type":"Polygon","arcs":[[1726,1727,1728,1729,1730,1731]],"id":"feature_0291"},{"properties":{"sa2_code":"125031484","sa2_name":"Guildford West - Merrylands West","state":"New South Wales","metro_code":"1GSYD","metro_name":"Greater Sydney"},"type":"Polygon","arcs":[[1732,-1751,1733,-1741,1734,-1737]],"id":"feature_0292"},{"properties":{"sa2_code":"125031486","sa2_name":"Smithfield Industrial","state":"New South Wales","metro_code":"1GSYD","metro_name":"Greater Sydney"},"type":"Polygon","arcs":[[1735,1736,1737,-2071,1738,-1746]],"id":"feature_0293"},{"properties":{"sa2_code":"125031487","sa2_name":"Yennora Industrial","state":"New South Wales","metro_code":"1GSYD","metro_name":"Greater Sydney"},"type":"Polygon","arcs":[[1739,1740,1741,1742,1743,-2039]],"id":"feature_0294"},{"properties":{"sa2_code":"125031713","sa2_name":"Greystanes - South","state":"New South Wales","metro_code":"1GSYD","metro_name":"Greater Sydney"},"type":"Polygon","arcs":[[1744,1745,1746,-1753]],"id":"feature_0295"},{"properties":{"sa2_code":"125031714","sa2_name":"Merrylands - Holroyd","state":"New South Wales","metro_code":"1GSYD","metro_name":"Greater Sydney"},"type":"Polygon","arcs":[[1747,-1760,1748,1749,1750]],"id":"feature_0296"},{"properties":{"sa2_code":"125031715","sa2_name":"Pemulwuy - Greystanes (North)","state":"New South Wales","metro_code":"1GSYD","metro_name":"Greater Sydney"},"type":"Polygon","arcs":[[-1801,1751,1752,1753,-2086,1754,1755,1756,1757]],"id":"feature_0297"},{"properties":{"sa2_code":"125031716","sa2_name":"South Wentworthville","state":"New South Wales","metro_code":"1GSYD","metro_name":"Greater Sydney"},"type":"Polygon","arcs":[[-1806,1758,1759,1760]],"id":"feature_0298"},{"properties":{"sa2_code":"125041489","sa2_name":"North Parramatta","state":"New South Wales","metro_code":"1GSYD","metro_name":"Greater Sydney"},"type":"Polygon","arcs":[[-1774,1761,1762,1763,1764,1765,1766]],"id":"feature_0299"},{"properties":{"sa2_code":"125041490","sa2_name":"North Rocks","state":"New South Wales","metro_code":"1GSYD","metro_name":"Greater Sydney"},"type":"Polygon","arcs":[[1767,1768,1769,1770,1771,1772,1773,1774,-1784,1775,-1782,1776,-1780]],"id":"feature_0300"},{"properties":{"sa2_code":"125041491","sa2_name":"Northmead","state":"New South Wales","metro_code":"1GSYD","metro_name":"Greater Sydney"},"type":"Polygon","arcs":[[-1790,1777,-1795,1778,1779,1780,1781,1782,1783,1784,-1792,1785]],"id":"feature_0301"},{"properties":{"sa2_code":"125041493","sa2_name":"Toongabbie - Constitution Hill","state":"New South Wales","metro_code":"1GSYD","metro_name":"Greater Sydney"},"type":"Polygon","arcs":[[1786,1787,-1797,1788,1789,1790,1791,1792]],"id":"feature_0302"},{"properties":{"sa2_code":"125041494","sa2_name":"Winston Hills","state":"New South Wales","metro_code":"1GSYD","metro_name":"Greater Sydney"},"type":"Polygon","arcs":[[1793,1794,1795,1796]],"id":"feature_0303"},{"properties":{"sa2_code":"125041588","sa2_name":"Pendle Hill - Girraween","state":"New South Wales","metro_code":"1GSYD","metro_name":"Greater Sydney"},"type":"Polygon","arcs":[[1797,1798,-1808,1799,1800,1801]],"id":"feature_0304"},{"properties":{"sa2_code":"125041589","sa2_name":"Wentworthville - Westmead","state":"New South Wales","metro_code":"1GSYD","metro_name":"Greater Sydney"},"type":"Polygon","arcs":[[1802,-1810,1803,-1818,1804,1805,1806,1807]],"id":"feature_0305"},{"properties":{"sa2_code":"125041717","sa2_name":"Parramatta - North","state":"New South Wales","metro_code":"1GSYD","metro_name":"Greater Sydney"},"type":"Polygon","arcs":[[1808,1809,1810,-1820,1811,-1814]],"id":"feature_0306"},{"properties":{"sa2_code":"125041718","sa2_name":"Parramatta - South","state":"New South Wales","metro_code":"1GSYD","metro_name":"Greater Sydney"},"type":"Polygon","arcs":[[1812,1813,1814,1815,1816,1817]],"id":"feature_0307"},{"properties":{"sa2_code":"125041719","sa2_name":"Rosehill - Harris Park","state":"New South Wales","metro_code":"1GSYD","metro_name":"Greater Sydney"},"type":"Polygon","arcs":[[1818,1819,1820,1821,1822,1823,1824,1825]],"id":"feature_0308"},{"properties":{"sa2_code":"126011496","sa2_name":"Pennant Hills - Cheltenham","state":"New South Wales","metro_code":"1GSYD","metro_name":"Greater Sydney"},"type":"Polygon","arcs":[[1826,1827,1828,1829,1830,1831,1832,1833,1834,1835,-1840,1836,1837,1838]],"id":"feature_0309"},{"properties":{"sa2_code":"126011720","sa2_name":"Epping (East) - North Epping","state":"New South Wales","metro_code":"1GSYD","metro_name":"Greater Sydney"},"type":"Polygon","arcs":[[1839,1840,1841,1842,-1859,1843,-1870,1844,-1868,1845,-1884,1846,-1850,1847]],"id":"feature_0310"},{"properties":{"sa2_code":"126011721","sa2_name":"Epping (NSW) - West","state":"New South Wales","metro_code":"1GSYD","metro_name":"Greater Sydney"},"type":"Polygon","arcs":[[1848,1849,1850,1851]],"id":"feature_0311"},{"properties":{"sa2_code":"126021498","sa2_name":"Gladesville - Huntleys Point","state":"New South Wales","metro_code":"1GSYD","metro_name":"Greater Sydney"},"type":"Polygon","arcs":[[-1898,1852,-1896,1853,-1856,1854]],"id":"feature_0312"},{"properties":{"sa2_code":"126021499","sa2_name":"Hunters Hill - Woolwich","state":"New South Wales","metro_code":"1GSYD","metro_name":"Greater Sydney"},"type":"Polygon","arcs":[[1855,1856]],"id":"feature_0313"},{"properties":{"sa2_code":"126021500","sa2_name":"Macquarie Park - Marsfield","state":"New South Wales","metro_code":"1GSYD","metro_name":"Greater Sydney"},"type":"Polygon","arcs":[[1857,1858,1859,1860,1861,1862,1863,1864,1865,-1871,1866,1867,1868,1869]],"id":"feature_0314"},{"properties":{"sa2_code":"126021501","sa2_name":"North Ryde - East Ryde","state":"New South Wales","metro_code":"1GSYD","metro_name":"Greater Sydney"},"type":"Polygon","arcs":[[1870,1871,1872,1873,-1894,1874]],"id":"feature_0315"},{"properties":{"sa2_code":"126021503","sa2_name":"West Ryde - Meadowbank","state":"New South Wales","metro_code":"1GSYD","metro_name":"Greater Sydney"},"type":"Polygon","arcs":[[-1888,1875,-1882,1876,-1892,1877,-1902,1878]],"id":"feature_0316"},{"properties":{"sa2_code":"126021590","sa2_name":"Putney","state":"New South Wales","metro_code":"1GSYD","metro_name":"Greater Sydney"},"type":"Polygon","arcs":[[-1900,1879]],"id":"feature_0317"},{"properties":{"sa2_code":"126021722","sa2_name":"Denistone","state":"New South Wales","metro_code":"1GSYD","metro_name":"Greater Sydney"},"type":"Polygon","arcs":[[1880,1881,1882,-1886]],"id":"feature_0318"},{"properties":{"sa2_code":"126021723","sa2_name":"Eastwood","state":"New South Wales","metro_code":"1GSYD","metro_name":"Greater Sydney"},"type":"Polygon","arcs":[[1883,1884,1885,1886,1887,1888,1889,1890]],"id":"feature_0319"},{"properties":{"sa2_code":"126021724","sa2_name":"Ryde - North","state":"New South Wales","metro_code":"1GSYD","metro_name":"Greater Sydney"},"type":"Polygon","arcs":[[1891,1892,1893,1894,1895,1896]],"id":"feature_0320"},{"properties":{"sa2_code":"126021725","sa2_name":"Ryde - South","state":"New South Wales","metro_code":"1GSYD","metro_name":"Greater Sydney"},"type":"Polygon","arcs":[[1897,1898,1899,1900,1901,1902]],"id":"feature_0321"},{"properties":{"sa2_code":"127011504","sa2_name":"Ashcroft - Busby - Miller","state":"New South Wales","metro_code":"1GSYD","metro_name":"Greater Sydney"},"type":"Polygon","arcs":[[-1945,1903,-2020,-2140,1904,-2117,1905,-2115,1906]],"id":"feature_0322"},{"properties":{"sa2_code":"127011505","sa2_name":"Austral - Greendale","state":"New South Wales","metro_code":"1GSYD","metro_name":"Greater Sydney"},"type":"Polygon","arcs":[[1907,-1934,1908,-1932,1909,1910,-2063,1911,1912,-1956,1913,-1961,1914,-1959,1915,1916,1917,1918,1919,1920,1921,1922,1923,1924,1925,1926,1927,1928,1929,-1936]],"id":"feature_0323"},{"properties":{"sa2_code":"127011592","sa2_name":"Badgerys Creek","state":"New South Wales","metro_code":"1GSYD","metro_name":"Greater Sydney"},"type":"Polygon","arcs":[[1930,1931,1932,1933,1934,1935,1936,1937,1938,1939]],"id":"feature_0324"},{"properties":{"sa2_code":"127011593","sa2_name":"Cecil Hills","state":"New South Wales","metro_code":"1GSYD","metro_name":"Greater Sydney"},"type":"Polygon","arcs":[[-2009,-2001,1940,-1948,1941]],"id":"feature_0325"},{"properties":{"sa2_code":"127011594","sa2_name":"Green Valley","state":"New South Wales","metro_code":"1GSYD","metro_name":"Greater Sydney"},"type":"Polygon","arcs":[[1942,-2005,1943,1944,1945,-1950]],"id":"feature_0326"},{"properties":{"sa2_code":"127011595","sa2_name":"Hinchinbrook","state":"New South Wales","metro_code":"1GSYD","metro_name":"Greater Sydney"},"type":"Polygon","arcs":[[1946,1947,1948,1949,1950,-1952]],"id":"feature_0327"},{"properties":{"sa2_code":"127011596","sa2_name":"Hoxton Park - Carnes Hill - Horningsea Park","state":"New South Wales","metro_code":"1GSYD","metro_name":"Greater Sydney"},"type":"Polygon","arcs":[[1951,1952,-2144,1953]],"id":"feature_0328"},{"properties":{"sa2_code":"127011597","sa2_name":"West Hoxton - Middleton Grange","state":"New South Wales","metro_code":"1GSYD","metro_name":"Greater Sydney"},"type":"Polygon","arcs":[[1954,1955]],"id":"feature_0329"},{"properties":{"sa2_code":"127011726","sa2_name":"Cobbitty - Bringelly","state":"New South Wales","metro_code":"1GSYD","metro_name":"Greater Sydney"},"type":"Polygon","arcs":[[1956,1957,1958,1959,1960,1961,-1980,1962,-1978,1963,-1993,1964,1965,1966,1967,1968,1969,1970]],"id":"feature_0330"},{"properties":{"sa2_code":"127011727","sa2_name":"Gledswood Hills - Gregory Hills","state":"New South Wales","metro_code":"1GSYD","metro_name":"Greater Sydney"},"type":"Polygon","arcs":[[-1990,1971,1972,1973,1974,1975]],"id":"feature_0331"},{"properties":{"sa2_code":"127011728","sa2_name":"Leppington - Catherine Field","state":"New South Wales","metro_code":"1GSYD","metro_name":"Greater Sydney"},"type":"Polygon","arcs":[[-1995,1976,1977,1978,1979,1980,-2126,1981,1982,1983,1984,1985,1986,1987,1988,1989,1990,-1997,1991]],"id":"feature_0332"},{"properties":{"sa2_code":"127011729","sa2_name":"Oran Park","state":"New South Wales","metro_code":"1GSYD","metro_name":"Greater Sydney"},"type":"Polygon","arcs":[[1992,1993,1994,1995,1996,1997,1998,1999]],"id":"feature_0333"},{"properties":{"sa2_code":"127021509","sa2_name":"Bonnyrigg Heights - Bonnyrigg","state":"New South Wales","metro_code":"1GSYD","metro_name":"Greater Sydney"},"type":"Polygon","arcs":[[2000,2001,2002,-2022,2003,2004]],"id":"feature_0334"},{"properties":{"sa2_code":"127021510","sa2_name":"Bossley Park - Abbotsbury","state":"New South Wales","metro_code":"1GSYD","metro_name":"Greater Sydney"},"type":"Polygon","arcs":[[2005,-2077,2006,-2050,2007,-2033,2008,2009,-2061]],"id":"feature_0335"},{"properties":{"sa2_code":"127021511","sa2_name":"Cabramatta - Lansvale","state":"New South Wales","metro_code":"1GSYD","metro_name":"Greater Sydney"},"type":"Polygon","arcs":[[2010,-2031,2011,2012,2013,-2096,2014,-2121,2015,-2017]],"id":"feature_0336"},{"properties":{"sa2_code":"127021512","sa2_name":"Cabramatta West - Mount Pritchard","state":"New South Wales","metro_code":"1GSYD","metro_name":"Greater Sydney"},"type":"Polygon","arcs":[[2016,2017,-2134,2018,2019,2020,2021,2022]],"id":"feature_0337"},{"properties":{"sa2_code":"127021513","sa2_name":"Canley Vale - Canley Heights","state":"New South Wales","metro_code":"1GSYD","metro_name":"Greater Sydney"},"type":"Polygon","arcs":[[-2080,2023,-2048,2024,-2043,2025,2026,2027,2028,2029,2030,2031]],"id":"feature_0338"},{"properties":{"sa2_code":"127021514","sa2_name":"Edensor Park","state":"New South Wales","metro_code":"1GSYD","metro_name":"Greater Sydney"},"type":"Polygon","arcs":[[2032,2033,-2055,2034]],"id":"feature_0339"},{"properties":{"sa2_code":"127021515","sa2_name":"Fairfield","state":"New South Wales","metro_code":"1GSYD","metro_name":"Greater Sydney"},"type":"Polygon","arcs":[[2035,-2075,2036,-2073,2037,2038,2039,2040,2041,2042,2043,-2046]],"id":"feature_0340"},{"properties":{"sa2_code":"127021516","sa2_name":"Fairfield - West","state":"New South Wales","metro_code":"1GSYD","metro_name":"Greater Sydney"},"type":"Polygon","arcs":[[-2053,2044,2045,2046,2047,2048]],"id":"feature_0341"},{"properties":{"sa2_code":"127021517","sa2_name":"Greenfield Park - Prairiewood","state":"New South Wales","metro_code":"1GSYD","metro_name":"Greater Sydney"},"type":"Polygon","arcs":[[2049,2050,2051,2052,2053,-2078,2054,2055]],"id":"feature_0342"},{"properties":{"sa2_code":"127021518","sa2_name":"Horsley Park - Kemps Creek","state":"New South Wales","metro_code":"1GSYD","metro_name":"Greater Sydney"},"type":"Polygon","arcs":[[2056,2057,2058,-2082,2059,2060,2061,2062,2063,2064,2065,2066]],"id":"feature_0343"},{"properties":{"sa2_code":"127021519","sa2_name":"Smithfield - Wetherill Park","state":"New South Wales","metro_code":"1GSYD","metro_name":"Greater Sydney"},"type":"Polygon","arcs":[[2067,-2090,2068,-2088,2069,2070,2071,2072,2073,2074,2075,2076]],"id":"feature_0344"},{"properties":{"sa2_code":"127021520","sa2_name":"St Johns Park - Wakeley","state":"New South Wales","metro_code":"1GSYD","metro_name":"Greater Sydney"},"type":"Polygon","arcs":[[2077,2078,2079,2080]],"id":"feature_0345"},{"properties":{"sa2_code":"127021521","sa2_name":"Wetherill Park Industrial","state":"New South Wales","metro_code":"1GSYD","metro_name":"Greater Sydney"},"type":"Polygon","arcs":[[2081,2082,2083,2084,2085,2086,2087,2088,2089,2090]],"id":"feature_0346"},{"properties":{"sa2_code":"127031522","sa2_name":"Casula","state":"New South Wales","metro_code":"1GSYD","metro_name":"Greater Sydney"},"type":"Polygon","arcs":[[2091,2092,2093]],"id":"feature_0347"},{"properties":{"sa2_code":"127031523","sa2_name":"Chipping Norton - Moorebank","state":"New South Wales","metro_code":"1GSYD","metro_name":"Greater Sydney"},"type":"Polygon","arcs":[[-2123,2094,2095,2096,2097,2098,2099,-2102,2100]],"id":"feature_0348"},{"properties":{"sa2_code":"127031524","sa2_name":"Holsworthy - Wattle Grove","state":"New South Wales","metro_code":"1GSYD","metro_name":"Greater Sydney"},"type":"Polygon","arcs":[[2101,2102,2103,2104,-2181,2105,2106,2107,2108,2109,2110,2111,2112]],"id":"feature_0349"},{"properties":{"sa2_code":"127031599","sa2_name":"Lurnea - Cartwright","state":"New South Wales","metro_code":"1GSYD","metro_name":"Greater Sydney"},"type":"Polygon","arcs":[[-2142,2113,2114,2115,2116,2117,-2138,2118]],"id":"feature_0350"},{"properties":{"sa2_code":"127031601","sa2_name":"Warwick Farm","state":"New South Wales","metro_code":"1GSYD","metro_name":"Greater Sydney"},"type":"Polygon","arcs":[[2119,2120,2121,2122,2123,-2130,2124]],"id":"feature_0351"},{"properties":{"sa2_code":"127031730","sa2_name":"Edmondson Park","state":"New South Wales","metro_code":"1GSYD","metro_name":"Greater Sydney"},"type":"Polygon","arcs":[[2125,2126,2127]],"id":"feature_0352"},{"properties":{"sa2_code":"127031731","sa2_name":"Liverpool - East","state":"New South Wales","metro_code":"1GSYD","metro_name":"Greater Sydney"},"type":"Polygon","arcs":[[2128,2129,2130,2131,-2136]],"id":"feature_0353"},{"properties":{"sa2_code":"127031732","sa2_name":"Liverpool - West","state":"New South Wales","metro_code":"1GSYD","metro_name":"Greater Sydney"},"type":"Polygon","arcs":[[2132,2133,2134,2135,2136,2137,2138,2139]],"id":"feature_0354"},{"properties":{"sa2_code":"127031733","sa2_name":"Prestons","state":"New South Wales","metro_code":"1GSYD","metro_name":"Greater Sydney"},"type":"Polygon","arcs":[[2140,2141,2142,2143]],"id":"feature_0355"},{"properties":{"sa2_code":"128011529","sa2_name":"Gymea - Grays Point","state":"New South Wales","metro_code":"1GSYD","metro_name":"Greater Sydney"},"type":"Polygon","arcs":[[2144,-2152,2145,-2197,2146,-2208,2147,-2211]],"id":"feature_0356"},{"properties":{"sa2_code":"128011530","sa2_name":"Miranda - Yowie Bay","state":"New South Wales","metro_code":"1GSYD","metro_name":"Greater Sydney"},"type":"Polygon","arcs":[[2148,-2153,2149,-2156,2150,2151]],"id":"feature_0357"},{"properties":{"sa2_code":"128011531","sa2_name":"Sylvania - Taren Point","state":"New South Wales","metro_code":"1GSYD","metro_name":"Greater Sydney"},"type":"Polygon","arcs":[[2152,2153]],"id":"feature_0358"},{"properties":{"sa2_code":"128011602","sa2_name":"Caringbah","state":"New South Wales","metro_code":"1GSYD","metro_name":"Greater Sydney"},"type":"Polygon","arcs":[[2154,2155,2156,-2158]],"id":"feature_0359"},{"properties":{"sa2_code":"128011603","sa2_name":"Caringbah South","state":"New South Wales","metro_code":"1GSYD","metro_name":"Greater Sydney"},"type":"Polygon","arcs":[[2157,2158,-2165,2159]],"id":"feature_0360"},{"properties":{"sa2_code":"128011604","sa2_name":"Cronulla - Kurnell - Bundeena","state":"New South Wales","metro_code":"1GSYD","metro_name":"Greater Sydney"},"type":"MultiPolygon","arcs":[[[2160,-2201]],[[-2199,2161]],[[-2166,2162]]],"id":"feature_0361"},{"properties":{"sa2_code":"128011605","sa2_name":"Lilli Pilli - Port Hacking - Dolans Bay","state":"New South Wales","metro_code":"1GSYD","metro_name":"Greater Sydney"},"type":"Polygon","arcs":[[2163,2164]],"id":"feature_0362"},{"properties":{"sa2_code":"128011606","sa2_name":"Woolooware - Burraneer","state":"New South Wales","metro_code":"1GSYD","metro_name":"Greater Sydney"},"type":"Polygon","arcs":[[2165,2166]],"id":"feature_0363"},{"properties":{"sa2_code":"128021533","sa2_name":"Heathcote - Waterfall","state":"New South Wales","metro_code":"1GSYD","metro_name":"Greater Sydney"},"type":"Polygon","arcs":[[-2205,2167,-2203,2168,2169,2170,2171,2172,2173,2174,2175,2176,-2221,2177]],"id":"feature_0364"},{"properties":{"sa2_code":"128021534","sa2_name":"Illawong - Alfords Point","state":"New South Wales","metro_code":"1GSYD","metro_name":"Greater Sydney"},"type":"Polygon","arcs":[[-2187,2178,-2185,2179]],"id":"feature_0365"},{"properties":{"sa2_code":"128021535","sa2_name":"Menai - Lucas Heights - Woronora","state":"New South Wales","metro_code":"1GSYD","metro_name":"Greater Sydney"},"type":"Polygon","arcs":[[2180,2181,2182,2183,2184,2185,2186,2187,-2229,2188,-2216,2189,2190,2191,2192,2193]],"id":"feature_0366"},{"properties":{"sa2_code":"128021536","sa2_name":"Oyster Bay - Como - Jannali","state":"New South Wales","metro_code":"1GSYD","metro_name":"Greater Sydney"},"type":"Polygon","arcs":[[-2209,2194]],"id":"feature_0367"},{"properties":{"sa2_code":"128021537","sa2_name":"Royal National Park","state":"New South Wales","metro_code":"1GSYD","metro_name":"Greater Sydney"},"type":"Polygon","arcs":[[2195,2196,2197,2198,2199,2200,2201,2202,2203,2204,2205,-2213,2206,2207]],"id":"feature_0368"},{"properties":{"sa2_code":"128021538","sa2_name":"Sutherland - Kirrawee","state":"New South Wales","metro_code":"1GSYD","metro_name":"Greater Sydney"},"type":"Polygon","arcs":[[2208,2209,2210,2211,2212,2213,-2223,2214]],"id":"feature_0369"},{"properties":{"sa2_code":"128021607","sa2_name":"Engadine","state":"New South Wales","metro_code":"1GSYD","metro_name":"Greater Sydney"},"type":"Polygon","arcs":[[2215,2216,-2231,2217,-2227,2218,-2225,2219,2220,2221]],"id":"feature_0370"},{"properties":{"sa2_code":"128021608","sa2_name":"Loftus - Yarrawarrah","state":"New South Wales","metro_code":"1GSYD","metro_name":"Greater Sydney"},"type":"Polygon","arcs":[[2222,2223,2224,2225,2226,2227]],"id":"feature_0371"},{"properties":{"sa2_code":"128021609","sa2_name":"Woronora Heights","state":"New South Wales","metro_code":"1GSYD","metro_name":"Greater Sydney"},"type":"Polygon","arcs":[[2228,2229,2230,2231]],"id":"feature_0372"},{"properties":{"sa2_code":"206011106","sa2_name":"Brunswick East","state":"Victoria","metro_code":"2GMEL","metro_name":"Greater Melbourne"},"type":"Polygon","arcs":[[-2246,2232,-2261,2233,-2386,2234]],"id":"feature_0373"},{"properties":{"sa2_code":"206011107","sa2_name":"Brunswick West","state":"Victoria","metro_code":"2GMEL","metro_name":"Greater Melbourne"},"type":"Polygon","arcs":[[-2283,2235,-2244,2236,-2251,2237,-2301,2238,-2272,2239]],"id":"feature_0374"},{"properties":{"sa2_code":"206011109","sa2_name":"Pascoe Vale South","state":"Victoria","metro_code":"2GMEL","metro_name":"Greater Melbourne"},"type":"Polygon","arcs":[[-3039,2240,-2281,2241]],"id":"feature_0375"},{"properties":{"sa2_code":"206011495","sa2_name":"Brunswick - North","state":"Victoria","metro_code":"2GMEL","metro_name":"Greater Melbourne"},"type":"Polygon","arcs":[[2242,2243,2244,2245,2246,-2249]],"id":"feature_0376"},{"properties":{"sa2_code":"206011496","sa2_name":"Brunswick - South","state":"Victoria","metro_code":"2GMEL","metro_name":"Greater Melbourne"},"type":"Polygon","arcs":[[2247,2248,2249,2250]],"id":"feature_0377"},{"properties":{"sa2_code":"206011497","sa2_name":"Coburg - East","state":"Victoria","metro_code":"2GMEL","metro_name":"Greater Melbourne"},"type":"Polygon","arcs":[[-2998,-2717,2251,2252]],"id":"feature_0378"},{"properties":{"sa2_code":"206011498","sa2_name":"Coburg - West","state":"Victoria","metro_code":"2GMEL","metro_name":"Greater Melbourne"},"type":"Polygon","arcs":[[2253]],"id":"feature_0379"},{"properties":{"sa2_code":"206021110","sa2_name":"Alphington - Fairfield","state":"Victoria","metro_code":"2GMEL","metro_name":"Greater Melbourne"},"type":"Polygon","arcs":[[2254,-2660,2255,-2390,-2260]],"id":"feature_0380"},{"properties":{"sa2_code":"206021112","sa2_name":"Thornbury","state":"Victoria","metro_code":"2GMEL","metro_name":"Greater Melbourne"},"type":"Polygon","arcs":[[-2649,2256,-2262,2257]],"id":"feature_0381"},{"properties":{"sa2_code":"206021499","sa2_name":"Northcote - East","state":"Victoria","metro_code":"2GMEL","metro_name":"Greater Melbourne"},"type":"Polygon","arcs":[[2258,2259,-2398]],"id":"feature_0382"},{"properties":{"sa2_code":"206021500","sa2_name":"Northcote - West","state":"Victoria","metro_code":"2GMEL","metro_name":"Greater Melbourne"},"type":"Polygon","arcs":[[2260,2261,2262,-2388,2263]],"id":"feature_0383"},{"properties":{"sa2_code":"206031113","sa2_name":"Ascot Vale","state":"Victoria","metro_code":"2GMEL","metro_name":"Greater Melbourne"},"type":"Polygon","arcs":[[-2269,2264,-2298,2265,-4019,2266]],"id":"feature_0384"},{"properties":{"sa2_code":"206031115","sa2_name":"Flemington","state":"Victoria","metro_code":"2GMEL","metro_name":"Greater Melbourne"},"type":"Polygon","arcs":[[2267,2268]],"id":"feature_0385"},{"properties":{"sa2_code":"206031116","sa2_name":"Moonee Ponds","state":"Victoria","metro_code":"2GMEL","metro_name":"Greater Melbourne"},"type":"Polygon","arcs":[[-2277,2269,-2285,2270,2271,2272]],"id":"feature_0386"},{"properties":{"sa2_code":"206031501","sa2_name":"Essendon (West) - Aberfeldie","state":"Victoria","metro_code":"2GMEL","metro_name":"Greater Melbourne"},"type":"Polygon","arcs":[[2273,-2930,2274,-2279,2275,2276,2277,-2936]],"id":"feature_0387"},{"properties":{"sa2_code":"206031502","sa2_name":"Essendon - East","state":"Victoria","metro_code":"2GMEL","metro_name":"Greater Melbourne"},"type":"Polygon","arcs":[[2278,2279,2280,2281,2282,2283,2284,2285]],"id":"feature_0388"},{"properties":{"sa2_code":"206041117","sa2_name":"Carlton","state":"Victoria","metro_code":"2GMEL","metro_name":"Greater Melbourne"},"type":"Polygon","arcs":[[-2382,2286,-2321,-2304,2287]],"id":"feature_0389"},{"properties":{"sa2_code":"206041118","sa2_name":"Docklands","state":"Victoria","metro_code":"2GMEL","metro_name":"Greater Melbourne"},"type":"Polygon","arcs":[[2288,-2335,2289,-2315,2290,-2329,2291,-2307]],"id":"feature_0390"},{"properties":{"sa2_code":"206041119","sa2_name":"East Melbourne","state":"Victoria","metro_code":"2GMEL","metro_name":"Greater Melbourne"},"type":"Polygon","arcs":[[2292,2293,-2327,2294]],"id":"feature_0391"},{"properties":{"sa2_code":"206041120","sa2_name":"Flemington Racecourse","state":"Victoria","metro_code":"2GMEL","metro_name":"Greater Melbourne"},"type":"Polygon","arcs":[[2295,-2299,2296,2297]],"id":"feature_0392"},{"properties":{"sa2_code":"206041121","sa2_name":"Kensington (Vic.)","state":"Victoria","metro_code":"2GMEL","metro_name":"Greater Melbourne"},"type":"Polygon","arcs":[[2298,2299]],"id":"feature_0393"},{"properties":{"sa2_code":"206041124","sa2_name":"Parkville","state":"Victoria","metro_code":"2GMEL","metro_name":"Greater Melbourne"},"type":"Polygon","arcs":[[2300,2301,-2375,2302,2303,2304]],"id":"feature_0394"},{"properties":{"sa2_code":"206041125","sa2_name":"South Yarra - West","state":"Victoria","metro_code":"2GMEL","metro_name":"Greater Melbourne"},"type":"Polygon","arcs":[[-2325,2305]],"id":"feature_0395"},{"properties":{"sa2_code":"206041127","sa2_name":"West Melbourne - Industrial","state":"Victoria","metro_code":"2GMEL","metro_name":"Greater Melbourne"},"type":"Polygon","arcs":[[2306,2307,-2348,-4036,2308]],"id":"feature_0396"},{"properties":{"sa2_code":"206041503","sa2_name":"Melbourne CBD - East","state":"Victoria","metro_code":"2GMEL","metro_name":"Greater Melbourne"},"type":"Polygon","arcs":[[2309,-2312,2310,-2319]],"id":"feature_0397"},{"properties":{"sa2_code":"206041504","sa2_name":"Melbourne CBD - North","state":"Victoria","metro_code":"2GMEL","metro_name":"Greater Melbourne"},"type":"Polygon","arcs":[[2311,2312,-2317,2313]],"id":"feature_0398"},{"properties":{"sa2_code":"206041505","sa2_name":"Melbourne CBD - West","state":"Victoria","metro_code":"2GMEL","metro_name":"Greater Melbourne"},"type":"Polygon","arcs":[[2314,2315,2316,2317,2318,2319]],"id":"feature_0399"},{"properties":{"sa2_code":"206041506","sa2_name":"North Melbourne","state":"Victoria","metro_code":"2GMEL","metro_name":"Greater Melbourne"},"type":"Polygon","arcs":[[2320,2321,-2333,2322]],"id":"feature_0400"},{"properties":{"sa2_code":"206041507","sa2_name":"Royal Botanic Gardens Victoria","state":"Victoria","metro_code":"2GMEL","metro_name":"Greater Melbourne"},"type":"Polygon","arcs":[[2323,2324,2325,2326]],"id":"feature_0401"},{"properties":{"sa2_code":"206041508","sa2_name":"Southbank (West) - South Wharf","state":"Victoria","metro_code":"2GMEL","metro_name":"Greater Melbourne"},"type":"Polygon","arcs":[[-2344,2327,2328,2329]],"id":"feature_0402"},{"properties":{"sa2_code":"206041509","sa2_name":"Southbank - East","state":"Victoria","metro_code":"2GMEL","metro_name":"Greater Melbourne"},"type":"Polygon","arcs":[[-2352,2330,2331]],"id":"feature_0403"},{"properties":{"sa2_code":"206041510","sa2_name":"West Melbourne - Residential","state":"Victoria","metro_code":"2GMEL","metro_name":"Greater Melbourne"},"type":"Polygon","arcs":[[2332,2333,2334,2335]],"id":"feature_0404"},{"properties":{"sa2_code":"206051128","sa2_name":"Albert Park","state":"Victoria","metro_code":"2GMEL","metro_name":"Greater Melbourne"},"type":"Polygon","arcs":[[2336,-2359,2337,-2354]],"id":"feature_0405"},{"properties":{"sa2_code":"206051129","sa2_name":"Elwood","state":"Victoria","metro_code":"2GMEL","metro_name":"Greater Melbourne"},"type":"Polygon","arcs":[[-2528,2338]],"id":"feature_0406"},{"properties":{"sa2_code":"206051130","sa2_name":"Port Melbourne","state":"Victoria","metro_code":"2GMEL","metro_name":"Greater Melbourne"},"type":"Polygon","arcs":[[2339,-2346]],"id":"feature_0407"},{"properties":{"sa2_code":"206051134","sa2_name":"St Kilda East","state":"Victoria","metro_code":"2GMEL","metro_name":"Greater Melbourne"},"type":"Polygon","arcs":[[2340,2341,-2555,2342,-2357]],"id":"feature_0408"},{"properties":{"sa2_code":"206051511","sa2_name":"Port Melbourne Industrial","state":"Victoria","metro_code":"2GMEL","metro_name":"Greater Melbourne"},"type":"Polygon","arcs":[[2343,-2350,2344,2345,2346,2347,2348]],"id":"feature_0409"},{"properties":{"sa2_code":"206051512","sa2_name":"South Melbourne","state":"Victoria","metro_code":"2GMEL","metro_name":"Greater Melbourne"},"type":"Polygon","arcs":[[2349,2350,2351,2352,2353,2354]],"id":"feature_0410"},{"properties":{"sa2_code":"206051513","sa2_name":"St Kilda - Central","state":"Victoria","metro_code":"2GMEL","metro_name":"Greater Melbourne"},"type":"Polygon","arcs":[[-2361,2355,2356,2357]],"id":"feature_0411"},{"properties":{"sa2_code":"206051514","sa2_name":"St Kilda - West","state":"Victoria","metro_code":"2GMEL","metro_name":"Greater Melbourne"},"type":"Polygon","arcs":[[2358,2359,2360,2361]],"id":"feature_0412"},{"properties":{"sa2_code":"206061135","sa2_name":"Armadale","state":"Victoria","metro_code":"2GMEL","metro_name":"Greater Melbourne"},"type":"Polygon","arcs":[[-2364,2362]],"id":"feature_0413"},{"properties":{"sa2_code":"206061136","sa2_name":"Prahran - Windsor","state":"Victoria","metro_code":"2GMEL","metro_name":"Greater Melbourne"},"type":"Polygon","arcs":[[2363,2364]],"id":"feature_0414"},{"properties":{"sa2_code":"206061138","sa2_name":"Toorak","state":"Victoria","metro_code":"2GMEL","metro_name":"Greater Melbourne"},"type":"Polygon","arcs":[[-2402,2365,-2447,2366]],"id":"feature_0415"},{"properties":{"sa2_code":"206061515","sa2_name":"South Yarra - North","state":"Victoria","metro_code":"2GMEL","metro_name":"Greater Melbourne"},"type":"Polygon","arcs":[[2367,-2406,2368,-2404,2369,-2371]],"id":"feature_0416"},{"properties":{"sa2_code":"206061516","sa2_name":"South Yarra - South","state":"Victoria","metro_code":"2GMEL","metro_name":"Greater Melbourne"},"type":"Polygon","arcs":[[2370,2371]],"id":"feature_0417"},{"properties":{"sa2_code":"206071139","sa2_name":"Abbotsford","state":"Victoria","metro_code":"2GMEL","metro_name":"Greater Melbourne"},"type":"Polygon","arcs":[[-2380,2372,-2462,2373,-2460,-2408]],"id":"feature_0418"},{"properties":{"sa2_code":"206071140","sa2_name":"Carlton North - Princes Hill","state":"Victoria","metro_code":"2GMEL","metro_name":"Greater Melbourne"},"type":"Polygon","arcs":[[2374,2375,2376,2377]],"id":"feature_0419"},{"properties":{"sa2_code":"206071141","sa2_name":"Collingwood","state":"Victoria","metro_code":"2GMEL","metro_name":"Greater Melbourne"},"type":"Polygon","arcs":[[-2384,2378,2379,2380]],"id":"feature_0420"},{"properties":{"sa2_code":"206071142","sa2_name":"Fitzroy","state":"Victoria","metro_code":"2GMEL","metro_name":"Greater Melbourne"},"type":"Polygon","arcs":[[2381,2382,2383,2384]],"id":"feature_0421"},{"properties":{"sa2_code":"206071143","sa2_name":"Fitzroy North","state":"Victoria","metro_code":"2GMEL","metro_name":"Greater Melbourne"},"type":"Polygon","arcs":[[2385,2386,2387,-2397,2388]],"id":"feature_0422"},{"properties":{"sa2_code":"206071145","sa2_name":"Clifton Hill - Alphington","state":"Victoria","metro_code":"2GMEL","metro_name":"Greater Melbourne"},"type":"Polygon","arcs":[[2389,2390,-2658,2391,-2436,2392,-2455,2393,-2453,2394,-2464,2395,2396,2397]],"id":"feature_0423"},{"properties":{"sa2_code":"206071517","sa2_name":"Richmond (South) - Cremorne","state":"Victoria","metro_code":"2GMEL","metro_name":"Greater Melbourne"},"type":"Polygon","arcs":[[2398,-2410,2399,-2449,2400,2401,2402,2403,2404,2405]],"id":"feature_0424"},{"properties":{"sa2_code":"206071518","sa2_name":"Richmond - North","state":"Victoria","metro_code":"2GMEL","metro_name":"Greater Melbourne"},"type":"Polygon","arcs":[[2406,2407,2408,2409]],"id":"feature_0425"},{"properties":{"sa2_code":"207011146","sa2_name":"Ashburton (Vic.)","state":"Victoria","metro_code":"2GMEL","metro_name":"Greater Melbourne"},"type":"Polygon","arcs":[[-2429,2410,-2624,2411,-2622,-2431,2412]],"id":"feature_0426"},{"properties":{"sa2_code":"207011147","sa2_name":"Balwyn","state":"Victoria","metro_code":"2GMEL","metro_name":"Greater Melbourne"},"type":"Polygon","arcs":[[2413,-2422,2414,-2516,2415,-2443]],"id":"feature_0427"},{"properties":{"sa2_code":"207011148","sa2_name":"Balwyn North","state":"Victoria","metro_code":"2GMEL","metro_name":"Greater Melbourne"},"type":"Polygon","arcs":[[2416,-2440,2417,-2470,2418,-2478,2419,-2512,2420,2421]],"id":"feature_0428"},{"properties":{"sa2_code":"207011149","sa2_name":"Camberwell","state":"Victoria","metro_code":"2GMEL","metro_name":"Greater Melbourne"},"type":"Polygon","arcs":[[2422,-2445,2423,-2427]],"id":"feature_0429"},{"properties":{"sa2_code":"207011150","sa2_name":"Glen Iris - East","state":"Victoria","metro_code":"2GMEL","metro_name":"Greater Melbourne"},"type":"Polygon","arcs":[[2424,-2433,2425,2426,2427,2428,2429,2430,2431,-2617]],"id":"feature_0430"},{"properties":{"sa2_code":"207011152","sa2_name":"Hawthorn East","state":"Victoria","metro_code":"2GMEL","metro_name":"Greater Melbourne"},"type":"Polygon","arcs":[[2432,2433]],"id":"feature_0431"},{"properties":{"sa2_code":"207011154","sa2_name":"Kew East","state":"Victoria","metro_code":"2GMEL","metro_name":"Greater Melbourne"},"type":"Polygon","arcs":[[2434,2435,2436,-2656,2437,-2654,2438,2439,2440,-2451,-2457]],"id":"feature_0432"},{"properties":{"sa2_code":"207011155","sa2_name":"Surrey Hills (West) - Canterbury","state":"Victoria","metro_code":"2GMEL","metro_name":"Greater Melbourne"},"type":"Polygon","arcs":[[2441,2442,2443,-2525,2444]],"id":"feature_0433"},{"properties":{"sa2_code":"207011519","sa2_name":"Hawthorn - North","state":"Victoria","metro_code":"2GMEL","metro_name":"Greater Melbourne"},"type":"Polygon","arcs":[[2445]],"id":"feature_0434"},{"properties":{"sa2_code":"207011520","sa2_name":"Hawthorn - South","state":"Victoria","metro_code":"2GMEL","metro_name":"Greater Melbourne"},"type":"Polygon","arcs":[[2446,2447,2448,2449]],"id":"feature_0435"},{"properties":{"sa2_code":"207011521","sa2_name":"Kew - South","state":"Victoria","metro_code":"2GMEL","metro_name":"Greater Melbourne"},"type":"Polygon","arcs":[[2450,2451,-2458]],"id":"feature_0436"},{"properties":{"sa2_code":"207011522","sa2_name":"Kew - West","state":"Victoria","metro_code":"2GMEL","metro_name":"Greater Melbourne"},"type":"Polygon","arcs":[[2452,2453,2454,2455,2456,2457,2458,2459,2460,2461,2462,2463,2464]],"id":"feature_0437"},{"properties":{"sa2_code":"207021156","sa2_name":"Bulleen","state":"Victoria","metro_code":"2GMEL","metro_name":"Greater Melbourne"},"type":"Polygon","arcs":[[2465,-2641,2466,-2493,2467,-2473,2468,2469,2470,-2666,2471,-2664]],"id":"feature_0438"},{"properties":{"sa2_code":"207021157","sa2_name":"Doncaster","state":"Victoria","metro_code":"2GMEL","metro_name":"Greater Melbourne"},"type":"Polygon","arcs":[[2472,2473,-2486,2474,-2484,2475,-2514,2476,2477,2478]],"id":"feature_0439"},{"properties":{"sa2_code":"207021159","sa2_name":"Templestowe","state":"Victoria","metro_code":"2GMEL","metro_name":"Greater Melbourne"},"type":"Polygon","arcs":[[2479,-2674,2480,-2740,2481,-2498,2482,2483,2484,2485,2486,-2491]],"id":"feature_0440"},{"properties":{"sa2_code":"207021160","sa2_name":"Templestowe Lower","state":"Victoria","metro_code":"2GMEL","metro_name":"Greater Melbourne"},"type":"Polygon","arcs":[[2487,-2678,2488,-2676,2489,2490,2491,2492]],"id":"feature_0441"},{"properties":{"sa2_code":"207021424","sa2_name":"Doncaster East - North","state":"Victoria","metro_code":"2GMEL","metro_name":"Greater Melbourne"},"type":"Polygon","arcs":[[2493,-3294,2494,-3267,2495,-2500,2496,2497]],"id":"feature_0442"},{"properties":{"sa2_code":"207021425","sa2_name":"Doncaster East - South","state":"Victoria","metro_code":"2GMEL","metro_name":"Greater Melbourne"},"type":"Polygon","arcs":[[2498,2499,2500,-3276,2501,-3274,2502,-2504]],"id":"feature_0443"},{"properties":{"sa2_code":"207031161","sa2_name":"Blackburn","state":"Victoria","metro_code":"2GMEL","metro_name":"Greater Melbourne"},"type":"Polygon","arcs":[[2503,2504,-3369,2505,-3345,2506]],"id":"feature_0444"},{"properties":{"sa2_code":"207031162","sa2_name":"Blackburn South","state":"Victoria","metro_code":"2GMEL","metro_name":"Greater Melbourne"},"type":"Polygon","arcs":[[2507,-3352,2508,-2520]],"id":"feature_0445"},{"properties":{"sa2_code":"207031163","sa2_name":"Box Hill","state":"Victoria","metro_code":"2GMEL","metro_name":"Greater Melbourne"},"type":"Polygon","arcs":[[2509,-2518]],"id":"feature_0446"},{"properties":{"sa2_code":"207031164","sa2_name":"Box Hill North","state":"Victoria","metro_code":"2GMEL","metro_name":"Greater Melbourne"},"type":"Polygon","arcs":[[2510,2511,2512,2513,2514,2515]],"id":"feature_0447"},{"properties":{"sa2_code":"207031165","sa2_name":"Burwood (Vic.)","state":"Victoria","metro_code":"2GMEL","metro_name":"Greater Melbourne"},"type":"Polygon","arcs":[[-2524,2516,2517,2518]],"id":"feature_0448"},{"properties":{"sa2_code":"207031166","sa2_name":"Burwood East","state":"Victoria","metro_code":"2GMEL","metro_name":"Greater Melbourne"},"type":"Polygon","arcs":[[2519,2520,-3350,2521,2522]],"id":"feature_0449"},{"properties":{"sa2_code":"207031167","sa2_name":"Surrey Hills (East) - Mont Albert","state":"Victoria","metro_code":"2GMEL","metro_name":"Greater Melbourne"},"type":"Polygon","arcs":[[2523,2524,2525]],"id":"feature_0450"},{"properties":{"sa2_code":"208011168","sa2_name":"Beaumaris","state":"Victoria","metro_code":"2GMEL","metro_name":"Greater Melbourne"},"type":"Polygon","arcs":[[-2547,2526]],"id":"feature_0451"},{"properties":{"sa2_code":"208011169","sa2_name":"Brighton (Vic.)","state":"Victoria","metro_code":"2GMEL","metro_name":"Greater Melbourne"},"type":"Polygon","arcs":[[2527,2528,-2532,2529,-2537,2530]],"id":"feature_0452"},{"properties":{"sa2_code":"208011170","sa2_name":"Brighton East","state":"Victoria","metro_code":"2GMEL","metro_name":"Greater Melbourne"},"type":"Polygon","arcs":[[2531,2532,-2549,2533]],"id":"feature_0453"},{"properties":{"sa2_code":"208011171","sa2_name":"Highett (West) - Cheltenham","state":"Victoria","metro_code":"2GMEL","metro_name":"Greater Melbourne"},"type":"Polygon","arcs":[[2534,-2540,-2592,2535,-2545]],"id":"feature_0454"},{"properties":{"sa2_code":"208011172","sa2_name":"Hampton","state":"Victoria","metro_code":"2GMEL","metro_name":"Greater Melbourne"},"type":"Polygon","arcs":[[2536,2537,-2602,2538,2539,2540,-2543,2541]],"id":"feature_0455"},{"properties":{"sa2_code":"208011173","sa2_name":"Sandringham - Black Rock","state":"Victoria","metro_code":"2GMEL","metro_name":"Greater Melbourne"},"type":"Polygon","arcs":[[2542,2543,2544,2545,2546,2547]],"id":"feature_0456"},{"properties":{"sa2_code":"208021174","sa2_name":"Bentleigh - McKinnon","state":"Victoria","metro_code":"2GMEL","metro_name":"Greater Melbourne"},"type":"Polygon","arcs":[[2548,2549]],"id":"feature_0457"},{"properties":{"sa2_code":"208021176","sa2_name":"Carnegie","state":"Victoria","metro_code":"2GMEL","metro_name":"Greater Melbourne"},"type":"Polygon","arcs":[[-2553,2550,-2566,2551,-2570]],"id":"feature_0458"},{"properties":{"sa2_code":"208021177","sa2_name":"Caulfield - North","state":"Victoria","metro_code":"2GMEL","metro_name":"Greater Melbourne"},"type":"Polygon","arcs":[[2552,-2569,-2558,2553,2554,2555]],"id":"feature_0459"},{"properties":{"sa2_code":"208021178","sa2_name":"Caulfield - South","state":"Victoria","metro_code":"2GMEL","metro_name":"Greater Melbourne"},"type":"Polygon","arcs":[[-2560,2556,2557,-2568,2558]],"id":"feature_0460"},{"properties":{"sa2_code":"208021179","sa2_name":"Elsternwick","state":"Victoria","metro_code":"2GMEL","metro_name":"Greater Melbourne"},"type":"Polygon","arcs":[[2559,2560]],"id":"feature_0461"},{"properties":{"sa2_code":"208021180","sa2_name":"Hughesdale","state":"Victoria","metro_code":"2GMEL","metro_name":"Greater Melbourne"},"type":"Polygon","arcs":[[-2564,2561,-2626,2562]],"id":"feature_0462"},{"properties":{"sa2_code":"208021181","sa2_name":"Murrumbeena","state":"Victoria","metro_code":"2GMEL","metro_name":"Greater Melbourne"},"type":"Polygon","arcs":[[2563,2564,2565,2566]],"id":"feature_0463"},{"properties":{"sa2_code":"208021182","sa2_name":"Ormond - Glen Huntly","state":"Victoria","metro_code":"2GMEL","metro_name":"Greater Melbourne"},"type":"Polygon","arcs":[[2567,2568,2569,2570]],"id":"feature_0464"},{"properties":{"sa2_code":"208021426","sa2_name":"Bentleigh East - North","state":"Victoria","metro_code":"2GMEL","metro_name":"Greater Melbourne"},"type":"Polygon","arcs":[[2571,-2573]],"id":"feature_0465"},{"properties":{"sa2_code":"208021427","sa2_name":"Bentleigh East - South","state":"Victoria","metro_code":"2GMEL","metro_name":"Greater Melbourne"},"type":"Polygon","arcs":[[2572,-3822,2573]],"id":"feature_0466"},{"properties":{"sa2_code":"208031183","sa2_name":"Aspendale Gardens - Waterways","state":"Victoria","metro_code":"2GMEL","metro_name":"Greater Melbourne"},"type":"Polygon","arcs":[[-2596,2574,-2579,2575]],"id":"feature_0467"},{"properties":{"sa2_code":"208031184","sa2_name":"Braeside","state":"Victoria","metro_code":"2GMEL","metro_name":"Greater Melbourne"},"type":"Polygon","arcs":[[-3833,2576,-3837,2577,2578,2579,-2614,2580]],"id":"feature_0468"},{"properties":{"sa2_code":"208031185","sa2_name":"Carrum - Patterson Lakes","state":"Victoria","metro_code":"2GMEL","metro_name":"Greater Melbourne"},"type":"Polygon","arcs":[[-2588,2581,-2590,2582,-4260,2583,-4282,2584,-4280,2585]],"id":"feature_0469"},{"properties":{"sa2_code":"208031186","sa2_name":"Chelsea - Bonbeach","state":"Victoria","metro_code":"2GMEL","metro_name":"Greater Melbourne"},"type":"Polygon","arcs":[[-2598,2586,2587,2588]],"id":"feature_0470"},{"properties":{"sa2_code":"208031187","sa2_name":"Chelsea Heights","state":"Victoria","metro_code":"2GMEL","metro_name":"Greater Melbourne"},"type":"Polygon","arcs":[[2589,2590]],"id":"feature_0471"},{"properties":{"sa2_code":"208031188","sa2_name":"Highett (East) - Cheltenham","state":"Victoria","metro_code":"2GMEL","metro_name":"Greater Melbourne"},"type":"Polygon","arcs":[[2591,-2605,2592,-2608,2593]],"id":"feature_0472"},{"properties":{"sa2_code":"208031189","sa2_name":"Edithvale - Aspendale","state":"Victoria","metro_code":"2GMEL","metro_name":"Greater Melbourne"},"type":"Polygon","arcs":[[-2615,2594,2595,2596,2597,2598]],"id":"feature_0473"},{"properties":{"sa2_code":"208031190","sa2_name":"Mentone","state":"Victoria","metro_code":"2GMEL","metro_name":"Greater Melbourne"},"type":"Polygon","arcs":[[-2611,2599,-2612,2600]],"id":"feature_0474"},{"properties":{"sa2_code":"208031191","sa2_name":"Moorabbin - Heatherton","state":"Victoria","metro_code":"2GMEL","metro_name":"Greater Melbourne"},"type":"Polygon","arcs":[[2601,2602,-3834,2603,2604,2605]],"id":"feature_0475"},{"properties":{"sa2_code":"208031192","sa2_name":"Moorabbin Airport","state":"Victoria","metro_code":"2GMEL","metro_name":"Greater Melbourne"},"type":"Polygon","arcs":[[2606,2607,2608,2609,2610]],"id":"feature_0476"},{"properties":{"sa2_code":"208031193","sa2_name":"Mordialloc - Parkdale","state":"Victoria","metro_code":"2GMEL","metro_name":"Greater Melbourne"},"type":"Polygon","arcs":[[2611,2612,2613,2614,2615]],"id":"feature_0477"},{"properties":{"sa2_code":"208041194","sa2_name":"Malvern - Glen Iris","state":"Victoria","metro_code":"2GMEL","metro_name":"Greater Melbourne"},"type":"Polygon","arcs":[[2616,2617,-2620,2618]],"id":"feature_0478"},{"properties":{"sa2_code":"208041195","sa2_name":"Malvern East","state":"Victoria","metro_code":"2GMEL","metro_name":"Greater Melbourne"},"type":"Polygon","arcs":[[2619,2620,2621,2622,2623,2624,2625,2626]],"id":"feature_0479"},{"properties":{"sa2_code":"209011196","sa2_name":"Bundoora - East","state":"Victoria","metro_code":"2GMEL","metro_name":"Greater Melbourne"},"type":"Polygon","arcs":[[2627,-2781,2628,-2694,2629,-2692,2630,-2690,2631,-2701,2632,-2699]],"id":"feature_0480"},{"properties":{"sa2_code":"209011197","sa2_name":"Greensborough","state":"Victoria","metro_code":"2GMEL","metro_name":"Greater Melbourne"},"type":"Polygon","arcs":[[2633,-2806,2634,-2746,2635,-2670,2636,-2696]],"id":"feature_0481"},{"properties":{"sa2_code":"209011198","sa2_name":"Heidelberg - Rosanna","state":"Victoria","metro_code":"2GMEL","metro_name":"Greater Melbourne"},"type":"Polygon","arcs":[[2637,-2688,2638,-2686,2639,2640,2641,2642]],"id":"feature_0482"},{"properties":{"sa2_code":"209011199","sa2_name":"Heidelberg West","state":"Victoria","metro_code":"2GMEL","metro_name":"Greater Melbourne"},"type":"Polygon","arcs":[[2643,-2709,2644,-2729,2645,-2704,2646,-2650,2647,-2711]],"id":"feature_0483"},{"properties":{"sa2_code":"209011200","sa2_name":"Ivanhoe","state":"Victoria","metro_code":"2GMEL","metro_name":"Greater Melbourne"},"type":"Polygon","arcs":[[2648,2649,-2662,2650,-2668,2651,2652,2653,2654,2655,2656,2657,2658,2659,2660]],"id":"feature_0484"},{"properties":{"sa2_code":"209011201","sa2_name":"Ivanhoe East - Eaglemont","state":"Victoria","metro_code":"2GMEL","metro_name":"Greater Melbourne"},"type":"Polygon","arcs":[[2661,2662,2663,2664,2665,2666,2667,2668]],"id":"feature_0485"},{"properties":{"sa2_code":"209011202","sa2_name":"Montmorency - Briar Hill","state":"Victoria","metro_code":"2GMEL","metro_name":"Greater Melbourne"},"type":"Polygon","arcs":[[2669,2670,-2744,2671,-2742,2672,2673,2674,2675,2676,2677,-2684,2678,-2682,2679]],"id":"feature_0486"},{"properties":{"sa2_code":"209011203","sa2_name":"Viewbank - Yallambie","state":"Victoria","metro_code":"2GMEL","metro_name":"Greater Melbourne"},"type":"Polygon","arcs":[[-2703,2680,2681,2682,2683,2684,2685,2686,2687,2688]],"id":"feature_0487"},{"properties":{"sa2_code":"209011204","sa2_name":"Watsonia","state":"Victoria","metro_code":"2GMEL","metro_name":"Greater Melbourne"},"type":"Polygon","arcs":[[2689,2690,2691,2692,2693,2694,2695,2696]],"id":"feature_0488"},{"properties":{"sa2_code":"209021205","sa2_name":"Kingsbury","state":"Victoria","metro_code":"2GMEL","metro_name":"Greater Melbourne"},"type":"Polygon","arcs":[[-2719,2697,2698,2699,2700,2701,2702,2703,2704,-2727,2705]],"id":"feature_0489"},{"properties":{"sa2_code":"209021428","sa2_name":"Preston - East","state":"Victoria","metro_code":"2GMEL","metro_name":"Greater Melbourne"},"type":"Polygon","arcs":[[2706,-2731,2707,2708,2709,2710,2711,2712,-2715]],"id":"feature_0490"},{"properties":{"sa2_code":"209021429","sa2_name":"Preston - West","state":"Victoria","metro_code":"2GMEL","metro_name":"Greater Melbourne"},"type":"Polygon","arcs":[[2713,2714,2715,2716]],"id":"feature_0491"},{"properties":{"sa2_code":"209021523","sa2_name":"Reservoir - North East","state":"Victoria","metro_code":"2GMEL","metro_name":"Greater Melbourne"},"type":"Polygon","arcs":[[2717,2718,2719,-2725]],"id":"feature_0492"},{"properties":{"sa2_code":"209021524","sa2_name":"Reservoir - North West","state":"Victoria","metro_code":"2GMEL","metro_name":"Greater Melbourne"},"type":"Polygon","arcs":[[-3002,2720,2721,-2733,2722]],"id":"feature_0493"},{"properties":{"sa2_code":"209021525","sa2_name":"Reservoir - South East","state":"Victoria","metro_code":"2GMEL","metro_name":"Greater Melbourne"},"type":"Polygon","arcs":[[2723,2724,2725,2726,2727,2728,2729,2730]],"id":"feature_0494"},{"properties":{"sa2_code":"209021526","sa2_name":"Reservoir - South West","state":"Victoria","metro_code":"2GMEL","metro_name":"Greater Melbourne"},"type":"Polygon","arcs":[[-3004,2731,2732,2733,-2996,2734]],"id":"feature_0495"},{"properties":{"sa2_code":"209031209","sa2_name":"Eltham","state":"Victoria","metro_code":"2GMEL","metro_name":"Greater Melbourne"},"type":"Polygon","arcs":[[2735,-2785,2736,-2796,2737,-3296,2738,2739,2740,2741,2742,2743,2744,2745]],"id":"feature_0496"},{"properties":{"sa2_code":"209031210","sa2_name":"Hurstbridge","state":"Victoria","metro_code":"2GMEL","metro_name":"Greater Melbourne"},"type":"Polygon","arcs":[[2746,-2767,2747,-2800,2748,-2798]],"id":"feature_0497"},{"properties":{"sa2_code":"209031211","sa2_name":"Kinglake","state":"Victoria","metro_code":"2GMEL","metro_name":"Greater Melbourne"},"type":"Polygon","arcs":[[2749,-3412,2750,-2757,2751,-2853,-2840,2752,-3418,2753,-3416,2754,-3414]],"id":"feature_0498"},{"properties":{"sa2_code":"209031212","sa2_name":"Panton Hill - St Andrews","state":"Victoria","metro_code":"2GMEL","metro_name":"Greater Melbourne"},"type":"Polygon","arcs":[[2755,2756,2757,-3410,2758,-3440,2759,-3438,2760,-3397,2761,-3288,2762,-3286,2763,-3284,2764,-2789,2765,2766,-2778,2767,-2855]],"id":"feature_0499"},{"properties":{"sa2_code":"209031213","sa2_name":"Plenty - Yarrambat","state":"Victoria","metro_code":"2GMEL","metro_name":"Greater Melbourne"},"type":"Polygon","arcs":[[-2809,2768,-2825,2769,-2820,2770,-2884,2771,-2882,2772,-2880,2773,-2878,-2876,2774,-2874,2775,-2901,2776,2777,2778,-2808,2779,2780,2781,-2811,2782]],"id":"feature_0500"},{"properties":{"sa2_code":"209031214","sa2_name":"Research - North Warrandyte","state":"Victoria","metro_code":"2GMEL","metro_name":"Greater Melbourne"},"type":"Polygon","arcs":[[2783,2784,2785,-2804,2786,-2802,2787,2788,2789,-3282,2790,-3280,2791,-3278,2792,-3300,2793,-3298,2794,2795]],"id":"feature_0501"},{"properties":{"sa2_code":"209031215","sa2_name":"Wattle Glen - Diamond Creek","state":"Victoria","metro_code":"2GMEL","metro_name":"Greater Melbourne"},"type":"Polygon","arcs":[[2796,2797,2798,2799,2800,2801,2802,2803,2804,2805,2806,2807]],"id":"feature_0502"},{"properties":{"sa2_code":"209041216","sa2_name":"Bundoora - North","state":"Victoria","metro_code":"2GMEL","metro_name":"Greater Melbourne"},"type":"Polygon","arcs":[[2808,2809,2810,2811,-2815,2812,-2833,2813]],"id":"feature_0503"},{"properties":{"sa2_code":"209041217","sa2_name":"Bundoora - West","state":"Victoria","metro_code":"2GMEL","metro_name":"Greater Melbourne"},"type":"Polygon","arcs":[[2814,2815,-2835,2816]],"id":"feature_0504"},{"properties":{"sa2_code":"209041220","sa2_name":"Mill Park - North","state":"Victoria","metro_code":"2GMEL","metro_name":"Greater Melbourne"},"type":"Polygon","arcs":[[-2865,2817,-2886,2818,2819,2820,-2823,2821]],"id":"feature_0505"},{"properties":{"sa2_code":"209041221","sa2_name":"Mill Park - South","state":"Victoria","metro_code":"2GMEL","metro_name":"Greater Melbourne"},"type":"Polygon","arcs":[[2822,2823,2824,2825,-2911,2826,-2909,2827,-2907,2828]],"id":"feature_0506"},{"properties":{"sa2_code":"209041223","sa2_name":"Thomastown","state":"Victoria","metro_code":"2GMEL","metro_name":"Greater Melbourne"},"type":"Polygon","arcs":[[-2919,2829,-2913,2830,2831,2832,2833,2834,2835,-3081,2836,-3079,2837]],"id":"feature_0507"},{"properties":{"sa2_code":"209041224","sa2_name":"Wallan","state":"Victoria","metro_code":"2GMEL","metro_name":"Greater Melbourne"},"type":"Polygon","arcs":[[2838,2839,2840,-2851,2841,-2863,2842,-3166,2843,-2985,2844,-2983,2845,-2981,2846,-2979,2847,-2977,2848,-2975]],"id":"feature_0508"},{"properties":{"sa2_code":"209041225","sa2_name":"Whittlesea","state":"Victoria","metro_code":"2GMEL","metro_name":"Greater Melbourne"},"type":"Polygon","arcs":[[2849,2850,2851,2852,2853,2854,2855,-2897,2856,-2893,2857,-3128,2858,-3147,2859,-3145,2860,-3168,2861,2862]],"id":"feature_0509"},{"properties":{"sa2_code":"209041431","sa2_name":"Epping - East","state":"Victoria","metro_code":"2GMEL","metro_name":"Greater Melbourne"},"type":"Polygon","arcs":[[-2888,2863]],"id":"feature_0510"},{"properties":{"sa2_code":"209041432","sa2_name":"Epping - South","state":"Victoria","metro_code":"2GMEL","metro_name":"Greater Melbourne"},"type":"Polygon","arcs":[[2864,2865,-2917,2866,-3183,2867,-3181,2868,-3179,2869,-3142,2870]],"id":"feature_0511"},{"properties":{"sa2_code":"209041433","sa2_name":"Epping (Vic.) - West","state":"Victoria","metro_code":"2GMEL","metro_name":"Greater Melbourne"},"type":"Polygon","arcs":[[2871]],"id":"feature_0512"},{"properties":{"sa2_code":"209041435","sa2_name":"South Morang - North","state":"Victoria","metro_code":"2GMEL","metro_name":"Greater Melbourne"},"type":"Polygon","arcs":[[-2903,2872,2873,2874,2875,2876]],"id":"feature_0513"},{"properties":{"sa2_code":"209041436","sa2_name":"South Morang - South","state":"Victoria","metro_code":"2GMEL","metro_name":"Greater Melbourne"},"type":"Polygon","arcs":[[2877,2878,2879,2880,2881,2882,2883,2884,2885,2886,2887,2888]],"id":"feature_0514"},{"properties":{"sa2_code":"209041437","sa2_name":"Wollert","state":"Victoria","metro_code":"2GMEL","metro_name":"Greater Melbourne"},"type":"Polygon","arcs":[[-3140,2889,-3132,2890,-3130,2891,2892,2893,-2920,2894]],"id":"feature_0515"},{"properties":{"sa2_code":"209041527","sa2_name":"Doreen - North","state":"Victoria","metro_code":"2GMEL","metro_name":"Greater Melbourne"},"type":"Polygon","arcs":[[2895,2896,2897,-2924,2898,-2922]],"id":"feature_0516"},{"properties":{"sa2_code":"209041528","sa2_name":"Doreen - South","state":"Victoria","metro_code":"2GMEL","metro_name":"Greater Melbourne"},"type":"Polygon","arcs":[[2899,2900,2901,2902,2903,-2926]],"id":"feature_0517"},{"properties":{"sa2_code":"209041529","sa2_name":"Lalor - East","state":"Victoria","metro_code":"2GMEL","metro_name":"Greater Melbourne"},"type":"Polygon","arcs":[[2904,2905,2906,2907,2908,2909,2910,2911,2912]],"id":"feature_0518"},{"properties":{"sa2_code":"209041530","sa2_name":"Lalor - West","state":"Victoria","metro_code":"2GMEL","metro_name":"Greater Melbourne"},"type":"Polygon","arcs":[[2913,-3078,2914,-3076,2915,2916,2917,2918]],"id":"feature_0519"},{"properties":{"sa2_code":"209041531","sa2_name":"Mernda - North","state":"Victoria","metro_code":"2GMEL","metro_name":"Greater Melbourne"},"type":"Polygon","arcs":[[2919,2920,2921,2922,2923,2924]],"id":"feature_0520"},{"properties":{"sa2_code":"209041532","sa2_name":"Mernda - South","state":"Victoria","metro_code":"2GMEL","metro_name":"Greater Melbourne"},"type":"Polygon","arcs":[[2925,2926]],"id":"feature_0521"},{"properties":{"sa2_code":"210011226","sa2_name":"Airport West","state":"Victoria","metro_code":"2GMEL","metro_name":"Greater Melbourne"},"type":"Polygon","arcs":[[2927,-2952]],"id":"feature_0522"},{"properties":{"sa2_code":"210011227","sa2_name":"Essendon Airport","state":"Victoria","metro_code":"2GMEL","metro_name":"Greater Melbourne"},"type":"Polygon","arcs":[[-2941,2928,2929,2930]],"id":"feature_0523"},{"properties":{"sa2_code":"210011228","sa2_name":"Keilor","state":"Victoria","metro_code":"2GMEL","metro_name":"Greater Melbourne"},"type":"Polygon","arcs":[[2931,-3117,2932,-2951,2933,-3932,2934,-3976]],"id":"feature_0524"},{"properties":{"sa2_code":"210011230","sa2_name":"Niddrie - Essendon West","state":"Victoria","metro_code":"2GMEL","metro_name":"Greater Melbourne"},"type":"Polygon","arcs":[[2935,2936,-2947,2937,-2954,2938]],"id":"feature_0525"},{"properties":{"sa2_code":"210011231","sa2_name":"Strathmore","state":"Victoria","metro_code":"2GMEL","metro_name":"Greater Melbourne"},"type":"Polygon","arcs":[[2939,2940,2941,-3025,2942,-3034,2943,-3032,2944]],"id":"feature_0526"},{"properties":{"sa2_code":"210011533","sa2_name":"Avondale Heights","state":"Victoria","metro_code":"2GMEL","metro_name":"Greater Melbourne"},"type":"Polygon","arcs":[[-2956,2945,2946,2947,-4017,2948,-3951,2949]],"id":"feature_0527"},{"properties":{"sa2_code":"210011534","sa2_name":"Keilor East","state":"Victoria","metro_code":"2GMEL","metro_name":"Greater Melbourne"},"type":"Polygon","arcs":[[2950,2951,2952,2953,2954,2955,2956]],"id":"feature_0528"},{"properties":{"sa2_code":"210021232","sa2_name":"Gisborne","state":"Victoria","metro_code":"2GMEL","metro_name":"Greater Melbourne"},"type":"Polygon","arcs":[[2957,-2973,2958,-3067,2959,-3057,2960,-4136,2961,-4039,2962,-2965]],"id":"feature_0529"},{"properties":{"sa2_code":"210021233","sa2_name":"Macedon","state":"Victoria","metro_code":"2GMEL","metro_name":"Greater Melbourne"},"type":"Polygon","arcs":[[-2993,2963,-2967,2964,2965]],"id":"feature_0530"},{"properties":{"sa2_code":"210021234","sa2_name":"Riddells Creek","state":"Victoria","metro_code":"2GMEL","metro_name":"Greater Melbourne"},"type":"Polygon","arcs":[[2966,2967,-2991,2968,-2989,2969,-3044,2970,-3069,2971,2972,2973]],"id":"feature_0531"},{"properties":{"sa2_code":"210021235","sa2_name":"Romsey","state":"Victoria","metro_code":"2GMEL","metro_name":"Greater Melbourne"},"type":"Polygon","arcs":[[2974,2975,2976,2977,2978,2979,2980,2981,2982,2983,2984,2985,-3164,2986,-3046,2987,2988,2989,2990,2991,2992,2993]],"id":"feature_0532"},{"properties":{"sa2_code":"210031236","sa2_name":"Coburg North","state":"Victoria","metro_code":"2GMEL","metro_name":"Greater Melbourne"},"type":"Polygon","arcs":[[-3006,2994,2995,2996,2997,2998]],"id":"feature_0533"},{"properties":{"sa2_code":"210031237","sa2_name":"Fawkner","state":"Victoria","metro_code":"2GMEL","metro_name":"Greater Melbourne"},"type":"Polygon","arcs":[[-3014,2999,3000,3001,3002,3003,3004,3005,3006,-3011,3007]],"id":"feature_0534"},{"properties":{"sa2_code":"210031439","sa2_name":"Gowanbrae","state":"Victoria","metro_code":"2GMEL","metro_name":"Greater Melbourne"},"type":"Polygon","arcs":[[-3089,-3020,3008]],"id":"feature_0535"},{"properties":{"sa2_code":"210031440","sa2_name":"Hadfield","state":"Victoria","metro_code":"2GMEL","metro_name":"Greater Melbourne"},"type":"Polygon","arcs":[[-3016,3009,3010,3011]],"id":"feature_0536"},{"properties":{"sa2_code":"210031535","sa2_name":"Glenroy - East","state":"Victoria","metro_code":"2GMEL","metro_name":"Greater Melbourne"},"type":"Polygon","arcs":[[-3022,3012,3013,3014,3015,3016,-3037,3017,-3029,3018]],"id":"feature_0537"},{"properties":{"sa2_code":"210031536","sa2_name":"Glenroy - West","state":"Victoria","metro_code":"2GMEL","metro_name":"Greater Melbourne"},"type":"Polygon","arcs":[[3019,3020,3021,3022,-3027,3023]],"id":"feature_0538"},{"properties":{"sa2_code":"210031537","sa2_name":"Oak Park","state":"Victoria","metro_code":"2GMEL","metro_name":"Greater Melbourne"},"type":"Polygon","arcs":[[3024,3025,3026,3027,3028,3029,-3041,3030,3031,3032,3033,3034]],"id":"feature_0539"},{"properties":{"sa2_code":"210031538","sa2_name":"Pascoe Vale","state":"Victoria","metro_code":"2GMEL","metro_name":"Greater Melbourne"},"type":"Polygon","arcs":[[3035,3036,3037,3038,3039,3040]],"id":"feature_0540"},{"properties":{"sa2_code":"210041240","sa2_name":"Sunbury","state":"Victoria","metro_code":"2GMEL","metro_name":"Greater Melbourne"},"type":"Polygon","arcs":[[-3061,3041,-3071,3042,3043,3044,3045,3046,-3162,3047,-3160,3048,-3158,3049,-3156,3050,-3099,3051,-3097,3052,-3095,3053,-3093,3054,-3091]],"id":"feature_0541"},{"properties":{"sa2_code":"210041539","sa2_name":"Diggers Rest","state":"Victoria","metro_code":"2GMEL","metro_name":"Greater Melbourne"},"type":"Polygon","arcs":[[3055,3056,3057,-3064,3058,-4138]],"id":"feature_0542"},{"properties":{"sa2_code":"210041540","sa2_name":"Sunbury - South","state":"Victoria","metro_code":"2GMEL","metro_name":"Greater Melbourne"},"type":"Polygon","arcs":[[3059,3060,-3109,3061,-3968,3062,3063,3064,-3073]],"id":"feature_0543"},{"properties":{"sa2_code":"210041541","sa2_name":"Sunbury - West","state":"Victoria","metro_code":"2GMEL","metro_name":"Greater Melbourne"},"type":"Polygon","arcs":[[3065,3066,3067,3068,3069,3070,3071,3072]],"id":"feature_0544"},{"properties":{"sa2_code":"210051242","sa2_name":"Broadmeadows","state":"Victoria","metro_code":"2GMEL","metro_name":"Greater Melbourne"},"type":"Polygon","arcs":[[-3083,3073,-3088,3074]],"id":"feature_0545"},{"properties":{"sa2_code":"210051243","sa2_name":"Campbellfield - Coolaroo","state":"Victoria","metro_code":"2GMEL","metro_name":"Greater Melbourne"},"type":"Polygon","arcs":[[3075,3076,3077,3078,3079,3080,3081,3082,3083]],"id":"feature_0546"},{"properties":{"sa2_code":"210051245","sa2_name":"Gladstone Park - Westmeadows","state":"Victoria","metro_code":"2GMEL","metro_name":"Greater Melbourne"},"type":"Polygon","arcs":[[3084,-3114,3085,-3104,3086,3087,3088,3089,-3122]],"id":"feature_0547"},{"properties":{"sa2_code":"210051246","sa2_name":"Greenvale - Bulla","state":"Victoria","metro_code":"2GMEL","metro_name":"Greater Melbourne"},"type":"Polygon","arcs":[[3090,3091,3092,3093,3094,3095,3096,3097,3098,3099,-3154,3100,-3144,3101,3102,3103,3104,-3112,3105,-3120,-3972,3106,-3970,3107,3108]],"id":"feature_0548"},{"properties":{"sa2_code":"210051247","sa2_name":"Meadow Heights","state":"Victoria","metro_code":"2GMEL","metro_name":"Greater Melbourne"},"type":"Polygon","arcs":[[3109]],"id":"feature_0549"},{"properties":{"sa2_code":"210051248","sa2_name":"Melbourne Airport","state":"Victoria","metro_code":"2GMEL","metro_name":"Greater Melbourne"},"type":"Polygon","arcs":[[3110,3111,3112,3113,3114,-3124,3115,3116,3117,-3974,3118,3119]],"id":"feature_0550"},{"properties":{"sa2_code":"210051250","sa2_name":"Tullamarine","state":"Victoria","metro_code":"2GMEL","metro_name":"Greater Melbourne"},"type":"Polygon","arcs":[[3120,3121,3122,3123]],"id":"feature_0551"},{"properties":{"sa2_code":"210051441","sa2_name":"Craigieburn - Central","state":"Victoria","metro_code":"2GMEL","metro_name":"Greater Melbourne"},"type":"Polygon","arcs":[[-3134,3124,-3138,-3176,3125]],"id":"feature_0552"},{"properties":{"sa2_code":"210051442","sa2_name":"Craigieburn - North","state":"Victoria","metro_code":"2GMEL","metro_name":"Greater Melbourne"},"type":"Polygon","arcs":[[-3149,3126,3127,3128,3129,3130,3131,3132,3133,3134,-3172,3135]],"id":"feature_0553"},{"properties":{"sa2_code":"210051443","sa2_name":"Craigieburn - South","state":"Victoria","metro_code":"2GMEL","metro_name":"Greater Melbourne"},"type":"Polygon","arcs":[[3136,-3152,-3177,3137,3138,3139,3140,3141,3142,3143]],"id":"feature_0554"},{"properties":{"sa2_code":"210051445","sa2_name":"Mickleham - Yuroke","state":"Victoria","metro_code":"2GMEL","metro_name":"Greater Melbourne"},"type":"Polygon","arcs":[[3144,3145,3146,3147,3148,3149,-3170,3150,-3174,3151,3152,3153,3154,3155,3156,3157,3158,3159,3160,3161,3162,3163,3164,3165,3166,3167,3168]],"id":"feature_0555"},{"properties":{"sa2_code":"210051542","sa2_name":"Craigieburn - North West","state":"Victoria","metro_code":"2GMEL","metro_name":"Greater Melbourne"},"type":"Polygon","arcs":[[3169,3170,3171,3172]],"id":"feature_0556"},{"properties":{"sa2_code":"210051543","sa2_name":"Craigieburn - West","state":"Victoria","metro_code":"2GMEL","metro_name":"Greater Melbourne"},"type":"Polygon","arcs":[[3173,3174,3175,3176]],"id":"feature_0557"},{"properties":{"sa2_code":"210051544","sa2_name":"Roxburgh Park (South) - Somerton","state":"Victoria","metro_code":"2GMEL","metro_name":"Greater Melbourne"},"type":"Polygon","arcs":[[-3185,3177,3178,3179,3180,3181,3182,3183]],"id":"feature_0558"},{"properties":{"sa2_code":"210051545","sa2_name":"Roxburgh Park - North","state":"Victoria","metro_code":"2GMEL","metro_name":"Greater Melbourne"},"type":"Polygon","arcs":[[3184,3185]],"id":"feature_0559"},{"properties":{"sa2_code":"211011251","sa2_name":"Bayswater","state":"Victoria","metro_code":"2GMEL","metro_name":"Greater Melbourne"},"type":"Polygon","arcs":[[-3220,3186,-3306,3187,-3241,3188]],"id":"feature_0560"},{"properties":{"sa2_code":"211011254","sa2_name":"Knoxfield - Scoresby","state":"Victoria","metro_code":"2GMEL","metro_name":"Greater Melbourne"},"type":"Polygon","arcs":[[3189,-3243,3190,-3251,3191,-3262,3192,-3213,3193,-3204,3194,-3208,3195,-3920,3196,-3901,3197,-3226]],"id":"feature_0561"},{"properties":{"sa2_code":"211011255","sa2_name":"Lysterfield","state":"Victoria","metro_code":"2GMEL","metro_name":"Greater Melbourne"},"type":"Polygon","arcs":[[-3206,3198,-3393,3199,-3729,3200,-3216,3201]],"id":"feature_0562"},{"properties":{"sa2_code":"211011256","sa2_name":"Rowville - Central","state":"Victoria","metro_code":"2GMEL","metro_name":"Greater Melbourne"},"type":"Polygon","arcs":[[3202,3203,3204,-3211,3205,3206,3207]],"id":"feature_0563"},{"properties":{"sa2_code":"211011257","sa2_name":"Rowville - North","state":"Victoria","metro_code":"2GMEL","metro_name":"Greater Melbourne"},"type":"Polygon","arcs":[[3208,-3260,3209,3210,3211,3212]],"id":"feature_0564"},{"properties":{"sa2_code":"211011258","sa2_name":"Rowville - South","state":"Victoria","metro_code":"2GMEL","metro_name":"Greater Melbourne"},"type":"Polygon","arcs":[[-3911,3213,-3909,3214,3215,3216,-3737,3217,-3828,3218]],"id":"feature_0565"},{"properties":{"sa2_code":"211011259","sa2_name":"Wantirna","state":"Victoria","metro_code":"2GMEL","metro_name":"Greater Melbourne"},"type":"Polygon","arcs":[[3219,3220,-3232,3221,-3379,3222]],"id":"feature_0566"},{"properties":{"sa2_code":"211011260","sa2_name":"Wantirna South","state":"Victoria","metro_code":"2GMEL","metro_name":"Greater Melbourne"},"type":"Polygon","arcs":[[3223,-3239,3224,3225,3226,-3899,3227,-3897,3228,-3895,3229,-3381,3230,3231]],"id":"feature_0567"},{"properties":{"sa2_code":"211011446","sa2_name":"Boronia","state":"Victoria","metro_code":"2GMEL","metro_name":"Greater Melbourne"},"type":"Polygon","arcs":[[3232,-3304,3233,-3264,3234,-3527,3235,-3247,3236,-3245,3237,3238,3239,3240]],"id":"feature_0568"},{"properties":{"sa2_code":"211011447","sa2_name":"Ferntree Gully - North","state":"Victoria","metro_code":"2GMEL","metro_name":"Greater Melbourne"},"type":"Polygon","arcs":[[3241,3242,3243,3244,3245,3246,3247,-3525,3248,-3255,3249,-3253]],"id":"feature_0569"},{"properties":{"sa2_code":"211011448","sa2_name":"Ferntree Gully (South) - Upper Ferntree Gully","state":"Victoria","metro_code":"2GMEL","metro_name":"Greater Melbourne"},"type":"Polygon","arcs":[[3250,3251,3252,3253,3254,3255,-3523,3256,-3545,3257,-3555,3258,3259,3260,3261,3262]],"id":"feature_0570"},{"properties":{"sa2_code":"211011449","sa2_name":"The Basin","state":"Victoria","metro_code":"2GMEL","metro_name":"Greater Melbourne"},"type":"Polygon","arcs":[[3263,3264,-3531,-3530,3529,-3529,3265]],"id":"feature_0571"},{"properties":{"sa2_code":"211021261","sa2_name":"Donvale - Park Orchards","state":"Victoria","metro_code":"2GMEL","metro_name":"Greater Melbourne"},"type":"Polygon","arcs":[[3266,3267,-3292,3268,-3323,3269,-3356,3270,-3354,3271,-3359,3272,3273,3274,3275,3276]],"id":"feature_0572"},{"properties":{"sa2_code":"211021262","sa2_name":"Warrandyte - Wonga Park","state":"Victoria","metro_code":"2GMEL","metro_name":"Greater Melbourne"},"type":"Polygon","arcs":[[3277,3278,3279,3280,3281,3282,3283,3284,3285,3286,3287,3288,-3403,3289,-3309,3290,3291,3292,3293,3294,3295,3296,3297,3298,3299,3300]],"id":"feature_0573"},{"properties":{"sa2_code":"211031263","sa2_name":"Bayswater North","state":"Victoria","metro_code":"2GMEL","metro_name":"Greater Melbourne"},"type":"Polygon","arcs":[[-3341,3301,-3434,3302,3303,3304,3305,3306,-3320,3307]],"id":"feature_0574"},{"properties":{"sa2_code":"211031265","sa2_name":"Croydon Hills - Warranwood","state":"Victoria","metro_code":"2GMEL","metro_name":"Greater Melbourne"},"type":"Polygon","arcs":[[3308,3309,-3401,3310,-3337,3311]],"id":"feature_0575"},{"properties":{"sa2_code":"211031266","sa2_name":"Ringwood","state":"Victoria","metro_code":"2GMEL","metro_name":"Greater Melbourne"},"type":"Polygon","arcs":[[3312,-3335,3313,-3322,3314,-3372,3315,-3325]],"id":"feature_0576"},{"properties":{"sa2_code":"211031267","sa2_name":"Ringwood East","state":"Victoria","metro_code":"2GMEL","metro_name":"Greater Melbourne"},"type":"Polygon","arcs":[[3316,-3333,3317,-3343,3318,3319,3320,3321]],"id":"feature_0577"},{"properties":{"sa2_code":"211031268","sa2_name":"Ringwood North","state":"Victoria","metro_code":"2GMEL","metro_name":"Greater Melbourne"},"type":"Polygon","arcs":[[3322,3323,3324,3325]],"id":"feature_0578"},{"properties":{"sa2_code":"211031450","sa2_name":"Croydon - East","state":"Victoria","metro_code":"2GMEL","metro_name":"Greater Melbourne"},"type":"Polygon","arcs":[[-3331,3326,-3497,3327,-3339,3328]],"id":"feature_0579"},{"properties":{"sa2_code":"211031451","sa2_name":"Croydon - West","state":"Victoria","metro_code":"2GMEL","metro_name":"Greater Melbourne"},"type":"Polygon","arcs":[[3329,3330,3331,3332,3333,3334,3335,3336]],"id":"feature_0580"},{"properties":{"sa2_code":"211031452","sa2_name":"Croydon South","state":"Victoria","metro_code":"2GMEL","metro_name":"Greater Melbourne"},"type":"Polygon","arcs":[[3337,3338,3339,3340,3341,3342]],"id":"feature_0581"},{"properties":{"sa2_code":"211041269","sa2_name":"Forest Hill","state":"Victoria","metro_code":"2GMEL","metro_name":"Greater Melbourne"},"type":"Polygon","arcs":[[3343,3344,3345,-3367,3346,-3365,3347,-3375,3348,3349,3350,3351]],"id":"feature_0582"},{"properties":{"sa2_code":"211041270","sa2_name":"Mitcham (Vic.)","state":"Victoria","metro_code":"2GMEL","metro_name":"Greater Melbourne"},"type":"Polygon","arcs":[[-3361,3352,3353,3354,3355,3356,-3363,3357]],"id":"feature_0583"},{"properties":{"sa2_code":"211041271","sa2_name":"Nunawading","state":"Victoria","metro_code":"2GMEL","metro_name":"Greater Melbourne"},"type":"Polygon","arcs":[[3358,3359,3360,3361,3362,3363,3364,3365,3366,3367,3368,3369]],"id":"feature_0584"},{"properties":{"sa2_code":"211041272","sa2_name":"Vermont","state":"Victoria","metro_code":"2GMEL","metro_name":"Greater Melbourne"},"type":"Polygon","arcs":[[3370,3371,3372,-3377,3373,3374]],"id":"feature_0585"},{"properties":{"sa2_code":"211041273","sa2_name":"Vermont South","state":"Victoria","metro_code":"2GMEL","metro_name":"Greater Melbourne"},"type":"Polygon","arcs":[[3375,3376,3377,3378,3379,3380,3381]],"id":"feature_0586"},{"properties":{"sa2_code":"211051274","sa2_name":"Belgrave - Selby","state":"Victoria","metro_code":"2GMEL","metro_name":"Greater Melbourne"},"type":"Polygon","arcs":[[3382,-3520,3383,-3518,3384,-3516,3385,-3514,3386,-3512,3387,-3510,3388,-3611,3389,-3652,3390,-3717,3391,3392,3393,-3553,3394,-3551,3395,-3549]],"id":"feature_0587"},{"properties":{"sa2_code":"211051275","sa2_name":"Chirnside Park","state":"Victoria","metro_code":"2GMEL","metro_name":"Greater Melbourne"},"type":"Polygon","arcs":[[3396,3397,-3436,3398,-3489,3399,3400,3401,3402]],"id":"feature_0588"},{"properties":{"sa2_code":"211051276","sa2_name":"Healesville - Yarra Glen","state":"Victoria","metro_code":"2GMEL","metro_name":"Greater Melbourne"},"type":"Polygon","arcs":[[-3452,3403,-3450,3404,-3448,3405,-3446,3406,-3444,3407,-3442,3408,3409,3410,3411,3412,3413,3414,3415,3416,3417,3418,-3585,3419,-3610,3420,-3569,3421,-3567,3422,-3565,3423,-3563,3424,-3462,3425,-3460,3426,-3458,3427,-3456,3428,-3454,3429]],"id":"feature_0589"},{"properties":{"sa2_code":"211051277","sa2_name":"Kilsyth","state":"Victoria","metro_code":"2GMEL","metro_name":"Greater Melbourne"},"type":"Polygon","arcs":[[3430,-3495,3431,-3488,-3533,3432,3433]],"id":"feature_0590"},{"properties":{"sa2_code":"211051278","sa2_name":"Lilydale - Coldstream","state":"Victoria","metro_code":"2GMEL","metro_name":"Greater Melbourne"},"type":"Polygon","arcs":[[3434,3435,3436,3437,3438,3439,3440,3441,3442,3443,3444,3445,3446,3447,3448,3449,3450,3451,3452,3453,3454,3455,3456,3457,3458,3459,3460,3461,3462,-3561,3463,-3559,3464,-3557,3465,-3537,3466,-3535,3467,-3484,3468,-3491]],"id":"feature_0591"},{"properties":{"sa2_code":"211051279","sa2_name":"Monbulk - Silvan","state":"Victoria","metro_code":"2GMEL","metro_name":"Greater Melbourne"},"type":"Polygon","arcs":[[-3503,3469,-3578,3470,-3576,3471,-3598,3472,-3596,3473,-3623,3474,-3621,3475,-3619,3476,-3617,3477,-3615,3478,-3507,3479,-3505,3480]],"id":"feature_0592"},{"properties":{"sa2_code":"211051280","sa2_name":"Montrose","state":"Victoria","metro_code":"2GMEL","metro_name":"Greater Melbourne"},"type":"Polygon","arcs":[[3481,-3493,3482,3483,3484,-3543,3485,-3500,3486,-3534,3487]],"id":"feature_0593"},{"properties":{"sa2_code":"211051281","sa2_name":"Mooroolbark","state":"Victoria","metro_code":"2GMEL","metro_name":"Greater Melbourne"},"type":"Polygon","arcs":[[3488,3489,3490,3491,3492,3493,3494,3495,3496,3497]],"id":"feature_0594"},{"properties":{"sa2_code":"211051282","sa2_name":"Mount Dandenong - Olinda","state":"Victoria","metro_code":"2GMEL","metro_name":"Greater Melbourne"},"type":"Polygon","arcs":[[3498,3499,3500,-3541,3501,3502,3503,3504,3505,3506,3507,-3613,3508,3509,3510,3511,3512,3513,3514,3515,3516,3517,3518,3519,3520,-3547,3521,3522,3523,3524,3525,3526,3527,3528,-3530,3529,3530,3531,3532,3533]],"id":"feature_0595"},{"properties":{"sa2_code":"211051283","sa2_name":"Mount Evelyn","state":"Victoria","metro_code":"2GMEL","metro_name":"Greater Melbourne"},"type":"Polygon","arcs":[[3534,3535,3536,3537,-3582,3538,-3580,3539,3540,3541,3542,3543]],"id":"feature_0596"},{"properties":{"sa2_code":"211051284","sa2_name":"Upwey - Tecoma","state":"Victoria","metro_code":"2GMEL","metro_name":"Greater Melbourne"},"type":"Polygon","arcs":[[3544,3545,3546,3547,3548,3549,3550,3551,3552,3553,3554,3555]],"id":"feature_0597"},{"properties":{"sa2_code":"211051285","sa2_name":"Wandin - Seville","state":"Victoria","metro_code":"2GMEL","metro_name":"Greater Melbourne"},"type":"Polygon","arcs":[[3556,3557,3558,3559,3560,3561,3562,3563,3564,3565,3566,3567,3568,3569,-3608,3570,-3606,3571,-3604,3572,-3602,3573,-3600,3574,3575,3576,3577,3578,3579,3580,3581,3582]],"id":"feature_0598"},{"properties":{"sa2_code":"211051286","sa2_name":"Yarra Valley","state":"Victoria","metro_code":"2GMEL","metro_name":"Greater Melbourne"},"type":"Polygon","arcs":[[3583,3584,3585,-3641,3586,-3639,3587,-3637,3588,-3635,3589,-3633,3590,-3631,3591,-3629,3592,-3627,3593,-3625,3594,3595,3596,3597,3598,3599,3600,3601,3602,3603,3604,3605,3606,3607,3608,3609]],"id":"feature_0599"},{"properties":{"sa2_code":"212011289","sa2_name":"Emerald - Cockatoo","state":"Victoria","metro_code":"2GMEL","metro_name":"Greater Melbourne"},"type":"Polygon","arcs":[[3610,3611,3612,3613,3614,3615,3616,3617,3618,3619,3620,3621,3622,3623,3624,3625,3626,3627,3628,3629,3630,3631,3632,3633,3634,3635,3636,3637,3638,3639,3640,3641,-3665,3642,-3683,3643,-3681,3644,-3690,3645,-3688,3646,-3655,3647,-3662,3648,-3721,3649,-3719,3650,3651,3652]],"id":"feature_0600"},{"properties":{"sa2_code":"212011546","sa2_name":"Beaconsfield - Officer","state":"Victoria","metro_code":"2GMEL","metro_name":"Greater Melbourne"},"type":"Polygon","arcs":[[3653,3654,3655,-3686,3656,-3760,3657,-3758,3658,-3705,3659,-3723,3660,3661]],"id":"feature_0601"},{"properties":{"sa2_code":"212011547","sa2_name":"Bunyip - Garfield","state":"Victoria","metro_code":"2GMEL","metro_name":"Greater Melbourne"},"type":"Polygon","arcs":[[3662,-3685,3663,3664,3665,-3672,3666,-3695]],"id":"feature_0602"},{"properties":{"sa2_code":"212011548","sa2_name":"Koo Wee Rup","state":"Victoria","metro_code":"2GMEL","metro_name":"Greater Melbourne"},"type":"Polygon","arcs":[[3667,-3762,3668,-3701,3669,-3697,3670,3671,3672,-3783,3673,-3770,3674,-3797,3675,-3793,3676,-3791]],"id":"feature_0603"},{"properties":{"sa2_code":"212011549","sa2_name":"Pakenham - North East","state":"Victoria","metro_code":"2GMEL","metro_name":"Greater Melbourne"},"type":"Polygon","arcs":[[3677,3678,-3692,3679,3680,3681,3682,3683,3684]],"id":"feature_0604"},{"properties":{"sa2_code":"212011550","sa2_name":"Pakenham - North West","state":"Victoria","metro_code":"2GMEL","metro_name":"Greater Melbourne"},"type":"Polygon","arcs":[[3685,3686,3687,3688,3689,3690,3691,3692]],"id":"feature_0605"},{"properties":{"sa2_code":"212011551","sa2_name":"Pakenham - South East","state":"Victoria","metro_code":"2GMEL","metro_name":"Greater Melbourne"},"type":"Polygon","arcs":[[3693,3694,3695,3696,3697,-3699]],"id":"feature_0606"},{"properties":{"sa2_code":"212011552","sa2_name":"Pakenham - South West","state":"Victoria","metro_code":"2GMEL","metro_name":"Greater Melbourne"},"type":"Polygon","arcs":[[3698,3699,3700,3701]],"id":"feature_0607"},{"properties":{"sa2_code":"212021293","sa2_name":"Berwick - North","state":"Victoria","metro_code":"2GMEL","metro_name":"Greater Melbourne"},"type":"Polygon","arcs":[[-3744,3702,-3725,3703,3704,3705,-3756,3706,-3766,-3752,3707,-3746,3708]],"id":"feature_0608"},{"properties":{"sa2_code":"212021295","sa2_name":"Doveton","state":"Victoria","metro_code":"2GMEL","metro_name":"Greater Melbourne"},"type":"Polygon","arcs":[[3709,-3870,3710,-3734,3711,-3872]],"id":"feature_0609"},{"properties":{"sa2_code":"212021297","sa2_name":"Hallam","state":"Victoria","metro_code":"2GMEL","metro_name":"Greater Melbourne"},"type":"Polygon","arcs":[[3712,-3755,3713,-3818]],"id":"feature_0610"},{"properties":{"sa2_code":"212021299","sa2_name":"Narre Warren North","state":"Victoria","metro_code":"2GMEL","metro_name":"Greater Melbourne"},"type":"Polygon","arcs":[[3714,-3731,3715,3716,3717,3718,3719,3720,3721,3722,3723,3724,3725,-3742,3726,-3740]],"id":"feature_0611"},{"properties":{"sa2_code":"212021453","sa2_name":"Endeavour Hills - North","state":"Victoria","metro_code":"2GMEL","metro_name":"Greater Melbourne"},"type":"Polygon","arcs":[[3727,3728,3729,3730,3731,-3738,3732,3733,3734,-3830,3735,3736]],"id":"feature_0612"},{"properties":{"sa2_code":"212021454","sa2_name":"Endeavour Hills - South","state":"Victoria","metro_code":"2GMEL","metro_name":"Greater Melbourne"},"type":"Polygon","arcs":[[3737,3738,3739,3740]],"id":"feature_0613"},{"properties":{"sa2_code":"212021455","sa2_name":"Narre Warren - North East","state":"Victoria","metro_code":"2GMEL","metro_name":"Greater Melbourne"},"type":"Polygon","arcs":[[3741,3742,3743,3744,3745,3746,-3750,3747]],"id":"feature_0614"},{"properties":{"sa2_code":"212021456","sa2_name":"Narre Warren - South West","state":"Victoria","metro_code":"2GMEL","metro_name":"Greater Melbourne"},"type":"Polygon","arcs":[[3748,3749,3750,3751,-3765,3752,-3785,3753,-3814,3754]],"id":"feature_0615"},{"properties":{"sa2_code":"212021553","sa2_name":"Berwick - South East","state":"Victoria","metro_code":"2GMEL","metro_name":"Greater Melbourne"},"type":"Polygon","arcs":[[3755,3756,3757,3758,3759,3760,3761,3762]],"id":"feature_0616"},{"properties":{"sa2_code":"212021554","sa2_name":"Berwick - South West","state":"Victoria","metro_code":"2GMEL","metro_name":"Greater Melbourne"},"type":"Polygon","arcs":[[3763,3764,3765,3766,-3787]],"id":"feature_0617"},{"properties":{"sa2_code":"212031300","sa2_name":"Cranbourne","state":"Victoria","metro_code":"2GMEL","metro_name":"Greater Melbourne"},"type":"Polygon","arcs":[[-3811,3767,-3801,3768,-3773]],"id":"feature_0618"},{"properties":{"sa2_code":"212031303","sa2_name":"Cranbourne South","state":"Victoria","metro_code":"2GMEL","metro_name":"Greater Melbourne"},"type":"Polygon","arcs":[[3769,3770,-3781,3771]],"id":"feature_0619"},{"properties":{"sa2_code":"212031304","sa2_name":"Cranbourne West","state":"Victoria","metro_code":"2GMEL","metro_name":"Greater Melbourne"},"type":"Polygon","arcs":[[-3779,3772,3773]],"id":"feature_0620"},{"properties":{"sa2_code":"212031306","sa2_name":"Lynbrook - Lyndhurst","state":"Victoria","metro_code":"2GMEL","metro_name":"Greater Melbourne"},"type":"Polygon","arcs":[[3774,-3820,3775,-3816,3776,-3807,3777,3778]],"id":"feature_0621"},{"properties":{"sa2_code":"212031308","sa2_name":"Pearcedale - Tooradin","state":"Victoria","metro_code":"2GMEL","metro_name":"Greater Melbourne"},"type":"Polygon","arcs":[[3779,3780,3781,3782,3783,-4349]],"id":"feature_0622"},{"properties":{"sa2_code":"212031457","sa2_name":"Narre Warren South - East","state":"Victoria","metro_code":"2GMEL","metro_name":"Greater Melbourne"},"type":"Polygon","arcs":[[3784,3785,3786,3787]],"id":"feature_0623"},{"properties":{"sa2_code":"212031458","sa2_name":"Narre Warren South - West","state":"Victoria","metro_code":"2GMEL","metro_name":"Greater Melbourne"},"type":"Polygon","arcs":[[-3809,3788]],"id":"feature_0624"},{"properties":{"sa2_code":"212031555","sa2_name":"Clyde North - North","state":"Victoria","metro_code":"2GMEL","metro_name":"Greater Melbourne"},"type":"Polygon","arcs":[[3789,3790,3791,3792,3793,-3795]],"id":"feature_0625"},{"properties":{"sa2_code":"212031556","sa2_name":"Clyde North - South","state":"Victoria","metro_code":"2GMEL","metro_name":"Greater Melbourne"},"type":"Polygon","arcs":[[3794,3795,3796,3797]],"id":"feature_0626"},{"properties":{"sa2_code":"212031557","sa2_name":"Cranbourne East - North","state":"Victoria","metro_code":"2GMEL","metro_name":"Greater Melbourne"},"type":"Polygon","arcs":[[3798,-3805,3799,-3803]],"id":"feature_0627"},{"properties":{"sa2_code":"212031558","sa2_name":"Cranbourne East - South","state":"Victoria","metro_code":"2GMEL","metro_name":"Greater Melbourne"},"type":"Polygon","arcs":[[3800,3801,3802,3803]],"id":"feature_0628"},{"properties":{"sa2_code":"212031559","sa2_name":"Cranbourne North - East","state":"Victoria","metro_code":"2GMEL","metro_name":"Greater Melbourne"},"type":"Polygon","arcs":[[3804,3805]],"id":"feature_0629"},{"properties":{"sa2_code":"212031560","sa2_name":"Cranbourne North - West","state":"Victoria","metro_code":"2GMEL","metro_name":"Greater Melbourne"},"type":"Polygon","arcs":[[3806,3807,3808,3809,3810,3811]],"id":"feature_0630"},{"properties":{"sa2_code":"212031561","sa2_name":"Hampton Park - East","state":"Victoria","metro_code":"2GMEL","metro_name":"Greater Melbourne"},"type":"Polygon","arcs":[[3812,3813,3814,3815]],"id":"feature_0631"},{"properties":{"sa2_code":"212031562","sa2_name":"Hampton Park - West","state":"Victoria","metro_code":"2GMEL","metro_name":"Greater Melbourne"},"type":"Polygon","arcs":[[3816,3817,3818,3819,3820,-3879]],"id":"feature_0632"},{"properties":{"sa2_code":"212041309","sa2_name":"Clarinda - Oakleigh South","state":"Victoria","metro_code":"2GMEL","metro_name":"Greater Melbourne"},"type":"Polygon","arcs":[[3821,3822,-3826,3823]],"id":"feature_0633"},{"properties":{"sa2_code":"212041310","sa2_name":"Clayton South","state":"Victoria","metro_code":"2GMEL","metro_name":"Greater Melbourne"},"type":"Polygon","arcs":[[3824,3825]],"id":"feature_0634"},{"properties":{"sa2_code":"212041312","sa2_name":"Dandenong North","state":"Victoria","metro_code":"2GMEL","metro_name":"Greater Melbourne"},"type":"Polygon","arcs":[[3826,3827,3828,3829,3830,3831,-3840]],"id":"feature_0635"},{"properties":{"sa2_code":"212041313","sa2_name":"Dingley Village","state":"Victoria","metro_code":"2GMEL","metro_name":"Greater Melbourne"},"type":"Polygon","arcs":[[3832,3833,3834,-3850,3835,3836,3837]],"id":"feature_0636"},{"properties":{"sa2_code":"212041316","sa2_name":"Noble Park North","state":"Victoria","metro_code":"2GMEL","metro_name":"Greater Melbourne"},"type":"Polygon","arcs":[[-3844,3838,3839,3840,3841,-3846,3842]],"id":"feature_0637"},{"properties":{"sa2_code":"212041317","sa2_name":"Springvale","state":"Victoria","metro_code":"2GMEL","metro_name":"Greater Melbourne"},"type":"Polygon","arcs":[[3843,3844,3845,3846,-3859,3847,-3863,3848]],"id":"feature_0638"},{"properties":{"sa2_code":"212041318","sa2_name":"Springvale South","state":"Victoria","metro_code":"2GMEL","metro_name":"Greater Melbourne"},"type":"Polygon","arcs":[[3849,3850,-3861,3851,-3868,3852,-3866,3853,-3883,3854]],"id":"feature_0639"},{"properties":{"sa2_code":"212041459","sa2_name":"Noble Park - East","state":"Victoria","metro_code":"2GMEL","metro_name":"Greater Melbourne"},"type":"Polygon","arcs":[[3855,-3875,3856,-3887,3857,3858]],"id":"feature_0640"},{"properties":{"sa2_code":"212041460","sa2_name":"Noble Park - West","state":"Victoria","metro_code":"2GMEL","metro_name":"Greater Melbourne"},"type":"Polygon","arcs":[[3859,3860,3861,3862,3863,-3885,3864,3865,3866,3867]],"id":"feature_0641"},{"properties":{"sa2_code":"212041563","sa2_name":"Dandenong - North","state":"Victoria","metro_code":"2GMEL","metro_name":"Greater Melbourne"},"type":"Polygon","arcs":[[3868,3869,3870,3871,3872,-3877,3873,3874]],"id":"feature_0642"},{"properties":{"sa2_code":"212041564","sa2_name":"Dandenong - South","state":"Victoria","metro_code":"2GMEL","metro_name":"Greater Melbourne"},"type":"Polygon","arcs":[[-3889,3875,3876,3877,3878,3879,3880]],"id":"feature_0643"},{"properties":{"sa2_code":"212041565","sa2_name":"Keysborough - North","state":"Victoria","metro_code":"2GMEL","metro_name":"Greater Melbourne"},"type":"Polygon","arcs":[[3881,3882,3883,3884,3885,3886,3887,3888,3889,-3891]],"id":"feature_0644"},{"properties":{"sa2_code":"212041566","sa2_name":"Keysborough - South","state":"Victoria","metro_code":"2GMEL","metro_name":"Greater Melbourne"},"type":"Polygon","arcs":[[3890,3891]],"id":"feature_0645"},{"properties":{"sa2_code":"212051319","sa2_name":"Ashwood - Chadstone","state":"Victoria","metro_code":"2GMEL","metro_name":"Greater Melbourne"},"type":"Polygon","arcs":[[3892,-3916]],"id":"feature_0646"},{"properties":{"sa2_code":"212051321","sa2_name":"Glen Waverley - East","state":"Victoria","metro_code":"2GMEL","metro_name":"Greater Melbourne"},"type":"Polygon","arcs":[[-3903,3893,3894,3895,3896,3897,3898,3899,3900,3901,-3918]],"id":"feature_0647"},{"properties":{"sa2_code":"212051322","sa2_name":"Glen Waverley - West","state":"Victoria","metro_code":"2GMEL","metro_name":"Greater Melbourne"},"type":"Polygon","arcs":[[3902,3903]],"id":"feature_0648"},{"properties":{"sa2_code":"212051323","sa2_name":"Mount Waverley - North","state":"Victoria","metro_code":"2GMEL","metro_name":"Greater Melbourne"},"type":"Polygon","arcs":[[3904,-3906]],"id":"feature_0649"},{"properties":{"sa2_code":"212051324","sa2_name":"Mount Waverley - South","state":"Victoria","metro_code":"2GMEL","metro_name":"Greater Melbourne"},"type":"Polygon","arcs":[[3905,3906]],"id":"feature_0650"},{"properties":{"sa2_code":"212051325","sa2_name":"Mulgrave","state":"Victoria","metro_code":"2GMEL","metro_name":"Greater Melbourne"},"type":"Polygon","arcs":[[-3924,3907,-3921,3908,3909,3910,3911]],"id":"feature_0651"},{"properties":{"sa2_code":"212051326","sa2_name":"Oakleigh - Huntingdale","state":"Victoria","metro_code":"2GMEL","metro_name":"Greater Melbourne"},"type":"Polygon","arcs":[[-3922,3912,-3927,3913,3914,3915,3916]],"id":"feature_0652"},{"properties":{"sa2_code":"212051327","sa2_name":"Wheelers Hill","state":"Victoria","metro_code":"2GMEL","metro_name":"Greater Melbourne"},"type":"Polygon","arcs":[[3917,3918,3919,3920]],"id":"feature_0653"},{"properties":{"sa2_code":"212051567","sa2_name":"Clayton (North) - Notting Hill","state":"Victoria","metro_code":"2GMEL","metro_name":"Greater Melbourne"},"type":"Polygon","arcs":[[3921,3922,3923,3924]],"id":"feature_0654"},{"properties":{"sa2_code":"212051568","sa2_name":"Clayton - Central","state":"Victoria","metro_code":"2GMEL","metro_name":"Greater Melbourne"},"type":"Polygon","arcs":[[3925,3926]],"id":"feature_0655"},{"properties":{"sa2_code":"213011328","sa2_name":"Ardeer - Albion","state":"Victoria","metro_code":"2GMEL","metro_name":"Greater Melbourne"},"type":"Polygon","arcs":[[-3948,3927]],"id":"feature_0656"},{"properties":{"sa2_code":"213011329","sa2_name":"Cairnlea","state":"Victoria","metro_code":"2GMEL","metro_name":"Greater Melbourne"},"type":"Polygon","arcs":[[3928,-3940,3929,-3982]],"id":"feature_0657"},{"properties":{"sa2_code":"213011331","sa2_name":"Delahey","state":"Victoria","metro_code":"2GMEL","metro_name":"Greater Melbourne"},"type":"Polygon","arcs":[[-4068,3930]],"id":"feature_0658"},{"properties":{"sa2_code":"213011332","sa2_name":"Keilor Downs","state":"Victoria","metro_code":"2GMEL","metro_name":"Greater Melbourne"},"type":"Polygon","arcs":[[3931,3932,-3949,3933,-3938,3934]],"id":"feature_0659"},{"properties":{"sa2_code":"213011333","sa2_name":"Kings Park (Vic.)","state":"Victoria","metro_code":"2GMEL","metro_name":"Greater Melbourne"},"type":"Polygon","arcs":[[3935,-3980,3936]],"id":"feature_0660"},{"properties":{"sa2_code":"213011334","sa2_name":"St Albans - North","state":"Victoria","metro_code":"2GMEL","metro_name":"Greater Melbourne"},"type":"Polygon","arcs":[[3937,3938]],"id":"feature_0661"},{"properties":{"sa2_code":"213011335","sa2_name":"St Albans - South","state":"Victoria","metro_code":"2GMEL","metro_name":"Greater Melbourne"},"type":"Polygon","arcs":[[3939,3940]],"id":"feature_0662"},{"properties":{"sa2_code":"213011336","sa2_name":"Sunshine","state":"Victoria","metro_code":"2GMEL","metro_name":"Greater Melbourne"},"type":"Polygon","arcs":[[3941,-3954,3942,-3963,3943,-3961,3944,-3959,3945,-3957,3946,3947]],"id":"feature_0663"},{"properties":{"sa2_code":"213011337","sa2_name":"Sunshine North","state":"Victoria","metro_code":"2GMEL","metro_name":"Greater Melbourne"},"type":"Polygon","arcs":[[3948,3949,3950,3951,-4009,3952,3953,3954]],"id":"feature_0664"},{"properties":{"sa2_code":"213011338","sa2_name":"Sunshine West","state":"Victoria","metro_code":"2GMEL","metro_name":"Greater Melbourne"},"type":"Polygon","arcs":[[3955,3956,3957,3958,3959,3960,3961,3962,3963,-4170,3964,-3986]],"id":"feature_0665"},{"properties":{"sa2_code":"213011339","sa2_name":"Sydenham","state":"Victoria","metro_code":"2GMEL","metro_name":"Greater Melbourne"},"type":"Polygon","arcs":[[-4126,3965,-4066,3966]],"id":"feature_0666"},{"properties":{"sa2_code":"213011340","sa2_name":"Taylors Lakes","state":"Victoria","metro_code":"2GMEL","metro_name":"Greater Melbourne"},"type":"Polygon","arcs":[[3967,3968,3969,3970,3971,3972,3973,3974,3975,3976]],"id":"feature_0667"},{"properties":{"sa2_code":"213011569","sa2_name":"Deer Park","state":"Victoria","metro_code":"2GMEL","metro_name":"Greater Melbourne"},"type":"Polygon","arcs":[[3977,-4072,3978,3979,3980,3981,3982,-3984]],"id":"feature_0668"},{"properties":{"sa2_code":"213011570","sa2_name":"Derrimut","state":"Victoria","metro_code":"2GMEL","metro_name":"Greater Melbourne"},"type":"Polygon","arcs":[[3983,3984,3985,3986]],"id":"feature_0669"},{"properties":{"sa2_code":"213021341","sa2_name":"Altona","state":"Victoria","metro_code":"2GMEL","metro_name":"Greater Melbourne"},"type":"Polygon","arcs":[[-4172,3987,-3997,3988,-3991]],"id":"feature_0670"},{"properties":{"sa2_code":"213021342","sa2_name":"Altona Meadows","state":"Victoria","metro_code":"2GMEL","metro_name":"Greater Melbourne"},"type":"Polygon","arcs":[[-4004,3989,-4173,3990,3991,-4187,3992,-4185,3993,-4183,3994]],"id":"feature_0671"},{"properties":{"sa2_code":"213021343","sa2_name":"Altona North","state":"Victoria","metro_code":"2GMEL","metro_name":"Greater Melbourne"},"type":"Polygon","arcs":[[-4002,3995,3996,3997]],"id":"feature_0672"},{"properties":{"sa2_code":"213021344","sa2_name":"Newport","state":"Victoria","metro_code":"2GMEL","metro_name":"Greater Melbourne"},"type":"Polygon","arcs":[[3998,-4037,3999,-4008,4000,4001]],"id":"feature_0673"},{"properties":{"sa2_code":"213021345","sa2_name":"Seabrook","state":"Victoria","metro_code":"2GMEL","metro_name":"Greater Melbourne"},"type":"Polygon","arcs":[[4002,4003,4004,-4181,4005,-4206]],"id":"feature_0674"},{"properties":{"sa2_code":"213021346","sa2_name":"Williamstown","state":"Victoria","metro_code":"2GMEL","metro_name":"Greater Melbourne"},"type":"Polygon","arcs":[[4006,4007]],"id":"feature_0675"},{"properties":{"sa2_code":"213031347","sa2_name":"Braybrook","state":"Victoria","metro_code":"2GMEL","metro_name":"Greater Melbourne"},"type":"Polygon","arcs":[[4008,4009,-4023,4010,-4028,4011]],"id":"feature_0676"},{"properties":{"sa2_code":"213031348","sa2_name":"Footscray","state":"Victoria","metro_code":"2GMEL","metro_name":"Greater Melbourne"},"type":"Polygon","arcs":[[4012,-4021,4013,-4034,4014,-4026,4015,-4030]],"id":"feature_0677"},{"properties":{"sa2_code":"213031349","sa2_name":"Maribyrnong","state":"Victoria","metro_code":"2GMEL","metro_name":"Greater Melbourne"},"type":"Polygon","arcs":[[4016,4017,4018,4019,4020,4021,4022,4023]],"id":"feature_0678"},{"properties":{"sa2_code":"213031350","sa2_name":"Seddon - Kingsville","state":"Victoria","metro_code":"2GMEL","metro_name":"Greater Melbourne"},"type":"Polygon","arcs":[[4024,4025,4026,-4032]],"id":"feature_0679"},{"properties":{"sa2_code":"213031351","sa2_name":"West Footscray - Tottenham","state":"Victoria","metro_code":"2GMEL","metro_name":"Greater Melbourne"},"type":"Polygon","arcs":[[4027,4028,4029,4030]],"id":"feature_0680"},{"properties":{"sa2_code":"213031352","sa2_name":"Yarraville","state":"Victoria","metro_code":"2GMEL","metro_name":"Greater Melbourne"},"type":"Polygon","arcs":[[4031,4032,4033,4034,4035,4036,4037]],"id":"feature_0681"},{"properties":{"sa2_code":"213041353","sa2_name":"Bacchus Marsh","state":"Victoria","metro_code":"2GMEL","metro_name":"Greater Melbourne"},"type":"Polygon","arcs":[[4038,4039,-4134,4040,-4132,4041,-4051,4042,-4049,4043,-4055,4044,-4088,4045,-4093,4046]],"id":"feature_0682"},{"properties":{"sa2_code":"213041358","sa2_name":"Melton West","state":"Victoria","metro_code":"2GMEL","metro_name":"Greater Melbourne"},"type":"Polygon","arcs":[[4047,4048,4049,4050,4051,-4130,4052,-4084,4053,4054]],"id":"feature_0683"},{"properties":{"sa2_code":"213041359","sa2_name":"Rockbank - Mount Cottrell","state":"Victoria","metro_code":"2GMEL","metro_name":"Greater Melbourne"},"type":"Polygon","arcs":[[-4109,4055,-4107,4056,-4105,4057,-4123,4058,-4121,4059,-4119,4060,-4083,4061,-4102,4062,-4100,4063]],"id":"feature_0684"},{"properties":{"sa2_code":"213041360","sa2_name":"Taylors Hill","state":"Victoria","metro_code":"2GMEL","metro_name":"Greater Melbourne"},"type":"Polygon","arcs":[[4064,4065,4066,4067,4068,-4115]],"id":"feature_0685"},{"properties":{"sa2_code":"213041461","sa2_name":"Burnside","state":"Victoria","metro_code":"2GMEL","metro_name":"Greater Melbourne"},"type":"Polygon","arcs":[[4069,-4076,4070,4071,4072,-4081]],"id":"feature_0686"},{"properties":{"sa2_code":"213041462","sa2_name":"Burnside Heights","state":"Victoria","metro_code":"2GMEL","metro_name":"Greater Melbourne"},"type":"Polygon","arcs":[[-4079,4073,4074,4075,4076]],"id":"feature_0687"},{"properties":{"sa2_code":"213041463","sa2_name":"Caroline Springs","state":"Victoria","metro_code":"2GMEL","metro_name":"Greater Melbourne"},"type":"Polygon","arcs":[[-4117,4077,4078,4079,4080,4081,4082]],"id":"feature_0688"},{"properties":{"sa2_code":"213041571","sa2_name":"Brookfield","state":"Victoria","metro_code":"2GMEL","metro_name":"Greater Melbourne"},"type":"Polygon","arcs":[[4083,4084,-4160,4085,-4095,4086,4087,4088]],"id":"feature_0689"},{"properties":{"sa2_code":"213041572","sa2_name":"Cobblebank - Strathtulloh","state":"Victoria","metro_code":"2GMEL","metro_name":"Greater Melbourne"},"type":"Polygon","arcs":[[4089,-4147,4090,-4152]],"id":"feature_0690"},{"properties":{"sa2_code":"213041573","sa2_name":"Eynesbury - Exford","state":"Victoria","metro_code":"2GMEL","metro_name":"Greater Melbourne"},"type":"Polygon","arcs":[[4091,4092,4093,4094,4095,-4158,4096,-4156,4097,-4154,4098,4099,4100,4101,4102,-4214,4103,-4241]],"id":"feature_0691"},{"properties":{"sa2_code":"213041574","sa2_name":"Fraser Rise - Plumpton","state":"Victoria","metro_code":"2GMEL","metro_name":"Greater Melbourne"},"type":"Polygon","arcs":[[4104,4105,4106,4107,4108,4109,-4143,4110,-4141,4111,-4139,4112,-4128,4113,4114,4115,4116,4117,4118,4119,4120,4121,4122,4123]],"id":"feature_0692"},{"properties":{"sa2_code":"213041575","sa2_name":"Hillside","state":"Victoria","metro_code":"2GMEL","metro_name":"Greater Melbourne"},"type":"Polygon","arcs":[[4124,4125,4126,4127]],"id":"feature_0693"},{"properties":{"sa2_code":"213041576","sa2_name":"Kurunjang - Toolern Vale","state":"Victoria","metro_code":"2GMEL","metro_name":"Greater Melbourne"},"type":"Polygon","arcs":[[4128,4129,4130,4131,4132,4133,4134,4135,4136,4137,4138,4139,4140,4141,4142,4143,-4145]],"id":"feature_0694"},{"properties":{"sa2_code":"213041577","sa2_name":"Melton","state":"Victoria","metro_code":"2GMEL","metro_name":"Greater Melbourne"},"type":"Polygon","arcs":[[4144,4145,4146,4147,-4150,4148]],"id":"feature_0695"},{"properties":{"sa2_code":"213041578","sa2_name":"Melton South - Weir Views","state":"Victoria","metro_code":"2GMEL","metro_name":"Greater Melbourne"},"type":"Polygon","arcs":[[4149,4150,4151,4152,4153,4154,4155,4156,4157,4158,4159,4160]],"id":"feature_0696"},{"properties":{"sa2_code":"213051361","sa2_name":"Hoppers Crossing - North","state":"Victoria","metro_code":"2GMEL","metro_name":"Greater Melbourne"},"type":"Polygon","arcs":[[4161,-4235,4162,-4175,4163,-4178,4164,-4167]],"id":"feature_0697"},{"properties":{"sa2_code":"213051362","sa2_name":"Hoppers Crossing - South","state":"Victoria","metro_code":"2GMEL","metro_name":"Greater Melbourne"},"type":"Polygon","arcs":[[4165,4166,4167,-4192]],"id":"feature_0698"},{"properties":{"sa2_code":"213051363","sa2_name":"Laverton","state":"Victoria","metro_code":"2GMEL","metro_name":"Greater Melbourne"},"type":"Polygon","arcs":[[-4227,4168,4169,4170,4171,4172,4173,4174,4175]],"id":"feature_0699"},{"properties":{"sa2_code":"213051368","sa2_name":"Werribee - South","state":"Victoria","metro_code":"2GMEL","metro_name":"Greater Melbourne"},"type":"Polygon","arcs":[[4176,4177,4178,-4190,4179,-4200]],"id":"feature_0700"},{"properties":{"sa2_code":"213051464","sa2_name":"Point Cook - East","state":"Victoria","metro_code":"2GMEL","metro_name":"Greater Melbourne"},"type":"Polygon","arcs":[[4180,4181,4182,4183,4184,4185,4186,4187]],"id":"feature_0701"},{"properties":{"sa2_code":"213051466","sa2_name":"Point Cook - South","state":"Victoria","metro_code":"2GMEL","metro_name":"Greater Melbourne"},"type":"Polygon","arcs":[[4188,4189]],"id":"feature_0702"},{"properties":{"sa2_code":"213051467","sa2_name":"Werribee - East","state":"Victoria","metro_code":"2GMEL","metro_name":"Greater Melbourne"},"type":"Polygon","arcs":[[-4223,4190,4191,4192,-4198,4193]],"id":"feature_0703"},{"properties":{"sa2_code":"213051468","sa2_name":"Werribee - West","state":"Victoria","metro_code":"2GMEL","metro_name":"Greater Melbourne"},"type":"Polygon","arcs":[[-4205,4194,-4258,4195,-4253,4196,4197,4198,4199,4200]],"id":"feature_0704"},{"properties":{"sa2_code":"213051579","sa2_name":"Manor Lakes - Quandong","state":"Victoria","metro_code":"2GMEL","metro_name":"Greater Melbourne"},"type":"Polygon","arcs":[[4201,-4239,4202,-4256,4203,4204]],"id":"feature_0705"},{"properties":{"sa2_code":"213051580","sa2_name":"Point Cook - North East","state":"Victoria","metro_code":"2GMEL","metro_name":"Greater Melbourne"},"type":"Polygon","arcs":[[4205,4206,-4209,4207]],"id":"feature_0706"},{"properties":{"sa2_code":"213051581","sa2_name":"Point Cook - North West","state":"Victoria","metro_code":"2GMEL","metro_name":"Greater Melbourne"},"type":"Polygon","arcs":[[4208,4209]],"id":"feature_0707"},{"properties":{"sa2_code":"213051582","sa2_name":"Tarneit (West) - Mount Cottrell","state":"Victoria","metro_code":"2GMEL","metro_name":"Greater Melbourne"},"type":"Polygon","arcs":[[4210,-4245,4211,-4243,4212,4213,4214,-4225,4215,-4251,4216,-4249,4217,-4247]],"id":"feature_0708"},{"properties":{"sa2_code":"213051583","sa2_name":"Tarneit - Central","state":"Victoria","metro_code":"2GMEL","metro_name":"Greater Melbourne"},"type":"Polygon","arcs":[[-4222,4218,-4237,4219]],"id":"feature_0709"},{"properties":{"sa2_code":"213051584","sa2_name":"Tarneit - North","state":"Victoria","metro_code":"2GMEL","metro_name":"Greater Melbourne"},"type":"Polygon","arcs":[[4220,-4229,4221]],"id":"feature_0710"},{"properties":{"sa2_code":"213051585","sa2_name":"Tarneit - South","state":"Victoria","metro_code":"2GMEL","metro_name":"Greater Melbourne"},"type":"Polygon","arcs":[[4222,4223,4224,4225]],"id":"feature_0711"},{"properties":{"sa2_code":"213051586","sa2_name":"Truganina - North","state":"Victoria","metro_code":"2GMEL","metro_name":"Greater Melbourne"},"type":"Polygon","arcs":[[4226,4227,4228,4229]],"id":"feature_0712"},{"properties":{"sa2_code":"213051587","sa2_name":"Truganina - South East","state":"Victoria","metro_code":"2GMEL","metro_name":"Greater Melbourne"},"type":"Polygon","arcs":[[4230,-4233]],"id":"feature_0713"},{"properties":{"sa2_code":"213051588","sa2_name":"Truganina - South West","state":"Victoria","metro_code":"2GMEL","metro_name":"Greater Melbourne"},"type":"Polygon","arcs":[[4231,4232,4233,4234,4235,4236,4237]],"id":"feature_0714"},{"properties":{"sa2_code":"213051589","sa2_name":"Wyndham Vale - North","state":"Victoria","metro_code":"2GMEL","metro_name":"Greater Melbourne"},"type":"Polygon","arcs":[[4238,4239,4240,4241,4242,4243,4244,4245,4246,4247,4248,4249,4250,4251,4252,4253]],"id":"feature_0715"},{"properties":{"sa2_code":"213051590","sa2_name":"Wyndham Vale - South","state":"Victoria","metro_code":"2GMEL","metro_name":"Greater Melbourne"},"type":"Polygon","arcs":[[4254,4255,4256,4257]],"id":"feature_0716"},{"properties":{"sa2_code":"214011370","sa2_name":"Carrum Downs","state":"Victoria","metro_code":"2GMEL","metro_name":"Greater Melbourne"},"type":"Polygon","arcs":[[4258,4259,4260,-4292,4261,-4267,4262,-4284]],"id":"feature_0717"},{"properties":{"sa2_code":"214011371","sa2_name":"Frankston","state":"Victoria","metro_code":"2GMEL","metro_name":"Greater Melbourne"},"type":"Polygon","arcs":[[-4286,4263,-4270,4264,-4273,4265]],"id":"feature_0718"},{"properties":{"sa2_code":"214011372","sa2_name":"Frankston North","state":"Victoria","metro_code":"2GMEL","metro_name":"Greater Melbourne"},"type":"Polygon","arcs":[[4266,4267,-4279,4268,4269,4270]],"id":"feature_0719"},{"properties":{"sa2_code":"214011373","sa2_name":"Frankston South","state":"Victoria","metro_code":"2GMEL","metro_name":"Greater Melbourne"},"type":"Polygon","arcs":[[-4320,4271,4272,4273,-4346,4274]],"id":"feature_0720"},{"properties":{"sa2_code":"214011374","sa2_name":"Langwarrin","state":"Victoria","metro_code":"2GMEL","metro_name":"Greater Melbourne"},"type":"Polygon","arcs":[[4275,-4290,4276,-4348,4277,4278]],"id":"feature_0721"},{"properties":{"sa2_code":"214011375","sa2_name":"Seaford (Vic.)","state":"Victoria","metro_code":"2GMEL","metro_name":"Greater Melbourne"},"type":"Polygon","arcs":[[4279,4280,4281,4282,4283,4284,4285,4286]],"id":"feature_0722"},{"properties":{"sa2_code":"214011376","sa2_name":"Skye - Sandhurst","state":"Victoria","metro_code":"2GMEL","metro_name":"Greater Melbourne"},"type":"Polygon","arcs":[[4287,4288,4289,4290,4291]],"id":"feature_0723"},{"properties":{"sa2_code":"214021377","sa2_name":"Dromana","state":"Victoria","metro_code":"2GMEL","metro_name":"Greater Melbourne"},"type":"Polygon","arcs":[[-4326,4292,-4311,4293,-4339,4294]],"id":"feature_0724"},{"properties":{"sa2_code":"214021378","sa2_name":"Flinders","state":"Victoria","metro_code":"2GMEL","metro_name":"Greater Melbourne"},"type":"MultiPolygon","arcs":[[[4295]],[[4296]],[[4297]],[[4298]],[[4299]],[[4300]],[[4301]],[[4302]],[[4303]],[[4304]],[[4305]],[[4306]],[[4307]],[[4308,-4341,4309,4310,4311,-4324,4312,-4353,4313,-4319,4314,-4337]]],"id":"feature_0725"},{"properties":{"sa2_code":"214021379","sa2_name":"Hastings - Somers","state":"Victoria","metro_code":"2GMEL","metro_name":"Greater Melbourne"},"type":"MultiPolygon","arcs":[[[4315]],[[4316,-4351,4317,4318]]],"id":"feature_0726"},{"properties":{"sa2_code":"214021381","sa2_name":"Mount Eliza","state":"Victoria","metro_code":"2GMEL","metro_name":"Greater Melbourne"},"type":"Polygon","arcs":[[4319,4320,-4344,4321,-4355,4322]],"id":"feature_0727"},{"properties":{"sa2_code":"214021382","sa2_name":"Mount Martha","state":"Victoria","metro_code":"2GMEL","metro_name":"Greater Melbourne"},"type":"Polygon","arcs":[[4323,4324,4325,4326]],"id":"feature_0728"},{"properties":{"sa2_code":"214021383","sa2_name":"Point Nepean","state":"Victoria","metro_code":"2GMEL","metro_name":"Greater Melbourne"},"type":"MultiPolygon","arcs":[[[4327]],[[4328]],[[4329]],[[4330]],[[4331]],[[4332]],[[4333]],[[4334]],[[4335]],[[4336,4337]]],"id":"feature_0729"},{"properties":{"sa2_code":"214021384","sa2_name":"Rosebud - McCrae","state":"Victoria","metro_code":"2GMEL","metro_name":"Greater Melbourne"},"type":"Polygon","arcs":[[4338,4339,4340,4341]],"id":"feature_0730"},{"properties":{"sa2_code":"214021385","sa2_name":"Somerville","state":"Victoria","metro_code":"2GMEL","metro_name":"Greater Melbourne"},"type":"Polygon","arcs":[[4342,4343,4344,4345,4346,4347,4348,4349,4350,4351,4352,4353,-4357]],"id":"feature_0731"},{"properties":{"sa2_code":"214021591","sa2_name":"Mornington - East","state":"Victoria","metro_code":"2GMEL","metro_name":"Greater Melbourne"},"type":"Polygon","arcs":[[4354,4355,4356,4357]],"id":"feature_0732"},{"properties":{"sa2_code":"214021592","sa2_name":"Mornington - West","state":"Victoria","metro_code":"2GMEL","metro_name":"Greater Melbourne"},"type":"Polygon","arcs":[[4358]],"id":"feature_0733"},{"properties":{"sa2_code":"301011001","sa2_name":"Alexandra Hills","state":"Queensland","metro_code":"3GBRI","metro_name":"Greater Brisbane"},"type":"Polygon","arcs":[[-4377,4359,-4404,4360,-4417,4361,-4410,4362,-4392,4363]],"id":"feature_0734"},{"properties":{"sa2_code":"301011002","sa2_name":"Belmont - Gumdale","state":"Queensland","metro_code":"3GBRI","metro_name":"Greater Brisbane"},"type":"Polygon","arcs":[[4364,-4478,4365,-4399,4366,-4383,4367,-4381,4368,-4379,4369,-4388,4370,-4386,4371,-4723,4372,-4490,4373,-4499]],"id":"feature_0735"},{"properties":{"sa2_code":"301011003","sa2_name":"Birkdale","state":"Queensland","metro_code":"3GBRI","metro_name":"Greater Brisbane"},"type":"Polygon","arcs":[[4374,-4406,4375,4376,4377,-4390,4378,4379,4380,4381,4382,4383,-4397]],"id":"feature_0736"},{"properties":{"sa2_code":"301011004","sa2_name":"Capalaba","state":"Queensland","metro_code":"3GBRI","metro_name":"Greater Brisbane"},"type":"Polygon","arcs":[[4384,4385,4386,4387,4388,4389,4390,4391,4392,-4430,4393,-4428,4394,-4725]],"id":"feature_0737"},{"properties":{"sa2_code":"301011005","sa2_name":"Thorneside","state":"Queensland","metro_code":"3GBRI","metro_name":"Greater Brisbane"},"type":"Polygon","arcs":[[4395,4396,4397,4398]],"id":"feature_0738"},{"properties":{"sa2_code":"301011006","sa2_name":"Wellington Point","state":"Queensland","metro_code":"3GBRI","metro_name":"Greater Brisbane"},"type":"Polygon","arcs":[[4399,-4413,4400,-4411,4401,-4419,4402,4403,4404,4405]],"id":"feature_0739"},{"properties":{"sa2_code":"301021007","sa2_name":"Cleveland","state":"Queensland","metro_code":"3GBRI","metro_name":"Greater Brisbane"},"type":"MultiPolygon","arcs":[[[4406]],[[4407,-4415,4408,4409]]],"id":"feature_0740"},{"properties":{"sa2_code":"301021008","sa2_name":"Ormiston","state":"Queensland","metro_code":"3GBRI","metro_name":"Greater Brisbane"},"type":"Polygon","arcs":[[4410,4411,4412,4413,4414,4415,4416,4417,4418,4419]],"id":"feature_0741"},{"properties":{"sa2_code":"301021009","sa2_name":"Redland Bay","state":"Queensland","metro_code":"3GBRI","metro_name":"Greater Brisbane"},"type":"Polygon","arcs":[[-4444,4420,-5641,4421,-5639,4422,-5637,4423,-4435,4424]],"id":"feature_0742"},{"properties":{"sa2_code":"301021011","sa2_name":"Sheldon - Mount Cotton","state":"Queensland","metro_code":"3GBRI","metro_name":"Greater Brisbane"},"type":"Polygon","arcs":[[-4729,4425,-4727,4426,4427,4428,4429,4430,-4442,4431,-4448,4432,-4446,4433,4434,4435,-5635,4436,-5662,4437,-5699,4438]],"id":"feature_0743"},{"properties":{"sa2_code":"301021012","sa2_name":"Thornlands","state":"Queensland","metro_code":"3GBRI","metro_name":"Greater Brisbane"},"type":"Polygon","arcs":[[-4452,4439,-4450,4440,4441,4442]],"id":"feature_0744"},{"properties":{"sa2_code":"301021013","sa2_name":"Victoria Point","state":"Queensland","metro_code":"3GBRI","metro_name":"Greater Brisbane"},"type":"Polygon","arcs":[[4443,4444,4445,4446,4447,4448,4449,4450,4451,4452]],"id":"feature_0745"},{"properties":{"sa2_code":"301021550","sa2_name":"North Stradbroke Island","state":"Queensland","metro_code":"3GBRI","metro_name":"Greater Brisbane"},"type":"MultiPolygon","arcs":[[[4453]],[[4454]],[[4455]]],"id":"feature_0746"},{"properties":{"sa2_code":"301021551","sa2_name":"Southern Moreton Bay Islands","state":"Queensland","metro_code":"3GBRI","metro_name":"Greater Brisbane"},"type":"MultiPolygon","arcs":[[[4456]],[[4457]],[[4458]],[[4459]],[[4460]],[[4461]],[[4462]],[[4463]],[[4464]],[[4465]],[[4466]],[[4467]]],"id":"feature_0747"},{"properties":{"sa2_code":"301031014","sa2_name":"Brisbane Port - Lytton","state":"Queensland","metro_code":"3GBRI","metro_name":"Greater Brisbane"},"type":"MultiPolygon","arcs":[[[4468]],[[4469]],[[4470]],[[-4502,4471,-4510,4472,-4508,4473]],[[4474]]],"id":"feature_0748"},{"properties":{"sa2_code":"301031015","sa2_name":"Manly - Lota","state":"Queensland","metro_code":"3GBRI","metro_name":"Greater Brisbane"},"type":"Polygon","arcs":[[4475,-4504,4476,4477,4478,-4497,4479,-4482]],"id":"feature_0749"},{"properties":{"sa2_code":"301031016","sa2_name":"Manly West","state":"Queensland","metro_code":"3GBRI","metro_name":"Greater Brisbane"},"type":"Polygon","arcs":[[-4513,4480,4481,4482,-4495,4483]],"id":"feature_0750"},{"properties":{"sa2_code":"301031017","sa2_name":"Murarrie","state":"Queensland","metro_code":"3GBRI","metro_name":"Greater Brisbane"},"type":"Polygon","arcs":[[-4506,4484,-4517,4485,-4515,4486,-4654,4487]],"id":"feature_0751"},{"properties":{"sa2_code":"301031018","sa2_name":"Tingalpa","state":"Queensland","metro_code":"3GBRI","metro_name":"Greater Brisbane"},"type":"Polygon","arcs":[[-4494,4488,4489,4490,-4662,4491,-4656,4492]],"id":"feature_0752"},{"properties":{"sa2_code":"301031019","sa2_name":"Wakerley","state":"Queensland","metro_code":"3GBRI","metro_name":"Greater Brisbane"},"type":"Polygon","arcs":[[4493,4494,4495,4496,4497,4498,4499]],"id":"feature_0753"},{"properties":{"sa2_code":"301031020","sa2_name":"Wynnum","state":"Queensland","metro_code":"3GBRI","metro_name":"Greater Brisbane"},"type":"Polygon","arcs":[[4500,4501,4502,4503,4504,-4512]],"id":"feature_0754"},{"properties":{"sa2_code":"301031021","sa2_name":"Wynnum West - Hemmant","state":"Queensland","metro_code":"3GBRI","metro_name":"Greater Brisbane"},"type":"Polygon","arcs":[[4505,4506,4507,4508,4509,4510,4511,4512,4513,4514,4515,4516,4517]],"id":"feature_0755"},{"properties":{"sa2_code":"302011022","sa2_name":"Bald Hills","state":"Queensland","metro_code":"3GBRI","metro_name":"Greater Brisbane"},"type":"Polygon","arcs":[[-6091,4518,-4625,4519,-4624,4520,-4525,4521,-6093,4522]],"id":"feature_0756"},{"properties":{"sa2_code":"302011023","sa2_name":"Bridgeman Downs","state":"Queensland","metro_code":"3GBRI","metro_name":"Greater Brisbane"},"type":"Polygon","arcs":[[-5899,4523,4524,4525,-4533,4526,-5901,4527]],"id":"feature_0757"},{"properties":{"sa2_code":"302011024","sa2_name":"Carseldine","state":"Queensland","metro_code":"3GBRI","metro_name":"Greater Brisbane"},"type":"Polygon","arcs":[[-4540,4528]],"id":"feature_0758"},{"properties":{"sa2_code":"302011025","sa2_name":"Everton Park","state":"Queensland","metro_code":"3GBRI","metro_name":"Greater Brisbane"},"type":"Polygon","arcs":[[-5988,4529,-4538,4530,-4888,4531]],"id":"feature_0759"},{"properties":{"sa2_code":"302011026","sa2_name":"McDowall","state":"Queensland","metro_code":"3GBRI","metro_name":"Greater Brisbane"},"type":"Polygon","arcs":[[4532,4533,-4551,4534,-4569,4535,-4567,4536,4537,4538]],"id":"feature_0760"},{"properties":{"sa2_code":"302021027","sa2_name":"Aspley","state":"Queensland","metro_code":"3GBRI","metro_name":"Greater Brisbane"},"type":"Polygon","arcs":[[4539,4540,-4648,4541,-4552,4542,-4557,4543,-4549,4544,4545]],"id":"feature_0761"},{"properties":{"sa2_code":"302021028","sa2_name":"Chermside","state":"Queensland","metro_code":"3GBRI","metro_name":"Greater Brisbane"},"type":"Polygon","arcs":[[-4555,-4575,4546]],"id":"feature_0762"},{"properties":{"sa2_code":"302021029","sa2_name":"Chermside West","state":"Queensland","metro_code":"3GBRI","metro_name":"Greater Brisbane"},"type":"Polygon","arcs":[[4547,4548,4549,4550]],"id":"feature_0763"},{"properties":{"sa2_code":"302021030","sa2_name":"Geebung","state":"Queensland","metro_code":"3GBRI","metro_name":"Greater Brisbane"},"type":"Polygon","arcs":[[4551,4552,-4646,4553,-4594,-4576,4554,4555,4556,4557]],"id":"feature_0764"},{"properties":{"sa2_code":"302021031","sa2_name":"Kedron - Gordon Park","state":"Queensland","metro_code":"3GBRI","metro_name":"Greater Brisbane"},"type":"Polygon","arcs":[[4558,-4571,4559,-4578,4560,-5070,4561,-4564]],"id":"feature_0765"},{"properties":{"sa2_code":"302021032","sa2_name":"Stafford","state":"Queensland","metro_code":"3GBRI","metro_name":"Greater Brisbane"},"type":"Polygon","arcs":[[-4573,4562,4563,4564,-5012,4565]],"id":"feature_0766"},{"properties":{"sa2_code":"302021033","sa2_name":"Stafford Heights","state":"Queensland","metro_code":"3GBRI","metro_name":"Greater Brisbane"},"type":"Polygon","arcs":[[4566,4567,4568,4569,4570,4571,4572,4573]],"id":"feature_0767"},{"properties":{"sa2_code":"302021034","sa2_name":"Wavell Heights","state":"Queensland","metro_code":"3GBRI","metro_name":"Greater Brisbane"},"type":"Polygon","arcs":[[4574,4575,-4593,-4616,4576,4577,4578]],"id":"feature_0768"},{"properties":{"sa2_code":"302031035","sa2_name":"Boondall","state":"Queensland","metro_code":"3GBRI","metro_name":"Greater Brisbane"},"type":"Polygon","arcs":[[-4635,4579,-4600,4580,-4614,4581,-4612,4582,-4610,4583,-4608,4584,-4596,4585]],"id":"feature_0769"},{"properties":{"sa2_code":"302031036","sa2_name":"Brisbane Airport","state":"Queensland","metro_code":"3GBRI","metro_name":"Greater Brisbane"},"type":"Polygon","arcs":[[4586,-5025,-4619,4587,-4602,4588,-4592]],"id":"feature_0770"},{"properties":{"sa2_code":"302031037","sa2_name":"Eagle Farm - Pinkenba","state":"Queensland","metro_code":"3GBRI","metro_name":"Greater Brisbane"},"type":"Polygon","arcs":[[4589,-5021,4590,4591]],"id":"feature_0771"},{"properties":{"sa2_code":"302031038","sa2_name":"Northgate - Virginia","state":"Queensland","metro_code":"3GBRI","metro_name":"Greater Brisbane"},"type":"Polygon","arcs":[[4592,4593,4594,4595,4596,-4606,4597,-4604,4598,-4617]],"id":"feature_0772"},{"properties":{"sa2_code":"302031039","sa2_name":"Nudgee - Banyo","state":"Queensland","metro_code":"3GBRI","metro_name":"Greater Brisbane"},"type":"Polygon","arcs":[[4599,4600,4601,4602,4603,4604,4605,4606,4607,4608,4609,4610,4611,4612,4613,4614]],"id":"feature_0773"},{"properties":{"sa2_code":"302031040","sa2_name":"Nundah","state":"Queensland","metro_code":"3GBRI","metro_name":"Greater Brisbane"},"type":"Polygon","arcs":[[4615,4616,4617,4618,4619]],"id":"feature_0774"},{"properties":{"sa2_code":"302041041","sa2_name":"Bracken Ridge","state":"Queensland","metro_code":"3GBRI","metro_name":"Greater Brisbane"},"type":"Polygon","arcs":[[4620,-4628,4621,-4640,4622,4623]],"id":"feature_0775"},{"properties":{"sa2_code":"302041042","sa2_name":"Brighton (Qld)","state":"Queensland","metro_code":"3GBRI","metro_name":"Greater Brisbane"},"type":"Polygon","arcs":[[4624,-6030,4625,-4633,4626]],"id":"feature_0776"},{"properties":{"sa2_code":"302041043","sa2_name":"Deagon","state":"Queensland","metro_code":"3GBRI","metro_name":"Greater Brisbane"},"type":"Polygon","arcs":[[4627,4628,-4639,4629,-4637,4630]],"id":"feature_0777"},{"properties":{"sa2_code":"302041044","sa2_name":"Sandgate - Shorncliffe","state":"Queensland","metro_code":"3GBRI","metro_name":"Greater Brisbane"},"type":"Polygon","arcs":[[4631,4632,4633,4634,4635,4636,4637,4638]],"id":"feature_0778"},{"properties":{"sa2_code":"302041045","sa2_name":"Taigum - Fitzgibbon","state":"Queensland","metro_code":"3GBRI","metro_name":"Greater Brisbane"},"type":"Polygon","arcs":[[4639,4640,-4644,4641]],"id":"feature_0779"},{"properties":{"sa2_code":"302041046","sa2_name":"Zillmere","state":"Queensland","metro_code":"3GBRI","metro_name":"Greater Brisbane"},"type":"Polygon","arcs":[[4642,4643,4644,4645,4646,4647]],"id":"feature_0780"},{"properties":{"sa2_code":"303011047","sa2_name":"Camp Hill","state":"Queensland","metro_code":"3GBRI","metro_name":"Greater Brisbane"},"type":"Polygon","arcs":[[4648,-4668,4649,-4678,4650,-4988,4651,-4983]],"id":"feature_0781"},{"properties":{"sa2_code":"303011048","sa2_name":"Cannon Hill","state":"Queensland","metro_code":"3GBRI","metro_name":"Greater Brisbane"},"type":"Polygon","arcs":[[4652,4653,4654,4655,4656,-4660,4657,-4979]],"id":"feature_0782"},{"properties":{"sa2_code":"303011049","sa2_name":"Carina","state":"Queensland","metro_code":"3GBRI","metro_name":"Greater Brisbane"},"type":"Polygon","arcs":[[-4981,4658,4659,4660,4661,4662,-4672,4663,-4670,4664]],"id":"feature_0783"},{"properties":{"sa2_code":"303011050","sa2_name":"Carina Heights","state":"Queensland","metro_code":"3GBRI","metro_name":"Greater Brisbane"},"type":"Polygon","arcs":[[4665,4666,4667]],"id":"feature_0784"},{"properties":{"sa2_code":"303011051","sa2_name":"Carindale","state":"Queensland","metro_code":"3GBRI","metro_name":"Greater Brisbane"},"type":"Polygon","arcs":[[4668,4669,4670,4671,4672,-4715,4673]],"id":"feature_0785"},{"properties":{"sa2_code":"303021052","sa2_name":"Annerley","state":"Queensland","metro_code":"3GBRI","metro_name":"Greater Brisbane"},"type":"Polygon","arcs":[[-4758,4674,-4705,4675]],"id":"feature_0786"},{"properties":{"sa2_code":"303021053","sa2_name":"Coorparoo","state":"Queensland","metro_code":"3GBRI","metro_name":"Greater Brisbane"},"type":"Polygon","arcs":[[-4971,4676,4677,4678,-4695,4679,-4693,4680,-4687,4681]],"id":"feature_0787"},{"properties":{"sa2_code":"303021054","sa2_name":"Fairfield - Dutton Park","state":"Queensland","metro_code":"3GBRI","metro_name":"Greater Brisbane"},"type":"Polygon","arcs":[[4682,-4700,4683,-4704,4684,-4946]],"id":"feature_0788"},{"properties":{"sa2_code":"303021055","sa2_name":"Greenslopes","state":"Queensland","metro_code":"3GBRI","metro_name":"Greater Brisbane"},"type":"Polygon","arcs":[[-4698,4685,4686,4687,-4691,4688]],"id":"feature_0789"},{"properties":{"sa2_code":"303021056","sa2_name":"Holland Park","state":"Queensland","metro_code":"3GBRI","metro_name":"Greater Brisbane"},"type":"Polygon","arcs":[[4689,4690,4691,4692,4693,4694,4695,-4717]],"id":"feature_0790"},{"properties":{"sa2_code":"303021057","sa2_name":"Holland Park West","state":"Queensland","metro_code":"3GBRI","metro_name":"Greater Brisbane"},"type":"Polygon","arcs":[[-4721,-4760,4696]],"id":"feature_0791"},{"properties":{"sa2_code":"303021058","sa2_name":"Woolloongabba","state":"Queensland","metro_code":"3GBRI","metro_name":"Greater Brisbane"},"type":"Polygon","arcs":[[4697,4698,4699,4700,-4954,4701,-4948,4702]],"id":"feature_0792"},{"properties":{"sa2_code":"303021059","sa2_name":"Yeronga","state":"Queensland","metro_code":"3GBRI","metro_name":"Greater Brisbane"},"type":"Polygon","arcs":[[4703,4704,4705,-4748,4706,-4746,4707,-4789,4708,-4878,4709]],"id":"feature_0793"},{"properties":{"sa2_code":"303031060","sa2_name":"Eight Mile Plains","state":"Queensland","metro_code":"3GBRI","metro_name":"Greater Brisbane"},"type":"Polygon","arcs":[[-4731,4710,-4802,4711]],"id":"feature_0794"},{"properties":{"sa2_code":"303031061","sa2_name":"Macgregor (Qld)","state":"Queensland","metro_code":"3GBRI","metro_name":"Greater Brisbane"},"type":"Polygon","arcs":[[4712]],"id":"feature_0795"},{"properties":{"sa2_code":"303031062","sa2_name":"Mansfield (Qld)","state":"Queensland","metro_code":"3GBRI","metro_name":"Greater Brisbane"},"type":"Polygon","arcs":[[-4719,4713,4714,4715,-4736]],"id":"feature_0796"},{"properties":{"sa2_code":"303031063","sa2_name":"Mount Gravatt","state":"Queensland","metro_code":"3GBRI","metro_name":"Greater Brisbane"},"type":"Polygon","arcs":[[4716,4717,4718,-4733,4719,4720]],"id":"feature_0797"},{"properties":{"sa2_code":"303031064","sa2_name":"Rochedale - Burbank","state":"Queensland","metro_code":"3GBRI","metro_name":"Greater Brisbane"},"type":"Polygon","arcs":[[-4738,4721,4722,4723,4724,4725,4726,4727,4728,-5697,4729,-5704,4730,4731]],"id":"feature_0798"},{"properties":{"sa2_code":"303031065","sa2_name":"Upper Mount Gravatt","state":"Queensland","metro_code":"3GBRI","metro_name":"Greater Brisbane"},"type":"Polygon","arcs":[[4732,-4735,4733]],"id":"feature_0799"},{"properties":{"sa2_code":"303031066","sa2_name":"Wishart","state":"Queensland","metro_code":"3GBRI","metro_name":"Greater Brisbane"},"type":"Polygon","arcs":[[4734,4735,4736,4737,4738]],"id":"feature_0800"},{"properties":{"sa2_code":"303041067","sa2_name":"Coopers Plains","state":"Queensland","metro_code":"3GBRI","metro_name":"Greater Brisbane"},"type":"Polygon","arcs":[[-4794,4739,-4756,4740,-4750,4741,-4807,4742]],"id":"feature_0801"},{"properties":{"sa2_code":"303041068","sa2_name":"Moorooka","state":"Queensland","metro_code":"3GBRI","metro_name":"Greater Brisbane"},"type":"Polygon","arcs":[[-4763,4743,-4753,4744,4745,4746,4747,4748]],"id":"feature_0802"},{"properties":{"sa2_code":"303041069","sa2_name":"Robertson","state":"Queensland","metro_code":"3GBRI","metro_name":"Greater Brisbane"},"type":"Polygon","arcs":[[4749,4750]],"id":"feature_0803"},{"properties":{"sa2_code":"303041070","sa2_name":"Salisbury - Nathan","state":"Queensland","metro_code":"3GBRI","metro_name":"Greater Brisbane"},"type":"Polygon","arcs":[[4751,4752,4753,-4761,4754,4755,4756,-4792]],"id":"feature_0804"},{"properties":{"sa2_code":"303041071","sa2_name":"Tarragindi","state":"Queensland","metro_code":"3GBRI","metro_name":"Greater Brisbane"},"type":"Polygon","arcs":[[4757,4758,4759,4760,4761,4762,4763]],"id":"feature_0805"},{"properties":{"sa2_code":"303051072","sa2_name":"Algester","state":"Queensland","metro_code":"3GBRI","metro_name":"Greater Brisbane"},"type":"Polygon","arcs":[[-4766,4764]],"id":"feature_0806"},{"properties":{"sa2_code":"303051073","sa2_name":"Calamvale - Stretton","state":"Queensland","metro_code":"3GBRI","metro_name":"Greater Brisbane"},"type":"Polygon","arcs":[[4765,4766,-4814,4767,-5723,4768,-5694,4769,-5692,4770,-4781,4771]],"id":"feature_0807"},{"properties":{"sa2_code":"303051074","sa2_name":"Pallara - Willawong","state":"Queensland","metro_code":"3GBRI","metro_name":"Greater Brisbane"},"type":"Polygon","arcs":[[4772,-5158,4773,-5156,4774,-5126,4775,-5142,4776,-4797,4777,-4784,4778,-5164]],"id":"feature_0808"},{"properties":{"sa2_code":"303051075","sa2_name":"Parkinson - Drewvale","state":"Queensland","metro_code":"3GBRI","metro_name":"Greater Brisbane"},"type":"Polygon","arcs":[[4779,4780,4781,-5505,4782,4783]],"id":"feature_0809"},{"properties":{"sa2_code":"303051076","sa2_name":"Rocklea - Acacia Ridge","state":"Queensland","metro_code":"3GBRI","metro_name":"Greater Brisbane"},"type":"Polygon","arcs":[[-5140,4784,-5138,4785,-4868,4786,-4866,4787,4788,4789,4790,4791,4792,4793,4794,-4816,4795,4796,4797]],"id":"feature_0810"},{"properties":{"sa2_code":"303061077","sa2_name":"Kuraby","state":"Queensland","metro_code":"3GBRI","metro_name":"Greater Brisbane"},"type":"Polygon","arcs":[[-5717,4798,-4804,4799]],"id":"feature_0811"},{"properties":{"sa2_code":"303061078","sa2_name":"Runcorn","state":"Queensland","metro_code":"3GBRI","metro_name":"Greater Brisbane"},"type":"Polygon","arcs":[[-4810,4800,4801,4802,4803,4804,-4813,4805]],"id":"feature_0812"},{"properties":{"sa2_code":"303061079","sa2_name":"Sunnybank","state":"Queensland","metro_code":"3GBRI","metro_name":"Greater Brisbane"},"type":"Polygon","arcs":[[4806,4807,4808,4809,4810]],"id":"feature_0813"},{"properties":{"sa2_code":"303061080","sa2_name":"Sunnybank Hills","state":"Queensland","metro_code":"3GBRI","metro_name":"Greater Brisbane"},"type":"Polygon","arcs":[[4811,4812,4813,4814,4815]],"id":"feature_0814"},{"properties":{"sa2_code":"304011081","sa2_name":"Jindalee - Mount Ommaney","state":"Queensland","metro_code":"3GBRI","metro_name":"Greater Brisbane"},"type":"Polygon","arcs":[[-4827,4816,-4820,4817,-4831,4818]],"id":"feature_0815"},{"properties":{"sa2_code":"304011082","sa2_name":"Middle Park - Jamboree Heights","state":"Queensland","metro_code":"3GBRI","metro_name":"Greater Brisbane"},"type":"Polygon","arcs":[[4819,4820,-4823,4821]],"id":"feature_0816"},{"properties":{"sa2_code":"304011083","sa2_name":"Riverhills","state":"Queensland","metro_code":"3GBRI","metro_name":"Greater Brisbane"},"type":"Polygon","arcs":[[4822,4823,-5122,4824,-5148,4825]],"id":"feature_0817"},{"properties":{"sa2_code":"304011084","sa2_name":"Seventeen Mile Rocks - Sinnamon Park","state":"Queensland","metro_code":"3GBRI","metro_name":"Greater Brisbane"},"type":"Polygon","arcs":[[4826,4827,-5134,4828,-5124,4829]],"id":"feature_0818"},{"properties":{"sa2_code":"304011085","sa2_name":"Westlake","state":"Queensland","metro_code":"3GBRI","metro_name":"Greater Brisbane"},"type":"Polygon","arcs":[[4830,4831]],"id":"feature_0819"},{"properties":{"sa2_code":"304021086","sa2_name":"Bellbowrie - Moggill","state":"Queensland","metro_code":"3GBRI","metro_name":"Greater Brisbane"},"type":"Polygon","arcs":[[4832,-4862]],"id":"feature_0820"},{"properties":{"sa2_code":"304021087","sa2_name":"Brookfield - Kenmore Hills","state":"Queensland","metro_code":"3GBRI","metro_name":"Greater Brisbane"},"type":"Polygon","arcs":[[-4856,-5336,-5207,-4897,4833,-4922,4834,-4843,4835,-4846,4836,-4853,4837,-4858,4838]],"id":"feature_0821"},{"properties":{"sa2_code":"304021088","sa2_name":"Chapel Hill","state":"Queensland","metro_code":"3GBRI","metro_name":"Greater Brisbane"},"type":"Polygon","arcs":[[4839,-4920,4840,-4877,-4848,4841,4842]],"id":"feature_0822"},{"properties":{"sa2_code":"304021089","sa2_name":"Fig Tree Pocket","state":"Queensland","metro_code":"3GBRI","metro_name":"Greater Brisbane"},"type":"Polygon","arcs":[[-4875,4843,-4850,4844]],"id":"feature_0823"},{"properties":{"sa2_code":"304021090","sa2_name":"Kenmore","state":"Queensland","metro_code":"3GBRI","metro_name":"Greater Brisbane"},"type":"Polygon","arcs":[[4845,4846,4847,4848,4849,4850,-4860,4851,4852,4853]],"id":"feature_0824"},{"properties":{"sa2_code":"304021091","sa2_name":"Pinjarra Hills - Pullenvale","state":"Queensland","metro_code":"3GBRI","metro_name":"Greater Brisbane"},"type":"Polygon","arcs":[[-5339,4854,-5337,4855,4856,4857,4858,4859,4860,4861,4862]],"id":"feature_0825"},{"properties":{"sa2_code":"304031092","sa2_name":"Chelmer - Graceville","state":"Queensland","metro_code":"3GBRI","metro_name":"Greater Brisbane"},"type":"Polygon","arcs":[[4863]],"id":"feature_0826"},{"properties":{"sa2_code":"304031093","sa2_name":"Corinda","state":"Queensland","metro_code":"3GBRI","metro_name":"Greater Brisbane"},"type":"Polygon","arcs":[[-4880,4864,4865,4866,4867,4868,-5136,4869]],"id":"feature_0827"},{"properties":{"sa2_code":"304031094","sa2_name":"Indooroopilly","state":"Queensland","metro_code":"3GBRI","metro_name":"Greater Brisbane"},"type":"Polygon","arcs":[[4870,-4918,4871,-4886,4872,-4882,4873,4874,4875,4876]],"id":"feature_0828"},{"properties":{"sa2_code":"304031095","sa2_name":"Sherwood","state":"Queensland","metro_code":"3GBRI","metro_name":"Greater Brisbane"},"type":"Polygon","arcs":[[4877,4878,4879,4880]],"id":"feature_0829"},{"properties":{"sa2_code":"304031096","sa2_name":"St Lucia","state":"Queensland","metro_code":"3GBRI","metro_name":"Greater Brisbane"},"type":"Polygon","arcs":[[4881,4882]],"id":"feature_0830"},{"properties":{"sa2_code":"304031097","sa2_name":"Taringa","state":"Queensland","metro_code":"3GBRI","metro_name":"Greater Brisbane"},"type":"Polygon","arcs":[[4883,-5116,4884,4885]],"id":"feature_0831"},{"properties":{"sa2_code":"304041098","sa2_name":"Enoggera","state":"Queensland","metro_code":"3GBRI","metro_name":"Greater Brisbane"},"type":"Polygon","arcs":[[-4910,4886,4887,4888,-4999,4889,-5084,4890,-4926,-4906,4891,-4912,4892]],"id":"feature_0832"},{"properties":{"sa2_code":"304041099","sa2_name":"Enoggera Reservoir","state":"Queensland","metro_code":"3GBRI","metro_name":"Greater Brisbane"},"type":"Polygon","arcs":[[4893,-4938,4894,-4933,4895,4896,-5206,4897,-5204,4898,-6015,4899,-6013,4900,-6011]],"id":"feature_0833"},{"properties":{"sa2_code":"304041100","sa2_name":"Keperra","state":"Queensland","metro_code":"3GBRI","metro_name":"Greater Brisbane"},"type":"Polygon","arcs":[[4901,-5994,4902,-5992,4903,-4914,4904,4905,4906,-4936]],"id":"feature_0834"},{"properties":{"sa2_code":"304041101","sa2_name":"Mitchelton","state":"Queensland","metro_code":"3GBRI","metro_name":"Greater Brisbane"},"type":"Polygon","arcs":[[4907,-5990,4908,4909,4910,4911,4912,4913]],"id":"feature_0835"},{"properties":{"sa2_code":"304041102","sa2_name":"Mount Coot-tha","state":"Queensland","metro_code":"3GBRI","metro_name":"Greater Brisbane"},"type":"Polygon","arcs":[[4914,-5094,4915,-5118,4916,4917,4918,4919,4920,4921,4922,-4931,4923,-4929]],"id":"feature_0836"},{"properties":{"sa2_code":"304041103","sa2_name":"The Gap","state":"Queensland","metro_code":"3GBRI","metro_name":"Greater Brisbane"},"type":"Polygon","arcs":[[4924,4925,4926,-5082,4927,4928,4929,4930,4931,4932]],"id":"feature_0837"},{"properties":{"sa2_code":"304041104","sa2_name":"Upper Kedron - Ferny Grove","state":"Queensland","metro_code":"3GBRI","metro_name":"Greater Brisbane"},"type":"Polygon","arcs":[[-5998,4933,-5996,4934,4935,4936,4937,4938]],"id":"feature_0838"},{"properties":{"sa2_code":"305011105","sa2_name":"Brisbane City","state":"Queensland","metro_code":"3GBRI","metro_name":"Greater Brisbane"},"type":"Polygon","arcs":[[-4962,4939]],"id":"feature_0839"},{"properties":{"sa2_code":"305011106","sa2_name":"Fortitude Valley","state":"Queensland","metro_code":"3GBRI","metro_name":"Greater Brisbane"},"type":"Polygon","arcs":[[-5052,4940,-5050,4941,-4950,4942,-4960]],"id":"feature_0840"},{"properties":{"sa2_code":"305011107","sa2_name":"Highgate Hill","state":"Queensland","metro_code":"3GBRI","metro_name":"Greater Brisbane"},"type":"Polygon","arcs":[[4943,-4956,4944,4945,4946,-4965]],"id":"feature_0841"},{"properties":{"sa2_code":"305011108","sa2_name":"Kangaroo Point","state":"Queensland","metro_code":"3GBRI","metro_name":"Greater Brisbane"},"type":"Polygon","arcs":[[4947,4948]],"id":"feature_0842"},{"properties":{"sa2_code":"305011109","sa2_name":"New Farm","state":"Queensland","metro_code":"3GBRI","metro_name":"Greater Brisbane"},"type":"Polygon","arcs":[[4949,4950,-5048,4951]],"id":"feature_0843"},{"properties":{"sa2_code":"305011110","sa2_name":"South Brisbane","state":"Queensland","metro_code":"3GBRI","metro_name":"Greater Brisbane"},"type":"Polygon","arcs":[[-4963,4952,4953,4954,4955,4956]],"id":"feature_0844"},{"properties":{"sa2_code":"305011111","sa2_name":"Spring Hill","state":"Queensland","metro_code":"3GBRI","metro_name":"Greater Brisbane"},"type":"Polygon","arcs":[[4957,-5034,4958,4959,4960,4961]],"id":"feature_0845"},{"properties":{"sa2_code":"305011112","sa2_name":"West End","state":"Queensland","metro_code":"3GBRI","metro_name":"Greater Brisbane"},"type":"Polygon","arcs":[[4962,4963,4964,4965]],"id":"feature_0846"},{"properties":{"sa2_code":"305021113","sa2_name":"Balmoral","state":"Queensland","metro_code":"3GBRI","metro_name":"Greater Brisbane"},"type":"Polygon","arcs":[[4966,-4977,4967,-4973]],"id":"feature_0847"},{"properties":{"sa2_code":"305021114","sa2_name":"Bulimba","state":"Queensland","metro_code":"3GBRI","metro_name":"Greater Brisbane"},"type":"Polygon","arcs":[[4968]],"id":"feature_0848"},{"properties":{"sa2_code":"305021115","sa2_name":"East Brisbane","state":"Queensland","metro_code":"3GBRI","metro_name":"Greater Brisbane"},"type":"Polygon","arcs":[[-4990,4969,4970,4971]],"id":"feature_0849"},{"properties":{"sa2_code":"305021116","sa2_name":"Hawthorne","state":"Queensland","metro_code":"3GBRI","metro_name":"Greater Brisbane"},"type":"Polygon","arcs":[[4972,4973,-4985,4974]],"id":"feature_0850"},{"properties":{"sa2_code":"305021117","sa2_name":"Morningside - Seven Hills","state":"Queensland","metro_code":"3GBRI","metro_name":"Greater Brisbane"},"type":"Polygon","arcs":[[4975,4976,4977,4978,4979,4980,4981,4982,4983,-4986]],"id":"feature_0851"},{"properties":{"sa2_code":"305021118","sa2_name":"Norman Park","state":"Queensland","metro_code":"3GBRI","metro_name":"Greater Brisbane"},"type":"Polygon","arcs":[[4984,4985,4986,4987,4988,4989,4990]],"id":"feature_0852"},{"properties":{"sa2_code":"305031119","sa2_name":"Albion","state":"Queensland","metro_code":"3GBRI","metro_name":"Greater Brisbane"},"type":"Polygon","arcs":[[4991,-5066,-5011,4992,-5002,4993,-5023,4994,-5046,4995,-5060]],"id":"feature_0853"},{"properties":{"sa2_code":"305031120","sa2_name":"Alderley","state":"Queensland","metro_code":"3GBRI","metro_name":"Greater Brisbane"},"type":"Polygon","arcs":[[-5044,4996,-5072,4997,4998,4999]],"id":"feature_0854"},{"properties":{"sa2_code":"305031121","sa2_name":"Ascot","state":"Queensland","metro_code":"3GBRI","metro_name":"Greater Brisbane"},"type":"Polygon","arcs":[[-5019,5000,5001,5002,-5009,5003,-5029,5004,-5027,5005]],"id":"feature_0855"},{"properties":{"sa2_code":"305031122","sa2_name":"Clayfield","state":"Queensland","metro_code":"3GBRI","metro_name":"Greater Brisbane"},"type":"Polygon","arcs":[[5006,-5031,5007,5008,5009,5010,-5065]],"id":"feature_0856"},{"properties":{"sa2_code":"305031123","sa2_name":"Grange","state":"Queensland","metro_code":"3GBRI","metro_name":"Greater Brisbane"},"type":"Polygon","arcs":[[5011,5012,-5068,5013,-5058,5014,-5054,5015,-5037,5016]],"id":"feature_0857"},{"properties":{"sa2_code":"305031124","sa2_name":"Hamilton (Qld)","state":"Queensland","metro_code":"3GBRI","metro_name":"Greater Brisbane"},"type":"Polygon","arcs":[[5017,5018,5019,5020,5021,5022]],"id":"feature_0858"},{"properties":{"sa2_code":"305031125","sa2_name":"Hendra","state":"Queensland","metro_code":"3GBRI","metro_name":"Greater Brisbane"},"type":"Polygon","arcs":[[5023,5024,5025,5026,5027,5028,5029,5030]],"id":"feature_0859"},{"properties":{"sa2_code":"305031126","sa2_name":"Kelvin Grove - Herston","state":"Queensland","metro_code":"3GBRI","metro_name":"Greater Brisbane"},"type":"Polygon","arcs":[[5031,-5040,5032,5033,5034,-5107]],"id":"feature_0860"},{"properties":{"sa2_code":"305031127","sa2_name":"Newmarket","state":"Queensland","metro_code":"3GBRI","metro_name":"Greater Brisbane"},"type":"Polygon","arcs":[[5035,5036,5037,-5056,5038,5039,5040,-5076,5041,-5074,5042,5043]],"id":"feature_0861"},{"properties":{"sa2_code":"305031128","sa2_name":"Newstead - Bowen Hills","state":"Queensland","metro_code":"3GBRI","metro_name":"Greater Brisbane"},"type":"Polygon","arcs":[[-5062,5044,5045,5046,5047,5048,5049,5050,5051,5052]],"id":"feature_0862"},{"properties":{"sa2_code":"305031129","sa2_name":"Wilston","state":"Queensland","metro_code":"3GBRI","metro_name":"Greater Brisbane"},"type":"Polygon","arcs":[[5053,5054,5055,5056]],"id":"feature_0863"},{"properties":{"sa2_code":"305031130","sa2_name":"Windsor","state":"Queensland","metro_code":"3GBRI","metro_name":"Greater Brisbane"},"type":"Polygon","arcs":[[5057,5058,5059,5060,5061,5062]],"id":"feature_0864"},{"properties":{"sa2_code":"305031131","sa2_name":"Wooloowin - Lutwyche","state":"Queensland","metro_code":"3GBRI","metro_name":"Greater Brisbane"},"type":"Polygon","arcs":[[5063,5064,5065,5066,5067,5068,5069]],"id":"feature_0865"},{"properties":{"sa2_code":"305041132","sa2_name":"Ashgrove","state":"Queensland","metro_code":"3GBRI","metro_name":"Greater Brisbane"},"type":"Polygon","arcs":[[5070,5071,5072,5073,5074,5075,5076,-5105,5077,-5103,5078,-5089,5079,-5087,5080,5081,5082,5083]],"id":"feature_0866"},{"properties":{"sa2_code":"305041133","sa2_name":"Auchenflower","state":"Queensland","metro_code":"3GBRI","metro_name":"Greater Brisbane"},"type":"Polygon","arcs":[[5084,-5098,5085,-5114]],"id":"feature_0867"},{"properties":{"sa2_code":"305041134","sa2_name":"Bardon","state":"Queensland","metro_code":"3GBRI","metro_name":"Greater Brisbane"},"type":"Polygon","arcs":[[5086,5087,5088,5089,-5110,-5096,5090,-5100,5091,-5112,5092,5093,5094]],"id":"feature_0868"},{"properties":{"sa2_code":"305041135","sa2_name":"Paddington - Milton","state":"Queensland","metro_code":"3GBRI","metro_name":"Greater Brisbane"},"type":"Polygon","arcs":[[5095,-5109,5096,5097,5098,5099,5100]],"id":"feature_0869"},{"properties":{"sa2_code":"305041136","sa2_name":"Red Hill (Qld)","state":"Queensland","metro_code":"3GBRI","metro_name":"Greater Brisbane"},"type":"Polygon","arcs":[[5101,5102,5103,5104,5105,5106,5107,5108,5109]],"id":"feature_0870"},{"properties":{"sa2_code":"305041137","sa2_name":"Toowong","state":"Queensland","metro_code":"3GBRI","metro_name":"Greater Brisbane"},"type":"Polygon","arcs":[[5110,5111,5112,5113,5114,5115,5116,5117]],"id":"feature_0871"},{"properties":{"sa2_code":"310011271","sa2_name":"Darra - Sumner","state":"Queensland","metro_code":"3GBRI","metro_name":"Greater Brisbane"},"type":"Polygon","arcs":[[-5146,5118,-5144,5119,-5150,5120,5121,5122,5123,5124]],"id":"feature_0872"},{"properties":{"sa2_code":"310011272","sa2_name":"Durack","state":"Queensland","metro_code":"3GBRI","metro_name":"Greater Brisbane"},"type":"Polygon","arcs":[[5125,5126,-5130,5127]],"id":"feature_0873"},{"properties":{"sa2_code":"310011274","sa2_name":"Inala - Richlands","state":"Queensland","metro_code":"3GBRI","metro_name":"Greater Brisbane"},"type":"Polygon","arcs":[[-5152,5128,5129,5130,-5160,5131]],"id":"feature_0874"},{"properties":{"sa2_code":"310011275","sa2_name":"Oxley (Qld)","state":"Queensland","metro_code":"3GBRI","metro_name":"Greater Brisbane"},"type":"Polygon","arcs":[[5132,5133,5134,5135,5136,5137,5138,5139,5140,5141,5142,5143,5144,5145]],"id":"feature_0875"},{"properties":{"sa2_code":"310011276","sa2_name":"Wacol","state":"Queensland","metro_code":"3GBRI","metro_name":"Greater Brisbane"},"type":"Polygon","arcs":[[-5420,5146,5147,5148,5149,5150,5151,5152,-5412,5153]],"id":"feature_0876"},{"properties":{"sa2_code":"310011563","sa2_name":"Doolandella","state":"Queensland","metro_code":"3GBRI","metro_name":"Greater Brisbane"},"type":"Polygon","arcs":[[5154,5155,5156,5157,5158,-5162]],"id":"feature_0877"},{"properties":{"sa2_code":"310011564","sa2_name":"Forest Lake - Ellen Grove","state":"Queensland","metro_code":"3GBRI","metro_name":"Greater Brisbane"},"type":"Polygon","arcs":[[5159,5160,5161,5162,5163,5164,-5526,5165]],"id":"feature_0878"},{"properties":{"sa2_code":"310021277","sa2_name":"Boonah","state":"Queensland","metro_code":"3GBRI","metro_name":"Greater Brisbane"},"type":"Polygon","arcs":[[5166,-5219,5167,-5269,5168,-5587,5169,-5585,5170,-5583,5171,-5581,5172,-5579,5173,-5571,5174,-5620,5175,-5618,-5471,5176,-5223,5177,-5221]],"id":"feature_0879"},{"properties":{"sa2_code":"310021278","sa2_name":"Esk","state":"Queensland","metro_code":"3GBRI","metro_name":"Greater Brisbane"},"type":"Polygon","arcs":[[5178,-5797,5179,-5795,5180,-5813,5181,-5811,5182,-5809,5183,-5925,5184,-5974,5185,-5972,5186,-5970,5187,-5968,5188,-6023,5189,-6021,5190,-5200,5191,-5230,5192,-5228,5193,-5226,5194,-5211,5195,-5799]],"id":"feature_0880"},{"properties":{"sa2_code":"310021279","sa2_name":"Lake Manchester - England Creek","state":"Queensland","metro_code":"3GBRI","metro_name":"Greater Brisbane"},"type":"Polygon","arcs":[[5196,-5234,5197,-5232,5198,5199,5200,-6019,5201,-6017,5202,5203,5204,5205,5206,-5335,-5242,5207,-5240,5208,-5238,5209,-5236]],"id":"feature_0881"},{"properties":{"sa2_code":"310021280","sa2_name":"Lockyer Valley - East","state":"Queensland","metro_code":"3GBRI","metro_name":"Greater Brisbane"},"type":"Polygon","arcs":[[5210,5211,-5248,5212,-5251,5213,-5249,5214,-5275,5215,-5273,5216,-5271,5217,5218,5219,5220,5221,5222,5223]],"id":"feature_0882"},{"properties":{"sa2_code":"310021281","sa2_name":"Lowood","state":"Queensland","metro_code":"3GBRI","metro_name":"Greater Brisbane"},"type":"Polygon","arcs":[[5224,5225,5226,5227,5228,5229,5230,5231,5232,5233,5234,5235,5236,5237,5238,5239,5240,5241,-5334,5242,-5318,5243,-5316,5244,-5255,5245,-5253,5246,5247]],"id":"feature_0883"},{"properties":{"sa2_code":"310021282","sa2_name":"Rosewood","state":"Queensland","metro_code":"3GBRI","metro_name":"Greater Brisbane"},"type":"Polygon","arcs":[[5248,5249,5250,5251,5252,5253,5254,5255,-5326,5256,-5352,5257,-5366,5258,-5297,5259,-5295,5260,-5293,5261,-5399,5262,-5397,5263,-5395,5264,-5393,5265,-5391,5266,-5589,5267,5268,5269,5270,5271,5272,5273,5274,5275]],"id":"feature_0884"},{"properties":{"sa2_code":"310031283","sa2_name":"Brassall","state":"Queensland","metro_code":"3GBRI","metro_name":"Greater Brisbane"},"type":"Polygon","arcs":[[-5324,5276,-5374,5277,-5356,5278,-5354,5279]],"id":"feature_0885"},{"properties":{"sa2_code":"310031284","sa2_name":"Bundamba","state":"Queensland","metro_code":"3GBRI","metro_name":"Greater Brisbane"},"type":"Polygon","arcs":[[-5401,5280,-5385,5281,-5380,5282,-5378,5283,-5312,5284,-5310,5285,-5308,5286,-5331,5287]],"id":"feature_0886"},{"properties":{"sa2_code":"310031285","sa2_name":"Churchill - Yamanto","state":"Queensland","metro_code":"3GBRI","metro_name":"Greater Brisbane"},"type":"Polygon","arcs":[[5288,-5360,5289,-5303,5290,-5382,5291,5292,5293,5294,5295,5296,5297,-5364,5298,-5362]],"id":"feature_0887"},{"properties":{"sa2_code":"310031286","sa2_name":"Ipswich - Central","state":"Queensland","metro_code":"3GBRI","metro_name":"Greater Brisbane"},"type":"Polygon","arcs":[[-5372,5299,-5315,5300,-5384,5301,5302,5303,-5358,5304]],"id":"feature_0888"},{"properties":{"sa2_code":"310031287","sa2_name":"Ipswich - East","state":"Queensland","metro_code":"3GBRI","metro_name":"Greater Brisbane"},"type":"Polygon","arcs":[[5305,-5370,5306,5307,5308,5309,5310,5311,5312,-5376,5313,5314]],"id":"feature_0889"},{"properties":{"sa2_code":"310031288","sa2_name":"Ipswich - North","state":"Queensland","metro_code":"3GBRI","metro_name":"Greater Brisbane"},"type":"Polygon","arcs":[[5315,5316,5317,5318,-5349,5319,-5347,5320,-5345,5321,-5343,-5333,5322,5323,5324,5325,5326]],"id":"feature_0890"},{"properties":{"sa2_code":"310031289","sa2_name":"Karalee - Barellan Point","state":"Queensland","metro_code":"3GBRI","metro_name":"Greater Brisbane"},"type":"Polygon","arcs":[[5327,-5341,5328,-5403,5329,5330,-5368,5331,5332]],"id":"feature_0891"},{"properties":{"sa2_code":"310031290","sa2_name":"Karana Downs","state":"Queensland","metro_code":"3GBRI","metro_name":"Greater Brisbane"},"type":"Polygon","arcs":[[5333,5334,5335,5336,5337,5338,5339,5340,5341,5342,5343,5344,5345,5346,5347,5348,5349]],"id":"feature_0892"},{"properties":{"sa2_code":"310031291","sa2_name":"Leichhardt - One Mile","state":"Queensland","metro_code":"3GBRI","metro_name":"Greater Brisbane"},"type":"Polygon","arcs":[[5350,5351,5352,5353,5354,5355,5356,5357,5358,5359,5360,5361,5362,5363,5364,5365]],"id":"feature_0893"},{"properties":{"sa2_code":"310031292","sa2_name":"North Ipswich - Tivoli","state":"Queensland","metro_code":"3GBRI","metro_name":"Greater Brisbane"},"type":"Polygon","arcs":[[5366,5367,5368,5369,5370,5371,5372,5373]],"id":"feature_0894"},{"properties":{"sa2_code":"310031293","sa2_name":"Raceview","state":"Queensland","metro_code":"3GBRI","metro_name":"Greater Brisbane"},"type":"Polygon","arcs":[[5374,5375,5376,5377,5378,5379,5380,5381,5382,5383]],"id":"feature_0895"},{"properties":{"sa2_code":"310031294","sa2_name":"Ripley","state":"Queensland","metro_code":"3GBRI","metro_name":"Greater Brisbane"},"type":"Polygon","arcs":[[5384,5385,-5432,-5439,-5447,5386,-5445,5387,-5574,5388,-5591,5389,5390,5391,5392,5393,5394,5395,5396,5397,5398,5399]],"id":"feature_0896"},{"properties":{"sa2_code":"310031295","sa2_name":"Riverview","state":"Queensland","metro_code":"3GBRI","metro_name":"Greater Brisbane"},"type":"Polygon","arcs":[[5400,5401,5402,5403,-5417,5404,-5428,5405]],"id":"feature_0897"},{"properties":{"sa2_code":"310041297","sa2_name":"Camira - Gailes","state":"Queensland","metro_code":"3GBRI","metro_name":"Greater Brisbane"},"type":"Polygon","arcs":[[-5422,5406,-5414,5407,-5440,-5464,5408,-5424,5409]],"id":"feature_0898"},{"properties":{"sa2_code":"310041298","sa2_name":"Carole Park","state":"Queensland","metro_code":"3GBRI","metro_name":"Greater Brisbane"},"type":"Polygon","arcs":[[5410,5411,5412,5413]],"id":"feature_0899"},{"properties":{"sa2_code":"310041299","sa2_name":"Collingwood Park - Redbank","state":"Queensland","metro_code":"3GBRI","metro_name":"Greater Brisbane"},"type":"Polygon","arcs":[[-5427,-5436,5414,-5430,5415,5416,5417]],"id":"feature_0900"},{"properties":{"sa2_code":"310041300","sa2_name":"Goodna","state":"Queensland","metro_code":"3GBRI","metro_name":"Greater Brisbane"},"type":"Polygon","arcs":[[5418,5419,5420,5421,5422,5423,5424,-5462,5425,5426]],"id":"feature_0901"},{"properties":{"sa2_code":"310041301","sa2_name":"New Chum","state":"Queensland","metro_code":"3GBRI","metro_name":"Greater Brisbane"},"type":"Polygon","arcs":[[5427,5428,5429,5430,-5434,5431,5432]],"id":"feature_0902"},{"properties":{"sa2_code":"310041302","sa2_name":"Redbank Plains","state":"Queensland","metro_code":"3GBRI","metro_name":"Greater Brisbane"},"type":"Polygon","arcs":[[5433,5434,5435,5436,-5458,5437,-5448,5438]],"id":"feature_0903"},{"properties":{"sa2_code":"310041303","sa2_name":"Springfield","state":"Queensland","metro_code":"3GBRI","metro_name":"Greater Brisbane"},"type":"Polygon","arcs":[[5439,5440,-5454,5441,-5452,5442,-5465]],"id":"feature_0904"},{"properties":{"sa2_code":"310041304","sa2_name":"Springfield Lakes","state":"Queensland","metro_code":"3GBRI","metro_name":"Greater Brisbane"},"type":"Polygon","arcs":[[5443,5444,5445,5446,5447,5448,-5456,5449]],"id":"feature_0905"},{"properties":{"sa2_code":"310041565","sa2_name":"Augustine Heights - Brookwater","state":"Queensland","metro_code":"3GBRI","metro_name":"Greater Brisbane"},"type":"Polygon","arcs":[[5450,5451,5452,5453,5454,5455,5456,5457,5458,-5467]],"id":"feature_0906"},{"properties":{"sa2_code":"310041566","sa2_name":"Bellbird Park","state":"Queensland","metro_code":"3GBRI","metro_name":"Greater Brisbane"},"type":"Polygon","arcs":[[5459,5460,5461,5462,5463,5464,5465,5466]],"id":"feature_0907"},{"properties":{"sa2_code":"311011305","sa2_name":"Beaudesert","state":"Queensland","metro_code":"3GBRI","metro_name":"Greater Brisbane"},"type":"Polygon","arcs":[[-5617,5467,-5615,5468,-5613,5469,5470]],"id":"feature_0908"},{"properties":{"sa2_code":"311021306","sa2_name":"Beenleigh","state":"Queensland","metro_code":"3GBRI","metro_name":"Greater Brisbane"},"type":"Polygon","arcs":[[5471,-5483,5472,-5489,5473,-5480]],"id":"feature_0909"},{"properties":{"sa2_code":"311021307","sa2_name":"Eagleby","state":"Queensland","metro_code":"3GBRI","metro_name":"Greater Brisbane"},"type":"Polygon","arcs":[[-5652,5474,-5645,5475,-5643,5476]],"id":"feature_0910"},{"properties":{"sa2_code":"311021308","sa2_name":"Edens Landing - Holmview","state":"Queensland","metro_code":"3GBRI","metro_name":"Greater Brisbane"},"type":"Polygon","arcs":[[5477,-5654,5478,5479,5480,-5487,5481,-5632]],"id":"feature_0911"},{"properties":{"sa2_code":"311021309","sa2_name":"Mount Warren Park","state":"Queensland","metro_code":"3GBRI","metro_name":"Greater Brisbane"},"type":"Polygon","arcs":[[5482,5483,-5491,5484]],"id":"feature_0912"},{"properties":{"sa2_code":"311021310","sa2_name":"Wolffdene - Bahrs Scrub","state":"Queensland","metro_code":"3GBRI","metro_name":"Greater Brisbane"},"type":"Polygon","arcs":[[5485,5486,5487,5488,5489,5490,5491,-5625,5492,-5558]],"id":"feature_0913"},{"properties":{"sa2_code":"311031311","sa2_name":"Boronia Heights - Park Ridge","state":"Queensland","metro_code":"3GBRI","metro_name":"Greater Brisbane"},"type":"Polygon","arcs":[[-5522,5493,-5529,5494,-5548,5495,-5546,5496,-5519,5497,-5515,5498,-5536,5499,-5596,5500]],"id":"feature_0914"},{"properties":{"sa2_code":"311031312","sa2_name":"Browns Plains","state":"Queensland","metro_code":"3GBRI","metro_name":"Greater Brisbane"},"type":"Polygon","arcs":[[-5690,5501,-5542,5502,-5540,5503,5504,5505]],"id":"feature_0915"},{"properties":{"sa2_code":"311031313","sa2_name":"Chambers Flat - Logan Reserve","state":"Queensland","metro_code":"3GBRI","metro_name":"Greater Brisbane"},"type":"Polygon","arcs":[[-5670,5506,-5556,5507,-5554,5508,-5552,5509,-5550,5510,-5567,5511,-5565,5512,-5538,5513,5514,5515]],"id":"feature_0916"},{"properties":{"sa2_code":"311031314","sa2_name":"Crestmead","state":"Queensland","metro_code":"3GBRI","metro_name":"Greater Brisbane"},"type":"Polygon","arcs":[[-5544,5516,-5533,5517,5518,5519]],"id":"feature_0917"},{"properties":{"sa2_code":"311031315","sa2_name":"Greenbank Military Camp","state":"Queensland","metro_code":"3GBRI","metro_name":"Greater Brisbane"},"type":"Polygon","arcs":[[5520,5521,5522,-5594,5523,5524,5525,5526,-5531]],"id":"feature_0918"},{"properties":{"sa2_code":"311031316","sa2_name":"Hillcrest","state":"Queensland","metro_code":"3GBRI","metro_name":"Greater Brisbane"},"type":"Polygon","arcs":[[5527,5528,5529,5530]],"id":"feature_0919"},{"properties":{"sa2_code":"311031317","sa2_name":"Marsden","state":"Queensland","metro_code":"3GBRI","metro_name":"Greater Brisbane"},"type":"Polygon","arcs":[[-5682,5531,5532,5533]],"id":"feature_0920"},{"properties":{"sa2_code":"311031318","sa2_name":"Munruben - Park Ridge South","state":"Queensland","metro_code":"3GBRI","metro_name":"Greater Brisbane"},"type":"Polygon","arcs":[[5534,5535,5536,5537,5538,-5598]],"id":"feature_0921"},{"properties":{"sa2_code":"311031319","sa2_name":"Regents Park - Heritage Park","state":"Queensland","metro_code":"3GBRI","metro_name":"Greater Brisbane"},"type":"Polygon","arcs":[[5539,5540,5541,5542,5543,5544,5545,5546,5547,5548]],"id":"feature_0922"},{"properties":{"sa2_code":"311041322","sa2_name":"Logan Village","state":"Queensland","metro_code":"3GBRI","metro_name":"Greater Brisbane"},"type":"Polygon","arcs":[[5549,5550,5551,5552,5553,5554,5555,5556,5557,5558,-5631,5559,-5629,5560,-5610,5561,-5602,5562,-5600,5563,5564,5565,5566,5567]],"id":"feature_0923"},{"properties":{"sa2_code":"311041567","sa2_name":"Flagstone (East) - Riverbend","state":"Queensland","metro_code":"3GBRI","metro_name":"Greater Brisbane"},"type":"Polygon","arcs":[[-5604,-5607,5568,-5622,5569,5570,5571,-5577,5572]],"id":"feature_0924"},{"properties":{"sa2_code":"311041568","sa2_name":"Flagstone (West) - New Beith","state":"Queensland","metro_code":"3GBRI","metro_name":"Greater Brisbane"},"type":"Polygon","arcs":[[5573,5574,-5606,5575,5576,5577,5578,5579,5580,5581,5582,5583,5584,5585,5586,5587,5588,5589,5590,5591]],"id":"feature_0925"},{"properties":{"sa2_code":"311041569","sa2_name":"Greenbank - North Maclean","state":"Queensland","metro_code":"3GBRI","metro_name":"Greater Brisbane"},"type":"Polygon","arcs":[[5592,5593,5594,5595,5596,5597,5598,5599,5600,5601,5602,-5608,5603,5604,5605]],"id":"feature_0926"},{"properties":{"sa2_code":"311041570","sa2_name":"Jimboomba - Glenlogan","state":"Queensland","metro_code":"3GBRI","metro_name":"Greater Brisbane"},"type":"Polygon","arcs":[[5606,5607,5608,5609,5610,-5627,5611,5612,5613,5614,5615,5616,5617,5618,5619,5620,5621,5622]],"id":"feature_0927"},{"properties":{"sa2_code":"311041571","sa2_name":"Yarrabilba","state":"Queensland","metro_code":"3GBRI","metro_name":"Greater Brisbane"},"type":"Polygon","arcs":[[5623,5624,5625,5626,5627,5628,5629,5630]],"id":"feature_0928"},{"properties":{"sa2_code":"311051323","sa2_name":"Bethania - Waterford","state":"Queensland","metro_code":"3GBRI","metro_name":"Greater Brisbane"},"type":"Polygon","arcs":[[5631,5632,-5668,5633]],"id":"feature_0929"},{"properties":{"sa2_code":"311051324","sa2_name":"Cornubia - Carbrook","state":"Queensland","metro_code":"3GBRI","metro_name":"Greater Brisbane"},"type":"Polygon","arcs":[[5634,5635,5636,5637,5638,5639,5640,5641,5642,5643,5644,5645,-5650,5646]],"id":"feature_0930"},{"properties":{"sa2_code":"311051325","sa2_name":"Loganholme - Tanah Merah","state":"Queensland","metro_code":"3GBRI","metro_name":"Greater Brisbane"},"type":"Polygon","arcs":[[-5705,5647,-5664,5648,5649,5650,5651,5652,5653,5654]],"id":"feature_0931"},{"properties":{"sa2_code":"311051326","sa2_name":"Loganlea","state":"Queensland","metro_code":"3GBRI","metro_name":"Greater Brisbane"},"type":"Polygon","arcs":[[-5680,5655,-5678,5656,-5709,5657,-5707,5658,-5666,5659]],"id":"feature_0932"},{"properties":{"sa2_code":"311051327","sa2_name":"Shailer Park","state":"Queensland","metro_code":"3GBRI","metro_name":"Greater Brisbane"},"type":"Polygon","arcs":[[5660,5661,5662,5663,5664,-5674]],"id":"feature_0933"},{"properties":{"sa2_code":"311051328","sa2_name":"Waterford West","state":"Queensland","metro_code":"3GBRI","metro_name":"Greater Brisbane"},"type":"Polygon","arcs":[[5665,5666,5667,5668,5669,5670]],"id":"feature_0934"},{"properties":{"sa2_code":"311061329","sa2_name":"Daisy Hill","state":"Queensland","metro_code":"3GBRI","metro_name":"Greater Brisbane"},"type":"Polygon","arcs":[[5671,-5701,5672,5673,5674,-5715]],"id":"feature_0935"},{"properties":{"sa2_code":"311061330","sa2_name":"Kingston (Qld)","state":"Queensland","metro_code":"3GBRI","metro_name":"Greater Brisbane"},"type":"Polygon","arcs":[[-5686,5675,-5711,5676,5677,5678,5679,5680,5681,5682,-5688,5683]],"id":"feature_0936"},{"properties":{"sa2_code":"311061331","sa2_name":"Logan Central","state":"Queensland","metro_code":"3GBRI","metro_name":"Greater Brisbane"},"type":"Polygon","arcs":[[-5721,5684,5685,5686,5687,5688,5689,5690,5691,5692,5693,5694]],"id":"feature_0937"},{"properties":{"sa2_code":"311061332","sa2_name":"Rochedale South - Priestdale","state":"Queensland","metro_code":"3GBRI","metro_name":"Greater Brisbane"},"type":"Polygon","arcs":[[5695,5696,5697,5698,5699,5700,5701,-5713,5702,5703]],"id":"feature_0938"},{"properties":{"sa2_code":"311061333","sa2_name":"Slacks Creek","state":"Queensland","metro_code":"3GBRI","metro_name":"Greater Brisbane"},"type":"Polygon","arcs":[[5704,5705,5706,5707,5708,5709,5710,5711]],"id":"feature_0939"},{"properties":{"sa2_code":"311061334","sa2_name":"Springwood","state":"Queensland","metro_code":"3GBRI","metro_name":"Greater Brisbane"},"type":"Polygon","arcs":[[5712,5713,5714,5715]],"id":"feature_0940"},{"properties":{"sa2_code":"311061335","sa2_name":"Underwood","state":"Queensland","metro_code":"3GBRI","metro_name":"Greater Brisbane"},"type":"Polygon","arcs":[[5716,5717,5718]],"id":"feature_0941"},{"properties":{"sa2_code":"311061336","sa2_name":"Woodridge","state":"Queensland","metro_code":"3GBRI","metro_name":"Greater Brisbane"},"type":"Polygon","arcs":[[5719,5720,5721,5722]],"id":"feature_0942"},{"properties":{"sa2_code":"313011362","sa2_name":"Beachmere - Sandstone Point","state":"Queensland","metro_code":"3GBRI","metro_name":"Greater Brisbane"},"type":"MultiPolygon","arcs":[[[5723]],[[5724]],[[5725]],[[5726]],[[5727]],[[5728,-5757,5729,-5755,5730,-5741,5731,-5775]]],"id":"feature_0943"},{"properties":{"sa2_code":"313011363","sa2_name":"Bribie Island","state":"Queensland","metro_code":"3GBRI","metro_name":"Greater Brisbane"},"type":"MultiPolygon","arcs":[[[5732]],[[5733]],[[5734]],[[5735]],[[5736]]],"id":"feature_0944"},{"properties":{"sa2_code":"313021364","sa2_name":"Burpengary - East","state":"Queensland","metro_code":"3GBRI","metro_name":"Greater Brisbane"},"type":"Polygon","arcs":[[5737,-5779,5738,-5777,5739,5740,5741,-5836,5742,-5834,5743,-5832,5744,-5830,5745,-5828]],"id":"feature_0945"},{"properties":{"sa2_code":"313021366","sa2_name":"Caboolture - South","state":"Queensland","metro_code":"3GBRI","metro_name":"Greater Brisbane"},"type":"Polygon","arcs":[[5746,-5769,5747,-5788,5748,-5786,5749,-5762,5750,-5862]],"id":"feature_0946"},{"properties":{"sa2_code":"313021367","sa2_name":"Elimbah","state":"Queensland","metro_code":"3GBRI","metro_name":"Greater Brisbane"},"type":"Polygon","arcs":[[5751,-5766,5752,-5764,5753,5754,5755,5756,5757,-5773,5758,-5784]],"id":"feature_0947"},{"properties":{"sa2_code":"313021368","sa2_name":"Morayfield - East","state":"Queensland","metro_code":"3GBRI","metro_name":"Greater Brisbane"},"type":"Polygon","arcs":[[5759,-5781,5760,-5822,5761]],"id":"feature_0948"},{"properties":{"sa2_code":"313021369","sa2_name":"Wamuran","state":"Queensland","metro_code":"3GBRI","metro_name":"Greater Brisbane"},"type":"Polygon","arcs":[[-5803,5762,5763,5764,5765,5766,-5790,5767,5768,5769,-5873,5770,-5805,5771]],"id":"feature_0949"},{"properties":{"sa2_code":"313021572","sa2_name":"Caboolture - East","state":"Queensland","metro_code":"3GBRI","metro_name":"Greater Brisbane"},"type":"Polygon","arcs":[[5772,5773,5774,5775,5776,5777,5778,5779,5780,5781]],"id":"feature_0950"},{"properties":{"sa2_code":"313021573","sa2_name":"Caboolture - West","state":"Queensland","metro_code":"3GBRI","metro_name":"Greater Brisbane"},"type":"Polygon","arcs":[[5782,5783,5784,5785,5786,5787,5788,5789]],"id":"feature_0951"},{"properties":{"sa2_code":"313031370","sa2_name":"Kilcoy","state":"Queensland","metro_code":"3GBRI","metro_name":"Greater Brisbane"},"type":"Polygon","arcs":[[-5801,5790,-5819,5791,-5817,5792,-5815,5793,5794,5795,5796,5797,5798,5799]],"id":"feature_0952"},{"properties":{"sa2_code":"313031371","sa2_name":"Woodford - D'Aguilar","state":"Queensland","metro_code":"3GBRI","metro_name":"Greater Brisbane"},"type":"Polygon","arcs":[[5800,5801,5802,5803,5804,5805,-5872,5806,-5927,5807,5808,5809,5810,5811,5812,5813,5814,5815,5816,5817,5818,5819]],"id":"feature_0953"},{"properties":{"sa2_code":"313041372","sa2_name":"Burpengary","state":"Queensland","metro_code":"3GBRI","metro_name":"Greater Brisbane"},"type":"Polygon","arcs":[[-5843,5820,5821,5822,-5857,5823,-5855,5824,-5853,5825,-5845,5826]],"id":"feature_0954"},{"properties":{"sa2_code":"313041373","sa2_name":"Deception Bay","state":"Queensland","metro_code":"3GBRI","metro_name":"Greater Brisbane"},"type":"Polygon","arcs":[[5827,5828,5829,5830,5831,5832,5833,5834,5835,5836,-5889,5837,-6053,5838,-6051,5839]],"id":"feature_0955"},{"properties":{"sa2_code":"313041374","sa2_name":"Morayfield","state":"Queensland","metro_code":"3GBRI","metro_name":"Greater Brisbane"},"type":"Polygon","arcs":[[-5864,5840,5841,5842,5843,5844,5845,-5851,5846,-5866,5847]],"id":"feature_0956"},{"properties":{"sa2_code":"313041375","sa2_name":"Narangba","state":"Queensland","metro_code":"3GBRI","metro_name":"Greater Brisbane"},"type":"Polygon","arcs":[[5848,-5868,5849,5850,5851,5852,5853,5854,5855,5856,5857,-6034,5858,-5935,5859,-5933]],"id":"feature_0957"},{"properties":{"sa2_code":"313041376","sa2_name":"Upper Caboolture","state":"Queensland","metro_code":"3GBRI","metro_name":"Greater Brisbane"},"type":"Polygon","arcs":[[5860,5861,5862,5863,5864,5865,5866,5867,5868,-5931,5869,-5929,5870,5871,5872]],"id":"feature_0958"},{"properties":{"sa2_code":"313051377","sa2_name":"Clontarf","state":"Queensland","metro_code":"3GBRI","metro_name":"Greater Brisbane"},"type":"Polygon","arcs":[[-5877,5873,-5880,5874]],"id":"feature_0959"},{"properties":{"sa2_code":"313051378","sa2_name":"Margate - Woody Point","state":"Queensland","metro_code":"3GBRI","metro_name":"Greater Brisbane"},"type":"Polygon","arcs":[[5875,5876,5877,-5883,5878,5879]],"id":"feature_0960"},{"properties":{"sa2_code":"313051379","sa2_name":"Redcliffe","state":"Queensland","metro_code":"3GBRI","metro_name":"Greater Brisbane"},"type":"Polygon","arcs":[[5880,-5894,5881,5882]],"id":"feature_0961"},{"properties":{"sa2_code":"313051380","sa2_name":"Rothwell - Kippa-Ring","state":"Queensland","metro_code":"3GBRI","metro_name":"Greater Brisbane"},"type":"Polygon","arcs":[[5883,-6046,5884,-6044,5885,-6042,5886,-6055,5887,5888,5889,-5896,5890]],"id":"feature_0962"},{"properties":{"sa2_code":"313051574","sa2_name":"Moreton Island","state":"Queensland","metro_code":"3GBRI","metro_name":"Greater Brisbane"},"type":"MultiPolygon","arcs":[[[5891]],[[5892]]],"id":"feature_0963"},{"properties":{"sa2_code":"313051575","sa2_name":"Scarborough - Newport","state":"Queensland","metro_code":"3GBRI","metro_name":"Greater Brisbane"},"type":"Polygon","arcs":[[5893,5894,5895,5896]],"id":"feature_0964"},{"properties":{"sa2_code":"314011382","sa2_name":"Albany Creek","state":"Queensland","metro_code":"3GBRI","metro_name":"Greater Brisbane"},"type":"Polygon","arcs":[[-6095,5897,5898,5899,5900,5901,-5986,5902,-5984,5903]],"id":"feature_0965"},{"properties":{"sa2_code":"314011383","sa2_name":"Cashmere","state":"Queensland","metro_code":"3GBRI","metro_name":"Greater Brisbane"},"type":"Polygon","arcs":[[5904,-5964,5905,-5962,5906,-5960,5907,-5958,5908,-5956,5909,-5954,5910,-5952,-5951,5911,-5949,-5948,5912,-5946,5913,-5944,5914,-5942,5915,-5940,5916,-5938,5917,-6064,5918,-6062,5919,-6097,5920,-5975,5921,5922,-6001]],"id":"feature_0966"},{"properties":{"sa2_code":"314011384","sa2_name":"Dayboro","state":"Queensland","metro_code":"3GBRI","metro_name":"Greater Brisbane"},"type":"Polygon","arcs":[[5923,5924,5925,5926,5927,5928,5929,5930,5931,5932,5933,5934,5935,-6075,5936,5937,5938,5939,5940,5941,5942,5943,5944,5945,5946,5947,5948,5949,5950,5951,5952,5953,5954,5955,5956,5957,5958,5959,5960,5961,5962,5963,5964,-6027,5965,-6025,5966,5967,5968,5969,5970,5971,5972,5973]],"id":"feature_0967"},{"properties":{"sa2_code":"314011385","sa2_name":"Eatons Hill","state":"Queensland","metro_code":"3GBRI","metro_name":"Greater Brisbane"},"type":"Polygon","arcs":[[5974,5975,-5982,5976,-6005,5977,-6003,5978]],"id":"feature_0968"},{"properties":{"sa2_code":"314011386","sa2_name":"The Hills District","state":"Queensland","metro_code":"3GBRI","metro_name":"Greater Brisbane"},"type":"Polygon","arcs":[[5979,-6007,5980,5981,5982,5983,5984,5985,5986,5987,5988,5989,5990,5991,5992,5993,5994,5995,5996,5997,5998,-6009]],"id":"feature_0969"},{"properties":{"sa2_code":"314011387","sa2_name":"Samford Valley","state":"Queensland","metro_code":"3GBRI","metro_name":"Greater Brisbane"},"type":"Polygon","arcs":[[5999,6000,6001,6002,6003,6004,6005,6006,6007,6008,6009,6010,6011,6012,6013,6014,6015,6016,6017,6018,6019,6020,6021,6022,6023,6024,6025,6026]],"id":"feature_0970"},{"properties":{"sa2_code":"314021389","sa2_name":"Murrumba Downs - Griffin","state":"Queensland","metro_code":"3GBRI","metro_name":"Greater Brisbane"},"type":"Polygon","arcs":[[6027,-6048,6028,6029,6030,-6068,6031,-6038]],"id":"feature_0971"},{"properties":{"sa2_code":"314021576","sa2_name":"Dakabin","state":"Queensland","metro_code":"3GBRI","metro_name":"Greater Brisbane"},"type":"Polygon","arcs":[[6032,6033,6034,-6036]],"id":"feature_0972"},{"properties":{"sa2_code":"314021577","sa2_name":"Kallangur","state":"Queensland","metro_code":"3GBRI","metro_name":"Greater Brisbane"},"type":"Polygon","arcs":[[6035,6036,-6059,6037,6038,-6077,6039]],"id":"feature_0973"},{"properties":{"sa2_code":"314021578","sa2_name":"Mango Hill","state":"Queensland","metro_code":"3GBRI","metro_name":"Greater Brisbane"},"type":"Polygon","arcs":[[6040,6041,6042,6043,6044,6045,6046,6047,6048,-6057]],"id":"feature_0974"},{"properties":{"sa2_code":"314021579","sa2_name":"North Lakes","state":"Queensland","metro_code":"3GBRI","metro_name":"Greater Brisbane"},"type":"Polygon","arcs":[[6049,6050,6051,6052,6053,6054,6055,6056,6057,6058]],"id":"feature_0975"},{"properties":{"sa2_code":"314031391","sa2_name":"Bray Park","state":"Queensland","metro_code":"3GBRI","metro_name":"Greater Brisbane"},"type":"Polygon","arcs":[[-6073,6059,-6083,6060,6061,6062]],"id":"feature_0976"},{"properties":{"sa2_code":"314031392","sa2_name":"Lawnton","state":"Queensland","metro_code":"3GBRI","metro_name":"Greater Brisbane"},"type":"Polygon","arcs":[[6063,6064,-6081,6065,-6079,6066,6067,6068,-6089,6069,-6087,6070,-6085,6071,6072,6073]],"id":"feature_0977"},{"properties":{"sa2_code":"314031393","sa2_name":"Petrie","state":"Queensland","metro_code":"3GBRI","metro_name":"Greater Brisbane"},"type":"Polygon","arcs":[[6074,6075,6076,6077,6078,6079,6080,6081]],"id":"feature_0978"},{"properties":{"sa2_code":"314031394","sa2_name":"Strathpine - Brendale","state":"Queensland","metro_code":"3GBRI","metro_name":"Greater Brisbane"},"type":"Polygon","arcs":[[6082,6083,6084,6085,6086,6087,6088,6089,6090,6091,6092,6093,6094,6095,6096,6097]],"id":"feature_0979"},{"properties":{"sa2_code":"401011001","sa2_name":"Adelaide","state":"South Australia","metro_code":"4GADE","metro_name":"Greater Adelaide"},"type":"Polygon","arcs":[[-6758,-6105,6098,-6103,6099,-6208,6100]],"id":"feature_0980"},{"properties":{"sa2_code":"401011002","sa2_name":"North Adelaide","state":"South Australia","metro_code":"4GADE","metro_name":"Greater Adelaide"},"type":"Polygon","arcs":[[-6706,6101,-6251,6102,6103,6104]],"id":"feature_0981"},{"properties":{"sa2_code":"401021003","sa2_name":"Adelaide Hills","state":"South Australia","metro_code":"4GADE","metro_name":"Greater Adelaide"},"type":"Polygon","arcs":[[6105,-6495,6106,-6493,6107,-6448,6108,-6333,6109,-6169,6110,-6140,6111,-6138,6112,-6185,6113,-6183,-6468,6114,-6502]],"id":"feature_0982"},{"properties":{"sa2_code":"401021004","sa2_name":"Aldgate - Stirling","state":"South Australia","metro_code":"4GADE","metro_name":"Greater Adelaide"},"type":"Polygon","arcs":[[6115,-6193,6116,-6153,6117,-6151,6118,-6134,6119,-6132,6120,-6130,6121,-6591,6122,-6535]],"id":"feature_0983"},{"properties":{"sa2_code":"401021005","sa2_name":"Hahndorf - Echunga","state":"South Australia","metro_code":"4GADE","metro_name":"Greater Adelaide"},"type":"Polygon","arcs":[[6123,-6149,6124,-6147,6125,-6156,6126,-6161,-6172,6127,-6593,6128,6129,6130,6131,6132,6133]],"id":"feature_0984"},{"properties":{"sa2_code":"401021006","sa2_name":"Lobethal - Woodside","state":"South Australia","metro_code":"4GADE","metro_name":"Greater Adelaide"},"type":"Polygon","arcs":[[6134,-6189,6135,-6187,6136,6137,6138,6139,6140,-6167,6141,-6165,6142,-6163,6143,-6176,6144,-6158,6145,6146,6147,6148,6149,6150,6151,6152,6153,-6191]],"id":"feature_0985"},{"properties":{"sa2_code":"401021007","sa2_name":"Mount Barker","state":"South Australia","metro_code":"4GADE","metro_name":"Greater Adelaide"},"type":"Polygon","arcs":[[6154,6155,6156,6157,6158,-6180,6159,-6173,6160]],"id":"feature_0986"},{"properties":{"sa2_code":"401021008","sa2_name":"Mount Barker Surrounds","state":"South Australia","metro_code":"4GADE","metro_name":"Greater Adelaide"},"type":"Polygon","arcs":[[6161,6162,6163,6164,6165,6166,6167,6168,6169,-6595,6170,6171,6172,6173,-6178]],"id":"feature_0987"},{"properties":{"sa2_code":"401021009","sa2_name":"Nairne","state":"South Australia","metro_code":"4GADE","metro_name":"Greater Adelaide"},"type":"Polygon","arcs":[[6174,6175,6176,6177,6178,6179]],"id":"feature_0988"},{"properties":{"sa2_code":"401021010","sa2_name":"Uraidla - Summertown","state":"South Australia","metro_code":"4GADE","metro_name":"Greater Adelaide"},"type":"Polygon","arcs":[[-6229,6180,-6218,6181,-6469,6182,6183,6184,6185,6186,6187,6188,6189,6190,6191,6192,6193,-6205,6194,-6198,6195]],"id":"feature_0989"},{"properties":{"sa2_code":"401031011","sa2_name":"Burnside - Wattle Park","state":"South Australia","metro_code":"4GADE","metro_name":"Greater Adelaide"},"type":"Polygon","arcs":[[-6231,6196,6197,6198,-6203,6199,-6211]],"id":"feature_0990"},{"properties":{"sa2_code":"401031012","sa2_name":"Beaumont - Glen Osmond","state":"South Australia","metro_code":"4GADE","metro_name":"Greater Adelaide"},"type":"Polygon","arcs":[[-6215,6200,-6213,6201,6202,6203,6204,6205,-6534,6206]],"id":"feature_0991"},{"properties":{"sa2_code":"401031013","sa2_name":"Toorak Gardens","state":"South Australia","metro_code":"4GADE","metro_name":"Greater Adelaide"},"type":"Polygon","arcs":[[6207,6208,-6233,6209,6210,6211,6212,6213,6214,6215]],"id":"feature_0992"},{"properties":{"sa2_code":"401041014","sa2_name":"Athelstone","state":"South Australia","metro_code":"4GADE","metro_name":"Greater Adelaide"},"type":"Polygon","arcs":[[-6459,6216,6217,6218,-6227,6219,-6222]],"id":"feature_0993"},{"properties":{"sa2_code":"401041015","sa2_name":"Paradise - Newton","state":"South Australia","metro_code":"4GADE","metro_name":"Greater Adelaide"},"type":"Polygon","arcs":[[-6461,6220,6221,6222,-6235,6223,-6376,6224,-6374,6225]],"id":"feature_0994"},{"properties":{"sa2_code":"401041016","sa2_name":"Rostrevor - Magill","state":"South Australia","metro_code":"4GADE","metro_name":"Greater Adelaide"},"type":"Polygon","arcs":[[6226,6227,6228,6229]],"id":"feature_0995"},{"properties":{"sa2_code":"401051017","sa2_name":"Norwood (SA)","state":"South Australia","metro_code":"4GADE","metro_name":"Greater Adelaide"},"type":"Polygon","arcs":[[-6240,6230,6231,6232,6233]],"id":"feature_0996"},{"properties":{"sa2_code":"401051018","sa2_name":"Payneham - Felixstow","state":"South Australia","metro_code":"4GADE","metro_name":"Greater Adelaide"},"type":"Polygon","arcs":[[6234,6235,-6239,6236]],"id":"feature_0997"},{"properties":{"sa2_code":"401051019","sa2_name":"St Peters - Marden","state":"South Australia","metro_code":"4GADE","metro_name":"Greater Adelaide"},"type":"Polygon","arcs":[[-6249,6237,6238,6239,6240,6241]],"id":"feature_0998"},{"properties":{"sa2_code":"401061020","sa2_name":"Nailsworth - Broadview","state":"South Australia","metro_code":"4GADE","metro_name":"Greater Adelaide"},"type":"Polygon","arcs":[[6242,-6367,6243]],"id":"feature_0999"},{"properties":{"sa2_code":"401061021","sa2_name":"Prospect","state":"South Australia","metro_code":"4GADE","metro_name":"Greater Adelaide"},"type":"Polygon","arcs":[[-6369,6244,-6253,6245,-6705,6246]],"id":"feature_1000"},{"properties":{"sa2_code":"401061022","sa2_name":"Walkerville","state":"South Australia","metro_code":"4GADE","metro_name":"Greater Adelaide"},"type":"Polygon","arcs":[[-6378,6247,6248,6249,6250,6251,6252,6253]],"id":"feature_1001"},{"properties":{"sa2_code":"401071023","sa2_name":"Goodwood - Millswood","state":"South Australia","metro_code":"4GADE","metro_name":"Greater Adelaide"},"type":"Polygon","arcs":[[-6751,6254,-6257,6255]],"id":"feature_1002"},{"properties":{"sa2_code":"401071024","sa2_name":"Unley - Parkside","state":"South Australia","metro_code":"4GADE","metro_name":"Greater Adelaide"},"type":"Polygon","arcs":[[6256,6257]],"id":"feature_1003"},{"properties":{"sa2_code":"402011025","sa2_name":"Gawler - North","state":"South Australia","metro_code":"4GADE","metro_name":"Greater Adelaide"},"type":"Polygon","arcs":[[6258,-6275,6259,-6273,6260,-6295,6261,-6293,6262,-6291,6263,-6289,6264,-6287,6265,-6285,6266,-6283,6267,-6281,6268,-6279,6269,-6323,6270,-6321,6271,-6297]],"id":"feature_1004"},{"properties":{"sa2_code":"402011026","sa2_name":"Gawler - South","state":"South Australia","metro_code":"4GADE","metro_name":"Greater Adelaide"},"type":"Polygon","arcs":[[6272,6273,6274,6275,-6331,-6304,6276,-6325,6277,6278,6279,6280,6281,6282,6283,6284,6285,6286,6287,6288,6289,6290,6291,6292,6293,6294,6295]],"id":"feature_1005"},{"properties":{"sa2_code":"402011027","sa2_name":"Lewiston - Two Wells","state":"South Australia","metro_code":"4GADE","metro_name":"Greater Adelaide"},"type":"Polygon","arcs":[[6296,6297,-6318,6298,-6358,6299,-6356,6300,-6354,6301]],"id":"feature_1006"},{"properties":{"sa2_code":"402021028","sa2_name":"Craigmore - Blakeview","state":"South Australia","metro_code":"4GADE","metro_name":"Greater Adelaide"},"type":"Polygon","arcs":[[6302,6303,-6330,6304,-6343,6305,-6349]],"id":"feature_1007"},{"properties":{"sa2_code":"402021029","sa2_name":"Davoren Park","state":"South Australia","metro_code":"4GADE","metro_name":"Greater Adelaide"},"type":"Polygon","arcs":[[-6328,6306,-6345,6307,-6361,6308]],"id":"feature_1008"},{"properties":{"sa2_code":"402021030","sa2_name":"Elizabeth","state":"South Australia","metro_code":"4GADE","metro_name":"Greater Adelaide"},"type":"Polygon","arcs":[[-6352,6309,-6315,6310,-6417,6311]],"id":"feature_1009"},{"properties":{"sa2_code":"402021031","sa2_name":"Elizabeth East","state":"South Australia","metro_code":"4GADE","metro_name":"Greater Adelaide"},"type":"Polygon","arcs":[[-6351,6312,-6341,6313,6314,6315]],"id":"feature_1010"},{"properties":{"sa2_code":"402021032","sa2_name":"Munno Para West - Angle Vale","state":"South Australia","metro_code":"4GADE","metro_name":"Greater Adelaide"},"type":"Polygon","arcs":[[6316,6317,6318,6319,6320,6321,6322,6323,6324,6325,-6347,6326,6327,6328,-6359]],"id":"feature_1011"},{"properties":{"sa2_code":"402021033","sa2_name":"One Tree Hill","state":"South Australia","metro_code":"4GADE","metro_name":"Greater Adelaide"},"type":"Polygon","arcs":[[6329,6330,6331,6332,6333,-6446,6334,-6444,6335,-6442,6336,-6440,6337,-6438,6338,-6453,6339,6340,6341,6342,6343]],"id":"feature_1012"},{"properties":{"sa2_code":"402021034","sa2_name":"Smithfield - Elizabeth North","state":"South Australia","metro_code":"4GADE","metro_name":"Greater Adelaide"},"type":"Polygon","arcs":[[6344,6345,6346,6347,6348,6349,6350,6351,6352]],"id":"feature_1013"},{"properties":{"sa2_code":"402021035","sa2_name":"Virginia - Waterloo Corner","state":"South Australia","metro_code":"4GADE","metro_name":"Greater Adelaide"},"type":"Polygon","arcs":[[6353,6354,6355,6356,6357,6358,6359,6360,6361,-6423,6362,-6391,6363,-6389,6364]],"id":"feature_1014"},{"properties":{"sa2_code":"402031036","sa2_name":"Enfield - Blair Athol","state":"South Australia","metro_code":"4GADE","metro_name":"Greater Adelaide"},"type":"Polygon","arcs":[[6365,6366,6367,6368,6369]],"id":"feature_1015"},{"properties":{"sa2_code":"402031038","sa2_name":"Windsor Gardens","state":"South Australia","metro_code":"4GADE","metro_name":"Greater Adelaide"},"type":"Polygon","arcs":[[-6385,6370,-6478,6371,-6463,6372,6373,6374,6375,6376,6377,6378,-6383]],"id":"feature_1016"},{"properties":{"sa2_code":"402031175","sa2_name":"Northgate - Northfield","state":"South Australia","metro_code":"4GADE","metro_name":"Greater Adelaide"},"type":"Polygon","arcs":[[6379,-6397,6380,-6387,6381,6382]],"id":"feature_1017"},{"properties":{"sa2_code":"402031176","sa2_name":"Valley View - Gilles Plains","state":"South Australia","metro_code":"4GADE","metro_name":"Greater Adelaide"},"type":"Polygon","arcs":[[-6480,6383,6384,6385,6386,6387]],"id":"feature_1018"},{"properties":{"sa2_code":"402041039","sa2_name":"Dry Creek - North","state":"South Australia","metro_code":"4GADE","metro_name":"Greater Adelaide"},"type":"Polygon","arcs":[[6388,6389,6390,6391,-6408,-6432,6392]],"id":"feature_1019"},{"properties":{"sa2_code":"402041040","sa2_name":"Ingle Farm","state":"South Australia","metro_code":"4GADE","metro_name":"Greater Adelaide"},"type":"Polygon","arcs":[[-6434,6393,-6400,6394,-6488,-6471,6395,6396]],"id":"feature_1020"},{"properties":{"sa2_code":"402041041","sa2_name":"Para Hills","state":"South Australia","metro_code":"4GADE","metro_name":"Greater Adelaide"},"type":"Polygon","arcs":[[6397,-6490,6398,6399,6400,-6420]],"id":"feature_1021"},{"properties":{"sa2_code":"402041042","sa2_name":"Parafield","state":"South Australia","metro_code":"4GADE","metro_name":"Greater Adelaide"},"type":"Polygon","arcs":[[6401,-6429,6402]],"id":"feature_1022"},{"properties":{"sa2_code":"402041043","sa2_name":"Parafield Gardens","state":"South Australia","metro_code":"4GADE","metro_name":"Greater Adelaide"},"type":"Polygon","arcs":[[6403]],"id":"feature_1023"},{"properties":{"sa2_code":"402041044","sa2_name":"Paralowie","state":"South Australia","metro_code":"4GADE","metro_name":"Greater Adelaide"},"type":"Polygon","arcs":[[6404,-6410,6405,-6414,6406,6407,6408,-6427]],"id":"feature_1024"},{"properties":{"sa2_code":"402041046","sa2_name":"Salisbury","state":"South Australia","metro_code":"4GADE","metro_name":"Greater Adelaide"},"type":"Polygon","arcs":[[6409,6410,-6425,6411,-6421,6412,6413,6414]],"id":"feature_1025"},{"properties":{"sa2_code":"402041047","sa2_name":"Salisbury East","state":"South Australia","metro_code":"4GADE","metro_name":"Greater Adelaide"},"type":"Polygon","arcs":[[6415,6416,6417,-6457,6418,6419,6420]],"id":"feature_1026"},{"properties":{"sa2_code":"402041048","sa2_name":"Salisbury North","state":"South Australia","metro_code":"4GADE","metro_name":"Greater Adelaide"},"type":"Polygon","arcs":[[6421,6422,6423,6424,6425,6426]],"id":"feature_1027"},{"properties":{"sa2_code":"402041171","sa2_name":"Mawson Lakes - Globe Derby Park","state":"South Australia","metro_code":"4GADE","metro_name":"Greater Adelaide"},"type":"Polygon","arcs":[[6427,6428,6429,-6436,6430,6431]],"id":"feature_1028"},{"properties":{"sa2_code":"402041172","sa2_name":"Pooraka - Cavan","state":"South Australia","metro_code":"4GADE","metro_name":"Greater Adelaide"},"type":"Polygon","arcs":[[6432,6433,6434,6435]],"id":"feature_1029"},{"properties":{"sa2_code":"402051049","sa2_name":"Golden Grove","state":"South Australia","metro_code":"4GADE","metro_name":"Greater Adelaide"},"type":"Polygon","arcs":[[-6455,6436,6437,6438,6439,6440,6441,6442,6443,6444,6445,6446,6447,6448,-6491,6449,-6485,6450,-6483,6451]],"id":"feature_1030"},{"properties":{"sa2_code":"402051050","sa2_name":"Greenwith","state":"South Australia","metro_code":"4GADE","metro_name":"Greater Adelaide"},"type":"Polygon","arcs":[[6452,6453,6454,6455,6456,6457]],"id":"feature_1031"},{"properties":{"sa2_code":"402051051","sa2_name":"Highbury - Dernancourt","state":"South Australia","metro_code":"4GADE","metro_name":"Greater Adelaide"},"type":"Polygon","arcs":[[6458,6459,6460,6461,6462,6463,-6476,6464,-6474,6465,-6504,6466,6467,6468,6469]],"id":"feature_1032"},{"properties":{"sa2_code":"402051052","sa2_name":"Hope Valley - Modbury","state":"South Australia","metro_code":"4GADE","metro_name":"Greater Adelaide"},"type":"Polygon","arcs":[[6470,6471,-6506,6472,6473,6474,6475,6476,6477,6478,6479,6480]],"id":"feature_1033"},{"properties":{"sa2_code":"402051053","sa2_name":"Modbury Heights","state":"South Australia","metro_code":"4GADE","metro_name":"Greater Adelaide"},"type":"Polygon","arcs":[[6481,6482,6483,6484,6485,-6498,6486,6487,6488,6489]],"id":"feature_1034"},{"properties":{"sa2_code":"402051054","sa2_name":"Redwood Park","state":"South Australia","metro_code":"4GADE","metro_name":"Greater Adelaide"},"type":"Polygon","arcs":[[6490,6491,6492,6493,6494,6495,-6500,6496]],"id":"feature_1035"},{"properties":{"sa2_code":"402051055","sa2_name":"St Agnes - Ridgehaven","state":"South Australia","metro_code":"4GADE","metro_name":"Greater Adelaide"},"type":"Polygon","arcs":[[6497,6498,6499,6500,6501,6502,6503,6504,6505,6506]],"id":"feature_1036"},{"properties":{"sa2_code":"403011056","sa2_name":"Brighton (SA)","state":"South Australia","metro_code":"4GADE","metro_name":"Greater Adelaide"},"type":"Polygon","arcs":[[-6521,6507]],"id":"feature_1037"},{"properties":{"sa2_code":"403011057","sa2_name":"Glenelg (SA)","state":"South Australia","metro_code":"4GADE","metro_name":"Greater Adelaide"},"type":"Polygon","arcs":[[6508,-6527,6509,-6766,6510,-6753]],"id":"feature_1038"},{"properties":{"sa2_code":"403021058","sa2_name":"Edwardstown","state":"South Australia","metro_code":"4GADE","metro_name":"Greater Adelaide"},"type":"Polygon","arcs":[[6511,-6523]],"id":"feature_1039"},{"properties":{"sa2_code":"403021059","sa2_name":"Hallett Cove","state":"South Australia","metro_code":"4GADE","metro_name":"Greater Adelaide"},"type":"Polygon","arcs":[[-6519,6512,-6530,6513,-6668,6514,-6649,6515]],"id":"feature_1040"},{"properties":{"sa2_code":"403021060","sa2_name":"Marino - Seaview Downs","state":"South Australia","metro_code":"4GADE","metro_name":"Greater Adelaide"},"type":"Polygon","arcs":[[6516,-6614,6517,6518,6519,6520]],"id":"feature_1041"},{"properties":{"sa2_code":"403021061","sa2_name":"Mitchell Park","state":"South Australia","metro_code":"4GADE","metro_name":"Greater Adelaide"},"type":"Polygon","arcs":[[-6531,6521,6522,6523,6524]],"id":"feature_1042"},{"properties":{"sa2_code":"403021062","sa2_name":"Morphettville","state":"South Australia","metro_code":"4GADE","metro_name":"Greater Adelaide"},"type":"Polygon","arcs":[[6525,6526]],"id":"feature_1043"},{"properties":{"sa2_code":"403021063","sa2_name":"Sheidow Park - Trott Park","state":"South Australia","metro_code":"4GADE","metro_name":"Greater Adelaide"},"type":"Polygon","arcs":[[6527,-6670,6528,6529]],"id":"feature_1044"},{"properties":{"sa2_code":"403021064","sa2_name":"Warradale","state":"South Australia","metro_code":"4GADE","metro_name":"Greater Adelaide"},"type":"Polygon","arcs":[[6530,6531]],"id":"feature_1045"},{"properties":{"sa2_code":"403031065","sa2_name":"Belair","state":"South Australia","metro_code":"4GADE","metro_name":"Greater Adelaide"},"type":"Polygon","arcs":[[-6559,6532,6533,6534,6535,-6544,6536,-6561,6537]],"id":"feature_1046"},{"properties":{"sa2_code":"403031066","sa2_name":"Bellevue Heights","state":"South Australia","metro_code":"4GADE","metro_name":"Greater Adelaide"},"type":"Polygon","arcs":[[-6568,6538,-6553,6539,-6551,6540,-6616,6541]],"id":"feature_1047"},{"properties":{"sa2_code":"403031067","sa2_name":"Blackwood","state":"South Australia","metro_code":"4GADE","metro_name":"Greater Adelaide"},"type":"Polygon","arcs":[[6542,6543,6544,-6589,6545,-6613,6546,-6611,6547,-6620,6548,-6618,6549,6550,6551,6552]],"id":"feature_1048"},{"properties":{"sa2_code":"403031068","sa2_name":"Colonel Light Gardens","state":"South Australia","metro_code":"4GADE","metro_name":"Greater Adelaide"},"type":"Polygon","arcs":[[6553,-6557,6554,-6564]],"id":"feature_1049"},{"properties":{"sa2_code":"403031069","sa2_name":"Mitcham (SA)","state":"South Australia","metro_code":"4GADE","metro_name":"Greater Adelaide"},"type":"Polygon","arcs":[[6555,6556,6557,6558,6559,6560,6561,-6566]],"id":"feature_1050"},{"properties":{"sa2_code":"403031070","sa2_name":"Panorama","state":"South Australia","metro_code":"4GADE","metro_name":"Greater Adelaide"},"type":"Polygon","arcs":[[6562,6563,6564,6565,6566,6567]],"id":"feature_1051"},{"properties":{"sa2_code":"403041071","sa2_name":"Aberfoyle Park","state":"South Australia","metro_code":"4GADE","metro_name":"Greater Adelaide"},"type":"Polygon","arcs":[[-6626,6568,-6584,6569,-6601,6570,-6638,6571,-6642,6572]],"id":"feature_1052"},{"properties":{"sa2_code":"403041072","sa2_name":"Aldinga","state":"South Australia","metro_code":"4GADE","metro_name":"Greater Adelaide"},"type":"Polygon","arcs":[[-6691,6573,-6675,6574]],"id":"feature_1053"},{"properties":{"sa2_code":"403041073","sa2_name":"Christie Downs","state":"South Australia","metro_code":"4GADE","metro_name":"Greater Adelaide"},"type":"Polygon","arcs":[[-6651,6575,-6682,6576,-6580,6577]],"id":"feature_1054"},{"properties":{"sa2_code":"403041074","sa2_name":"Christies Beach","state":"South Australia","metro_code":"4GADE","metro_name":"Greater Adelaide"},"type":"Polygon","arcs":[[-6647,6578,6579,6580,-6680,6581]],"id":"feature_1055"},{"properties":{"sa2_code":"403041075","sa2_name":"Clarendon","state":"South Australia","metro_code":"4GADE","metro_name":"Greater Adelaide"},"type":"Polygon","arcs":[[6582,6583,6584,-6607,6585,-6605,6586,-6603,6587,6588,6589,6590,6591,6592,6593,6594,6595,-6660,6596,-6658,6597,-6656,6598,-6630,6599,6600]],"id":"feature_1056"},{"properties":{"sa2_code":"403041076","sa2_name":"Coromandel Valley","state":"South Australia","metro_code":"4GADE","metro_name":"Greater Adelaide"},"type":"Polygon","arcs":[[6601,6602,6603,6604,6605,6606,6607,-6624,6608,-6622,6609,6610,6611,6612]],"id":"feature_1057"},{"properties":{"sa2_code":"403041077","sa2_name":"Flagstaff Hill","state":"South Australia","metro_code":"4GADE","metro_name":"Greater Adelaide"},"type":"Polygon","arcs":[[6613,6614,6615,6616,6617,6618,6619,6620,6621,6622,6623,6624,6625,6626,-6646,6627]],"id":"feature_1058"},{"properties":{"sa2_code":"403041078","sa2_name":"Hackham - Onkaparinga Hills","state":"South Australia","metro_code":"4GADE","metro_name":"Greater Adelaide"},"type":"Polygon","arcs":[[-6679,6628,6629,6630,-6654,6631,-6685,6632,-6683,6633]],"id":"feature_1059"},{"properties":{"sa2_code":"403041079","sa2_name":"Hackham West - Huntfield Heights","state":"South Australia","metro_code":"4GADE","metro_name":"Greater Adelaide"},"type":"Polygon","arcs":[[6634]],"id":"feature_1060"},{"properties":{"sa2_code":"403041080","sa2_name":"Happy Valley","state":"South Australia","metro_code":"4GADE","metro_name":"Greater Adelaide"},"type":"Polygon","arcs":[[6635,-6644,6636,6637,6638,-6677,6639,-6666]],"id":"feature_1061"},{"properties":{"sa2_code":"403041081","sa2_name":"Happy Valley Reservoir","state":"South Australia","metro_code":"4GADE","metro_name":"Greater Adelaide"},"type":"Polygon","arcs":[[6640,6641,6642,6643,6644,6645]],"id":"feature_1062"},{"properties":{"sa2_code":"403041082","sa2_name":"Lonsdale","state":"South Australia","metro_code":"4GADE","metro_name":"Greater Adelaide"},"type":"Polygon","arcs":[[6646,6647,6648,6649,6650,6651]],"id":"feature_1063"},{"properties":{"sa2_code":"403041083","sa2_name":"McLaren Vale","state":"South Australia","metro_code":"4GADE","metro_name":"Greater Adelaide"},"type":"Polygon","arcs":[[-6687,6652,6653,6654,6655,6656,6657,6658,6659,6660,-6673,6661,-6689,6662]],"id":"feature_1064"},{"properties":{"sa2_code":"403041084","sa2_name":"Morphett Vale - East","state":"South Australia","metro_code":"4GADE","metro_name":"Greater Adelaide"},"type":"Polygon","arcs":[[6663]],"id":"feature_1065"},{"properties":{"sa2_code":"403041085","sa2_name":"Morphett Vale - West","state":"South Australia","metro_code":"4GADE","metro_name":"Greater Adelaide"},"type":"Polygon","arcs":[[6664]],"id":"feature_1066"},{"properties":{"sa2_code":"403041086","sa2_name":"Reynella","state":"South Australia","metro_code":"4GADE","metro_name":"Greater Adelaide"},"type":"Polygon","arcs":[[6665,6666,6667,6668,6669,6670]],"id":"feature_1067"},{"properties":{"sa2_code":"403041088","sa2_name":"Willunga","state":"South Australia","metro_code":"4GADE","metro_name":"Greater Adelaide"},"type":"Polygon","arcs":[[6671,6672,6673,6674]],"id":"feature_1068"},{"properties":{"sa2_code":"403041089","sa2_name":"Woodcroft","state":"South Australia","metro_code":"4GADE","metro_name":"Greater Adelaide"},"type":"Polygon","arcs":[[6675,6676,6677,6678]],"id":"feature_1069"},{"properties":{"sa2_code":"403041177","sa2_name":"Seaford - Seaford Meadows","state":"South Australia","metro_code":"4GADE","metro_name":"Greater Adelaide"},"type":"Polygon","arcs":[[6679,6680,6681,6682,6683,6684,6685,6686,6687]],"id":"feature_1070"},{"properties":{"sa2_code":"403041178","sa2_name":"Seaford Rise - Moana","state":"South Australia","metro_code":"4GADE","metro_name":"Greater Adelaide"},"type":"Polygon","arcs":[[6688,6689,6690,6691]],"id":"feature_1071"},{"properties":{"sa2_code":"404011090","sa2_name":"Beverley","state":"South Australia","metro_code":"4GADE","metro_name":"Greater Adelaide"},"type":"Polygon","arcs":[[-6713,6692,-6710,6693,-6708,6694,-6697,6695]],"id":"feature_1072"},{"properties":{"sa2_code":"404011091","sa2_name":"Flinders Park","state":"South Australia","metro_code":"4GADE","metro_name":"Greater Adelaide"},"type":"Polygon","arcs":[[6696,6697,-6742,6698,-6701,6699]],"id":"feature_1073"},{"properties":{"sa2_code":"404011092","sa2_name":"Henley Beach","state":"South Australia","metro_code":"4GADE","metro_name":"Greater Adelaide"},"type":"Polygon","arcs":[[6700,6701,-6740,6702]],"id":"feature_1074"},{"properties":{"sa2_code":"404011093","sa2_name":"Hindmarsh - Brompton","state":"South Australia","metro_code":"4GADE","metro_name":"Greater Adelaide"},"type":"Polygon","arcs":[[-6718,-6730,6703,6704,6705,-6757,6706,6707,6708]],"id":"feature_1075"},{"properties":{"sa2_code":"404011094","sa2_name":"Royal Park - Hendon - Albert Park","state":"South Australia","metro_code":"4GADE","metro_name":"Greater Adelaide"},"type":"Polygon","arcs":[[6709,6710]],"id":"feature_1076"},{"properties":{"sa2_code":"404011095","sa2_name":"Seaton - Grange","state":"South Australia","metro_code":"4GADE","metro_name":"Greater Adelaide"},"type":"Polygon","arcs":[[6711,6712,6713,-6715]],"id":"feature_1077"},{"properties":{"sa2_code":"404011096","sa2_name":"West Lakes","state":"South Australia","metro_code":"4GADE","metro_name":"Greater Adelaide"},"type":"Polygon","arcs":[[6714,6715]],"id":"feature_1078"},{"properties":{"sa2_code":"404011097","sa2_name":"Woodville - Cheltenham","state":"South Australia","metro_code":"4GADE","metro_name":"Greater Adelaide"},"type":"Polygon","arcs":[[-6725,6716,-6731,6717,6718]],"id":"feature_1079"},{"properties":{"sa2_code":"404021098","sa2_name":"Dry Creek - South","state":"South Australia","metro_code":"4GADE","metro_name":"Greater Adelaide"},"type":"Polygon","arcs":[[6719]],"id":"feature_1080"},{"properties":{"sa2_code":"404021099","sa2_name":"Largs Bay - Semaphore","state":"South Australia","metro_code":"4GADE","metro_name":"Greater Adelaide"},"type":"Polygon","arcs":[[-6722,6720]],"id":"feature_1081"},{"properties":{"sa2_code":"404021100","sa2_name":"North Haven","state":"South Australia","metro_code":"4GADE","metro_name":"Greater Adelaide"},"type":"Polygon","arcs":[[6721,6722]],"id":"feature_1082"},{"properties":{"sa2_code":"404021101","sa2_name":"Port Adelaide","state":"South Australia","metro_code":"4GADE","metro_name":"Greater Adelaide"},"type":"Polygon","arcs":[[-6728,6723,6724,6725]],"id":"feature_1083"},{"properties":{"sa2_code":"404021102","sa2_name":"The Parks","state":"South Australia","metro_code":"4GADE","metro_name":"Greater Adelaide"},"type":"Polygon","arcs":[[6726,6727,6728,6729,6730]],"id":"feature_1084"},{"properties":{"sa2_code":"404021103","sa2_name":"Torrens Island","state":"South Australia","metro_code":"4GADE","metro_name":"Greater Adelaide"},"type":"MultiPolygon","arcs":[[[6731]],[[6732]],[[6733]]],"id":"feature_1085"},{"properties":{"sa2_code":"404031104","sa2_name":"Adelaide Airport","state":"South Australia","metro_code":"4GADE","metro_name":"Greater Adelaide"},"type":"Polygon","arcs":[[-6761,6734,-6748,6735,-6755,6736,-6764,6737,-6745,6738]],"id":"feature_1086"},{"properties":{"sa2_code":"404031105","sa2_name":"Fulham","state":"South Australia","metro_code":"4GADE","metro_name":"Greater Adelaide"},"type":"Polygon","arcs":[[6739,6740]],"id":"feature_1087"},{"properties":{"sa2_code":"404031106","sa2_name":"Lockleys","state":"South Australia","metro_code":"4GADE","metro_name":"Greater Adelaide"},"type":"Polygon","arcs":[[6741,6742,-6763,6743,6744,6745]],"id":"feature_1088"},{"properties":{"sa2_code":"404031107","sa2_name":"Plympton","state":"South Australia","metro_code":"4GADE","metro_name":"Greater Adelaide"},"type":"Polygon","arcs":[[6746,6747,6748,-6759,6749,6750,6751,6752,6753,6754]],"id":"feature_1089"},{"properties":{"sa2_code":"404031108","sa2_name":"Richmond (SA)","state":"South Australia","metro_code":"4GADE","metro_name":"Greater Adelaide"},"type":"Polygon","arcs":[[6755,6756,6757,6758,6759,6760,6761,6762]],"id":"feature_1090"},{"properties":{"sa2_code":"404031109","sa2_name":"West Beach","state":"South Australia","metro_code":"4GADE","metro_name":"Greater Adelaide"},"type":"Polygon","arcs":[[6763,6764,6765,6766]],"id":"feature_1091"},{"properties":{"sa2_code":"502011021","sa2_name":"Dawesville - Bouvard","state":"Western Australia","metro_code":"5GPER","metro_name":"Greater Perth"},"type":"Polygon","arcs":[[6767]],"id":"feature_1092"},{"properties":{"sa2_code":"502011022","sa2_name":"Falcon - Wannanup","state":"Western Australia","metro_code":"5GPER","metro_name":"Greater Perth"},"type":"Polygon","arcs":[[-6774,6768]],"id":"feature_1093"},{"properties":{"sa2_code":"502011023","sa2_name":"Greenfields","state":"Western Australia","metro_code":"5GPER","metro_name":"Greater Perth"},"type":"Polygon","arcs":[[-6785,6769,-6781,6770,6771]],"id":"feature_1094"},{"properties":{"sa2_code":"502011024","sa2_name":"Halls Head - Erskine","state":"Western Australia","metro_code":"5GPER","metro_name":"Greater Perth"},"type":"MultiPolygon","arcs":[[[6772]],[[6773,6774]]],"id":"feature_1095"},{"properties":{"sa2_code":"502011025","sa2_name":"Mandurah","state":"Western Australia","metro_code":"5GPER","metro_name":"Greater Perth"},"type":"Polygon","arcs":[[-6787,6775,-6791,6776]],"id":"feature_1096"},{"properties":{"sa2_code":"502011026","sa2_name":"Mandurah - East","state":"Western Australia","metro_code":"5GPER","metro_name":"Greater Perth"},"type":"Polygon","arcs":[[-6796,6777,-6801,6778,-6793,6779,6780,6781]],"id":"feature_1097"},{"properties":{"sa2_code":"502011027","sa2_name":"Mandurah - North","state":"Western Australia","metro_code":"5GPER","metro_name":"Greater Perth"},"type":"Polygon","arcs":[[-7667,-7692,6782,-6798,6783,6784,6785,6786,6787]],"id":"feature_1098"},{"properties":{"sa2_code":"502011028","sa2_name":"Mandurah - South","state":"Western Australia","metro_code":"5GPER","metro_name":"Greater Perth"},"type":"MultiPolygon","arcs":[[[6788]],[[6789]],[[6790,6791,6792,6793]]],"id":"feature_1099"},{"properties":{"sa2_code":"502011029","sa2_name":"Pinjarra","state":"Western Australia","metro_code":"5GPER","metro_name":"Greater Perth"},"type":"Polygon","arcs":[[6794,6795,6796,6797,6798,-7697,-7478,6799,6800]],"id":"feature_1100"},{"properties":{"sa2_code":"503011030","sa2_name":"City Beach","state":"Western Australia","metro_code":"5GPER","metro_name":"Greater Perth"},"type":"Polygon","arcs":[[-7153,6801,-6828,6802]],"id":"feature_1101"},{"properties":{"sa2_code":"503011031","sa2_name":"Claremont (WA)","state":"Western Australia","metro_code":"5GPER","metro_name":"Greater Perth"},"type":"Polygon","arcs":[[6803,-6824,6804,-6822,6805,-6819,6806,-6813,6807,-6810]],"id":"feature_1102"},{"properties":{"sa2_code":"503011032","sa2_name":"Cottesloe","state":"Western Australia","metro_code":"5GPER","metro_name":"Greater Perth"},"type":"Polygon","arcs":[[-6826,6808,6809,6810]],"id":"feature_1103"},{"properties":{"sa2_code":"503011033","sa2_name":"Floreat","state":"Western Australia","metro_code":"5GPER","metro_name":"Greater Perth"},"type":"Polygon","arcs":[[-7151,-6848,6811]],"id":"feature_1104"},{"properties":{"sa2_code":"503011034","sa2_name":"Mosman Park - Peppermint Grove","state":"Western Australia","metro_code":"5GPER","metro_name":"Greater Perth"},"type":"Polygon","arcs":[[6812,6813,-7557,6814]],"id":"feature_1105"},{"properties":{"sa2_code":"503011035","sa2_name":"Nedlands - Dalkeith - Crawley","state":"Western Australia","metro_code":"5GPER","metro_name":"Greater Perth"},"type":"Polygon","arcs":[[6815,-6820,6816,-6831,6817,6818]],"id":"feature_1106"},{"properties":{"sa2_code":"503011036","sa2_name":"Swanbourne - Mount Claremont","state":"Western Australia","metro_code":"5GPER","metro_name":"Greater Perth"},"type":"Polygon","arcs":[[6819,6820,6821,6822,6823,6824,6825,6826,6827,6828,-6845,6829]],"id":"feature_1107"},{"properties":{"sa2_code":"503021037","sa2_name":"Kings Park (WA)","state":"Western Australia","metro_code":"5GPER","metro_name":"Greater Perth"},"type":"Polygon","arcs":[[6830,6831,-6866,6832]],"id":"feature_1108"},{"properties":{"sa2_code":"503021038","sa2_name":"Mount Hawthorn - Leederville","state":"Western Australia","metro_code":"5GPER","metro_name":"Greater Perth"},"type":"Polygon","arcs":[[6833,6834,-6843,-6857,-6850]],"id":"feature_1109"},{"properties":{"sa2_code":"503021039","sa2_name":"Mount Lawley - Inglewood","state":"Western Australia","metro_code":"5GPER","metro_name":"Greater Perth"},"type":"Polygon","arcs":[[6835,-7157,6836,-6873,6837,-6855,6838,-6859,-6842]],"id":"feature_1110"},{"properties":{"sa2_code":"503021040","sa2_name":"North Perth","state":"Western Australia","metro_code":"5GPER","metro_name":"Greater Perth"},"type":"Polygon","arcs":[[6839,-7159,6840,6841,-6858,6842]],"id":"feature_1111"},{"properties":{"sa2_code":"503021042","sa2_name":"Subiaco - Shenton Park","state":"Western Australia","metro_code":"5GPER","metro_name":"Greater Perth"},"type":"Polygon","arcs":[[-6852,6843,6844,6845,6846]],"id":"feature_1112"},{"properties":{"sa2_code":"503021043","sa2_name":"Wembley - West Leederville - Glendalough","state":"Western Australia","metro_code":"5GPER","metro_name":"Greater Perth"},"type":"Polygon","arcs":[[6847,-7150,6848,-7124,6849,6850,6851,6852]],"id":"feature_1113"},{"properties":{"sa2_code":"503021295","sa2_name":"East Perth","state":"Western Australia","metro_code":"5GPER","metro_name":"Greater Perth"},"type":"Polygon","arcs":[[6853,6854,6855,-6864]],"id":"feature_1114"},{"properties":{"sa2_code":"503021296","sa2_name":"Perth (North) - Highgate","state":"Western Australia","metro_code":"5GPER","metro_name":"Greater Perth"},"type":"Polygon","arcs":[[6856,6857,6858,6859,-6862]],"id":"feature_1115"},{"properties":{"sa2_code":"503021297","sa2_name":"Perth (West) - Northbridge","state":"Western Australia","metro_code":"5GPER","metro_name":"Greater Perth"},"type":"Polygon","arcs":[[6860,6861,6862,6863,6864,6865]],"id":"feature_1116"},{"properties":{"sa2_code":"504011044","sa2_name":"Bassendean - Eden Hill - Ashfield","state":"Western Australia","metro_code":"5GPER","metro_name":"Greater Perth"},"type":"Polygon","arcs":[[-6876,6866,-6968,6867,-6870]],"id":"feature_1117"},{"properties":{"sa2_code":"504011045","sa2_name":"Bayswater - Embleton - Bedford","state":"Western Australia","metro_code":"5GPER","metro_name":"Greater Perth"},"type":"Polygon","arcs":[[-6879,6868,-6877,6869,6870]],"id":"feature_1118"},{"properties":{"sa2_code":"504011046","sa2_name":"Maylands","state":"Western Australia","metro_code":"5GPER","metro_name":"Greater Perth"},"type":"Polygon","arcs":[[6871,6872]],"id":"feature_1119"},{"properties":{"sa2_code":"504011047","sa2_name":"Morley","state":"Western Australia","metro_code":"5GPER","metro_name":"Greater Perth"},"type":"Polygon","arcs":[[6873,-6931,-6970,6874,6875,6876,6877,6878,6879,-7165,6880,-6885]],"id":"feature_1120"},{"properties":{"sa2_code":"504011048","sa2_name":"Noranda","state":"Western Australia","metro_code":"5GPER","metro_name":"Greater Perth"},"type":"Polygon","arcs":[[6881,-7160,6882,-6975,6883,6884]],"id":"feature_1121"},{"properties":{"sa2_code":"504021049","sa2_name":"Chidlow","state":"Western Australia","metro_code":"5GPER","metro_name":"Greater Perth"},"type":"Polygon","arcs":[[-6900,6885,-6905,6886,-6910,6887,-6951,6888]],"id":"feature_1122"},{"properties":{"sa2_code":"504021050","sa2_name":"Glen Forrest - Darlington","state":"Western Australia","metro_code":"5GPER","metro_name":"Greater Perth"},"type":"Polygon","arcs":[[-6908,6889,-6917,6890,-7443,6891,-7441,6892,-6896,-6922,6893,-6920,-7012]],"id":"feature_1123"},{"properties":{"sa2_code":"504021051","sa2_name":"Helena Valley - Koongamia","state":"Western Australia","metro_code":"5GPER","metro_name":"Greater Perth"},"type":"Polygon","arcs":[[6894,-6923,6895,6896,-7429,6897,-6958,6898,-6998]],"id":"feature_1124"},{"properties":{"sa2_code":"504021052","sa2_name":"Malmalling - Reservoir","state":"Western Australia","metro_code":"5GPER","metro_name":"Greater Perth"},"type":"Polygon","arcs":[[6899,6900,-7449,6901,-7447,-6914,6902,-6912,6903,6904,6905]],"id":"feature_1125"},{"properties":{"sa2_code":"504021053","sa2_name":"Mundaring","state":"Western Australia","metro_code":"5GPER","metro_name":"Greater Perth"},"type":"Polygon","arcs":[[6906,6907,-7011,-6953,6908,6909,6910,6911,6912,6913,6914,-7445,6915,6916]],"id":"feature_1126"},{"properties":{"sa2_code":"504021054","sa2_name":"Swan View - Greenmount - Midvale","state":"Western Australia","metro_code":"5GPER","metro_name":"Greater Perth"},"type":"Polygon","arcs":[[-6995,6917,-6986,6918,-7013,6919,6920,6921,6922,6923,-6997,6924]],"id":"feature_1127"},{"properties":{"sa2_code":"504031055","sa2_name":"Avon Valley National Park","state":"Western Australia","metro_code":"5GPER","metro_name":"Greater Perth"},"type":"Polygon","arcs":[[-6937,6925,-6949,6926]],"id":"feature_1128"},{"properties":{"sa2_code":"504031056","sa2_name":"Ballajura","state":"Western Australia","metro_code":"5GPER","metro_name":"Greater Perth"},"type":"Polygon","arcs":[[6927,-7229,-7225,-6982,-6933,6928,-6973]],"id":"feature_1129"},{"properties":{"sa2_code":"504031057","sa2_name":"Beechboro","state":"Western Australia","metro_code":"5GPER","metro_name":"Greater Perth"},"type":"Polygon","arcs":[[-6964,6929,-6971,6930,6931,6932,-6981,-7049,6933,-7040,6934,-6992,6935]],"id":"feature_1130"},{"properties":{"sa2_code":"504031058","sa2_name":"Bullsbrook","state":"Western Australia","metro_code":"5GPER","metro_name":"Greater Perth"},"type":"Polygon","arcs":[[6936,6937,-6947,6938,-7033,6939,-7018,6940,-6978,6941,-6976,-7202,6942]],"id":"feature_1131"},{"properties":{"sa2_code":"504031060","sa2_name":"Gidgegannup","state":"Western Australia","metro_code":"5GPER","metro_name":"Greater Perth"},"type":"Polygon","arcs":[[-7031,6943,-7029,6944,-7027,6945,6946,6947,6948,6949,6950,6951,6952,-7010,-7020]],"id":"feature_1132"},{"properties":{"sa2_code":"504031061","sa2_name":"Hazelmere - Guildford","state":"Western Australia","metro_code":"5GPER","metro_name":"Greater Perth"},"type":"Polygon","arcs":[[6953,-7004,6954,-7002,6955,-7000,6956,6957,6958,-7313,6959,-7311,6960,-7296,6961,-7006]],"id":"feature_1133"},{"properties":{"sa2_code":"504031062","sa2_name":"Lockridge - Kiara","state":"Western Australia","metro_code":"5GPER","metro_name":"Greater Perth"},"type":"Polygon","arcs":[[6962,6963,6964,-6990,6965,-6988,6966,6967,6968,6969,6970]],"id":"feature_1134"},{"properties":{"sa2_code":"504031063","sa2_name":"Malaga","state":"Western Australia","metro_code":"5GPER","metro_name":"Greater Perth"},"type":"Polygon","arcs":[[6971,6972,6973,6974]],"id":"feature_1135"},{"properties":{"sa2_code":"504031064","sa2_name":"Melaleuca - Lexia","state":"Western Australia","metro_code":"5GPER","metro_name":"Greater Perth"},"type":"Polygon","arcs":[[-7203,6975,6976,6977,6978,-7042,6979,6980,6981,-7224,-7192]],"id":"feature_1136"},{"properties":{"sa2_code":"504031065","sa2_name":"Middle Swan - Herne Hill","state":"Western Australia","metro_code":"5GPER","metro_name":"Greater Perth"},"type":"Polygon","arcs":[[6982,-7023,6983,-7008,6984,-7015,6985,6986,-6993,6987,6988,6989,6990,6991]],"id":"feature_1137"},{"properties":{"sa2_code":"504031066","sa2_name":"Midland - Guildford","state":"Western Australia","metro_code":"5GPER","metro_name":"Greater Perth"},"type":"Polygon","arcs":[[6992,6993,6994,6995,6996,6997,6998,6999,7000,7001,7002,7003,7004,7005,7006]],"id":"feature_1138"},{"properties":{"sa2_code":"504031067","sa2_name":"Stratton - Jane Brook","state":"Western Australia","metro_code":"5GPER","metro_name":"Greater Perth"},"type":"Polygon","arcs":[[7007,7008,-7021,7009,7010,7011,7012,7013,7014,7015]],"id":"feature_1139"},{"properties":{"sa2_code":"504031068","sa2_name":"The Vines","state":"Western Australia","metro_code":"5GPER","metro_name":"Greater Perth"},"type":"Polygon","arcs":[[-7044,7016,7017,7018,7019,7020,7021,7022,7023,-7038,-7035,7024]],"id":"feature_1140"},{"properties":{"sa2_code":"504031069","sa2_name":"Walyunga National Park","state":"Western Australia","metro_code":"5GPER","metro_name":"Greater Perth"},"type":"Polygon","arcs":[[7025,7026,7027,7028,7029,7030,7031,7032]],"id":"feature_1141"},{"properties":{"sa2_code":"504031298","sa2_name":"Aveley","state":"Western Australia","metro_code":"5GPER","metro_name":"Greater Perth"},"type":"Polygon","arcs":[[7033,7034,-7037,-7047]],"id":"feature_1142"},{"properties":{"sa2_code":"504031299","sa2_name":"Brabham - Henley Brook","state":"Western Australia","metro_code":"5GPER","metro_name":"Greater Perth"},"type":"Polygon","arcs":[[7035,-7048,7036,7037,7038,7039]],"id":"feature_1143"},{"properties":{"sa2_code":"504031300","sa2_name":"Ellenbrook","state":"Western Australia","metro_code":"5GPER","metro_name":"Greater Perth"},"type":"Polygon","arcs":[[7040,7041,7042,7043,7044,7045,7046,7047,7048]],"id":"feature_1144"},{"properties":{"sa2_code":"505011070","sa2_name":"Craigie - Beldon","state":"Western Australia","metro_code":"5GPER","metro_name":"Greater Perth"},"type":"Polygon","arcs":[[-7104,7049,-7088,-7078,7050]],"id":"feature_1145"},{"properties":{"sa2_code":"505011071","sa2_name":"Currambine - Kinross","state":"Western Australia","metro_code":"5GPER","metro_name":"Greater Perth"},"type":"Polygon","arcs":[[-7061,-7066,7051]],"id":"feature_1146"},{"properties":{"sa2_code":"505011072","sa2_name":"Duncraig","state":"Western Australia","metro_code":"5GPER","metro_name":"Greater Perth"},"type":"Polygon","arcs":[[-7092,7052,7053,-7058,7054,-7113,7055]],"id":"feature_1147"},{"properties":{"sa2_code":"505011073","sa2_name":"Greenwood - Warwick","state":"Western Australia","metro_code":"5GPER","metro_name":"Greater Perth"},"type":"Polygon","arcs":[[-7076,7056,7057,7058]],"id":"feature_1148"},{"properties":{"sa2_code":"505011074","sa2_name":"Heathridge - Connolly","state":"Western Australia","metro_code":"5GPER","metro_name":"Greater Perth"},"type":"Polygon","arcs":[[7059,7060,7061,-7070,7062,-7083]],"id":"feature_1149"},{"properties":{"sa2_code":"505011075","sa2_name":"Hillarys","state":"Western Australia","metro_code":"5GPER","metro_name":"Greater Perth"},"type":"Polygon","arcs":[[-7079,-7087,7063,-7093,-7095,7064]],"id":"feature_1150"},{"properties":{"sa2_code":"505011076","sa2_name":"Iluka - Burns Beach","state":"Western Australia","metro_code":"5GPER","metro_name":"Greater Perth"},"type":"Polygon","arcs":[[7065,-7081,7066]],"id":"feature_1151"},{"properties":{"sa2_code":"505011077","sa2_name":"Joondalup - Edgewater","state":"Western Australia","metro_code":"5GPER","metro_name":"Greater Perth"},"type":"Polygon","arcs":[[-7189,7067,-7247,7068,7069,7070]],"id":"feature_1152"},{"properties":{"sa2_code":"505011078","sa2_name":"Kingsley","state":"Western Australia","metro_code":"5GPER","metro_name":"Greater Perth"},"type":"Polygon","arcs":[[7071,-7090,7072,-7102,7073,-7100,7074,-7240,7075]],"id":"feature_1153"},{"properties":{"sa2_code":"505011079","sa2_name":"Mullaloo - Kallaroo","state":"Western Australia","metro_code":"5GPER","metro_name":"Greater Perth"},"type":"Polygon","arcs":[[-7085,7076,7077,7078,7079]],"id":"feature_1154"},{"properties":{"sa2_code":"505011080","sa2_name":"Ocean Reef","state":"Western Australia","metro_code":"5GPER","metro_name":"Greater Perth"},"type":"Polygon","arcs":[[7080,7081,7082,7083,7084,7085]],"id":"feature_1155"},{"properties":{"sa2_code":"505011081","sa2_name":"Padbury","state":"Western Australia","metro_code":"5GPER","metro_name":"Greater Perth"},"type":"Polygon","arcs":[[7086,7087,7088,7089,7090,7091,7092,7093]],"id":"feature_1156"},{"properties":{"sa2_code":"505011082","sa2_name":"Sorrento - Marmion","state":"Western Australia","metro_code":"5GPER","metro_name":"Greater Perth"},"type":"Polygon","arcs":[[7094,7095,-7134,7096]],"id":"feature_1157"},{"properties":{"sa2_code":"505011083","sa2_name":"Woodvale","state":"Western Australia","metro_code":"5GPER","metro_name":"Greater Perth"},"type":"Polygon","arcs":[[7097,-7234,7098,7099,7100,7101,7102,7103]],"id":"feature_1158"},{"properties":{"sa2_code":"505021084","sa2_name":"Balcatta - Hamersley","state":"Western Australia","metro_code":"5GPER","metro_name":"Greater Perth"},"type":"Polygon","arcs":[[7104,-7142,7105,-7130]],"id":"feature_1159"},{"properties":{"sa2_code":"505021085","sa2_name":"Balga - Mirrabooka","state":"Western Australia","metro_code":"5GPER","metro_name":"Greater Perth"},"type":"Polygon","arcs":[[-7168,7106,-7119,7107]],"id":"feature_1160"},{"properties":{"sa2_code":"505021087","sa2_name":"Herdsman","state":"Western Australia","metro_code":"5GPER","metro_name":"Greater Perth"},"type":"Polygon","arcs":[[7108,-7148]],"id":"feature_1161"},{"properties":{"sa2_code":"505021088","sa2_name":"Innaloo - Doubleview","state":"Western Australia","metro_code":"5GPER","metro_name":"Greater Perth"},"type":"Polygon","arcs":[[-7115,7109,-7122,7110,-7146,7111,-7128]],"id":"feature_1162"},{"properties":{"sa2_code":"505021089","sa2_name":"Karrinyup - Gwelup - Carine","state":"Western Australia","metro_code":"5GPER","metro_name":"Greater Perth"},"type":"Polygon","arcs":[[7112,7113,7114,-7127,7115,-7137,7116]],"id":"feature_1163"},{"properties":{"sa2_code":"505021090","sa2_name":"Nollamara - Westminster","state":"Western Australia","metro_code":"5GPER","metro_name":"Greater Perth"},"type":"Polygon","arcs":[[7117,7118,7119,-7163,7120]],"id":"feature_1164"},{"properties":{"sa2_code":"505021091","sa2_name":"Osborne Park Industrial","state":"Western Australia","metro_code":"5GPER","metro_name":"Greater Perth"},"type":"Polygon","arcs":[[7121,7122,7123,7124]],"id":"feature_1165"},{"properties":{"sa2_code":"505021092","sa2_name":"Scarborough","state":"Western Australia","metro_code":"5GPER","metro_name":"Greater Perth"},"type":"Polygon","arcs":[[-7139,7125,7126,7127,7128]],"id":"feature_1166"},{"properties":{"sa2_code":"505021093","sa2_name":"Stirling - Osborne Park","state":"Western Australia","metro_code":"5GPER","metro_name":"Greater Perth"},"type":"Polygon","arcs":[[7129,7130,-7144,7131,7132]],"id":"feature_1167"},{"properties":{"sa2_code":"505021094","sa2_name":"Trigg - North Beach - Watermans Bay","state":"Western Australia","metro_code":"5GPER","metro_name":"Greater Perth"},"type":"Polygon","arcs":[[7133,7134,7135,7136,7137,7138,7139]],"id":"feature_1168"},{"properties":{"sa2_code":"505021095","sa2_name":"Tuart Hill - Joondanna","state":"Western Australia","metro_code":"5GPER","metro_name":"Greater Perth"},"type":"Polygon","arcs":[[7140,7141,7142,7143]],"id":"feature_1169"},{"properties":{"sa2_code":"505021096","sa2_name":"Wembley Downs - Churchlands - Woodlands","state":"Western Australia","metro_code":"5GPER","metro_name":"Greater Perth"},"type":"Polygon","arcs":[[7144,7145,7146,7147,7148,7149,7150,7151,7152,7153]],"id":"feature_1170"},{"properties":{"sa2_code":"505021097","sa2_name":"Yokine - Coolbinia - Menora","state":"Western Australia","metro_code":"5GPER","metro_name":"Greater Perth"},"type":"Polygon","arcs":[[7154,7155,7156,7157,7158]],"id":"feature_1171"},{"properties":{"sa2_code":"505021301","sa2_name":"Dianella - North","state":"Western Australia","metro_code":"5GPER","metro_name":"Greater Perth"},"type":"Polygon","arcs":[[7159,7160,7161,7162,7163]],"id":"feature_1172"},{"properties":{"sa2_code":"505021302","sa2_name":"Dianella - South","state":"Western Australia","metro_code":"5GPER","metro_name":"Greater Perth"},"type":"Polygon","arcs":[[7164,7165]],"id":"feature_1173"},{"properties":{"sa2_code":"505031098","sa2_name":"Alexander Heights - Koondoola","state":"Western Australia","metro_code":"5GPER","metro_name":"Greater Perth"},"type":"Polygon","arcs":[[-7178,7166,7167,7168]],"id":"feature_1174"},{"properties":{"sa2_code":"505031099","sa2_name":"Butler - Merriwa - Ridgewood","state":"Western Australia","metro_code":"5GPER","metro_name":"Greater Perth"},"type":"Polygon","arcs":[[-7198,-7184,-7173,7169]],"id":"feature_1175"},{"properties":{"sa2_code":"505031100","sa2_name":"Carramar","state":"Western Australia","metro_code":"5GPER","metro_name":"Greater Perth"},"type":"Polygon","arcs":[[-7205,7170,-7193,-7187,7171]],"id":"feature_1176"},{"properties":{"sa2_code":"505031101","sa2_name":"Clarkson","state":"Western Australia","metro_code":"5GPER","metro_name":"Greater Perth"},"type":"Polygon","arcs":[[7172,-7191,7173,-7182,7174]],"id":"feature_1177"},{"properties":{"sa2_code":"505031102","sa2_name":"Girrawheen","state":"Western Australia","metro_code":"5GPER","metro_name":"Greater Perth"},"type":"Polygon","arcs":[[-7180,7175]],"id":"feature_1178"},{"properties":{"sa2_code":"505031104","sa2_name":"Marangaroo","state":"Western Australia","metro_code":"5GPER","metro_name":"Greater Perth"},"type":"Polygon","arcs":[[7176,-7239,7177,7178,7179]],"id":"feature_1179"},{"properties":{"sa2_code":"505031105","sa2_name":"Mindarie - Quinns Rocks - Jindalee","state":"Western Australia","metro_code":"5GPER","metro_name":"Greater Perth"},"type":"Polygon","arcs":[[-7199,7180,7181,7182]],"id":"feature_1180"},{"properties":{"sa2_code":"505031106","sa2_name":"Neerabup National Park","state":"Western Australia","metro_code":"5GPER","metro_name":"Greater Perth"},"type":"Polygon","arcs":[[7183,-7197,7184,-7207,7185,7186,7187,7188,7189,7190]],"id":"feature_1181"},{"properties":{"sa2_code":"505031107","sa2_name":"Tapping - Ashby - Sinagra","state":"Western Australia","metro_code":"5GPER","metro_name":"Greater Perth"},"type":"Polygon","arcs":[[-7204,7191,-7223,-7242,7192,7193]],"id":"feature_1182"},{"properties":{"sa2_code":"505031255","sa2_name":"Alkimos - Eglinton","state":"Western Australia","metro_code":"5GPER","metro_name":"Greater Perth"},"type":"Polygon","arcs":[[-7219,7194,-7209,7195,7196,7197,7198,7199]],"id":"feature_1183"},{"properties":{"sa2_code":"505031256","sa2_name":"Carabooda - Pinjar","state":"Western Australia","metro_code":"5GPER","metro_name":"Greater Perth"},"type":"Polygon","arcs":[[7200,7201,7202,7203,7204,7205,7206,7207,7208,7209,-7218,7210,-7216,-7212]],"id":"feature_1184"},{"properties":{"sa2_code":"505031257","sa2_name":"Two Rocks","state":"Western Australia","metro_code":"5GPER","metro_name":"Greater Perth"},"type":"Polygon","arcs":[[7211,-7215,7212,-7221,7213]],"id":"feature_1185"},{"properties":{"sa2_code":"505031258","sa2_name":"Yanchep","state":"Western Australia","metro_code":"5GPER","metro_name":"Greater Perth"},"type":"Polygon","arcs":[[7214,7215,7216,7217,7218,7219,7220,7221]],"id":"feature_1186"},{"properties":{"sa2_code":"505031303","sa2_name":"Hocking - Pearsall","state":"Western Australia","metro_code":"5GPER","metro_name":"Greater Perth"},"type":"Polygon","arcs":[[-7243,7222,7223,7224,-7228,7225,-7245,7226]],"id":"feature_1187"},{"properties":{"sa2_code":"505031304","sa2_name":"Landsdale","state":"Western Australia","metro_code":"5GPER","metro_name":"Greater Perth"},"type":"Polygon","arcs":[[7227,7228,7229,-7238,7230,-7236,7231]],"id":"feature_1188"},{"properties":{"sa2_code":"505031305","sa2_name":"Madeley - Darch","state":"Western Australia","metro_code":"5GPER","metro_name":"Greater Perth"},"type":"Polygon","arcs":[[7232,7233,7234,7235,7236,7237,7238,7239]],"id":"feature_1189"},{"properties":{"sa2_code":"505031306","sa2_name":"Wanneroo - Sinagra","state":"Western Australia","metro_code":"5GPER","metro_name":"Greater Perth"},"type":"Polygon","arcs":[[7240,7241,7242,7243,7244,7245,7246]],"id":"feature_1190"},{"properties":{"sa2_code":"506011110","sa2_name":"Armadale - Wungong - Brookdale","state":"Western Australia","metro_code":"5GPER","metro_name":"Greater Perth"},"type":"Polygon","arcs":[[7247,-7264,7248,-7273,7249,-7458,7250,-7463,7251,-7294,7252,-7283]],"id":"feature_1191"},{"properties":{"sa2_code":"506011111","sa2_name":"Ashendon - Lesley","state":"Western Australia","metro_code":"5GPER","metro_name":"Greater Perth"},"type":"Polygon","arcs":[[7253,-7476,7254,-7469,-7271,7255,-7275]],"id":"feature_1192"},{"properties":{"sa2_code":"506011112","sa2_name":"Camillo - Champion Lakes","state":"Western Australia","metro_code":"5GPER","metro_name":"Greater Perth"},"type":"Polygon","arcs":[[-7266,7256,-7281,7257]],"id":"feature_1193"},{"properties":{"sa2_code":"506011114","sa2_name":"Kelmscott","state":"Western Australia","metro_code":"5GPER","metro_name":"Greater Perth"},"type":"Polygon","arcs":[[7258,-7383,7259,-7398,7260,-7279,7261,-7268,7262,7263,7264,7265]],"id":"feature_1194"},{"properties":{"sa2_code":"506011115","sa2_name":"Mount Nasura - Mount Richon - Bedfordale","state":"Western Australia","metro_code":"5GPER","metro_name":"Greater Perth"},"type":"Polygon","arcs":[[7266,7267,7268,-7277,7269,7270,-7468,-7460,7271,7272]],"id":"feature_1195"},{"properties":{"sa2_code":"506011116","sa2_name":"Roleystone","state":"Western Australia","metro_code":"5GPER","metro_name":"Greater Perth"},"type":"Polygon","arcs":[[-7396,-7451,7273,7274,7275,7276,7277,7278,7279]],"id":"feature_1196"},{"properties":{"sa2_code":"506011117","sa2_name":"Seville Grove","state":"Western Australia","metro_code":"5GPER","metro_name":"Greater Perth"},"type":"Polygon","arcs":[[7280,7281,7282,7283,-7292,7284]],"id":"feature_1197"},{"properties":{"sa2_code":"506011307","sa2_name":"Harrisdale","state":"Western Australia","metro_code":"5GPER","metro_name":"Greater Perth"},"type":"Polygon","arcs":[[-7378,7285,-7289,7286]],"id":"feature_1198"},{"properties":{"sa2_code":"506011308","sa2_name":"Piara Waters - Forrestdale","state":"Western Australia","metro_code":"5GPER","metro_name":"Greater Perth"},"type":"Polygon","arcs":[[7287,7288,7289,-7392,7290,7291,7292,7293,7294,-7496]],"id":"feature_1199"},{"properties":{"sa2_code":"506021118","sa2_name":"Belmont - Ascot - Redcliffe","state":"Western Australia","metro_code":"5GPER","metro_name":"Greater Perth"},"type":"Polygon","arcs":[[7295,7296,-7309,7297,-7316,7298]],"id":"feature_1200"},{"properties":{"sa2_code":"506021119","sa2_name":"East Victoria Park - Carlisle","state":"Western Australia","metro_code":"5GPER","metro_name":"Greater Perth"},"type":"Polygon","arcs":[[-7360,7299,-7326,7300]],"id":"feature_1201"},{"properties":{"sa2_code":"506021120","sa2_name":"Kewdale Commercial","state":"Western Australia","metro_code":"5GPER","metro_name":"Greater Perth"},"type":"Polygon","arcs":[[-7307,7301,-7353,7302,-7362,7303]],"id":"feature_1202"},{"properties":{"sa2_code":"506021121","sa2_name":"Perth Airport","state":"Western Australia","metro_code":"5GPER","metro_name":"Greater Perth"},"type":"Polygon","arcs":[[-7422,7304,-7411,7305,7306,-7318,7307,7308,7309,7310,7311,7312,7313]],"id":"feature_1203"},{"properties":{"sa2_code":"506021123","sa2_name":"Victoria Park - Lathlain - Burswood","state":"Western Australia","metro_code":"5GPER","metro_name":"Greater Perth"},"type":"Polygon","arcs":[[-7490,7314]],"id":"feature_1204"},{"properties":{"sa2_code":"506021309","sa2_name":"Cloverdale","state":"Western Australia","metro_code":"5GPER","metro_name":"Greater Perth"},"type":"Polygon","arcs":[[7315,7316,7317,7318,-7322,7319]],"id":"feature_1205"},{"properties":{"sa2_code":"506021310","sa2_name":"Kewdale","state":"Western Australia","metro_code":"5GPER","metro_name":"Greater Perth"},"type":"Polygon","arcs":[[-7324,7320,7321,7322]],"id":"feature_1206"},{"properties":{"sa2_code":"506021311","sa2_name":"Rivervale","state":"Western Australia","metro_code":"5GPER","metro_name":"Greater Perth"},"type":"Polygon","arcs":[[7323,7324]],"id":"feature_1207"},{"properties":{"sa2_code":"506031124","sa2_name":"Bentley - Wilson - St James","state":"Western Australia","metro_code":"5GPER","metro_name":"Greater Perth"},"type":"Polygon","arcs":[[7325,7326,-7358,7327,-7341,7328,-7344,7329,-7342,7330,-7487,7331,-7485,7332,7333]],"id":"feature_1208"},{"properties":{"sa2_code":"506031125","sa2_name":"Canning Vale - West","state":"Western Australia","metro_code":"5GPER","metro_name":"Greater Perth"},"type":"Polygon","arcs":[[-7376,7334,-7494,-7547,7335]],"id":"feature_1209"},{"properties":{"sa2_code":"506031126","sa2_name":"Canning Vale Commercial","state":"Western Australia","metro_code":"5GPER","metro_name":"Greater Perth"},"type":"Polygon","arcs":[[-7346,7336]],"id":"feature_1210"},{"properties":{"sa2_code":"506031127","sa2_name":"Cannington - Queens Park","state":"Western Australia","metro_code":"5GPER","metro_name":"Greater Perth"},"type":"Polygon","arcs":[[7337,-7356,7338,-7369,7339,7340]],"id":"feature_1211"},{"properties":{"sa2_code":"506031128","sa2_name":"Parkwood - Ferndale - Lynwood","state":"Western Australia","metro_code":"5GPER","metro_name":"Greater Perth"},"type":"Polygon","arcs":[[7341,7342,7343,7344,-7375,7345,7346,-7366,7347]],"id":"feature_1212"},{"properties":{"sa2_code":"506031129","sa2_name":"Riverton - Shelley - Rossmoyne","state":"Western Australia","metro_code":"5GPER","metro_name":"Greater Perth"},"type":"Polygon","arcs":[[-7364,7348,-7622,7349,-7617,7350]],"id":"feature_1213"},{"properties":{"sa2_code":"506031130","sa2_name":"Welshpool","state":"Western Australia","metro_code":"5GPER","metro_name":"Greater Perth"},"type":"Polygon","arcs":[[7351,7352,7353,-7420,7354,7355,7356,7357,7358,7359,7360,7361]],"id":"feature_1214"},{"properties":{"sa2_code":"506031131","sa2_name":"Willetton","state":"Western Australia","metro_code":"5GPER","metro_name":"Greater Perth"},"type":"Polygon","arcs":[[7362,7363,7364,7365,7366,-7624]],"id":"feature_1215"},{"properties":{"sa2_code":"506041132","sa2_name":"Beckenham - Kenwick - Langford","state":"Western Australia","metro_code":"5GPER","metro_name":"Greater Perth"},"type":"Polygon","arcs":[[7367,7368,7369,-7418,7370,-7394,7371,-7406,7372,-7404,7373,7374]],"id":"feature_1216"},{"properties":{"sa2_code":"506041133","sa2_name":"Canning Vale - East","state":"Western Australia","metro_code":"5GPER","metro_name":"Greater Perth"},"type":"Polygon","arcs":[[7375,7376,7377,7378]],"id":"feature_1217"},{"properties":{"sa2_code":"506041134","sa2_name":"Gosnells","state":"Western Australia","metro_code":"5GPER","metro_name":"Greater Perth"},"type":"Polygon","arcs":[[-7388,7379,-7402,7380,-7400,7381,7382,7383,-7390,7384]],"id":"feature_1218"},{"properties":{"sa2_code":"506041135","sa2_name":"Huntingdale - Southern River","state":"Western Australia","metro_code":"5GPER","metro_name":"Greater Perth"},"type":"Polygon","arcs":[[7385,-7408,7386,7387,7388,7389,7390,7391,7392]],"id":"feature_1219"},{"properties":{"sa2_code":"506041136","sa2_name":"Maddington - Orange Grove - Martin","state":"Western Australia","metro_code":"5GPER","metro_name":"Greater Perth"},"type":"Polygon","arcs":[[7393,7394,-7452,7395,7396,7397,7398,7399,7400,7401,7402]],"id":"feature_1220"},{"properties":{"sa2_code":"506041137","sa2_name":"Thornlie","state":"Western Australia","metro_code":"5GPER","metro_name":"Greater Perth"},"type":"Polygon","arcs":[[7403,7404,7405,7406,7407,7408,7409]],"id":"feature_1221"},{"properties":{"sa2_code":"506051138","sa2_name":"Forrestfield - Wattle Grove","state":"Western Australia","metro_code":"5GPER","metro_name":"Greater Perth"},"type":"Polygon","arcs":[[7410,7411,-7425,7412,-7434,7413,-7432,7414,-7456,7415,-7454,7416,7417,7418,7419,7420]],"id":"feature_1222"},{"properties":{"sa2_code":"506051139","sa2_name":"High Wycombe","state":"Western Australia","metro_code":"5GPER","metro_name":"Greater Perth"},"type":"Polygon","arcs":[[7421,7422,-7427,7423,7424,7425]],"id":"feature_1223"},{"properties":{"sa2_code":"506051140","sa2_name":"Kalamunda - Maida Vale - Gooseberry Hill","state":"Western Australia","metro_code":"5GPER","metro_name":"Greater Perth"},"type":"Polygon","arcs":[[7426,7427,7428,7429,-7439,7430,-7437,7431,7432,7433,7434]],"id":"feature_1224"},{"properties":{"sa2_code":"506051141","sa2_name":"Lesmurdie - Bickley - Carmel","state":"Western Australia","metro_code":"5GPER","metro_name":"Greater Perth"},"type":"Polygon","arcs":[[7435,7436,7437,7438,7439,7440,7441,7442,7443,7444,7445,7446,7447,7448,7449,7450,7451,7452,7453,7454,7455]],"id":"feature_1225"},{"properties":{"sa2_code":"506061142","sa2_name":"Byford","state":"Western Australia","metro_code":"5GPER","metro_name":"Greater Perth"},"type":"Polygon","arcs":[[7456,7457,7458,7459,-7467,7460,-7465]],"id":"feature_1226"},{"properties":{"sa2_code":"506061143","sa2_name":"Mundijong","state":"Western Australia","metro_code":"5GPER","metro_name":"Greater Perth"},"type":"Polygon","arcs":[[7461,7462,7463,7464,7465,7466,7467,7468,7469,-7481,7470,-7680,7471,-7603,7472,-7601,7473,-7599]],"id":"feature_1227"},{"properties":{"sa2_code":"506061144","sa2_name":"Serpentine - Jarrahdale","state":"Western Australia","metro_code":"5GPER","metro_name":"Greater Perth"},"type":"Polygon","arcs":[[7474,7475,7476,7477,-7696,-7690,7478,-7682,7479,7480]],"id":"feature_1228"},{"properties":{"sa2_code":"506071145","sa2_name":"Como","state":"Western Australia","metro_code":"5GPER","metro_name":"Greater Perth"},"type":"Polygon","arcs":[[-7492,7481,-7489,7482]],"id":"feature_1229"},{"properties":{"sa2_code":"506071146","sa2_name":"Manning - Waterford","state":"Western Australia","metro_code":"5GPER","metro_name":"Greater Perth"},"type":"Polygon","arcs":[[7483,7484,7485,7486,7487,7488]],"id":"feature_1230"},{"properties":{"sa2_code":"506071147","sa2_name":"South Perth - Kensington","state":"Western Australia","metro_code":"5GPER","metro_name":"Greater Perth"},"type":"Polygon","arcs":[[7489,7490,7491,7492]],"id":"feature_1231"},{"properties":{"sa2_code":"507011148","sa2_name":"Banjup","state":"Western Australia","metro_code":"5GPER","metro_name":"Greater Perth"},"type":"Polygon","arcs":[[-7548,7493,7494,7495,7496,-7530]],"id":"feature_1232"},{"properties":{"sa2_code":"507011150","sa2_name":"Bibra Industrial","state":"Western Australia","metro_code":"5GPER","metro_name":"Greater Perth"},"type":"Polygon","arcs":[[7497,-7536,-7526,-7511,7498,-7502]],"id":"feature_1233"},{"properties":{"sa2_code":"507011151","sa2_name":"Bibra Lake","state":"Western Australia","metro_code":"5GPER","metro_name":"Greater Perth"},"type":"Polygon","arcs":[[7499,-7521,7500,7501,7502,-7509]],"id":"feature_1234"},{"properties":{"sa2_code":"507011152","sa2_name":"Coogee","state":"Western Australia","metro_code":"5GPER","metro_name":"Greater Perth"},"type":"Polygon","arcs":[[-7519,7503,-7527,7504,-7514,7505]],"id":"feature_1235"},{"properties":{"sa2_code":"507011153","sa2_name":"Coolbellup","state":"Western Australia","metro_code":"5GPER","metro_name":"Greater Perth"},"type":"Polygon","arcs":[[7506,-7634,7507,7508,7509,7510,-7512]],"id":"feature_1236"},{"properties":{"sa2_code":"507011154","sa2_name":"Hamilton Hill","state":"Western Australia","metro_code":"5GPER","metro_name":"Greater Perth"},"type":"Polygon","arcs":[[7511,-7525,7512,-7517,-7560]],"id":"feature_1237"},{"properties":{"sa2_code":"507011155","sa2_name":"Henderson","state":"Western Australia","metro_code":"5GPER","metro_name":"Greater Perth"},"type":"Polygon","arcs":[[7513,7514,-7544,7515]],"id":"feature_1238"},{"properties":{"sa2_code":"507011158","sa2_name":"North Coogee","state":"Western Australia","metro_code":"5GPER","metro_name":"Greater Perth"},"type":"Polygon","arcs":[[-7561,7516,7517,7518,7519]],"id":"feature_1239"},{"properties":{"sa2_code":"507011159","sa2_name":"South Lake - Cockburn Central","state":"Western Australia","metro_code":"5GPER","metro_name":"Greater Perth"},"type":"Polygon","arcs":[[7520,7521,7522,-7533,7523]],"id":"feature_1240"},{"properties":{"sa2_code":"507011160","sa2_name":"Spearwood","state":"Western Australia","metro_code":"5GPER","metro_name":"Greater Perth"},"type":"Polygon","arcs":[[7524,7525,7526,7527]],"id":"feature_1241"},{"properties":{"sa2_code":"507011161","sa2_name":"Success - Hammond Park","state":"Western Australia","metro_code":"5GPER","metro_name":"Greater Perth"},"type":"Polygon","arcs":[[-7540,7528,7529,7530,-7542,7531]],"id":"feature_1242"},{"properties":{"sa2_code":"507011163","sa2_name":"Yangebup","state":"Western Australia","metro_code":"5GPER","metro_name":"Greater Perth"},"type":"Polygon","arcs":[[7532,7533,-7538,7534,7535,7536]],"id":"feature_1243"},{"properties":{"sa2_code":"507011259","sa2_name":"Beeliar - Wattleup","state":"Western Australia","metro_code":"5GPER","metro_name":"Greater Perth"},"type":"Polygon","arcs":[[7537,7538,7539,7540,7541,7542,7543,7544]],"id":"feature_1244"},{"properties":{"sa2_code":"507011260","sa2_name":"Jandakot","state":"Western Australia","metro_code":"5GPER","metro_name":"Greater Perth"},"type":"Polygon","arcs":[[-7628,7545,7546,7547,7548]],"id":"feature_1245"},{"properties":{"sa2_code":"507021164","sa2_name":"East Fremantle","state":"Western Australia","metro_code":"5GPER","metro_name":"Greater Perth"},"type":"Polygon","arcs":[[-7612,7549,-7555,7550]],"id":"feature_1246"},{"properties":{"sa2_code":"507021165","sa2_name":"Fremantle","state":"Western Australia","metro_code":"5GPER","metro_name":"Greater Perth"},"type":"MultiPolygon","arcs":[[[7551]],[[7552]],[[7553]],[[7554,7555]],[[7556,7557]]],"id":"feature_1247"},{"properties":{"sa2_code":"507021166","sa2_name":"Fremantle - South","state":"Western Australia","metro_code":"5GPER","metro_name":"Greater Perth"},"type":"Polygon","arcs":[[-7565,-7636,7558,7559,7560,7561]],"id":"feature_1248"},{"properties":{"sa2_code":"507021167","sa2_name":"O'Connor (WA)","state":"Western Australia","metro_code":"5GPER","metro_name":"Greater Perth"},"type":"Polygon","arcs":[[7562,-7614,7563,-7637,7564]],"id":"feature_1249"},{"properties":{"sa2_code":"507031169","sa2_name":"Wellard (West) - Bertram","state":"Western Australia","metro_code":"5GPER","metro_name":"Greater Perth"},"type":"Polygon","arcs":[[-7593,7565,-7579,7566,-7607,7567,-7605,7568,-7574,7569]],"id":"feature_1250"},{"properties":{"sa2_code":"507031170","sa2_name":"Calista","state":"Western Australia","metro_code":"5GPER","metro_name":"Greater Perth"},"type":"Polygon","arcs":[[7570,-7582,7571,-7595,7572,7573,7574,-7652,-7587]],"id":"feature_1251"},{"properties":{"sa2_code":"507031172","sa2_name":"Hope Valley - Postans","state":"Western Australia","metro_code":"5GPER","metro_name":"Greater Perth"},"type":"Polygon","arcs":[[-7589,7575,7576,-7597,7577,7578,7579,-7591,7580,7581,7582,-7585,7583]],"id":"feature_1252"},{"properties":{"sa2_code":"507031173","sa2_name":"Kwinana Industrial","state":"Western Australia","metro_code":"5GPER","metro_name":"Greater Perth"},"type":"Polygon","arcs":[[7584,7585,7586,-7651,7587,7588,7589]],"id":"feature_1253"},{"properties":{"sa2_code":"507031174","sa2_name":"Parmelia - Orelia","state":"Western Australia","metro_code":"5GPER","metro_name":"Greater Perth"},"type":"Polygon","arcs":[[7590,7591,7592,7593,7594,7595]],"id":"feature_1254"},{"properties":{"sa2_code":"507031261","sa2_name":"Casuarina - Wandi","state":"Western Australia","metro_code":"5GPER","metro_name":"Greater Perth"},"type":"Polygon","arcs":[[7596,7597,7598,7599,7600,7601,7602,7603,7604,7605,7606,7607]],"id":"feature_1255"},{"properties":{"sa2_code":"507041175","sa2_name":"Applecross - Ardross","state":"Western Australia","metro_code":"5GPER","metro_name":"Greater Perth"},"type":"Polygon","arcs":[[-7620,-7629,7608]],"id":"feature_1256"},{"properties":{"sa2_code":"507041176","sa2_name":"Bateman","state":"Western Australia","metro_code":"5GPER","metro_name":"Greater Perth"},"type":"Polygon","arcs":[[-7619,7609,-7632,7610]],"id":"feature_1257"},{"properties":{"sa2_code":"507041177","sa2_name":"Bicton - Palmyra","state":"Western Australia","metro_code":"5GPER","metro_name":"Greater Perth"},"type":"Polygon","arcs":[[7611,7612,7613,7614]],"id":"feature_1258"},{"properties":{"sa2_code":"507041178","sa2_name":"Booragoon","state":"Western Australia","metro_code":"5GPER","metro_name":"Greater Perth"},"type":"Polygon","arcs":[[7615,7616,7617,7618,-7640,-7630,7619]],"id":"feature_1259"},{"properties":{"sa2_code":"507041179","sa2_name":"Bull Creek","state":"Western Australia","metro_code":"5GPER","metro_name":"Greater Perth"},"type":"Polygon","arcs":[[7620,7621,7622,7623,7624]],"id":"feature_1260"},{"properties":{"sa2_code":"507041180","sa2_name":"Leeming","state":"Western Australia","metro_code":"5GPER","metro_name":"Greater Perth"},"type":"Polygon","arcs":[[7625,7626,7627]],"id":"feature_1261"},{"properties":{"sa2_code":"507041181","sa2_name":"Melville","state":"Western Australia","metro_code":"5GPER","metro_name":"Greater Perth"},"type":"Polygon","arcs":[[7628,7629,7630]],"id":"feature_1262"},{"properties":{"sa2_code":"507041182","sa2_name":"Murdoch - Kardinya","state":"Western Australia","metro_code":"5GPER","metro_name":"Greater Perth"},"type":"Polygon","arcs":[[7631,7632,7633,7634,7635,7636,7637]],"id":"feature_1263"},{"properties":{"sa2_code":"507041183","sa2_name":"Willagee","state":"Western Australia","metro_code":"5GPER","metro_name":"Greater Perth"},"type":"Polygon","arcs":[[7638]],"id":"feature_1264"},{"properties":{"sa2_code":"507041184","sa2_name":"Winthrop","state":"Western Australia","metro_code":"5GPER","metro_name":"Greater Perth"},"type":"Polygon","arcs":[[7639,7640]],"id":"feature_1265"},{"properties":{"sa2_code":"507051186","sa2_name":"Cooloongup","state":"Western Australia","metro_code":"5GPER","metro_name":"Greater Perth"},"type":"Polygon","arcs":[[-7653,-7656,7641,-7669,7642]],"id":"feature_1266"},{"properties":{"sa2_code":"507051187","sa2_name":"Port Kennedy","state":"Western Australia","metro_code":"5GPER","metro_name":"Greater Perth"},"type":"Polygon","arcs":[[-7676,7643,-7665,7644]],"id":"feature_1267"},{"properties":{"sa2_code":"507051188","sa2_name":"Rockingham","state":"Western Australia","metro_code":"5GPER","metro_name":"Greater Perth"},"type":"MultiPolygon","arcs":[[[7645]],[[7646]],[[7647]],[[7648]],[[7649]],[[7650,7651,-7657,7652,7653,-7663,7654]]],"id":"feature_1268"},{"properties":{"sa2_code":"507051189","sa2_name":"Rockingham Lakes","state":"Western Australia","metro_code":"5GPER","metro_name":"Greater Perth"},"type":"Polygon","arcs":[[7655,7656,7657,-7674,7658]],"id":"feature_1269"},{"properties":{"sa2_code":"507051190","sa2_name":"Safety Bay - Shoalwater","state":"Western Australia","metro_code":"5GPER","metro_name":"Greater Perth"},"type":"MultiPolygon","arcs":[[[7659]],[[7660]],[[-7672,7661,7662,7663]]],"id":"feature_1270"},{"properties":{"sa2_code":"507051191","sa2_name":"Singleton - Golden Bay - Secret Harbour","state":"Western Australia","metro_code":"5GPER","metro_name":"Greater Perth"},"type":"Polygon","arcs":[[7664,7665,-7693,7666,7667]],"id":"feature_1271"},{"properties":{"sa2_code":"507051192","sa2_name":"Waikiki","state":"Western Australia","metro_code":"5GPER","metro_name":"Greater Perth"},"type":"Polygon","arcs":[[7668,7669,-7678,7670,7671,7672]],"id":"feature_1272"},{"properties":{"sa2_code":"507051193","sa2_name":"Warnbro","state":"Western Australia","metro_code":"5GPER","metro_name":"Greater Perth"},"type":"Polygon","arcs":[[7673,7674,7675,7676,7677,7678]],"id":"feature_1273"},{"properties":{"sa2_code":"507051312","sa2_name":"Baldivis - North","state":"Western Australia","metro_code":"5GPER","metro_name":"Greater Perth"},"type":"Polygon","arcs":[[7679,7680,7681,7682,-7688,7683,-7686,7684]],"id":"feature_1274"},{"properties":{"sa2_code":"507051313","sa2_name":"Baldivis - South","state":"Western Australia","metro_code":"5GPER","metro_name":"Greater Perth"},"type":"Polygon","arcs":[[7685,7686,7687,7688,7689,-7695,7690]],"id":"feature_1275"},{"properties":{"sa2_code":"507051314","sa2_name":"Karnup","state":"Western Australia","metro_code":"5GPER","metro_name":"Greater Perth"},"type":"Polygon","arcs":[[7691,7692,7693,7694,7695,7696,7697]],"id":"feature_1276"},{"properties":{"sa2_code":"601011001","sa2_name":"Bridgewater - Gagebrook","state":"Tasmania","metro_code":"6GHOB","metro_name":"Greater Hobart"},"type":"MultiPolygon","arcs":[[[7698]],[[-7842,7699,-7735,7700]],[[-7737,7701]],[[7702]],[[7703]],[[7704]],[[7705]],[[7706]],[[7707]],[[7708]],[[7709]],[[7710]],[[7711]],[[7712]],[[7713]],[[7714]],[[7715]],[[7716]],[[7717]],[[7718]],[[7719]],[[7720]],[[7721]],[[7722]],[[7723]],[[7724]],[[7725]],[[7726]],[[7727]],[[7728]],[[7729]],[[7730]],[[7731]]],"id":"feature_1277"},{"properties":{"sa2_code":"601011002","sa2_name":"Brighton - Pontville","state":"Tasmania","metro_code":"6GHOB","metro_name":"Greater Hobart"},"type":"Polygon","arcs":[[-7980,7732,-7739,7733,7734,7735]],"id":"feature_1278"},{"properties":{"sa2_code":"601011003","sa2_name":"Old Beach - Otago","state":"Tasmania","metro_code":"6GHOB","metro_name":"Greater Hobart"},"type":"Polygon","arcs":[[7736,7737,7738,7739,-7978,7740,-7783,7741]],"id":"feature_1279"},{"properties":{"sa2_code":"601021004","sa2_name":"Bellerive - Rosny","state":"Tasmania","metro_code":"6GHOB","metro_name":"Greater Hobart"},"type":"Polygon","arcs":[[-7773,7742,-7779,7743,-7760,7744,-7765,7745]],"id":"feature_1280"},{"properties":{"sa2_code":"601021005","sa2_name":"Cambridge","state":"Tasmania","metro_code":"6GHOB","metro_name":"Greater Hobart"},"type":"MultiPolygon","arcs":[[[7746]],[[7747]],[[7748]],[[7749]],[[7750]],[[7751,-7762,-7776,7752,-7770,7753,-7786,7754,-7974,7755,-7807,7756,-7792]]],"id":"feature_1281"},{"properties":{"sa2_code":"601021006","sa2_name":"Geilston Bay - Risdon","state":"Tasmania","metro_code":"6GHOB","metro_name":"Greater Hobart"},"type":"Polygon","arcs":[[-7790,7757,-7767,7758]],"id":"feature_1282"},{"properties":{"sa2_code":"601021007","sa2_name":"Howrah - Tranmere","state":"Tasmania","metro_code":"6GHOB","metro_name":"Greater Hobart"},"type":"Polygon","arcs":[[7759,7760,-7777,7761,7762,-7794,7763,7764,7765]],"id":"feature_1283"},{"properties":{"sa2_code":"601021008","sa2_name":"Lindisfarne - Rose Bay","state":"Tasmania","metro_code":"6GHOB","metro_name":"Greater Hobart"},"type":"Polygon","arcs":[[7766,7767,-7788,7768,7769,7770,-7781,7771,7772,7773]],"id":"feature_1284"},{"properties":{"sa2_code":"601021009","sa2_name":"Mornington - Warrane","state":"Tasmania","metro_code":"6GHOB","metro_name":"Greater Hobart"},"type":"Polygon","arcs":[[7774,7775,7776,7777,7778,7779,7780]],"id":"feature_1285"},{"properties":{"sa2_code":"601021010","sa2_name":"Risdon Vale","state":"Tasmania","metro_code":"6GHOB","metro_name":"Greater Hobart"},"type":"Polygon","arcs":[[7781,7782,7783,-7976,7784,7785,7786,7787,7788,7789]],"id":"feature_1286"},{"properties":{"sa2_code":"601021011","sa2_name":"Rokeby","state":"Tasmania","metro_code":"6GHOB","metro_name":"Greater Hobart"},"type":"Polygon","arcs":[[7790,7791,7792,7793]],"id":"feature_1287"},{"properties":{"sa2_code":"601021012","sa2_name":"South Arm","state":"Tasmania","metro_code":"6GHOB","metro_name":"Greater Hobart"},"type":"MultiPolygon","arcs":[[[7794]],[[7795]],[[7796]],[[7797]],[[7798]],[[7799]],[[7800]],[[7801]],[[7802]],[[7803]],[[7804]],[[7804]],[[7805]],[[7806,7807]]],"id":"feature_1288"},{"properties":{"sa2_code":"601031013","sa2_name":"Austins Ferry - Granton","state":"Tasmania","metro_code":"6GHOB","metro_name":"Greater Hobart"},"type":"Polygon","arcs":[[-7815,7808,-7844,7809]],"id":"feature_1289"},{"properties":{"sa2_code":"601031014","sa2_name":"Berriedale - Chigwell","state":"Tasmania","metro_code":"6GHOB","metro_name":"Greater Hobart"},"type":"Polygon","arcs":[[7810,-7833,-7892,7811,-7890,7812,-7848,-7817]],"id":"feature_1290"},{"properties":{"sa2_code":"601031015","sa2_name":"Claremont (Tas.)","state":"Tasmania","metro_code":"6GHOB","metro_name":"Greater Hobart"},"type":"Polygon","arcs":[[7813,7814,7815,7816,7817,-7846]],"id":"feature_1291"},{"properties":{"sa2_code":"601031016","sa2_name":"Derwent Park - Lutana","state":"Tasmania","metro_code":"6GHOB","metro_name":"Greater Hobart"},"type":"Polygon","arcs":[[7818,-7838,7819,-7836,7820,-7823]],"id":"feature_1292"},{"properties":{"sa2_code":"601031017","sa2_name":"Glenorchy","state":"Tasmania","metro_code":"6GHOB","metro_name":"Greater Hobart"},"type":"Polygon","arcs":[[7821,7822,7823,-7834,7824,-7851,7825,-7856,7826,-7912,7827,-7879,7828,-7831]],"id":"feature_1293"},{"properties":{"sa2_code":"601031018","sa2_name":"Montrose - Rosetta","state":"Tasmania","metro_code":"6GHOB","metro_name":"Greater Hobart"},"type":"Polygon","arcs":[[7829,7830,7831,-7877,7832]],"id":"feature_1294"},{"properties":{"sa2_code":"601031019","sa2_name":"Moonah","state":"Tasmania","metro_code":"6GHOB","metro_name":"Greater Hobart"},"type":"Polygon","arcs":[[7833,7834,7835,7836,7837,7838,-7921,7839,-7853,7840]],"id":"feature_1295"},{"properties":{"sa2_code":"601031020","sa2_name":"New Norfolk","state":"Tasmania","metro_code":"6GHOB","metro_name":"Greater Hobart"},"type":"Polygon","arcs":[[7841,7842,7843,7844,7845,7846,7847,7848]],"id":"feature_1296"},{"properties":{"sa2_code":"601031021","sa2_name":"West Moonah","state":"Tasmania","metro_code":"6GHOB","metro_name":"Greater Hobart"},"type":"Polygon","arcs":[[7849,7850,7851,7852,7853,-7903,7854,7855]],"id":"feature_1297"},{"properties":{"sa2_code":"601041022","sa2_name":"Kingston - Huntingfield","state":"Tasmania","metro_code":"6GHOB","metro_name":"Greater Hobart"},"type":"Polygon","arcs":[[7856,-7886,7857,-7884,-7943,7858,-7897,7859,-7895,7860,-7864,7861,-7866,7862,-7875]],"id":"feature_1298"},{"properties":{"sa2_code":"601041023","sa2_name":"Kingston Beach - Blackmans Bay","state":"Tasmania","metro_code":"6GHOB","metro_name":"Greater Hobart"},"type":"Polygon","arcs":[[7863,7864,7865,7866]],"id":"feature_1299"},{"properties":{"sa2_code":"601041024","sa2_name":"Margate - Snug","state":"Tasmania","metro_code":"6GHOB","metro_name":"Greater Hobart"},"type":"MultiPolygon","arcs":[[[7867]],[[7868]],[[7869]],[[7870]],[[7871]],[[7872]],[[-7888,7873,7874,7875]]],"id":"feature_1300"},{"properties":{"sa2_code":"601041025","sa2_name":"Mount Wellington","state":"Tasmania","metro_code":"6GHOB","metro_name":"Greater Hobart"},"type":"Polygon","arcs":[[7876,7877,7878,7879,-7910,7880,-7908,-7948,7881,-7946,7882,-7944,7883,7884,7885,7886,7887,7888,7889,7890,7891]],"id":"feature_1301"},{"properties":{"sa2_code":"601041026","sa2_name":"Taroona - Bonnet Hill","state":"Tasmania","metro_code":"6GHOB","metro_name":"Greater Hobart"},"type":"Polygon","arcs":[[7892,-7919,7893,7894,7895,7896]],"id":"feature_1302"},{"properties":{"sa2_code":"601051027","sa2_name":"Hobart","state":"Tasmania","metro_code":"6GHOB","metro_name":"Greater Hobart"},"type":"Polygon","arcs":[[7897,-7950,7898,-7905,-7923,7899,-7927,7900,-7952]],"id":"feature_1303"},{"properties":{"sa2_code":"601051028","sa2_name":"Lenah Valley - Mount Stuart","state":"Tasmania","metro_code":"6GHOB","metro_name":"Greater Hobart"},"type":"Polygon","arcs":[[7901,7902,7903,-7924,7904,7905,-7956,7906,-7934,7907,7908,7909,7910,7911]],"id":"feature_1304"},{"properties":{"sa2_code":"601051029","sa2_name":"Mount Nelson - Dynnyrne","state":"Tasmania","metro_code":"6GHOB","metro_name":"Greater Hobart"},"type":"Polygon","arcs":[[7912,-7939,7913,-7937,7914,-7933,7915,-7931,7916,-7929,7917,7918,7919,-7941]],"id":"feature_1305"},{"properties":{"sa2_code":"601051030","sa2_name":"New Town","state":"Tasmania","metro_code":"6GHOB","metro_name":"Greater Hobart"},"type":"Polygon","arcs":[[7920,7921,7922,7923,7924]],"id":"feature_1306"},{"properties":{"sa2_code":"601051031","sa2_name":"Sandy Bay","state":"Tasmania","metro_code":"6GHOB","metro_name":"Greater Hobart"},"type":"Polygon","arcs":[[7925,7926,7927,7928,7929,7930,7931,7932]],"id":"feature_1307"},{"properties":{"sa2_code":"601051032","sa2_name":"South Hobart - Fern Tree","state":"Tasmania","metro_code":"6GHOB","metro_name":"Greater Hobart"},"type":"Polygon","arcs":[[7933,7934,-7954,7935,7936,7937,7938,7939,7940,7941,7942,7943,7944,7945,7946,7947]],"id":"feature_1308"},{"properties":{"sa2_code":"601051033","sa2_name":"West Hobart","state":"Tasmania","metro_code":"6GHOB","metro_name":"Greater Hobart"},"type":"Polygon","arcs":[[7948,7949,7950,7951,7952,7953,7954,7955]],"id":"feature_1309"},{"properties":{"sa2_code":"601061034","sa2_name":"Dodges Ferry - Lewisham","state":"Tasmania","metro_code":"6GHOB","metro_name":"Greater Hobart"},"type":"MultiPolygon","arcs":[[[7956]],[[7957]],[[7958]],[[7959]],[[-7972,7960]],[[7961]],[[7962]]],"id":"feature_1310"},{"properties":{"sa2_code":"601061035","sa2_name":"Sorell - Richmond","state":"Tasmania","metro_code":"6GHOB","metro_name":"Greater Hobart"},"type":"MultiPolygon","arcs":[[[7963]],[[7964]],[[7965]],[[7966]],[[7967]],[[7968]],[[7969]],[[7970,7971,7972,7973,7974,7975,7976,7977,7978,7979]]],"id":"feature_1311"},{"properties":{"sa2_code":"701011001","sa2_name":"Darwin Airport","state":"Northern Territory","metro_code":"7GDAR","metro_name":"Greater Darwin"},"type":"Polygon","arcs":[[7980,-8010,7981,-8071,7982,-8066,-8027,-8021]],"id":"feature_1312"},{"properties":{"sa2_code":"701011002","sa2_name":"Darwin City","state":"Northern Territory","metro_code":"7GDAR","metro_name":"Greater Darwin"},"type":"Polygon","arcs":[[-8000,7983,-7996,7984,-8020,7985]],"id":"feature_1313"},{"properties":{"sa2_code":"701011003","sa2_name":"East Point","state":"Northern Territory","metro_code":"7GDAR","metro_name":"Greater Darwin"},"type":"Polygon","arcs":[[7986,-8007,7987,-8005,7988,-7990]],"id":"feature_1314"},{"properties":{"sa2_code":"701011004","sa2_name":"Fannie Bay - The Gardens","state":"Northern Territory","metro_code":"7GDAR","metro_name":"Greater Darwin"},"type":"Polygon","arcs":[[7989,7990,-8003,7991,7992,-8013,7993,-8017,7994,7995,7996,-8002,7997]],"id":"feature_1315"},{"properties":{"sa2_code":"701011005","sa2_name":"Larrakeyah","state":"Northern Territory","metro_code":"7GDAR","metro_name":"Greater Darwin"},"type":"Polygon","arcs":[[7998,7999,8000,8001]],"id":"feature_1316"},{"properties":{"sa2_code":"701011006","sa2_name":"Ludmilla - The Narrows","state":"Northern Territory","metro_code":"7GDAR","metro_name":"Greater Darwin"},"type":"Polygon","arcs":[[8002,8003,8004,8005,8006,8007,-8046,8008,8009,8010,-8015,8011]],"id":"feature_1317"},{"properties":{"sa2_code":"701011007","sa2_name":"Parap","state":"Northern Territory","metro_code":"7GDAR","metro_name":"Greater Darwin"},"type":"Polygon","arcs":[[8012,8013,8014,8015,8016,8017]],"id":"feature_1318"},{"properties":{"sa2_code":"701011008","sa2_name":"Stuart Park","state":"Northern Territory","metro_code":"7GDAR","metro_name":"Greater Darwin"},"type":"Polygon","arcs":[[8018,8019]],"id":"feature_1319"},{"properties":{"sa2_code":"701011009","sa2_name":"Woolner - Bayview - Winnellie","state":"Northern Territory","metro_code":"7GDAR","metro_name":"Greater Darwin"},"type":"Polygon","arcs":[[8020,-8033,8021,-8044,8022]],"id":"feature_1320"},{"properties":{"sa2_code":"701021010","sa2_name":"Alawa","state":"Northern Territory","metro_code":"7GDAR","metro_name":"Greater Darwin"},"type":"Polygon","arcs":[[-8035,8023,-8078,8024]],"id":"feature_1321"},{"properties":{"sa2_code":"701021011","sa2_name":"Anula","state":"Northern Territory","metro_code":"7GDAR","metro_name":"Greater Darwin"},"type":"Polygon","arcs":[[8025]],"id":"feature_1322"},{"properties":{"sa2_code":"701021012","sa2_name":"Berrimah","state":"Northern Territory","metro_code":"7GDAR","metro_name":"Greater Darwin"},"type":"Polygon","arcs":[[8026,-8065,8027,-8039,8028,-8113,8029,-8094,8030,-8049,-8042,8031,8032]],"id":"feature_1323"},{"properties":{"sa2_code":"701021013","sa2_name":"Brinkin - Nakara","state":"Northern Territory","metro_code":"7GDAR","metro_name":"Greater Darwin"},"type":"Polygon","arcs":[[-8089,8033,8034,8035]],"id":"feature_1324"},{"properties":{"sa2_code":"701021014","sa2_name":"Buffalo Creek","state":"Northern Territory","metro_code":"7GDAR","metro_name":"Greater Darwin"},"type":"Polygon","arcs":[[-8059,8036,-8115,8037,8038,8039,-8056]],"id":"feature_1325"},{"properties":{"sa2_code":"701021015","sa2_name":"Charles Darwin","state":"Northern Territory","metro_code":"7GDAR","metro_name":"Greater Darwin"},"type":"Polygon","arcs":[[8040,8041,-8048,8042,8043]],"id":"feature_1326"},{"properties":{"sa2_code":"701021016","sa2_name":"Coconut Grove","state":"Northern Territory","metro_code":"7GDAR","metro_name":"Greater Darwin"},"type":"Polygon","arcs":[[-8076,-8080,-8072,8044,8045,8046]],"id":"feature_1327"},{"properties":{"sa2_code":"701021017","sa2_name":"East Arm","state":"Northern Territory","metro_code":"7GDAR","metro_name":"Greater Darwin"},"type":"Polygon","arcs":[[8047,8048,8049,-8137,8050,-8142,8051]],"id":"feature_1328"},{"properties":{"sa2_code":"701021018","sa2_name":"Jingili","state":"Northern Territory","metro_code":"7GDAR","metro_name":"Greater Darwin"},"type":"Polygon","arcs":[[8052,-8073,8053,-8069]],"id":"feature_1329"},{"properties":{"sa2_code":"701021019","sa2_name":"Karama","state":"Northern Territory","metro_code":"7GDAR","metro_name":"Greater Darwin"},"type":"Polygon","arcs":[[-8063,8054]],"id":"feature_1330"},{"properties":{"sa2_code":"701021020","sa2_name":"Leanyer","state":"Northern Territory","metro_code":"7GDAR","metro_name":"Greater Darwin"},"type":"Polygon","arcs":[[-8060,8055,8056]],"id":"feature_1331"},{"properties":{"sa2_code":"701021021","sa2_name":"Lyons (NT)","state":"Northern Territory","metro_code":"7GDAR","metro_name":"Greater Darwin"},"type":"Polygon","arcs":[[-8083,8057,8058,8059,8060,-8087]],"id":"feature_1332"},{"properties":{"sa2_code":"701021022","sa2_name":"Malak - Marrara","state":"Northern Territory","metro_code":"7GDAR","metro_name":"Greater Darwin"},"type":"Polygon","arcs":[[-8091,8061,8062,8063,8064,8065,8066]],"id":"feature_1333"},{"properties":{"sa2_code":"701021023","sa2_name":"Millner","state":"Northern Territory","metro_code":"7GDAR","metro_name":"Greater Darwin"},"type":"Polygon","arcs":[[8067,8068,8069,8070,8071]],"id":"feature_1334"},{"properties":{"sa2_code":"701021024","sa2_name":"Moil","state":"Northern Territory","metro_code":"7GDAR","metro_name":"Greater Darwin"},"type":"Polygon","arcs":[[8072,8073,-8086,8074]],"id":"feature_1335"},{"properties":{"sa2_code":"701021025","sa2_name":"Nightcliff","state":"Northern Territory","metro_code":"7GDAR","metro_name":"Greater Darwin"},"type":"Polygon","arcs":[[-8081,8075,8076]],"id":"feature_1336"},{"properties":{"sa2_code":"701021026","sa2_name":"Rapid Creek","state":"Northern Territory","metro_code":"7GDAR","metro_name":"Greater Darwin"},"type":"Polygon","arcs":[[8077,8078,8079,8080,8081]],"id":"feature_1337"},{"properties":{"sa2_code":"701021027","sa2_name":"Tiwi","state":"Northern Territory","metro_code":"7GDAR","metro_name":"Greater Darwin"},"type":"Polygon","arcs":[[8082,8083]],"id":"feature_1338"},{"properties":{"sa2_code":"701021028","sa2_name":"Wagaman","state":"Northern Territory","metro_code":"7GDAR","metro_name":"Greater Darwin"},"type":"Polygon","arcs":[[8084,8085]],"id":"feature_1339"},{"properties":{"sa2_code":"701021029","sa2_name":"Wanguri","state":"Northern Territory","metro_code":"7GDAR","metro_name":"Greater Darwin"},"type":"Polygon","arcs":[[8086,8087,8088,8089]],"id":"feature_1340"},{"properties":{"sa2_code":"701021030","sa2_name":"Wulagi","state":"Northern Territory","metro_code":"7GDAR","metro_name":"Greater Darwin"},"type":"Polygon","arcs":[[8090,8091]],"id":"feature_1341"},{"properties":{"sa2_code":"701031031","sa2_name":"Howard Springs","state":"Northern Territory","metro_code":"7GDAR","metro_name":"Greater Darwin"},"type":"Polygon","arcs":[[8092,8093,8094,-8111,8095,-8101,8096,-8119,8097,-8160,-8159,8098,-8149]],"id":"feature_1342"},{"properties":{"sa2_code":"701031032","sa2_name":"Humpty Doo","state":"Northern Territory","metro_code":"7GDAR","metro_name":"Greater Darwin"},"type":"Polygon","arcs":[[-8129,-8121,8099,8100,8101,-8109]],"id":"feature_1343"},{"properties":{"sa2_code":"701031033","sa2_name":"Koolpinyah","state":"Northern Territory","metro_code":"7GDAR","metro_name":"Greater Darwin"},"type":"MultiPolygon","arcs":[[[8102]],[[8103]],[[8104]],[[8105]],[[8106]],[[8107]],[[-8130,8108,8109,8110,8111,8112,8113,8114,8115]],[[8116]]],"id":"feature_1344"},{"properties":{"sa2_code":"701031034","sa2_name":"Virginia","state":"Northern Territory","metro_code":"7GDAR","metro_name":"Greater Darwin"},"type":"Polygon","arcs":[[-8160,8117,8118,8119,8120,-8128,8121,-8163,8122,-8161]],"id":"feature_1345"},{"properties":{"sa2_code":"701031035","sa2_name":"Weddell","state":"Northern Territory","metro_code":"7GDAR","metro_name":"Greater Darwin"},"type":"MultiPolygon","arcs":[[[8123]],[[8124]],[[8125]],[[8126,8127,8128,8129,8130,-8165]],[[8131]],[[8132]]],"id":"feature_1346"},{"properties":{"sa2_code":"701041036","sa2_name":"Bakewell","state":"Northern Territory","metro_code":"7GDAR","metro_name":"Greater Darwin"},"type":"Polygon","arcs":[[8133]],"id":"feature_1347"},{"properties":{"sa2_code":"701041037","sa2_name":"Driver","state":"Northern Territory","metro_code":"7GDAR","metro_name":"Greater Darwin"},"type":"Polygon","arcs":[[8134,-8154,8135,-8146]],"id":"feature_1348"},{"properties":{"sa2_code":"701041038","sa2_name":"Durack - Marlow Lagoon","state":"Northern Territory","metro_code":"7GDAR","metro_name":"Greater Darwin"},"type":"Polygon","arcs":[[8136,8137,-8156,8138,-8169,8139,-8167,8140,8141,8142]],"id":"feature_1349"},{"properties":{"sa2_code":"701041039","sa2_name":"Gray","state":"Northern Territory","metro_code":"7GDAR","metro_name":"Greater Darwin"},"type":"Polygon","arcs":[[-8152,8143,-8176,8144]],"id":"feature_1350"},{"properties":{"sa2_code":"701041040","sa2_name":"Moulden","state":"Northern Territory","metro_code":"7GDAR","metro_name":"Greater Darwin"},"type":"Polygon","arcs":[[8145,8146]],"id":"feature_1351"},{"properties":{"sa2_code":"701041041","sa2_name":"Palmerston - North","state":"Northern Territory","metro_code":"7GDAR","metro_name":"Greater Darwin"},"type":"Polygon","arcs":[[8147,8148,8149,-8172,8150,8151,8152,8153,8154,8155]],"id":"feature_1352"},{"properties":{"sa2_code":"701041042","sa2_name":"Palmerston - South","state":"Northern Territory","metro_code":"7GDAR","metro_name":"Greater Darwin"},"type":"MultiPolygon","arcs":[[[8156]],[[8157]],[[8158,8159,8160,8161,8162,8163,8164,8165,8166,8167,8168,8169,-8174,8170,8171,8172]]],"id":"feature_1353"},{"properties":{"sa2_code":"701041043","sa2_name":"Rosebery - Bellamack","state":"Northern Territory","metro_code":"7GDAR","metro_name":"Greater Darwin"},"type":"Polygon","arcs":[[8173,8174]],"id":"feature_1354"},{"properties":{"sa2_code":"701041044","sa2_name":"Woodroffe","state":"Northern Territory","metro_code":"7GDAR","metro_name":"Greater Darwin"},"type":"Polygon","arcs":[[8175,8176]],"id":"feature_1355"}],"type":"GeometryCollection"}},"bbox":[115.44979423991691,-43.12128210007538,153.5467025228435,-12.000947168256378],"transform":{"scale":[0.0003809728925581915,0.0003112064613828039],"translate":[115.44979423991691,-43.12128210007538]},"arcs":[[[94400,31027],[1,6]],[[94424,31046],[9,2],[0,1]],[[94449,31053],[-1,-6],[5,-7]],[[94460,31032],[-2,-8],[1,-10],[12,-6],[2,-17],[6,-9],[-3,-7],[12,-13],[-3,-6],[-3,2],[-2,-12],[-10,-5],[-18,4],[-11,-8],[-17,14],[2,7],[6,3]],[[94445,30961],[5,18],[-5,6]],[[94424,30955],[2,3],[0,1],[1,0],[-3,-7],[17,-15],[-7,-10],[-4,-11],[11,-10],[0,-7],[-5,-7],[-12,-5],[0,-7],[-10,1],[7,-24],[-14,-18],[-15,5],[-2,-8],[-8,-1],[-1,-9],[-4,-2],[-20,7],[-8,-5],[5,10],[-12,6],[-4,-4],[-8,-1],[-6,-12],[0,-6],[-11,-10],[0,4],[-6,3],[-12,-1],[3,5],[-6,3],[-21,-6],[-13,-7],[-1,-6],[-7,-2],[-3,-5],[-6,1],[-12,-10],[-5,-11],[0,-8],[-4,-4],[-3,9],[-4,4],[2,7],[-1,5],[-7,0],[-3,6],[-5,1],[3,13],[8,9],[-4,14],[-10,11],[15,9],[8,-21],[5,-3],[9,5],[2,8],[6,6],[4,0],[6,-13],[13,6],[4,8],[-8,2],[-5,12],[0,7],[4,7],[-2,3],[-9,2],[-8,-3],[-2,15],[-13,4],[0,8],[6,-1],[8,6],[-7,3],[-4,8],[-6,-3],[6,-1],[1,-4],[-12,2],[-3,12],[5,-7],[0,6],[4,-4],[3,2],[-10,4],[-6,21],[15,-8],[-6,-9],[8,7],[4,-6],[-4,-6],[6,4],[-3,-7],[2,-3],[2,5],[3,-9],[-5,1],[8,-7],[4,8],[-5,8],[5,16],[11,5],[10,-5],[5,-6],[15,-2],[-2,-8],[3,-9],[-15,-2],[3,-8],[14,9],[10,-4],[9,6],[3,6],[-1,3],[9,12],[-3,9],[-13,-1],[-9,10],[11,5],[5,16],[3,4],[1,-1],[1,0],[-3,7],[22,-4]],[[93851,30811],[20,16],[9,-2],[3,-5],[-2,-8],[-5,-3],[-25,2]],[[93584,31809],[-11,4],[-1,22],[4,6],[-4,30],[4,13]],[[93588,31940],[-8,11],[-2,22],[4,12],[-3,5],[0,11],[13,35]],[[93576,32059],[7,31]],[[93670,32168],[41,-10],[8,-13],[15,-11],[6,-9],[53,-24],[9,-7],[15,-2],[11,-10],[11,-1],[7,-4],[7,7],[-1,6],[4,4],[24,-3]],[[94103,31704],[-4,-24]],[[93967,31690],[8,3],[12,-18],[4,3],[-4,-20],[8,-3],[11,-24],[3,-26]],[[94078,31398],[13,-5],[9,-14],[2,-15],[6,-5],[25,-8]],[[94163,31344],[17,8],[7,-1]],[[94212,31302],[-2,-3],[-22,4]],[[94144,31211],[5,-1]],[[94136,31190],[-5,-29],[-10,7]],[[94068,31153],[-8,-42],[-30,-5]],[[94065,31059],[-13,-20]],[[94045,30856],[-11,-1],[-5,-8],[-4,-15]],[[94012,30826],[-6,-8],[6,-21]],[[94012,30736],[5,-2],[2,-8],[7,-6],[-6,-2],[-1,-10],[-4,0],[-3,5],[-6,-1],[-5,-7],[0,-6],[-5,-3],[-2,-7],[-2,2],[-18,37],[-14,10],[19,39],[6,18],[-2,9],[-10,18],[-4,-2],[-30,4],[-4,3],[4,9],[8,6],[-2,5],[-7,7],[5,12],[-4,5],[-2,11],[9,6],[17,1],[-8,9],[1,15],[3,4],[19,5],[4,5],[12,-8],[-4,9],[8,12],[6,2],[-2,6],[5,4],[-2,5],[7,7],[-8,-4],[-18,-24],[-17,-1],[-6,-8],[-12,-4],[-8,-21],[-21,-10],[3,-25],[-3,-25],[-6,-21],[-3,-2],[-7,1],[6,20],[-6,7],[-15,3],[-3,-6],[-15,5],[-7,-1],[0,25],[-7,-1],[-4,15],[-12,1],[4,14],[-10,7],[3,11],[-6,8],[0,14],[23,34],[14,-10],[1,-6],[-1,20],[6,12],[8,-1],[9,-12],[4,0],[7,7],[19,-5],[-6,11],[20,3],[-7,6],[2,7],[-3,6],[7,3],[-12,11],[4,7],[-1,17],[10,13],[-9,0],[-2,-5],[-9,1],[0,-5],[-2,1],[4,-3],[1,-17],[-7,-13],[8,-7],[3,-9],[-2,-6],[-9,2],[-6,-9],[-13,-2],[-3,3],[2,8],[-14,-4],[-2,11],[-12,-20],[-5,4],[-6,-7],[-10,0],[0,-16],[-17,-20],[-10,0],[7,-9],[-3,-12],[4,-12],[0,-19],[6,-5],[-7,-4],[4,-14],[-6,4],[-1,-4],[6,-8],[7,-3],[2,-21],[8,0],[3,8],[4,-3],[-1,-14],[-6,-1],[3,-13],[-4,-4],[1,-5],[-7,-13],[-8,11],[4,7],[-3,7],[-5,-2],[0,-6],[-5,6],[0,4],[4,-4],[6,5],[-4,4],[0,6],[-7,3],[-8,38],[-20,34],[-20,2],[-10,-5],[-6,-9],[-10,-34],[-5,2],[-7,12],[1,23],[7,15],[-1,18],[-7,16],[-16,0],[-1,6],[23,52],[7,8],[13,-4],[3,-4],[3,3],[-3,1],[-2,5],[-11,4],[2,2],[-18,19],[-21,1],[6,7],[-3,3],[1,5],[17,15],[4,20],[4,8],[10,-2],[6,9],[10,4],[-7,10],[2,12],[-6,4],[0,5],[-5,0],[-1,6],[-7,-2],[4,-9],[-3,-14],[-6,-8],[-8,0],[0,-7],[-17,-29],[-17,1],[-1,-22],[7,-21],[-4,-1],[-1,5],[-8,-1],[-5,-12],[3,-6],[-5,-10],[-12,-1],[-35,22],[-20,-5],[-20,-22],[-8,-27],[-7,-5],[-12,1],[-9,5],[-7,9],[-8,31],[-5,35],[-17,33],[-12,-3],[-6,-10],[3,-21],[5,-7],[-3,-6],[-3,-1],[-11,11],[-2,-11],[-12,19],[1,26],[-3,12]],[[93397,31221],[-14,10],[-13,5],[-12,1],[-41,-5],[-18,10],[-5,47]],[[93288,31308],[-13,9],[-2,12]],[[93278,31342],[1,3],[4,-2]],[[93297,31355],[18,41],[7,-2]],[[93352,31388],[5,-1],[19,6],[3,6]],[[93443,31417],[2,7],[4,3],[13,-7],[22,4],[5,6]],[[93521,31445],[28,27],[2,8]],[[94326,31137],[6,-4],[11,6]],[[94309,31173],[-2,1],[32,44],[11,5]],[[94386,31270],[2,13],[5,6],[8,3]],[[94424,31288],[4,4],[14,1],[16,-6]],[[94464,31270],[20,-6]],[[94423,31167],[-4,1],[-5,-4],[-1,-6],[9,-4],[-5,-9]],[[94393,31074],[-21,3]],[[94306,31024],[-44,8],[-3,-9],[-10,10],[-6,12],[8,16],[-1,10],[5,7],[7,-3],[0,10],[11,8],[5,-2],[7,9],[-4,7],[3,6],[-10,6],[24,0],[5,4]],[[94136,31190],[9,-1],[4,21]],[[94149,31210],[56,-9],[4,7],[6,1],[2,-4],[5,0],[2,5],[3,-3],[-9,-9],[49,-9],[15,-10],[27,-6]],[[94309,31173],[-4,-11],[33,-6],[0,-3],[7,-1],[3,-5],[-5,-8]],[[94343,31139],[-9,-5],[-8,3]],[[94326,31137],[-8,-5],[-2,-5],[6,-7],[-19,3]],[[94303,31123],[-8,-5],[-20,1],[-18,-4],[1,-4],[-6,-11],[-11,-2],[-5,-6],[-2,13],[-7,4],[-6,-2],[-9,-32],[-4,18],[3,15],[-2,11],[-3,0],[5,1],[-1,10],[-5,3],[-1,8],[-21,7],[-4,-4],[-1,-7],[-4,-2],[-8,5],[-3,8],[-1,-1],[3,-9],[7,-7],[-5,0],[-12,9],[-5,-4],[2,-4],[-5,0],[-7,8],[-17,4],[3,2],[-1,5],[4,1],[7,38]],[[94068,31153],[11,-10],[-3,10],[5,12],[21,7],[19,-4]],[[94121,31168],[9,-7],[-2,-10],[-3,-1],[0,-5],[-10,-2],[2,-14],[-10,-3]],[[94118,31059],[1,-4]],[[94078,31067],[-26,5],[4,16],[-25,-9],[-1,27]],[[94030,31106],[28,3],[10,44]],[[94306,31024],[2,9],[18,6],[1,4],[9,-1],[8,5],[2,8],[15,7],[11,15]],[[94372,31077],[38,-7]],[[94406,31035],[-5,-1],[-1,-7]],[[94400,31027],[-1,-6],[4,-5],[-6,-22],[48,-9]],[[94445,30985],[5,-10],[-5,-14]],[[94445,30961],[-13,0]],[[94432,30961],[-8,-6]],[[94424,30955],[-30,-10],[0,25],[-32,6],[-7,-5],[-24,2],[2,13]],[[94333,30986],[-24,5],[8,7],[2,8],[-2,3],[-6,3],[-22,-5],[2,15],[2,-1],[-1,6],[14,-3]],[[94188,31303],[23,-4],[0,-8],[5,-4]],[[94241,31284],[-8,-15],[-19,-21],[2,-8],[15,-21],[-2,-8],[-2,-4],[-4,3],[-1,-5],[-11,4],[-6,-8],[-61,10]],[[94144,31211],[3,16],[12,-5],[3,23],[-12,2],[2,10],[7,-1],[2,22],[-3,0],[2,17],[20,-3],[-1,-4],[7,-1],[2,16]],[[94216,31287],[-5,6],[1,9]],[[94212,31302],[-19,12],[-3,11],[2,9],[-6,13],[1,4]],[[94187,31351],[116,-21]],[[94321,31322],[16,-9],[12,-11],[14,1],[18,-6],[6,-8],[6,-1],[-5,-4],[-2,-14]],[[94386,31270],[-13,-13],[0,-7],[-18,-15],[3,-13],[-4,-5],[-4,6]],[[94350,31223],[-6,-1],[-13,-13]],[[94235,31271],[6,13]],[[94241,31284],[-16,3],[-3,6],[-4,2],[-2,-8]],[[94107,31126],[10,4],[-2,13],[2,2],[23,-5],[6,-7],[6,-1],[14,-10],[20,-1],[-6,-23],[-2,-26],[-10,2],[-17,-2],[-14,-27],[2,-6],[15,-9],[-1,-16],[12,-15],[0,-8],[-2,2],[-8,-6],[-1,-7],[-6,2]],[[94125,31041],[-7,18]],[[94118,31059],[5,8],[-3,2],[0,6],[-5,8],[4,12],[5,5],[-17,26]],[[94214,30976],[-17,15],[-1,8],[6,6],[9,3],[14,-2],[16,-8],[10,12],[9,5],[2,17],[30,-6],[-3,-19],[-11,-7],[-7,-18],[11,-22],[9,-4],[5,-7],[-11,-7],[-10,2],[-11,13],[-5,2],[-18,-8],[-2,3],[4,8],[-5,10],[-13,7],[-11,-3]],[[94417,31145],[4,5],[-1,-5],[18,-6]],[[94439,31147],[6,-1],[11,-7],[13,-3],[6,-19],[-4,-12],[8,-8],[8,-13],[8,-1],[1,6],[5,-3],[1,-13],[-8,0],[-13,-17],[-11,-5],[-10,-19]],[[94460,31032],[-7,5],[0,3]],[[94453,31040],[-5,6],[1,7]],[[94449,31053],[9,2],[-5,4],[-1,8],[-5,-21],[4,-7],[-11,0],[-1,6],[3,3],[-6,4],[-3,10],[0,-13]],[[94433,31049],[-9,-3]],[[94424,31046],[-9,-16],[-14,3]],[[94401,31033],[5,2]],[[94406,31035],[4,35]],[[94410,31070],[-17,4]],[[94393,31074],[3,16],[-16,2],[2,29],[5,0],[1,7],[6,-3],[2,6],[6,-1],[2,15],[13,0]],[[94141,30737],[2,2],[14,-7],[-8,-4],[-8,9]],[[94089,30910],[43,-13],[31,-1],[3,-4],[13,0],[4,-6],[4,-1],[14,3],[15,-1]],[[94222,30892],[-2,-10],[10,-3],[4,-12],[-7,-6],[-8,-1],[-22,7],[-7,-9],[-4,-15],[-4,-5],[-30,-6],[-17,-12],[-3,-14],[9,-3],[-19,-26],[2,-8],[7,1],[-7,-17],[4,-11],[-10,-7],[-26,1],[-28,9],[-18,-1],[-2,7],[-7,2],[-11,-6],[-6,-12],[-8,1]],[[94012,30736],[-2,6],[2,4],[-4,6],[8,4],[1,7],[-20,11],[15,23]],[[94012,30797],[-5,23],[5,6]],[[94012,30826],[13,6]],[[94025,30832],[6,20],[7,5],[7,-1]],[[94045,30856],[-2,4],[2,4],[19,5],[8,7]],[[94484,31264],[-12,4],[0,2],[16,29],[10,8],[-2,19],[5,-4]],[[94587,31242],[-15,-13],[-7,-16],[-22,-9],[-14,-16],[2,-5],[-3,-6],[-7,-2],[-2,-6],[-12,-8],[-2,-10],[-4,0],[-12,-15],[-9,-20],[-1,-19],[-2,0],[-7,10],[5,10],[-7,21],[-12,1],[-17,8]],[[94439,31147],[-1,-8]],[[94438,31139],[-6,1],[0,3],[-12,2],[1,12],[-8,1],[3,8],[7,1]],[[94423,31167],[2,11],[7,7],[25,-1],[0,5],[5,0],[1,6],[5,-5],[6,1],[7,39],[4,0],[4,21],[-4,1],[-1,12]],[[94052,31039],[1,3],[12,17]],[[94065,31059],[13,8]],[[94078,31067],[14,-12],[24,-2],[3,2]],[[94119,31055],[6,-14]],[[94125,31041],[-1,-7],[10,-2],[-3,-14],[13,-2],[-3,-19],[9,-1],[-2,-14]],[[94148,30982],[-11,7],[-3,18],[-4,3],[-4,11],[-6,-3],[7,-18],[-2,-7],[-6,-1],[-8,6],[-4,0],[-2,-3],[12,-13],[-3,-7],[13,4],[4,-7],[13,-3],[5,-9],[-10,-4],[-8,3],[-4,-6],[-1,-9],[-17,-1],[8,-9],[-15,-1],[-1,-4],[5,-3],[12,2],[14,14],[11,2],[17,16],[5,10],[18,-6],[14,2],[-1,-7],[-14,-28],[0,-9],[8,-12],[8,0],[16,-17],[8,-1]],[[94222,30892],[-6,-5]],[[94216,30887],[-30,-2],[-7,7],[-62,8],[-28,10]],[[94089,30910],[-10,-41],[-8,1],[1,6]],[[94072,30876],[9,54],[-25,15],[1,9],[2,0],[-4,2],[0,10],[2,5],[-7,12],[14,11],[14,-5],[-7,9],[2,9],[-7,14],[0,11],[-6,0],[-8,7]],[[94235,31271],[6,-7],[4,7],[8,-10],[33,1],[11,-8],[-4,-19],[16,6],[8,-2],[-4,-27],[6,1],[12,-4]],[[94331,31209],[-2,-5],[-13,-14],[-6,-13],[-7,-4],[-21,6],[-15,11],[-49,8],[11,13],[2,6],[-17,26],[1,7],[20,21]],[[94483,31363],[7,10],[5,1],[-2,6],[1,4],[15,-15],[24,-15],[16,-6],[9,3],[-1,-13]],[[94580,31322],[9,-9],[5,7],[-4,-17],[7,-7],[-4,-6],[-5,2],[-5,-5],[10,-20],[-1,-11],[-6,-2],[1,-12]],[[94587,31242],[-21,4],[-2,-12],[-36,7],[1,10],[-6,1],[2,9],[-10,17],[2,6],[5,-1],[0,3],[-23,32],[2,4]],[[94501,31322],[-11,10]],[[94601,31855],[-5,-1],[6,44],[-5,20],[3,3],[6,1],[31,-19],[22,-5],[8,34],[31,11]],[[94706,31940],[2,-7],[8,-8],[-11,-6],[8,-13]],[[94779,31889],[-6,-4],[-1,-5],[19,-21]],[[94714,31828],[-19,-14],[-2,-6],[0,4],[3,4],[-18,2],[-17,-5],[-22,12],[-21,-2],[-5,4],[-9,-1],[-2,2],[1,4]],[[94714,31828],[6,-8],[2,-23],[13,-10],[3,19],[15,0],[2,9],[6,9],[1,3],[-3,0],[2,14],[12,-3],[18,21]],[[94791,31859],[3,-3],[-9,-11],[2,-7],[-10,-13],[0,-7],[-4,-3],[-6,-18],[7,-13],[15,-11],[-1,-21],[-14,11],[-22,11],[-9,-2],[-1,-8],[-15,1],[-6,-11],[-4,0],[-15,23],[3,14],[-8,8],[2,15],[15,14]],[[94894,31850],[-62,-65],[-16,-21],[-21,-41],[-3,-16],[2,-14],[-3,-4]],[[94778,31703],[-1,16],[10,8],[8,14],[-4,30],[16,3],[16,22],[17,46],[8,9],[4,3]],[[94395,31461],[-14,2],[-15,-7],[12,9]],[[94412,31488],[5,-6],[11,6]],[[94431,31479],[14,-3],[5,5]],[[94464,31508],[7,-1],[1,3],[15,-3],[6,-12],[9,-8],[14,-3],[27,-15],[1,-3],[-5,-3],[-3,7],[-8,-1],[-16,8],[-11,0],[-23,-9],[-8,-13],[-4,-27],[2,-8],[8,-16],[15,-17],[4,-11],[-12,-13]],[[94483,31363],[-1,-10],[4,-2],[4,-19]],[[94490,31332],[6,-6],[2,-17],[-10,-10],[-15,-28],[-9,-1]],[[94464,31270],[-1,8],[-5,9]],[[94458,31287],[-19,7],[-15,-6]],[[94424,31288],[-23,4]],[[94401,31292],[-13,-4],[-7,9],[-20,7],[-9,-2]],[[94382,31342],[11,0],[7,19],[-1,14]],[[94647,31822],[14,-9],[-15,-11],[-1,-24],[10,-19],[14,-16],[-5,-21],[3,-16],[10,-24],[-25,6],[-5,-3],[0,-6],[-3,-3],[-18,4],[-14,-5],[-8,-16],[0,-22],[-6,-5],[-3,-11],[-4,-4],[-29,-1],[-5,-10],[3,-7],[-3,-7],[-4,-4],[1,-13],[-13,2],[-2,5]],[[94530,31616],[34,7]],[[94556,31674],[18,3],[11,7],[11,25],[1,1]],[[93880,32091],[-22,4],[17,12],[12,0],[1,15],[6,10],[-1,6],[6,-1],[25,19],[-4,14],[5,4],[8,4],[6,-4],[8,2],[8,7],[1,9],[12,10],[17,-6],[12,4],[4,5],[2,5],[-6,8],[10,16],[-4,9],[6,21],[-6,10],[0,8],[6,6],[4,13],[3,16],[-2,21],[15,2],[8,-3],[7,4],[9,-6],[19,10],[9,-2],[6,4],[5,0],[10,11],[4,19],[8,5],[14,-13],[14,-1],[10,-16],[11,-7],[6,-14],[16,-8],[4,-24],[15,-12],[24,-9],[24,-18],[-3,-19],[1,-8],[11,-2],[8,-11],[11,1],[4,-5],[8,3],[5,-8],[12,-9],[1,-14],[8,-16],[-5,-13],[5,-9],[-6,-15],[3,-7],[-1,-12],[8,-10],[-2,-32],[11,-12],[3,-22],[10,-6],[1,-18],[13,-24],[-4,-6],[-16,-9],[20,-1],[5,-9],[12,-2],[-2,-9],[-7,2],[-5,-32],[32,-6],[4,-6],[-4,-15],[18,-3],[2,9],[38,-6],[-4,-17],[10,-1],[2,8],[7,6],[16,6],[-4,-24],[31,-6],[16,10],[8,18],[11,2],[16,13],[19,-2],[7,5],[9,-2],[2,3],[5,-19],[-6,-46],[-88,-28]],[[94463,31813],[-31,-18],[-4,-10],[-13,-10],[-20,-27],[-17,-33],[-3,-20],[4,-25]],[[94370,31627],[-1,0],[-4,-6]],[[94311,31578],[-1,-10],[-11,1]],[[94105,31713],[-2,-9]],[[94103,31704],[-36,5],[2,17],[-14,2],[3,28],[-74,11],[9,51],[-21,4],[1,8],[-29,1],[-10,19],[-4,-25],[-27,5],[3,19],[-27,4],[2,12],[-20,3],[5,29],[3,-1],[1,5],[8,-2],[3,17],[19,-3],[7,46],[-14,3],[2,19],[6,-1],[3,16],[-9,-5],[0,7],[-7,1],[-4,-10],[-10,2],[7,43],[-10,2],[1,9],[-8,4],[6,15],[6,5],[4,22]],[[94876,32007],[2,-9],[8,-1],[-5,-27],[88,-16],[-5,-7],[4,-19],[-4,2],[3,-4],[-4,0],[3,-5],[-3,-2],[-4,4],[-6,-1],[-6,-8],[0,-5],[5,-3],[-2,-5],[3,-2],[-5,-5],[8,-6],[-14,-2],[0,-5],[-5,1],[-5,-10],[-11,1],[-27,-23]],[[94894,31850],[-35,7],[-1,-4],[-6,1]],[[94852,31854],[-5,10],[-15,9],[-1,16],[-4,3],[-36,4],[-12,-7]],[[94779,31889],[-5,18],[-18,-5],[-31,4],[-5,6],[-7,-6]],[[94713,31906],[-8,10],[5,8],[7,0],[-11,16]],[[94706,31940],[-8,3]],[[94698,31943],[-2,21],[9,14],[-2,18],[-8,25],[2,-2],[5,3],[-3,-3],[4,-3],[-3,-5],[6,-5],[2,3],[6,19],[5,6],[0,13],[7,8],[-5,7],[11,0],[4,-3],[-1,-12],[8,-9],[-1,-14],[2,-7],[9,1],[15,-9],[-1,-10],[11,-14],[5,-13],[4,-5],[18,-7],[3,21],[-5,5],[-6,-4],[6,17],[13,18],[-1,9],[3,1],[12,-12]],[[94009,31605],[-4,33],[-8,10],[-2,7],[-8,4],[5,17],[-5,-1],[-11,18],[-9,-3]],[[93967,31690],[-6,7],[-4,-4],[-12,1],[5,25],[91,-16],[-2,-14],[60,-9]],[[94099,31680],[6,33]],[[94105,31713],[26,-4],[0,-18],[7,-1],[-2,-15],[9,-1],[2,14],[24,-4],[-6,-34],[9,-1],[-2,-12],[-6,1],[-1,-4],[-14,2],[-2,-14],[31,-5],[3,17],[23,-3],[3,23],[5,-1],[1,4],[16,-3],[-2,-12],[-11,-1],[-1,-8],[8,-2],[-2,-11],[33,-6],[1,11],[11,-2],[1,6],[22,-3],[3,23],[12,-3],[-2,-15],[14,-7],[-5,-31],[-10,1],[-4,-25]],[[94299,31569],[9,-1],[-6,-43],[15,-1],[9,-19]],[[94345,31440],[33,22],[17,-1]],[[94395,31461],[-1,-7],[7,-18],[15,-6],[-2,-3],[-7,0],[-2,-10],[-7,1],[-5,-5],[-4,-19],[6,-7],[-2,-5],[6,-7]],[[94399,31375],[1,-10],[-5,-13],[0,-8],[-4,-4],[-9,2]],[[94382,31342],[-13,-13],[-1,-7],[-12,2],[-4,-22]],[[94352,31302],[-2,-1],[-29,21]],[[94321,31322],[-12,-4],[-1,5],[-6,-2],[1,9]],[[94303,31330],[-122,22],[-18,-8]],[[94163,31344],[-6,5],[-24,2]],[[94133,31351],[-26,8],[-5,5],[-5,20],[-7,10],[-12,4]],[[94078,31398],[6,35],[18,-4],[6,38],[-10,2],[4,26],[-8,1],[-2,-9],[-43,8],[7,40],[4,1],[-7,4],[0,11],[-6,7],[10,15],[-11,6],[-12,19],[-29,-1],[-1,5],[5,3]],[[94876,32007],[-46,8]],[[94830,32015],[-27,24],[-28,10],[-3,5],[-6,0],[8,16],[3,30],[25,-15],[4,7],[-4,12],[15,-6],[13,11],[6,13],[11,6],[3,12],[-6,22],[1,7],[-10,19],[0,3],[5,2],[-2,-9],[10,-11],[5,-14],[9,-8],[-2,-9],[4,-5],[-1,-7],[-15,-14],[7,-14],[11,-2],[-2,-9],[-8,-10],[10,-13],[-4,-13],[1,-6],[-6,-8],[19,-24],[0,-10]],[[94764,31562],[-39,-25],[-40,-34],[-39,-52],[-12,-34],[-2,1],[2,9],[-2,15],[2,30],[21,5],[4,13],[8,11],[7,25],[7,11],[3,18],[12,16],[44,46]],[[94580,31322],[-19,3],[2,12],[-6,1]],[[94557,31338],[3,14],[27,31],[15,37],[0,16],[9,5],[13,-8],[9,-21],[5,1],[-3,-11],[5,-17],[-8,-2],[1,-8],[-5,-4],[-1,-6],[4,-7],[4,0],[0,4],[3,-4],[-3,-3],[-8,3],[-2,-8],[-13,-7],[-13,-14],[-8,-16],[-8,3],[-3,6]],[[94817,31589],[-2,-2],[-3,4],[4,2],[1,-4]],[[94778,31703],[9,-1],[0,-12],[4,-1]],[[94791,31689],[-1,-19],[4,-8],[0,-12],[10,-15],[-1,-6],[13,-2],[5,-6],[7,4],[7,-7],[-4,-1],[0,-3],[-5,1],[-1,-6],[-6,-1],[-6,-5],[-2,-11],[-16,-7],[-4,-8],[4,-7],[-16,0],[-15,-8]],[[94764,31562],[-6,6],[-1,14],[-4,3],[12,28],[-25,4]],[[94740,31617],[7,18],[-7,15],[-15,15],[-16,10],[-20,2],[-5,-5],[-4,7],[16,3],[27,-3],[7,3],[8,8],[9,20],[10,13],[10,9],[-2,5],[8,1],[4,-4],[-2,-17],[4,-6],[-1,-8]],[[94464,31508],[-1,-7],[-7,1],[-2,-10],[3,-4],[-9,-4],[2,-3]],[[94450,31481],[-6,-5],[-13,3]],[[94431,31479],[2,6],[-5,3]],[[94428,31488],[-10,-7],[-6,7]],[[94412,31488],[-11,5],[-23,-28]],[[94378,31465],[-33,-25]],[[94345,31440],[-7,11],[-16,5],[4,6],[-4,1],[4,42]],[[94326,31505],[-8,18],[-16,2],[9,53]],[[94311,31578],[32,12],[5,27],[-4,0],[2,12],[5,-1],[3,18],[3,-5],[10,-4],[-2,-16]],[[94365,31621],[5,6]],[[94370,31627],[8,0]],[[94378,31627],[7,-4],[-3,6],[3,2],[6,-4]],[[94456,31586],[-1,-12],[5,-8],[7,-1],[12,17],[10,6]],[[94517,31595],[17,-33],[5,-3],[-4,-5],[-13,11],[-26,-4],[-24,-28],[6,-6],[2,3],[-3,4],[5,-3],[-1,-7],[4,-3],[-3,-1],[6,-16],[-9,5],[-15,-1]],[[94463,31813],[22,2],[4,8],[19,2]],[[94508,31825],[93,30]],[[94601,31855],[3,-7],[6,2],[2,-5],[3,1],[-4,-5],[4,-5],[-12,-4]],[[94603,31832],[0,-5],[44,-5]],[[94647,31822],[-12,-20],[-3,-33],[-29,-53],[-6,-6]],[[94597,31710],[-12,-25],[-10,-8],[-19,-3]],[[94556,31674],[-3,-19],[9,-2],[-1,-3],[6,-1],[3,-6],[-6,-20]],[[94564,31623],[-43,-9]],[[94382,31689],[-7,3],[3,23],[11,24],[35,45],[4,1],[8,14],[27,14]],[[94521,31614],[9,2]],[[94530,31616],[18,-30],[-9,-4]],[[94539,31582],[3,-5],[-5,-2],[-2,-7],[2,-5],[5,-3],[-7,1],[-18,34]],[[94517,31595],[-11,10],[-10,-3],[-7,-14]],[[94489,31588],[-25,-23],[-8,6],[0,15]],[[94456,31586],[-14,-2],[-13,4],[-3,3],[-1,10],[-9,7],[-10,1],[2,11],[-3,9],[-14,-2]],[[94391,31627],[-2,3],[-6,1],[1,-9],[-6,5]],[[94378,31627],[1,43]],[[94379,31670],[-4,20],[7,-1]],[[94382,31689],[-1,-8],[34,-4],[3,3],[4,0],[3,8],[22,-5],[-1,-5],[10,-2],[3,6],[16,5],[39,-5],[-4,-5],[-3,-26],[-7,-16],[16,-4],[8,-5],[-3,-12]],[[93227,30082],[18,4]],[[93247,30092],[14,-1],[11,15]],[[93275,30115],[-8,12],[2,10],[6,5],[14,-9]],[[93300,30125],[-2,-4],[4,-3],[23,-7],[3,-8]],[[93339,30096],[-2,-6],[5,-6]],[[93328,30058],[-78,-19],[-20,7],[-12,21]],[[93219,30210],[24,-18],[-2,-22],[2,-6],[28,-10],[3,-10],[-7,-18],[8,-11]],[[93275,30115],[-3,-9]],[[93272,30106],[-10,-14],[-10,-3],[-5,3]],[[93247,30092],[-2,-6]],[[93245,30086],[-13,-6],[-5,2]],[[93227,30082],[-2,-11],[-7,-4]],[[93218,30067],[1,-4],[-18,25],[-4,-2],[-32,82]],[[93285,30263],[-12,-1],[-8,15],[-5,-2],[-8,5],[-11,12],[-6,2],[-6,8]],[[93331,30289],[5,-1],[4,-11]],[[93356,30260],[11,-9],[-1,4],[7,-5]],[[93372,30248],[7,-8]],[[93364,30219],[-7,7],[-39,1],[-28,26]],[[93376,30170],[3,0]],[[93379,30170],[1,0],[20,-19],[38,-17],[7,-15]],[[93439,30101],[4,-16]],[[93406,30073],[-15,-3]],[[93365,30083],[-26,3],[-2,14]],[[93346,30113],[25,25],[1,11]],[[93300,30125],[-6,4],[2,6],[-7,-2]],[[93289,30133],[-16,9],[-4,14],[-24,7],[-4,7],[2,20],[29,9],[53,-34],[-13,-30],[-12,-10]],[[93364,30219],[15,21]],[[93379,30240],[20,-32],[-2,-18]],[[93379,30170],[-21,5],[5,13],[1,31]],[[93273,30255],[1,9],[11,-1]],[[93285,30263],[5,-10]],[[93290,30253],[17,-14],[7,-11],[43,-2],[5,-4],[2,-4],[-1,-30],[-6,-15],[-18,0],[-14,-8],[-49,33],[-10,0]],[[93267,30223],[3,6],[-2,8],[3,1]],[[93271,30248],[1,1],[-2,4]],[[93376,30170],[-6,-9],[3,-2],[-3,-9],[2,-1]],[[93372,30149],[-1,-10],[-25,-26]],[[93346,30113],[0,-7],[-9,-6]],[[93337,30100],[2,-4]],[[93339,30096],[-11,7]],[[93328,30103],[-6,10],[-8,-1],[-16,9],[14,14],[10,26],[7,8],[12,4],[13,-2],[4,4],[18,-5]],[[93228,30222],[40,15],[2,-7],[-3,-7]],[[93267,30223],[-4,1],[4,-5],[-4,-15],[3,0],[0,-6]],[[93266,30198],[-22,-8],[-10,11],[-16,10]],[[93490,30260],[0,-17],[-7,-4],[-5,-6]],[[93467,30212],[-5,-1],[3,-9]],[[93471,30180],[-3,-7],[-7,-6]],[[93439,30154],[-18,-3],[0,-4],[-9,-1],[-12,5],[-14,17],[-7,2]],[[93379,30170],[13,20],[5,0]],[[93397,30190],[1,20],[5,2]],[[93169,30259],[62,24],[4,6],[-2,8],[27,-22],[2,3],[4,-2],[7,-12],[0,-9]],[[93273,30255],[-3,-2]],[[93270,30253],[1,-5]],[[93271,30248],[-2,-2],[2,-8]],[[93271,30238],[-43,-16]],[[93228,30222],[3,-6],[-13,-5]],[[93218,30211],[-15,23],[-42,12]],[[93165,30168],[-34,92]],[[93131,30260],[34,-16],[39,-11],[15,-23]],[[93219,30210],[-4,-4],[3,-2],[-8,-6],[-4,4],[-6,-8],[17,-15],[-20,-8],[-6,18],[-11,-2],[-3,-3],[1,-4],[-6,-2],[1,-7],[-8,-3]],[[93151,30452],[-7,10],[-6,-3]],[[93135,30463],[-15,-2],[2,2],[-6,8],[1,3]],[[93125,30477],[-13,27],[13,0]],[[93136,30498],[8,5],[-3,7],[7,10]],[[93143,30528],[3,6],[-14,9],[-2,7],[14,6]],[[93149,30574],[-14,8],[-4,14],[3,5],[6,0],[3,8],[3,11],[-5,13],[1,5],[6,-2]],[[93162,30643],[3,5],[0,6],[-9,8]],[[93154,30681],[6,7],[-6,5]],[[93151,30708],[-11,4],[-2,12],[-4,1],[-5,-6]],[[93121,30727],[-10,-8],[-4,3],[-2,10]],[[93075,30731],[-13,10],[-12,-5],[-8,2],[-6,-17],[-5,-3],[-6,0],[-3,9],[1,11]],[[93024,30781],[2,9]],[[92992,30975],[-17,21]],[[92976,31002],[14,8],[52,-13]],[[93042,31117],[8,10]],[[93035,31150],[26,25]],[[93248,31338],[2,13],[30,-4],[-2,-5]],[[93278,31342],[3,-3],[-5,-1],[-3,-9]],[[93273,31329],[1,-10],[14,-11]],[[93288,31308],[-4,-4],[10,-15]],[[93294,31289],[4,-47],[18,-9],[24,2]],[[93521,30839],[-3,-7],[-3,-1],[-3,6],[-5,3],[-18,0],[-1,-7]],[[93425,30779],[-30,-8],[-6,-16]],[[93465,30369],[42,-11]],[[93524,30386],[11,-2],[3,-3],[-1,-6]],[[93547,30345],[-8,-2],[-2,-5],[-10,-7],[-1,-14]],[[93537,30298],[-19,-11]],[[93493,30266],[-3,-6]],[[93490,30260],[-20,1],[-4,-5],[-7,-1],[-1,-3],[-18,1],[-9,-9],[0,-7],[-23,-7],[-4,-6],[-1,-12]],[[93403,30212],[-4,0],[-1,-4],[-12,17],[-7,18],[-7,5]],[[93372,30248],[1,2]],[[93373,30250],[-17,10]],[[93356,30260],[-3,-5],[-1,5],[-7,5],[1,9],[-6,3]],[[93340,30277],[-1,9],[-8,3]],[[93331,30289],[-2,-8],[-5,1],[1,14],[-15,2],[-2,11],[-18,1],[-5,-10],[2,-2],[-20,6],[0,-4],[-18,3],[-9,-4],[-8,5],[-3,-2]],[[93157,30383],[-6,5],[-2,10],[-9,5],[-9,-1]],[[93131,30406],[0,2],[-4,3]],[[93130,30414],[-8,6],[3,17]],[[93139,30437],[1,-5],[8,3]],[[93713,30827],[2,6],[2,2],[0,-10],[-4,2]],[[93638,30549],[2,-21],[-21,-25],[-4,1]],[[93613,30514],[-10,-5],[-6,-13]],[[93596,30481],[-6,-10],[-9,0],[-3,-25],[-6,-9],[-10,2]],[[93524,30386],[-8,-12],[6,-5],[-15,-11]],[[93507,30358],[-9,4],[-12,-1],[-21,8]],[[93465,30369],[-1,8],[-15,6],[-4,8],[7,4],[-1,5],[-18,-4],[-3,-4],[-12,7],[-1,-6],[-17,3],[2,23],[-6,13],[1,14],[-4,11],[6,12],[-7,21],[-3,34],[8,12],[-3,15],[13,9],[-5,18],[5,9],[2,24],[-8,18],[9,7],[-4,18],[-5,10],[2,6],[-5,21],[2,5],[-4,5],[6,14],[-4,3],[0,9],[-6,6],[6,6],[0,7],[-9,9]],[[93389,30755],[6,18],[4,-2],[26,8]],[[93425,30779],[10,22],[2,12],[7,-3],[4,-6],[6,-1],[4,7],[9,1],[5,13],[7,0],[9,9]],[[93488,30833],[3,8],[18,-2],[5,-8],[3,1],[4,7]],[[93521,30839],[-1,24],[7,45],[17,-3],[3,17],[-7,6],[2,8],[-12,5],[0,9],[7,-1],[2,12],[-20,7],[0,-5],[-13,7],[-19,4],[-8,17],[-16,-6],[-10,1],[6,14],[-8,2],[3,18],[7,-1],[2,14],[-12,3],[-4,-29],[-13,-7],[-21,13],[0,6],[-11,7],[-21,-5],[-2,-4],[-21,7],[9,36],[-15,3],[2,8],[-12,2],[1,23],[10,-2],[1,24],[-30,6],[2,11],[5,0],[2,11],[-29,2],[5,2],[3,13],[-2,43],[-6,1],[3,12],[28,-3],[5,19]],[[93340,31235],[19,2],[21,-4],[17,-12]],[[93397,31221],[6,-14],[-8,-40],[4,-17],[9,-7],[22,-1],[6,-7],[6,-20],[8,-8],[30,-6]],[[93480,31101],[3,-11],[-2,-16],[2,-13],[9,-15],[11,-6],[0,-5],[15,9],[3,8],[-6,19],[0,7],[4,4],[5,-2],[0,-19],[12,-60],[14,-22],[9,-5],[14,-6],[16,1],[11,20],[12,8],[2,7],[25,10],[0,4],[-7,0],[4,5],[8,-3],[-3,4],[4,-1],[13,-17],[21,-11],[19,8],[8,7],[9,16],[5,2],[3,-9],[-8,-18],[-6,-4],[-6,-25],[-6,-8],[-5,-17],[-3,-3],[-10,1],[-12,9],[-8,-10],[2,-5],[8,3],[19,-15],[10,3],[20,-6],[4,-5],[-5,-11],[-2,-20],[2,-19],[-3,-9],[6,-7],[-3,-4],[3,-5],[-2,-5],[-2,-1],[-7,11],[-5,-7],[-9,3],[-11,-7],[-5,15],[-9,6],[2,10],[-7,4],[-11,0],[-4,-12],[-6,-2],[-6,6],[-5,17],[5,7],[19,8],[-1,3],[-35,1],[-9,-2],[-5,-6],[1,-6],[9,-2],[11,-11],[8,-18],[-2,-9],[25,7],[0,-11],[-9,-13],[-4,-14],[17,16],[8,13],[4,-19],[15,-3],[1,-3],[-6,-7],[1,-7],[-3,-4],[0,-11],[-8,-10],[-15,6],[-12,8],[-9,-10],[-6,1],[-7,-7],[-5,-11],[7,1],[3,8],[11,1],[9,4],[24,-15],[-16,-9],[3,-3],[12,1],[5,-2],[5,9],[0,10],[11,8],[7,-6],[-2,-9],[4,-4],[-4,-9],[-1,-23],[4,-1],[2,-7],[7,-5],[-10,-12],[-8,7],[-7,-4],[6,-1],[0,-8],[-7,5],[-12,-6],[-16,0],[-6,-13],[5,-3],[-3,-14],[5,-4],[-24,-16],[-6,-8],[-14,1],[-9,-4],[-10,2],[-12,-5],[15,1],[3,-3],[0,-5],[5,5],[12,3],[2,-16],[15,-13],[-1,-5],[-6,-1],[10,-5],[-8,-20],[9,-8]],[[93248,31338],[12,-4],[-16,-15],[2,-3],[-6,-1],[-16,9],[-4,-26],[-3,0],[-2,-9],[25,8],[-1,-7],[6,3],[3,-12],[-4,-5],[18,-12],[-1,-10],[-8,-17],[-32,-32],[-9,-7],[-24,-5],[-2,-10],[6,-17],[0,-10],[-5,-7],[-6,-2],[-15,10],[-10,36],[-7,-1],[-7,-8],[-5,-12],[-3,-26],[-4,-8],[-5,-3],[-12,1],[-5,8],[0,10],[8,18],[0,7],[-6,2],[-49,-6]],[[93061,31175],[-14,-12],[-12,-13]],[[93035,31150],[-1,-10],[16,-13]],[[93050,31127],[-3,-5],[-5,-5]],[[93042,31117],[-14,4],[-9,-3],[-6,-29],[-25,-21],[9,-10],[14,-2],[19,6],[13,10],[4,-1],[18,-48],[-1,-17],[-12,-8],[-10,-1]],[[93042,30997],[-44,12],[-17,-2],[-5,-5]],[[92976,31002],[-1,-6]],[[92975,30996],[8,-10]],[[92344,30911],[7,10],[0,34],[-7,0],[-6,-6]],[[92333,30953],[-15,-3],[-14,2],[-11,-12]],[[92194,30854],[-67,13]],[[91766,30809],[0,12],[5,4],[13,1]],[[91759,30894],[-3,16],[-9,2],[-14,-13]],[[91654,30940],[9,-18],[40,-9],[1,8],[6,-1],[2,4],[-8,9],[0,6],[2,2],[13,-4],[5,-8],[31,9],[9,-3],[6,7],[8,0],[1,-11],[8,-1],[7,10],[-2,10],[11,11],[7,0],[9,-8],[-1,-7],[-8,-8],[25,-4],[18,16],[8,-2],[-3,8],[1,8],[11,-2],[11,8],[4,19],[9,18],[-6,1],[2,14],[13,-2],[8,12],[7,1],[1,9],[9,-2],[-3,-17],[6,-2],[6,-8],[1,-7],[-3,-6],[0,-24],[-5,1],[-1,-11],[35,-6],[3,5],[-1,11],[-5,2],[3,19],[-6,19],[2,13],[-2,12],[6,8],[2,15],[-7,27],[5,5],[7,0],[11,11],[6,19],[15,19],[-3,10],[4,14],[27,16],[19,23],[4,14],[-2,14],[7,23],[6,6],[14,2],[-8,10],[9,6],[4,9],[8,3],[1,9],[7,9],[11,1],[3,10],[12,14],[10,0],[11,9],[10,0],[4,15],[16,5],[-2,7],[2,6],[21,-7],[6,18],[10,2],[0,13],[5,14],[15,-1],[6,3],[2,17],[-6,6],[-12,5],[-7,10],[10,17],[-5,11],[-9,4],[-14,-5],[-15,5],[-26,2],[-14,6],[-7,10],[0,13],[23,-4],[11,9],[6,11],[-4,26],[-22,13],[-1,4],[3,6],[8,6],[14,-6],[25,4],[-28,20],[-19,9],[-11,19],[-3,9],[5,20],[21,-1],[1,2],[-6,27],[-14,9],[-15,-10],[-14,4],[-6,7],[-5,19],[-13,11],[-4,14],[-15,0],[-5,4],[1,7],[10,11],[0,18],[5,11],[5,4],[25,3],[3,4],[-7,20],[-22,13],[-8,40],[-14,7],[-3,5],[11,1],[9,9],[14,-2],[6,13],[11,-3],[2,12],[22,4],[9,28],[-10,14],[9,11],[-3,14],[2,4],[10,3],[14,-4],[8,17],[7,3],[8,-3],[1,-6],[0,-7],[-10,-15],[1,-8],[36,0],[5,6],[-2,13],[14,6],[-9,24],[0,16],[17,1],[10,8],[21,-7],[13,12],[5,14],[-3,13],[-16,10],[-13,13],[-3,8],[4,6],[5,3],[11,-8],[6,17],[10,3],[1,11],[-8,6],[1,16],[10,-5],[16,0],[-6,20],[-20,6],[-10,-4],[-11,8],[5,4],[8,-5],[11,7],[0,11],[4,9],[-13,5],[-1,5],[17,1],[-10,18],[5,6],[-2,9],[3,11],[6,7],[-8,3],[-13,-7],[-2,2],[7,11],[9,-1],[-2,16],[46,16],[3,-2],[2,10],[256,-44],[-26,11],[-5,14],[-23,18],[-6,11],[4,23],[-3,11],[-23,10],[-16,-8],[-22,-2],[-2,13],[4,2],[-3,20],[1,6],[-7,7],[-1,7],[-18,3],[-2,8],[15,35],[17,15],[5,9],[5,14],[-4,15],[28,1],[0,-7],[9,-3],[10,-18],[-5,-11],[2,-6],[18,-3],[5,-10],[9,2],[4,6],[8,-3],[11,2],[7,-2],[-1,-3],[9,-5],[2,-6],[14,4],[1,-6],[15,-1],[-1,-5],[8,0],[3,-7],[15,5],[2,8],[13,9],[11,1],[7,47],[108,-19],[2,-14],[17,-4],[7,-13],[13,4],[3,-8],[-9,-5],[4,-10],[-1,-6],[20,-7],[3,-10],[6,-1],[1,-13],[5,0],[9,9],[8,-13],[12,4],[10,-7],[8,8],[4,8],[8,-5],[3,-4],[-7,-12],[13,-9],[0,-11],[-13,-1],[-4,5],[-4,-13],[12,-1],[8,-12],[-13,3],[-14,-10],[16,-2],[5,-11],[-5,-10],[12,-2],[3,-3],[-5,-10],[-9,1],[-5,-3],[-1,-5],[12,-13],[-20,-14],[2,-17],[11,-11],[-12,-13],[8,-8],[-9,-9],[-3,-17],[5,-2],[6,3],[6,12],[14,-1],[7,-11],[10,-6],[2,-9],[16,-7],[-4,-8],[4,-6],[3,-17],[30,-16],[40,-7],[14,18],[16,4],[13,9],[8,-3],[12,5],[12,-7],[7,0],[6,-8],[1,-11],[7,-5],[6,1],[8,-9],[9,4],[13,-2],[3,-8],[6,-4],[11,1],[4,-6],[5,3],[12,-10],[20,1],[18,11],[14,-6],[6,11],[16,7],[6,-6],[9,1],[10,-6],[21,6],[3,7],[18,0],[13,-12],[14,6],[14,-1],[5,2],[-5,20],[9,21],[-1,30],[5,17],[5,7],[-1,9],[13,9],[14,26],[20,2],[12,-5],[14,4],[2,8],[3,1],[11,-1],[22,7],[10,-10],[13,5],[14,-5],[15,4],[14,-29],[8,-7],[6,-9],[7,2],[20,-7],[6,4],[5,-5],[4,-24],[10,-13],[3,-19]],[[93670,32168],[-19,-14],[-7,-2],[-6,-12],[-8,-5],[-9,-13],[-24,-10],[-2,-8],[-4,-1],[-8,-13]],[[93583,32090],[-4,-24],[-3,-7]],[[93576,32059],[16,-23]],[[93592,32036],[-14,-44],[4,-7],[-4,-11],[2,-21],[8,-13]],[[93588,31940],[-12,-10],[-3,-19],[-5,-10],[10,-7],[2,-6],[-4,-4]],[[93576,31884],[-4,-12],[4,-31],[-3,-6],[-1,-13],[3,-11],[9,-2]],[[93584,31809],[-1,-6],[5,-10],[5,-4],[2,-9],[-2,-9],[-15,-25],[0,-7],[-3,-4],[0,-7],[3,-5],[-5,-4],[3,-10],[-6,-5],[2,-6],[-3,-8],[8,-8],[-14,0],[-2,-9],[-5,-1],[-5,-12],[-9,-2],[9,-7],[-1,-14],[4,-12],[-6,-6],[5,-1],[4,-5],[-1,-3],[4,-2],[-1,-16],[5,-6],[-4,-14],[6,-13],[-3,-4],[2,-5],[-6,-4],[-3,-11],[6,-3],[-1,-12],[-8,-2],[-4,-4],[3,-6],[-17,-9],[7,-5],[9,-14]],[[93551,31480],[-1,-8],[-29,-27]],[[93521,31445],[-22,8],[-11,-3],[1,-20]],[[93489,31430],[-6,-6],[-21,-4],[-7,7],[-7,0],[-5,-10]],[[93443,31417],[-5,4],[-7,-4],[-6,3],[-7,-13],[-22,-14],[0,3],[-17,3]],[[93379,31399],[-2,-5],[-14,-7],[-11,1]],[[93352,31388],[-8,14],[-19,-3],[-3,-5]],[[93322,31394],[-6,3],[-19,-42]],[[93297,31355],[-16,-4],[2,-8]],[[93283,31343],[-3,4],[-31,2],[-1,-11]],[[92205,30852],[-11,2]],[[92194,30854],[3,18],[4,0],[3,19],[31,-5],[-2,-9],[5,-1],[-2,-12],[18,0],[2,14],[13,-2],[-3,50],[21,15],[6,-1]],[[92293,30940],[3,6],[9,7],[12,-3],[16,3]],[[92333,30953],[5,-4]],[[92338,30949],[4,5],[9,1],[-1,-35],[-6,-9]],[[92344,30911],[-6,-20],[33,-6],[8,49],[83,-14],[-3,-7],[2,-5],[11,0],[3,7],[-3,6],[3,7],[11,7],[1,7],[5,5],[12,7],[-4,4],[0,6],[-3,4],[11,10],[-5,5],[7,10],[10,9],[-9,11],[0,5],[12,10],[0,6],[11,0],[-1,9],[14,6],[16,-14],[2,8],[-8,2],[1,7],[13,-1],[1,8],[12,-5],[-3,9],[5,5],[6,1],[17,-9],[16,4],[4,-4],[-6,-8],[10,-3],[11,-19],[6,12],[12,3],[-1,-12],[15,-2],[9,-24],[18,-3],[44,40],[22,-2],[1,8],[31,-5],[7,45],[9,-2],[4,26],[10,-2],[-2,11],[2,0],[0,5],[3,6],[24,-7],[6,-5],[1,8],[5,0],[24,-8],[8,-12],[15,-1],[10,-11],[10,-1],[-1,-8],[-15,-8],[-6,1],[-9,-3],[-5,-14],[-12,-5],[-2,-24],[7,-4],[16,-1],[-6,-33],[9,1],[-4,-24],[15,2],[34,-15],[5,2],[3,19],[10,-5],[7,8]],[[92983,30986],[9,-11]],[[92992,30975],[5,-16],[-1,-11],[-24,-24],[6,-12],[7,-1],[41,50],[9,4],[19,-15],[25,-34],[12,-4],[28,-2],[5,-10],[-7,-20],[-15,-18],[-12,-1],[-5,2],[-19,19],[-6,1],[-12,-7],[3,-9],[16,-14],[5,-9],[-19,-14],[-12,-28],[-15,-12]],[[93026,30790],[-2,-4],[0,-5]],[[93024,30781],[10,-21],[-3,-12],[-8,-10]],[[93023,30738],[3,-33],[-21,-8],[-18,2],[0,16],[8,19],[-8,3],[-8,-3],[-12,-19],[-16,-13],[-30,-3],[-28,-9],[-3,-7],[-4,-31],[1,-20],[5,-14],[-1,-5],[-40,-27],[-19,-6],[-6,2],[-1,7],[26,45],[4,9],[-1,6],[-10,2],[-20,-4],[-21,2]],[[92533,30583],[-16,-11],[-2,-9],[-35,-18]],[[92423,30548],[-48,-18],[-17,3],[-20,13],[-2,5],[4,7],[-2,3]],[[92327,30561],[-5,-4],[-8,3]],[[92257,30742],[1,7],[4,7]],[[93143,30528],[5,-8]],[[93148,30520],[-7,-9],[3,-10],[-8,-3]],[[93136,30498],[-3,5],[-3,-3],[-5,4]],[[93125,30504],[-13,1],[3,5]],[[92984,30413],[-20,13]],[[92883,30421],[4,10],[-2,6],[-8,5],[3,7],[-12,8],[-4,-5],[-12,10]],[[92853,30473],[-6,25],[2,44]],[[92853,30550],[2,21],[6,2],[8,-10],[16,3],[7,7],[5,14],[-9,12],[-4,0],[-4,-7],[-4,9],[12,7],[4,8],[-5,16],[-1,18],[5,38],[25,9],[37,6],[11,9],[15,22],[6,3],[10,-3],[-9,-21],[0,-12],[3,-3],[16,-1],[19,6],[3,6],[-2,9],[10,2],[6,18],[10,-2],[10,5],[14,-10]],[[93075,30731],[21,9],[9,-8]],[[93105,30732],[5,-13],[11,8]],[[93121,30727],[5,-1],[3,-7]],[[93129,30719],[8,6],[4,-14],[10,-3]],[[93151,30708],[3,-15]],[[93154,30693],[6,-6],[-6,-6]],[[93154,30681],[-8,1],[15,-13],[1,-4],[-6,-3]],[[93156,30662],[10,-12],[-4,-7]],[[93162,30643],[-14,-7]],[[93148,30636],[-6,1],[-1,-4],[5,-14],[-6,-17],[-9,-3],[0,-10],[6,-10],[10,-1],[2,-4]],[[93149,30574],[-5,-18]],[[93144,30556],[-8,-5],[-5,1],[1,-10],[13,-7],[-2,-7]],[[92984,30413],[79,144],[50,-26],[-8,-15],[10,-6]],[[93115,30510],[-3,-7],[13,-26]],[[93125,30477],[0,-5],[-8,2]],[[93117,30474],[-1,-6],[6,-5],[-1,-3],[14,3]],[[93135,30463],[3,-4]],[[93138,30459],[3,3],[5,-1],[5,-9]],[[93151,30452],[-3,-17]],[[93148,30435],[-7,-3],[-2,5]],[[93139,30437],[-6,3],[-8,-3]],[[93125,30437],[-2,-19],[7,-4]],[[93130,30414],[-3,-3]],[[93127,30411],[4,-4],[-8,-1],[-17,-15],[-26,-37],[-19,14],[-12,15],[-11,9],[-25,10],[-18,0],[-8,4],[-3,7]],[[93138,30403],[12,-6],[1,-8],[6,-6]],[[93157,30383],[18,-7],[1,-10],[5,-9],[18,-7],[3,-5],[5,1],[8,-8],[0,-8],[15,-18],[-1,-10]],[[93229,30302],[5,-15],[-39,-17]],[[93166,30312],[-25,2],[-5,12]],[[93131,30406],[0,-4]],[[93131,30402],[7,1]],[[93138,30403],[-6,-20],[7,-1],[6,-9],[-6,-19],[-9,-5],[3,-9],[-7,-7],[10,-7]],[[93136,30326],[6,-13],[24,-1]],[[93166,30312],[14,-27],[15,-15]],[[93195,30270],[-26,-11]],[[93169,30259],[-8,-13]],[[93161,30246],[-30,14]],[[93131,30260],[-8,26],[-43,68],[25,36],[19,17],[7,-1]],[[93116,30113],[5,-3],[4,-7]],[[93111,30034],[5,-1],[-7,-3],[-4,-8],[0,-14]],[[93056,30027],[12,35],[-15,57],[-1,24],[-18,19],[56,-8],[9,-4],[-4,-30]],[[92972,30160],[2,8]],[[92995,30163],[6,-1],[-1,3],[34,-3],[12,-11],[6,-10],[1,-22],[15,-55],[-4,-9]],[[93013,30066],[5,40],[-25,20],[-30,14],[-1,3]],[[92945,30062],[-11,17]],[[92957,30139],[4,-2],[2,3],[22,-9],[33,-25],[-13,-93]],[[92997,30006],[-17,0],[-4,-29],[-21,5],[-4,8],[-2,11]],[[92955,30021],[6,7],[-6,16]],[[93116,30113],[-10,6],[-11,1]],[[93095,30120],[3,27]],[[93191,30098],[6,-12],[2,3],[4,-3],[14,-22],[-12,-1],[3,-16],[19,-34]],[[93227,30013],[-16,6]],[[93177,30015],[-25,18],[-41,1]],[[93111,30034],[1,5],[-10,1],[-1,6],[3,5],[0,13],[3,1],[-2,3],[1,8],[3,-1],[1,3],[-6,1],[0,9],[6,10],[12,-3],[3,8]],[[93125,30103],[-9,10]],[[93056,30027],[37,-8],[3,-9],[9,-2]],[[93105,30008],[2,-7],[-5,-15]],[[93061,29950],[-17,8],[1,19],[11,50]],[[93005,30013],[8,53]],[[93013,30066],[51,-11]],[[93064,30055],[-18,-80]],[[93009,29991],[-12,15]],[[92997,30006],[1,8],[7,-1]],[[93177,30015],[-29,-15],[-28,-25],[1,-16],[4,-15],[8,-9],[-5,-4],[-34,4]],[[93088,29923],[-8,-3],[-38,17],[0,22],[19,-9]],[[93061,29950],[5,31],[22,-3],[14,-10],[0,18]],[[93102,29986],[5,13],[-2,18],[4,13],[6,4],[22,1],[21,-5],[19,-15]],[[93177,30015],[7,-12],[4,-19]],[[93154,29970],[-3,-20],[-10,-21],[-9,5],[-7,10],[-5,17],[0,14],[32,27],[25,13]],[[93191,30098],[-36,28],[-30,14],[-27,7]],[[93098,30147],[13,33],[24,24],[16,4],[40,-110]],[[93069,30177],[25,1],[14,-5],[-9,-23],[-27,7]],[[93046,30225],[13,1],[10,-14],[5,-1],[4,-10]],[[93089,30178],[-20,-1]],[[93069,30177],[-1,-5],[5,-7],[-1,-8]],[[93072,30157],[-57,7],[-20,-1]],[[92995,30163],[-21,5]],[[92964,30190],[12,13],[27,-8],[4,2],[-20,47],[7,-6],[14,-2]],[[93110,30304],[14,-21],[7,-23]],[[93108,30243],[-4,-22],[-6,1]],[[93080,30212],[-3,-10],[-3,9],[-8,3],[-2,8],[-5,4],[-7,-1],[-2,7],[12,42],[-3,15]],[[92890,30256],[15,-36],[4,-38],[-18,5],[-177,27]],[[92703,30228],[2,5],[-5,22]],[[92734,30283],[16,12],[2,3]],[[92964,30426],[16,-9],[10,-14],[23,-1],[23,-9],[13,-10],[19,-21]],[[93054,30348],[-28,-17],[-65,-33],[-45,-8]],[[92905,30217],[-15,39]],[[92890,30256],[-42,60],[-26,29]],[[92822,30345],[9,1],[8,5],[-2,7],[-6,-1],[-5,5],[-1,16]],[[92859,30408],[3,5],[-3,7],[4,6],[6,0],[-10,19],[3,9],[3,-2],[3,5],[12,-7],[-2,-8],[8,-6],[1,-10],[-4,-5]],[[92883,30421],[4,-7],[-5,-6],[61,38],[21,-20]],[[92916,30290],[49,10],[19,-40],[5,-26],[19,-38],[-34,6],[-10,-12]],[[92964,30190],[16,-10],[0,-6],[-6,-1],[0,-5]],[[92974,30168],[-45,13]],[[92917,30167],[-10,20],[-2,30]],[[92905,30217],[21,4],[-4,19],[-6,-2],[-9,50],[5,4],[4,-2]],[[93054,30348],[14,14]],[[93068,30362],[14,-10],[12,-24],[16,-24]],[[93110,30304],[-51,-15]],[[93059,30289],[4,-14],[-13,-40],[2,-10],[-6,0]],[[93046,30225],[-12,3],[-6,15],[-19,3],[-1,-10]],[[93008,30236],[-19,5],[-6,20],[-18,40],[62,30],[27,17]],[[93108,30243],[4,5],[2,9],[7,5],[10,-2]],[[93131,30260],[20,-52],[-16,-5],[-24,-22],[-3,-8],[-19,5]],[[93089,30178],[-2,10],[-11,2],[2,11]],[[93078,30201],[2,11]],[[93080,30212],[16,-3],[2,13]],[[93098,30222],[6,0],[4,21]],[[92795,30110],[-3,12],[3,2],[4,18],[20,24],[-3,1],[23,28],[32,-5],[-15,-101],[-18,4]],[[92919,30165],[-2,2]],[[92917,30167],[12,14]],[[92929,30181],[45,-14],[-2,-7]],[[92972,30160],[-9,-7],[3,-7],[-4,-3]],[[92962,30143],[0,-5],[-5,1]],[[92957,30139],[-4,-4],[7,-5],[0,-8],[-8,-8],[2,-4],[-10,-13],[1,-7],[-6,-1],[-5,-10]],[[92934,30079],[1,-4],[-24,5],[2,13]],[[92919,30165],[-11,-58],[5,-14]],[[92913,30093],[-2,-14],[-55,10],[8,44],[1,21],[6,36],[38,-8],[10,-17]],[[92689,30160],[0,9],[-6,9]],[[92699,30213],[4,15]],[[92703,30228],[9,-4],[2,-10]],[[92714,30214],[125,-19],[-40,-53],[-10,-36]],[[92769,30103],[-9,6]],[[92754,30125],[-6,16],[-5,4],[-9,0],[-3,7]],[[92769,30103],[7,4],[4,-3],[9,2]],[[92789,30106],[3,10],[3,-6]],[[92795,30110],[19,9],[24,-26]],[[92838,30093],[32,-6]],[[92860,30009],[-7,2],[-55,16],[-3,8]],[[92791,30049],[-10,17],[-4,1],[-10,27],[4,7],[-2,2]],[[92973,29949],[7,57],[15,1],[14,-16]],[[93009,29991],[22,-7],[15,-9]],[[93046,29975],[-2,-16],[-3,0],[1,-22],[37,-17],[9,3]],[[93088,29923],[7,-3]],[[93092,29903],[-15,-32],[-36,-11]],[[93023,29843],[-3,14],[-12,-9],[3,16],[-16,-5]],[[92983,29873],[-42,12],[-75,1],[-44,-5],[9,17]],[[92816,29975],[5,7]],[[92860,30009],[10,46],[-4,2],[11,-2],[-9,16],[2,16]],[[92870,30087],[65,-12],[10,-13]],[[92945,30062],[5,0],[0,-7],[9,-6],[-4,-5]],[[92955,30044],[6,-17],[-6,-6]],[[92955,30021],[2,-5],[-3,-11],[-5,-4]],[[92949,30001],[6,-19],[22,-5],[-4,-28]],[[92973,29949],[-38,9],[-6,2],[1,4],[-60,17],[-49,1]],[[92821,29982],[-2,8],[-5,1],[2,13]],[[92810,30013],[-7,5],[2,4],[-7,4],[62,-17]],[[93869,29483],[3,12],[8,-3]],[[93901,29445],[-6,-4]],[[93892,29424],[2,-13],[-2,4],[-5,-1],[-42,-12],[-8,36],[4,1],[11,-7],[2,-9],[5,0],[13,3],[-4,2],[1,5]],[[93878,29432],[-22,16],[4,9],[4,27]],[[93864,29484],[-1,-22],[-8,-13],[23,-17]],[[93878,29432],[-9,1]],[[93869,29433],[-7,-9],[-6,10],[-34,21],[2,3],[-16,29],[11,5],[2,11],[4,5],[6,3],[19,-6],[14,-21]],[[93896,29549],[17,1],[6,-32],[-9,-32],[8,-8],[4,-14],[-3,-12]],[[93907,29449],[-6,-4]],[[93901,29445],[0,31],[-4,1],[-1,8],[-12,10],[-4,-3]],[[93880,29492],[-7,3],[-4,-12]],[[93869,29483],[-5,1]],[[93864,29484],[-11,18]],[[93892,29424],[3,17]],[[93895,29441],[11,-2]],[[93928,29408],[1,-1],[6,-13],[1,-10]],[[93906,29385],[-7,1],[-14,-9],[-11,-17],[-3,-1],[-9,8],[3,-1],[2,8],[4,21],[-2,4],[25,10],[-2,15]],[[93803,29527],[15,-4],[3,-28],[-5,-6],[-8,-2],[8,-19],[8,-10],[-5,-1],[1,-6],[-3,-6],[11,-48],[-2,-3],[-5,-1],[-4,4],[-15,66],[-10,-1],[-3,-10],[3,-18],[11,-3],[1,-10],[-6,-7],[-9,-1],[-6,6],[-8,35],[-25,24],[-16,9],[3,22],[-2,13],[1,0]],[[93740,29522],[8,14],[22,10],[2,5],[21,-5],[4,-5]],[[93830,29562],[66,-13]],[[93896,29549],[-2,-7],[9,-6],[-11,-23],[-4,2],[-14,-12],[-21,-1]],[[93853,29502],[-22,9],[28,5],[-17,4]],[[93830,29562],[-3,-13],[28,-5],[-3,-19],[-10,-2],[0,-3]],[[93842,29520],[0,-1],[17,-3],[-19,-2],[-19,-10],[-3,20],[-15,3]],[[93803,29527],[-5,6],[-1,8]],[[93797,29541],[-3,5],[-22,5],[17,18]],[[93768,29618],[1,-3],[-8,13]],[[93706,29627],[0,14]],[[93706,29663],[26,7],[38,1],[-6,-25],[6,-4]],[[93729,29565],[23,23],[2,-2],[20,16]],[[93791,29609],[-1,-21],[13,-11],[-18,-11],[-13,-13],[-2,-7],[-14,-4],[-8,-7],[-8,-13]],[[93740,29522],[-4,0]],[[93736,29522],[-12,7]],[[93726,29537],[-4,9]],[[93706,29627],[18,0],[6,10],[29,-13],[2,4]],[[93761,29628],[13,-26]],[[93774,29602],[-28,-20],[-29,20],[-20,7],[8,10],[1,8]],[[93690,29602],[7,7],[40,-19],[10,-10],[-18,-15]],[[93729,29565],[-7,-19]],[[93722,29546],[-2,9],[-11,2],[-7,6]],[[93674,29568],[8,9],[-9,8]],[[93916,29705],[-4,-7]],[[93890,29690],[-3,-11]],[[93878,29692],[-7,15],[1,8]],[[93790,29638],[11,3],[1,-10],[9,6],[22,3]],[[93833,29647],[4,0],[9,-31],[1,-13]],[[93840,29604],[-3,-4],[2,-1],[-6,-11],[8,-4]],[[93830,29562],[-41,7]],[[93789,29569],[13,6],[0,4],[-12,9],[1,20],[-4,10]],[[93826,29681],[-48,-8]],[[93774,29685],[5,18],[1,16],[7,4],[7,-3],[5,4],[12,-16],[0,4],[8,3],[9,-17]],[[93916,29705],[-44,10]],[[93872,29715],[1,6]],[[93881,29720],[8,12],[0,6],[3,2],[-1,-9],[6,10],[-4,-11],[3,1],[10,22],[2,-5],[4,1],[-2,7],[4,10],[6,-4],[-5,-6],[0,-18],[-4,-6],[12,-9],[-5,-6],[-2,-12]],[[93871,29705],[6,-5],[1,-8]],[[93878,29692],[6,-1],[3,-12]],[[93887,29679],[-4,-23],[-39,10],[13,10]],[[93778,29673],[28,7],[20,1]],[[93821,29670],[15,-3],[-10,-13],[-15,-4]],[[93771,29646],[-5,2],[4,23],[8,2]],[[93821,29670],[5,11]],[[93826,29681],[22,3],[-1,-5],[10,-2],[-13,-11],[-23,4]],[[93770,29642],[-5,6],[6,-2]],[[93771,29646],[1,4],[15,3],[-2,7],[24,-1],[-2,-2],[4,-7]],[[93811,29650],[-3,-2]],[[93808,29644],[-18,-6]],[[93790,29638],[3,-4],[-6,-16]],[[93787,29618],[4,-9]],[[93791,29609],[-17,-7]],[[93774,29602],[-6,16]],[[93768,29618],[6,3],[-4,21]],[[93823,29708],[-8,14],[-13,10],[4,0],[4,7],[7,3],[-2,5],[9,5],[-2,-7],[7,6],[-4,-9],[8,6],[-4,-12],[3,-2],[2,8],[3,-1],[-6,-24],[3,-4]],[[93833,29647],[0,-7]],[[93833,29640],[-18,-2],[-14,-7],[2,5],[-2,5],[7,3]],[[93808,29644],[0,4]],[[93808,29648],[19,7],[9,12],[47,-11],[-3,-18],[-47,9]],[[93840,29604],[7,-1]],[[93847,29603],[-2,-5]],[[93873,29591],[-4,-27],[8,-11],[-47,9]],[[93830,29562],[8,9],[3,13]],[[93841,29584],[-7,4],[6,16]],[[93907,29775],[-2,1],[3,0],[-1,-1]],[[93825,29781],[5,7],[6,1],[-6,-9],[-5,1]],[[93881,29720],[-8,1]],[[93873,29721],[-2,-16]],[[93841,29714],[5,12],[-4,2],[-2,46],[6,1],[2,-5],[1,5],[2,-5],[-1,6],[2,1],[2,-6],[-1,7],[3,-5],[1,7],[1,-5],[4,5],[5,-6],[-4,-2],[4,-3],[-2,-13],[7,0],[6,16],[3,-2],[-1,-4],[4,-6],[2,-11],[6,1],[5,12],[2,-2],[0,-8],[-10,-14],[-3,-11],[-5,-7]],[[93841,29714],[24,-2],[-1,-7],[7,0]],[[93871,29705],[-8,-9],[-6,-20]],[[93857,29676],[-10,3],[2,4],[-2,0],[-16,34],[3,14],[2,1],[5,-18]],[[93826,29681],[-1,16],[3,1]],[[93828,29698],[-5,10]],[[93823,29708],[11,5]],[[93834,29713],[13,-30],[-21,-2]],[[93858,29621],[-11,-8],[-10,33],[43,-8],[-3,-20]],[[93858,29621],[19,-3]],[[93877,29618],[-4,-27]],[[93873,29591],[-28,7]],[[93845,29598],[2,13],[11,10]],[[93992,29655],[5,13],[5,1],[4,-6],[34,-26],[-3,-5],[-7,0],[-10,-11],[5,-26],[-30,8],[1,7]],[[93987,29621],[1,3],[3,-1],[1,9],[8,7]],[[94033,29701],[11,-2],[3,-6]],[[94062,29684],[3,-9],[0,-18],[-6,-7],[-6,10],[-8,-2],[-9,-6],[0,-11],[-6,3],[-28,24],[10,4],[9,13],[4,14],[6,-1]],[[93947,29641],[2,21],[-2,2],[33,-4],[10,7],[5,-2],[-3,-10]],[[93992,29655],[4,-3],[-2,-12],[6,-1]],[[94000,29639],[-1,-2],[-3,0],[-9,-16]],[[93987,29621],[3,-7],[6,-4]],[[93996,29610],[0,-5],[-15,4],[-3,9],[-30,4]],[[93947,29641],[4,-3],[-3,-16]],[[93948,29622],[-23,-7],[-4,-4],[-23,16]],[[93917,29643],[9,21],[23,-2],[-2,-15],[0,-6]],[[94066,29767],[-9,-14],[3,-9],[-1,-19],[2,-9],[-5,-13],[6,-19]],[[94062,29684],[-9,2],[0,4],[-6,3]],[[94047,29693],[-4,7],[-10,1]],[[94033,29701],[-2,-3]],[[94031,29698],[-7,0]],[[93877,29618],[13,72]],[[93890,29690],[14,8],[8,0]],[[93912,29698],[5,7],[7,-2]],[[93929,29697],[8,-10],[-2,-13]],[[93923,29668],[5,-4],[-11,-21]],[[93917,29643],[-7,-2],[0,-6],[-6,-7],[-6,-1]],[[93898,29627],[3,-8],[-4,-4],[-20,3]],[[93993,29760],[-3,3],[-1,4],[2,0],[2,-7]],[[94054,29847],[-1,0],[0,1],[1,-1]],[[94025,29799],[-1,0],[1,1],[0,-1]],[[94066,29767],[-10,2],[-11,-13],[-3,-24],[-18,-29],[0,-5]],[[94024,29698],[0,-6],[-7,-14],[-14,18],[-6,19],[4,2],[3,9],[13,0],[7,14],[-5,11],[-1,10],[2,4],[-5,5],[-7,16],[1,4],[7,1],[7,9],[0,-8],[7,-9],[2,10],[3,3],[8,-8],[0,13],[8,1],[3,10],[-2,5],[-12,4],[7,5],[-2,9],[3,10],[4,2],[2,-13],[8,-14],[-1,-7],[9,-22],[-4,-8],[0,-16]],[[93923,29668],[8,1],[4,5]],[[93935,29674],[3,6],[-1,11],[10,2],[10,-2],[4,-17],[26,-3],[0,-6],[-7,-5],[-30,4],[-13,-3],[-14,7]],[[93962,29685],[-5,19],[5,6],[-2,10],[10,7],[-3,12],[1,5],[9,3],[4,-4],[5,5],[2,-3],[-7,-11],[-1,-5],[9,-8],[13,-1],[-5,-5],[1,-7],[11,-21],[8,-9],[-9,-9],[-22,-4],[1,6],[-24,5],[3,7]],[[93962,29685],[4,-2]],[[93966,29683],[-4,-9],[-6,17],[-9,2],[-11,-4],[-7,8]],[[93929,29697],[-6,-3],[1,9]],[[93924,29703],[-8,4],[4,7],[5,-2],[5,5],[1,17],[13,5],[5,-7],[-2,-13],[13,-3],[2,-6],[-5,-7],[5,-18]],[[93898,29627],[12,-12],[-4,-32]],[[93935,29578],[-1,-8]],[[93923,29566],[-19,2],[-4,-6],[-6,2],[2,11]],[[93879,29552],[-2,1],[-8,12],[8,53]],[[93877,29618],[23,-2],[-2,11]],[[93923,29566],[1,6],[10,-2]],[[93934,29570],[-4,-19]],[[93942,29548],[-3,-29]],[[93919,29523],[-6,28],[-13,-2],[-21,3]],[[93879,29552],[7,23],[10,0]],[[93896,29575],[-2,-12],[8,0],[0,4],[7,1],[14,-2]],[[93943,29497],[-4,28]],[[93991,29516],[9,-2],[-5,-3],[2,-3],[15,-10],[-15,-13],[-19,14]],[[93978,29499],[18,-13],[-4,-3],[-3,-14],[3,-11],[-11,6]],[[93959,29444],[-9,13],[-7,40]],[[93943,29497],[24,-4],[11,6]],[[93919,29523],[20,-4]],[[93939,29519],[11,-58],[-6,-1]],[[93919,29457],[3,6],[0,8],[-12,15],[9,37]],[[93936,29592],[-15,19],[3,4],[27,8],[27,-5],[5,-14]],[[93973,29596],[-4,-3],[0,-9]],[[93935,29578],[-29,5]],[[93906,29583],[4,33],[17,-10],[9,-14]],[[93936,29592],[33,-8]],[[93969,29584],[-4,-23]],[[93963,29555],[-3,-14]],[[93966,29521],[-27,4]],[[93939,29525],[3,23]],[[93942,29548],[-12,3]],[[93930,29551],[5,27]],[[94012,29546],[-2,3],[3,0],[-1,-3]],[[93965,29561],[8,35]],[[93973,29596],[5,-7],[3,1],[2,14]],[[93983,29604],[-2,5],[25,-10],[19,-4],[2,-7],[-4,-5],[-9,4],[4,-5],[-3,-4],[-15,5],[4,-9],[-5,-8],[-6,0],[-3,-7],[5,-11],[5,-5],[-2,-4],[-36,6],[1,10]],[[93963,29555],[7,-1],[-5,7]],[[93936,29384],[0,3],[4,0],[16,-9]],[[93959,29422],[3,13],[-3,9]],[[93959,29444],[6,5],[2,7],[11,3],[3,5]],[[93981,29464],[19,-11],[12,-11],[-7,-8],[5,-8],[1,-16],[-15,4],[-17,11],[-4,-3],[15,-21],[4,-14],[-3,-4],[-17,-6],[1,-4],[5,-1],[1,-9],[-5,-10],[3,-16],[-11,-23],[2,-8],[-2,-2],[-3,2],[1,9],[-6,2],[-9,-8],[-4,6],[-9,0],[2,8],[-4,7],[4,5],[-2,5],[-9,4],[-6,-5],[-1,-7],[-3,4],[4,3],[-9,6],[1,3],[6,2],[0,6],[-8,11],[2,11],[-9,7]],[[93906,29385],[19,6],[11,-7]],[[93906,29439],[-9,1],[10,9]],[[93907,29449],[12,3]],[[93919,29452],[0,5]],[[93919,29457],[13,3],[11,7],[1,-7]],[[93944,29460],[6,0],[12,-20],[-3,-18]],[[93959,29422],[-10,-16],[2,-18],[5,-10]],[[93956,29378],[-20,9],[-1,8],[-7,13]],[[93928,29408],[-7,7],[-8,1],[2,7],[-7,3],[-5,8],[3,5]],[[93960,29541],[1,4],[37,-6],[-2,-6],[6,-11],[-1,-7],[-10,1]],[[93991,29516],[-1,-7],[-25,4],[1,8]],[[93966,29521],[7,10],[-2,6],[-11,4]],[[93244,29665],[11,24]],[[93335,29642],[-10,-56]],[[93246,29581],[1,13],[-3,14],[10,-7],[6,11],[-16,16]],[[93231,29657],[-3,5],[6,5]],[[93383,29639],[4,30],[57,3]],[[93443,29676],[33,9]],[[93476,29685],[14,0],[-6,-3],[3,-7],[-11,-6],[-30,-27],[-26,-30],[-10,8]],[[93246,29581],[20,-3],[1,5],[3,1],[0,6],[5,1],[4,-5],[43,-8]],[[93322,29578],[24,2],[29,-5]],[[93375,29515],[-12,-8],[-19,7]],[[93343,29503],[-11,0],[-20,-11],[-14,-2],[2,17]],[[93259,29537],[-12,28],[-1,16]],[[93370,29453],[-4,5],[0,5],[17,1]],[[93374,29499],[23,3],[22,-3],[7,-25],[-1,-11],[-4,0],[1,-16],[2,-2],[-4,-5],[0,-10],[11,-20],[0,-5],[-8,-3],[0,-6],[-8,-5],[-36,-8],[1,19],[-3,-1],[5,10],[-9,14]],[[93317,29494],[13,8],[13,1]],[[93343,29503],[1,11]],[[93344,29514],[20,-7],[21,15]],[[93387,29501],[-13,-2]],[[93374,29499],[0,-13],[6,0],[-3,-5],[2,-3],[-2,-2],[6,-12]],[[93383,29464],[-18,-3],[5,-8]],[[93370,29453],[-2,-2],[5,-1],[-2,-13],[5,0],[-3,-12]],[[93373,29425],[3,-15],[-2,-13],[-14,-6]],[[93329,29459],[-2,14],[4,8],[-2,1]],[[93325,29586],[10,49],[9,-1]],[[93352,29643],[4,32]],[[93373,29666],[15,3],[-5,-30]],[[93383,29639],[23,-4],[2,13],[6,-1],[-4,-27]],[[93410,29620],[3,-1]],[[93347,29598],[-2,-18],[-23,-2]],[[93322,29578],[5,7],[-2,1]],[[93347,29598],[43,-8],[0,13],[21,8],[2,8]],[[93413,29619],[6,-5],[6,-24]],[[93433,29574],[5,-1]],[[93449,29557],[-23,17],[-45,0],[-37,7],[3,17]],[[93415,29522],[5,-10],[-1,-13],[-32,2]],[[93387,29501],[-2,21]],[[93385,29522],[-10,-7]],[[93375,29515],[-1,3],[-9,2],[10,55]],[[93375,29575],[52,-1],[19,-16],[-18,0]],[[93517,29607],[-5,-7]],[[93424,29616],[21,25],[42,34],[-3,4],[2,5],[8,-2],[-4,-19],[2,-11],[11,-31],[1,-1]],[[93425,29590],[-5,22],[4,4]],[[93424,29616],[88,-16]],[[93512,29600],[-18,-11]],[[93482,29577],[-3,-3]],[[93453,29577],[-11,-4],[-9,1]],[[93433,29574],[3,14],[-11,2]],[[93317,29494],[0,-3],[14,-1],[-2,-8]],[[93329,29482],[2,-2],[-4,-7],[3,-13],[-34,-7],[-32,-29],[-1,13]],[[93246,29463],[-11,20],[-9,8],[6,17]],[[93259,29537],[25,-1],[-4,-26],[20,-3]],[[93300,29507],[-1,-17],[18,4]],[[93329,29459],[14,2],[2,-16],[-6,-15],[6,-7],[10,1],[-1,-18],[2,-10],[4,-5]],[[93360,29391],[10,0],[-2,-3],[4,-3],[-7,-4],[-10,-14]],[[93325,29376],[-10,-11],[-8,1],[-8,11],[10,12],[-1,4],[-23,26],[-13,0],[-8,5],[37,31],[28,4]],[[93539,29640],[18,-16]],[[93572,29564],[-3,-2]],[[93574,29537],[-22,-7],[-37,76],[6,4]],[[93428,29558],[16,-3],[5,2]],[[93449,29557],[-11,16]],[[93438,29573],[15,4]],[[93453,29577],[26,-3]],[[93473,29560],[11,-28],[-12,-3]],[[93479,29492],[-55,6]],[[93421,29493],[-3,8],[2,12],[-5,9]],[[93415,29522],[5,3],[-5,10],[0,17],[12,-2],[1,8]],[[93472,29529],[70,20],[10,-19],[-9,-5]],[[93544,29499],[-10,2]],[[93517,29493],[-38,-1]],[[93479,29492],[3,16],[-6,0],[1,10],[-5,11]],[[93491,29580],[-6,-6],[-3,3]],[[93482,29577],[12,12]],[[93494,29589],[18,10],[3,7],[27,-57],[-28,-10]],[[93473,29560],[-3,-1],[9,9],[0,6]],[[93479,29574],[12,6]],[[93491,29580],[9,-18],[-1,-2],[4,2],[11,-23]],[[93514,29539],[-31,-8],[-10,29]],[[93557,29624],[13,-5],[27,5],[7,-5],[5,-10],[9,-9],[-10,2],[-25,-4],[-9,-4],[-7,-9]],[[93567,29585],[-14,7],[11,6],[-7,26]],[[93567,29585],[10,11],[25,5],[4,-9]],[[93606,29581],[-34,-17]],[[93572,29564],[-6,12],[4,3],[-3,6]],[[93569,29562],[37,19]],[[93606,29581],[-4,9],[4,2]],[[93606,29592],[-3,9],[12,-1],[8,-13],[9,-3]],[[93623,29574],[-10,-18],[-17,2],[4,-16],[-26,-5]],[[93574,29537],[-5,11],[5,2],[-5,12]],[[93623,29574],[9,10]],[[93632,29584],[7,1],[17,-7],[14,11],[12,-11],[-8,-10]],[[93674,29568],[0,-6],[12,-4],[16,5]],[[93702,29563],[20,-11],[-1,-5]],[[93714,29542],[-32,1],[-6,-10],[-8,2],[-4,-6],[-22,3],[-14,-8],[-9,-11],[-8,0]],[[93604,29522],[-8,36],[18,-1],[9,17]],[[93604,29522],[7,-9]],[[93611,29513],[-12,1],[-16,-4],[-4,-5]],[[93579,29501],[-26,-18],[-9,16]],[[93544,29499],[6,5],[-1,4],[-9,3],[-3,5],[8,4],[-2,5]],[[93543,29525],[14,7],[43,10],[4,-20]],[[93481,29471],[6,22],[30,0]],[[93517,29493],[17,8]],[[93534,29501],[7,0],[10,-13],[2,-5],[-4,-1]],[[93554,29466],[-20,-4]],[[93496,29444],[-19,27]],[[93572,29378],[-11,-19],[-8,1],[-2,6],[-7,-2],[3,-3],[0,-4],[-9,-7],[-4,1],[-4,-8],[6,-4],[2,-6],[-24,-4],[-3,1],[1,5],[-10,-7],[-5,14],[8,9],[1,7],[7,0],[7,7],[2,7],[-2,15],[7,14],[12,15],[23,5]],[[93482,29463],[22,-28]],[[93469,29383],[-5,-10],[-9,-8],[-11,8],[11,-23],[4,-4],[-2,-4],[-8,-5],[-10,1],[-4,4],[-6,-5],[-19,2],[-7,12],[9,1],[-10,4],[0,3],[17,4],[-1,10],[-6,5],[13,12],[5,10],[6,3],[0,9],[-3,3],[3,3],[-11,11],[1,28]],[[93421,29493],[3,5]],[[93424,29498],[60,-6],[-3,-21]],[[93481,29471],[-4,0]],[[93477,29471],[5,-8]],[[93482,29463],[-12,-2],[-4,-14],[-40,10]],[[93426,29457],[0,7],[6,14],[-8,1],[-2,4],[-1,10]],[[93562,29421],[10,0],[17,-10],[14,-1],[3,-5]],[[93611,29380],[2,-3],[17,-15],[5,-15],[-3,-9],[-7,2],[-4,-8],[2,-11],[-6,-16],[-5,3],[6,10],[-5,4],[-9,-3],[5,-6],[-8,-5],[-9,3],[-9,-4],[6,13],[-1,8],[-6,3],[6,6],[-3,7],[-4,1],[-7,-15],[-7,3],[0,7],[-11,-2],[-5,-6],[-11,10],[11,13],[11,4],[10,19]],[[93572,29378],[0,13],[-4,7],[5,6],[-11,17]],[[93603,29441],[23,-33],[-9,-2],[-27,5],[-17,9],[-11,1]],[[93562,29421],[-4,5]],[[93558,29426],[-24,36]],[[93534,29462],[48,9]],[[93603,29441],[-24,-18],[-9,9],[-12,-6]],[[93504,29435],[11,0],[7,-2],[13,-21],[-15,-24],[2,-17],[-5,-10],[-3,0],[-1,-3],[-12,4],[0,-8],[-9,0],[-2,-7],[-7,3],[3,15],[-5,-3],[-7,4],[-5,-3],[-3,-9],[-7,1],[-2,7],[10,9],[4,11],[12,3],[-6,4],[-8,-6]],[[93469,29383],[-4,7],[-3,0],[9,21],[19,-4],[4,9],[5,2],[-5,6],[10,11]],[[93496,29444],[16,3],[22,15]],[[93534,29462],[28,-41]],[[93562,29421],[-27,-9],[-12,20],[-18,2],[-9,10]],[[93615,29473],[-18,1],[-43,-8]],[[93554,29466],[-5,16]],[[93549,29482],[30,19]],[[93579,29501],[0,4]],[[93579,29505],[5,5],[15,4],[19,-1],[10,11],[15,8],[22,-4],[-2,-11],[-5,3],[-12,-7],[-3,4],[-4,-2],[1,-3],[-7,-9],[3,-8],[-6,-8]],[[93689,29422],[5,-2]],[[93694,29407],[-10,-34]],[[93648,29413],[10,7],[10,30],[8,-11]],[[93606,29405],[-5,6],[17,-5],[30,7]],[[93648,29413],[11,-15],[7,6],[-1,-2],[4,-13],[4,1],[0,-16]],[[93673,29374],[0,-10],[-3,-3]],[[93656,29364],[-10,-6],[-6,-9],[-6,0],[-5,16],[-16,11],[-2,4]],[[93611,29380],[3,4],[-2,-1],[-14,16],[8,6]],[[93717,29472],[13,11],[6,2],[14,-7],[5,-7],[-7,-3],[-8,-9],[-11,-18],[-18,-48],[-3,-16]],[[93686,29379],[8,28]],[[93694,29407],[0,13]],[[93694,29420],[0,1],[10,13],[-1,3]],[[93676,29439],[-26,37],[1,10],[5,6],[15,7],[6,-8],[38,-4]],[[93727,29480],[-10,-8]],[[93717,29472],[-9,-17],[-6,1],[-2,-10],[8,-4],[-5,-5]],[[93703,29437],[0,-6],[-8,-11],[-6,2]],[[93689,29422],[3,7],[-3,1],[1,6],[-14,3]],[[93656,29364],[14,-3]],[[93670,29361],[3,13]],[[93673,29374],[11,-1]],[[93684,29373],[2,6]],[[93686,29379],[22,-2]],[[93708,29377],[-5,-27],[4,-22],[-9,-8],[-11,-2],[-4,-5],[-2,-14],[-30,-9],[-13,16],[-5,0],[1,5],[3,0],[0,10],[13,17],[9,18],[-3,8]],[[93722,29515],[11,9],[3,-2]],[[93736,29522],[1,-13],[-3,-20],[2,-4],[-9,-5]],[[93727,29480],[-12,7]],[[93715,29487],[-28,1],[-11,3],[-5,8],[-16,-7]],[[93640,29497],[-7,6],[9,14],[4,-4],[11,7],[6,-3],[4,17],[8,-1],[7,10],[9,-3],[5,4],[7,-1],[1,-11],[4,-3]],[[93582,29471],[33,2]],[[93615,29473],[-4,7],[19,7]],[[93630,29487],[8,13],[2,-3]],[[93640,29497],[8,6],[7,-11]],[[93655,29492],[-5,-9],[2,-10],[-24,-13],[-6,-22],[-12,-7],[-7,10]],[[93603,29441],[-21,30]],[[93619,29434],[10,26],[23,13],[16,-23],[-11,-32],[-31,-10],[-16,23],[9,3]],[[93708,29529],[-5,14],[11,-1]],[[93714,29542],[7,5]],[[93721,29547],[5,-10]],[[93726,29537],[-2,-8]],[[93724,29529],[10,-5],[-12,-9]],[[93722,29515],[-7,5],[0,3],[-9,-11],[-3,3],[5,14]],[[93569,29807],[6,9],[3,-7],[8,4],[4,12],[-3,17],[9,-14],[12,3],[6,-19],[3,1],[3,6],[12,-1],[-8,-18],[-8,-7],[3,-5],[7,1],[2,-7],[-12,0],[-3,-4],[8,-9],[11,2],[2,-5],[-5,-6],[-16,-3]],[[93607,29728],[-43,9]],[[93668,29765],[7,14],[14,2],[13,10],[5,11],[-14,5],[0,5],[6,-3],[20,8],[-2,-10],[9,-1],[0,-6],[8,-8],[9,-15],[7,-2],[-5,-6],[-4,2],[-4,-6],[-11,3],[-1,-7],[-8,2],[-10,-10],[-11,-2],[-2,-2],[2,-5],[10,-1],[1,-3],[-27,-9]],[[93668,29765],[-1,-15],[10,4],[3,-7],[-4,-1],[4,-15]],[[93680,29731],[6,1],[-1,-4],[2,-2],[-13,-9],[-25,-4],[-10,9]],[[93607,29728],[8,25],[-4,2],[2,2]],[[93613,29757],[6,0],[8,-13],[24,12],[-1,12],[-5,10],[-1,11],[-9,6],[6,8],[6,3],[2,5],[7,1],[8,-19],[8,1],[12,11],[4,-2],[4,-8],[-9,-9],[1,-5],[-11,-5],[-5,-11]],[[93569,29807],[-2,2],[-2,-2],[2,-5],[-5,-10],[-7,-2],[3,-31],[6,-22]],[[93564,29737],[-18,6]],[[93537,29759],[-10,36],[-4,0],[-4,8]],[[93527,29811],[-1,14],[5,1],[2,10],[3,-4],[6,4],[8,10],[5,-6],[6,0],[8,13],[6,-4],[-1,-12],[-10,-5],[-4,-8],[5,-2],[9,8],[9,-1],[-14,-22]],[[93533,29862],[10,16],[6,1],[8,-3],[5,-6],[-3,-9],[-9,-6],[-1,-4],[4,-3],[-7,-10],[-10,-6],[-4,10],[1,20]],[[93771,29805],[3,-9],[-8,-4],[1,3],[-4,-2],[-5,3],[1,6],[12,3]],[[93760,29768],[-3,7],[6,1],[1,7],[9,-1],[7,4],[9,13],[12,5],[4,-2],[-11,-5],[-1,-4],[21,-9],[-15,-4],[8,-4],[-1,-2],[3,3],[-2,-3],[2,1],[-2,-2],[2,-3],[2,3],[-1,-3],[13,8],[7,-17],[-12,-1],[-3,3],[-1,-4],[3,0],[2,-2],[-14,-2],[-20,-9]],[[93784,29752],[-7,-2],[-9,6],[-1,9]],[[93760,29768],[7,-3]],[[93767,29765],[-1,-8],[6,-4],[12,-1]],[[93784,29752],[1,-6]],[[93785,29746],[6,1],[-5,-9],[20,9],[-5,-14],[-31,-9],[-10,-10],[-28,-4],[-21,4],[-3,4],[4,5],[4,16],[14,6],[3,8],[8,-1],[2,6],[17,10]],[[93759,29714],[11,9],[10,-4],[-3,-32],[-3,-2]],[[93774,29685],[4,-12]],[[93778,29673],[-38,-4]],[[93759,29714],[-8,-28],[-11,-17]],[[93740,29669],[-45,-5],[1,27],[12,27],[5,-6],[15,-2],[31,4]],[[93616,29644],[27,1]],[[93645,29607],[7,9]],[[93669,29588],[-6,-7],[-8,-3],[-16,7],[-12,-1],[-10,9],[1,9],[-9,6],[-6,12],[4,1]],[[93620,29645],[-4,-1]],[[93616,29644],[-1,-11],[-7,1],[-1,-13]],[[93607,29621],[-18,4],[-19,-6],[-16,6],[-6,6],[6,39],[7,7],[24,-9],[8,5],[12,1],[18,-6]],[[93652,29616],[26,29]],[[93688,29646],[7,18],[11,-1]],[[93706,29663],[2,-13],[3,-1],[-5,-3],[4,-6],[-4,1]],[[93706,29641],[-1,-22],[-15,-17]],[[93690,29602],[8,-7],[-13,0],[-12,-10]],[[93673,29585],[-4,3]],[[93669,29588],[-2,24],[-15,4]],[[93649,29714],[25,3],[20,11],[9,0],[6,-8],[-15,-32],[-1,-32],[-5,-10]],[[93688,29646],[-10,-1]],[[93678,29645],[-17,-17]],[[93659,29664],[20,12],[-10,5],[-20,33]],[[93482,29772],[14,-7]],[[93528,29791],[9,-32]],[[93537,29759],[9,-16]],[[93546,29743],[6,-1]],[[93545,29734],[-1,-9]],[[93539,29723],[-19,7],[-16,-7],[-41,22]],[[93539,29640],[-7,-2],[-8,4],[1,-4],[-9,-15],[5,-13]],[[93521,29610],[-4,-3]],[[93517,29607],[-13,13]],[[93504,29620],[-5,10],[-7,22],[-1,19],[2,5],[3,0],[31,-17],[17,-5],[10,17],[-5,-39],[-10,8]],[[93649,29714],[19,-32],[11,-6],[-17,-11],[-7,2],[-30,13],[13,24]],[[93623,29668],[-4,0],[6,12],[37,-15],[-3,-1]],[[93659,29664],[3,0],[0,-6],[-1,-30]],[[93661,29628],[-16,-21]],[[93645,29607],[-10,3],[7,22],[1,13]],[[93643,29645],[-23,0]],[[93620,29645],[3,23]],[[93575,29733],[24,-4]],[[93591,29672],[-5,-4],[-21,8]],[[93591,29672],[8,57]],[[93599,29729],[8,-1]],[[93607,29728],[32,-6]],[[93639,29722],[10,-8]],[[93649,29714],[-11,-10]],[[93638,29704],[-19,-36],[-12,6],[-16,-2]],[[93545,29734],[11,-5],[-4,13]],[[93552,29742],[23,-9]],[[93575,29733],[-10,-57]],[[93565,29676],[-6,0],[-16,-22],[-10,3],[12,77]],[[93539,29723],[5,2]],[[93544,29725],[-11,-68],[-38,19],[-3,8],[-16,1]],[[93482,29695],[3,16],[3,4],[-13,23],[29,-15],[15,7],[20,-7]],[[93720,29975],[7,3],[24,0]],[[93787,29987],[0,-11],[-6,-13]],[[93785,29950],[1,-21]],[[93715,29934],[-12,2],[-14,10],[6,7]],[[93806,29908],[18,4],[9,-3],[16,3],[8,-4],[2,-5],[6,0]],[[93867,29895],[-12,-9],[-9,2]],[[93827,29867],[-3,10],[-10,-5],[-6,2],[-16,21],[-9,5],[-8,12]],[[93775,29912],[11,17]],[[93786,29929],[-1,6],[11,8],[10,4]],[[93823,29943],[-3,-17]],[[93823,29912],[-17,-4]],[[93806,29908],[-31,4]],[[93830,30010],[30,11],[9,0],[6,-18],[24,-7],[19,4],[6,-7],[1,-11],[-4,-3],[-3,3],[-11,-3],[2,-3],[-3,-2],[-16,9],[-6,-4],[-6,4],[6,-8],[6,3],[9,-7],[-3,-8],[-8,0],[-2,-2],[24,2],[6,7],[4,-3],[-3,-7],[3,-3],[-1,-13],[-12,0],[-5,4],[-5,-5],[2,-6],[-14,-2],[5,-4],[8,-1],[8,6],[13,-2],[5,-6],[-5,-15],[4,-5],[-5,0],[-7,-6],[-10,5],[2,-8],[-13,-6]],[[93878,29899],[-11,-4]],[[93867,29895],[-2,8]],[[93865,29903],[-7,1],[-8,15],[3,12]],[[93863,29934],[6,7],[-13,43],[-9,-1]],[[93781,29963],[7,21],[-4,8],[46,18]],[[93830,30010],[11,-9],[6,-18]],[[93847,29983],[-20,-7],[-4,-33]],[[93823,29943],[-17,4]],[[93806,29947],[-21,-12],[0,15]],[[93785,29950],[-4,13]],[[93784,29899],[8,-4],[16,-22],[16,4],[4,-12],[0,-3]],[[93811,29852],[-1,-8],[-10,-16],[6,-15],[-12,6],[-4,-3],[-5,6],[13,14],[-6,9],[0,12],[-5,-3],[1,-6],[-3,-1],[-12,14],[-4,1],[-7,-9],[8,-9],[-12,-8],[-4,6],[-7,0],[-3,5],[-7,4],[1,4],[10,4],[2,5],[-5,-3],[-11,4],[-1,-10],[-10,2],[-5,4],[1,6],[-5,8],[0,7]],[[93715,29934],[9,-12],[39,-10],[12,0]],[[93775,29912],[9,-13]],[[93784,29899],[-2,-6],[6,-2],[-2,-20],[-14,0],[-19,16],[-17,6],[-22,-11]],[[93714,29882],[-2,-1],[-2,-5],[4,-16],[-7,-2],[-10,1],[-1,4],[11,9],[-2,18],[-11,8],[1,5],[-5,9],[-2,14],[6,6],[-1,11],[22,-9]],[[93820,29926],[7,50],[25,9],[6,-5],[12,-37],[-7,-9]],[[93863,29934],[-10,-3]],[[93853,29931],[-2,-15],[3,-7],[-4,3],[-17,-3],[-10,3]],[[93823,29912],[2,8],[-5,6]],[[93537,30375],[1,7],[-14,4]],[[93524,30386],[0,8],[5,0],[9,13],[6,2],[1,13],[5,-2],[5,5],[7,14]],[[93562,30439],[9,-3],[6,7],[4,28],[10,1],[5,9]],[[93596,30481],[8,5],[-7,10]],[[93597,30496],[7,13],[9,5]],[[93613,30514],[2,-10]],[[93615,30504],[5,-1],[20,25],[0,8]],[[93674,30488],[-2,-13],[5,-13],[17,-11]],[[93717,30455],[13,8],[10,-3],[-1,-7],[-7,-4],[9,0],[0,-5],[-10,-12],[-15,-6],[-9,-9],[15,11],[10,-2],[2,-10],[4,-4],[1,-3],[-10,-18],[-10,-2],[3,-10]],[[93686,30345],[-9,-1],[-5,-14]],[[93676,30328],[0,-4]],[[93652,30307],[-11,3],[-8,-12]],[[93598,30290],[-19,3],[4,13],[3,0]],[[93567,30328],[-14,4]],[[93543,30343],[4,2]],[[93547,30345],[-3,5],[0,9],[-8,6],[5,7],[-4,3]],[[93786,30858],[-5,24],[-5,3],[4,8],[8,-10],[7,-29],[-9,4]],[[93717,30455],[-9,4],[-14,-8]],[[93694,30451],[-20,14],[-2,12],[2,11]],[[93674,30488],[-12,4],[-7,33],[-6,7],[-9,4]],[[93640,30536],[-2,13]],[[93638,30549],[2,18]],[[93640,30567],[-9,9],[8,19],[5,-1],[-1,13],[-8,12],[-7,2],[-2,7],[1,3],[7,0],[4,9],[9,-9],[-2,13],[11,2],[6,9],[6,-9],[5,3],[11,-4],[6,2],[3,-11],[-1,11],[6,3],[-12,-2],[-14,8],[2,5],[-4,1],[-6,12],[1,14],[7,-3],[8,3],[0,-4],[4,-3],[4,5],[10,-2],[10,12],[18,-19],[14,-4],[-1,3],[-10,4],[-7,11],[0,4],[8,-1],[2,3],[-11,11],[7,2],[6,7],[-15,7],[-5,7],[-1,12],[-2,2],[2,6],[4,5],[12,-8],[10,2],[13,-17],[7,-5],[-6,7],[-5,15],[-18,8],[-8,10],[-1,10],[-9,8],[-8,2],[1,10],[16,10],[15,-2],[21,-16],[4,2],[-13,10],[-4,10],[1,11],[18,10],[7,16],[3,19],[4,3],[13,-36],[-3,-4],[13,-9],[4,-17],[-1,-7],[5,1],[14,-12],[17,-5],[-4,-7],[4,-9],[-4,-10],[7,3],[32,4],[16,7],[17,-5],[8,18],[-52,-12],[-14,-1],[-4,5],[4,6],[39,0],[24,13],[8,-1],[2,-4],[-11,-22],[10,0],[5,-4],[-7,0],[3,-10],[-7,-2],[-1,-10],[-14,-4],[6,-6],[1,-4],[-6,-10],[-10,-4],[-3,-6],[6,-4],[3,-10],[-4,-3],[-17,12],[-7,-2],[7,-6],[-3,-11],[6,3],[16,-6],[2,-8],[6,3],[-2,9],[8,5],[-2,10],[8,8],[6,12],[9,-14],[19,-14],[-4,-1],[0,-7],[8,-3],[2,-9],[8,-9],[-10,-7],[2,-5],[-5,-7],[-12,-3],[-6,-12],[-5,-1],[-2,-13],[-20,7],[-1,-6],[-3,4],[-9,3],[-2,-3],[3,-5],[-3,-1],[-16,6],[-5,8],[-6,-3],[-44,6],[2,-5],[-3,-4],[-15,-1],[8,-2],[16,6],[10,-6],[8,2],[-2,-13],[9,11],[24,-13],[-7,-8],[-9,-1],[14,-7],[0,-19],[-7,-2],[-6,-7],[-7,5],[-11,-11],[-17,1],[10,-9],[-12,-12],[-18,2],[-18,-14],[-7,1],[-2,5],[-4,1],[-1,-9],[-10,-3],[-12,-9],[-7,3],[4,-6],[11,0],[1,-5],[-10,-17],[-11,-5],[4,-3],[-6,-10],[-21,-11]],[[93931,30786],[5,12],[19,-2],[-3,-8],[-10,-1],[-3,-7],[-7,2],[-1,4]],[[93592,30209],[6,-1]],[[93594,30185],[-16,-9],[-18,3],[-3,-4]],[[93551,30160],[2,-12],[-4,0]],[[93467,30212],[0,7],[12,10],[-1,4]],[[93478,30233],[6,8],[6,2],[-1,16],[4,7]],[[93493,30266],[5,-1],[6,5],[-2,5],[17,6],[-1,6]],[[93518,30287],[11,7],[-6,-38]],[[93576,30224],[0,-7]],[[93598,30290],[4,10],[27,-8],[4,6]],[[93633,30298],[-9,-30]],[[93583,30255],[-2,-13],[-3,0]],[[93581,30217],[-5,2],[-7,24],[6,30],[8,19],[15,-2]],[[93526,30317],[0,12],[11,9],[3,5],[3,0]],[[93543,30343],[-3,-14],[6,-3],[7,6]],[[93553,30332],[10,-4],[4,0]],[[93567,30328],[2,5],[10,-2],[4,6],[4,-1],[6,-8],[-4,-2],[-3,-20]],[[93586,30306],[-5,-4],[-2,-9],[4,-1],[-6,-8],[-7,-33],[0,-10],[6,-17]],[[93576,30224],[-3,-3],[-17,3],[-4,-5],[-5,16],[-5,0],[-9,8],[-4,8],[3,2],[-2,3],[-7,0]],[[93523,30256],[5,19],[-1,11],[5,11],[5,1]],[[93537,30298],[-8,7],[2,4],[-5,8]],[[93578,30242],[5,13]],[[93583,30255],[9,-2],[1,10],[19,-3],[2,10],[10,-2]],[[93624,30268],[-4,-27],[-19,-32],[-9,0]],[[93592,30209],[-8,5],[-3,-4],[-5,7]],[[93576,30217],[5,0]],[[93581,30217],[3,22],[-6,3]],[[93726,30115],[0,8],[-2,0],[0,3]],[[93726,30134],[1,2],[9,-3],[3,-8],[14,-7]],[[93801,30123],[17,-3],[0,-1]],[[93823,30111],[-1,-7],[6,-4]],[[93816,30094],[3,-10],[-7,1],[-2,-5],[-13,1]],[[93763,30054],[-25,-12],[2,-6],[-17,-8],[-18,3],[-10,-22]],[[93691,30006],[-2,7]],[[93678,30020],[4,1],[0,6],[-2,6]],[[93676,30034],[12,11]],[[93797,30081],[12,-1],[2,5],[6,-2],[2,2],[3,-5],[13,-7]],[[93835,30054],[11,-6],[-1,-10],[11,-7],[2,-11],[-74,-28],[3,-5]],[[93787,29987],[-20,-8],[-9,4],[-7,-5]],[[93751,29978],[-11,2],[-3,-3],[-11,0],[-12,6],[-10,-12],[-4,19]],[[93705,29992],[-11,6],[-3,8]],[[93691,30006],[4,3]],[[93695,30009],[9,22],[19,-3],[7,2],[10,6],[-3,5],[26,13]],[[93763,30054],[0,4],[3,-3],[3,3],[7,-2],[1,3],[5,-4],[3,8],[11,8],[1,10]],[[93680,30180],[24,-4],[18,-9]],[[93732,30150],[1,-3],[-5,-8],[2,-3],[-4,-2]],[[93726,30134],[2,-9],[-4,1]],[[93724,30126],[2,-11]],[[93726,30115],[-16,6],[0,-3],[-5,1],[1,-5],[-23,-17],[7,-12],[-5,-13],[-1,-20],[1,-7],[3,0]],[[93688,30045],[-14,-16],[-12,3],[-1,3],[3,3],[-3,1],[-16,1],[-16,14],[-3,19]],[[93754,30312],[10,-10]],[[93777,30280],[32,-2],[8,-13],[-10,-58]],[[93818,30183],[-13,-1],[-12,-13],[-1,-14],[-4,-11],[4,-8],[8,-4]],[[93809,30133],[6,-12],[-12,-1],[-2,3]],[[93801,30123],[-3,-3],[-11,3],[-23,-16],[-11,11]],[[93753,30118],[-14,6],[-3,9],[-6,3],[2,14]],[[93732,30150],[-17,3],[7,14]],[[93722,30167],[-20,8]],[[93617,30149],[22,27]],[[93659,30211],[-2,3],[3,6],[29,-1],[2,3],[2,22],[-5,12]],[[93678,30319],[-2,9]],[[93676,30328],[-4,2]],[[93672,30330],[4,13],[10,2]],[[93686,30345],[7,8],[7,2],[5,15],[17,9]],[[93722,30379],[-3,11],[9,0],[7,12],[3,1],[19,-25]],[[93765,30346],[-15,-26],[4,-8]],[[93754,30312],[-22,-39],[1,-6],[-8,-7],[0,-5],[-4,-7],[0,-21],[-3,-4],[3,-1],[-10,-7],[-3,-11],[-3,1],[-1,-11],[7,-1],[-6,-4],[-3,-14]],[[93702,30175],[-22,5]],[[93680,30180],[-2,-17],[-5,1],[-2,-12],[-8,2],[-29,-35],[3,-3],[-13,-12],[7,-10],[-9,-10],[8,-8],[-4,-3]],[[93626,30073],[-7,4],[-17,-5],[-10,4],[-1,13],[-9,10]],[[93578,30097],[-5,20]],[[93560,30120],[-2,6]],[[93652,30307],[4,6],[20,11]],[[93676,30324],[2,-5]],[[93678,30319],[-2,-23],[8,-12],[4,-28]],[[93688,30256],[5,-13],[-2,-22],[-17,-3],[-7,4],[-9,-3],[1,-8]],[[93659,30211],[-4,0],[1,-6],[-4,-23],[-6,1],[-2,-12],[-5,5]],[[93639,30176],[-4,-4],[-18,-23]],[[93617,30149],[-8,8],[-12,-16],[-39,-15]],[[93558,30126],[-4,2],[-1,10]],[[93556,30142],[-5,9],[0,9]],[[93551,30160],[6,6],[0,9]],[[93557,30175],[0,1],[3,3],[19,-3],[15,9]],[[93594,30185],[4,23]],[[93598,30208],[4,2],[20,40],[3,25],[13,32],[4,4],[10,-4]],[[93878,29899],[12,-6]],[[93890,29893],[6,-3],[11,2],[-5,-9],[5,-3],[8,16],[6,2]],[[93925,29894],[-11,-63],[5,-10],[-1,-7],[3,-13],[5,-5],[-15,12],[-7,19]],[[93899,29837],[0,7]],[[93902,29848],[1,0],[1,7],[-27,8],[-5,9],[-15,7]],[[93852,29887],[3,-1],[12,11],[11,2]],[[93846,29888],[6,-1]],[[93852,29887],[5,-8]],[[93857,29879],[16,-8],[5,-14],[-21,3]],[[93845,29841],[3,-8],[-5,-3],[-4,-12],[-4,2],[-1,-7],[-8,-3],[0,-3],[9,-7],[-12,-2],[-2,1],[4,29],[-5,5],[-1,-6],[-4,4],[-3,-2],[0,-9],[-6,4],[4,6],[1,22]],[[93811,29852],[9,6],[0,4],[8,0]],[[93828,29862],[-1,5]],[[93827,29867],[10,6],[0,8],[8,0],[1,7]],[[93902,29848],[-3,0],[0,-4]],[[93899,29844],[2,-1],[-2,-6]],[[93899,29837],[3,-2],[-3,-3],[4,1],[4,-5],[-3,-1]],[[93904,29827],[-1,-8],[2,-16],[-5,1],[-3,10],[-6,5],[-3,-2],[-6,5],[-3,-2],[9,-13],[-9,0],[11,-7],[3,-6],[-4,-11],[-14,10],[-2,-5],[-3,1],[3,11],[-4,23],[2,21],[6,19],[28,-10],[-3,-5]],[[93845,29841],[7,2],[-6,8],[4,2],[0,3],[6,-2],[1,6]],[[93857,29860],[21,-4],[-7,-12],[-2,-18],[4,-26],[-2,-10],[-6,6],[-2,12],[-3,2],[-4,-5],[0,-10],[-5,0],[-1,-5],[-2,1],[-3,12],[-6,6],[2,6],[-3,5],[10,17],[-3,4]],[[93925,29894],[-4,4]],[[93921,29898],[2,3],[4,-3],[2,3],[13,-3],[0,4],[-11,13],[7,11],[9,0],[8,-6],[3,6],[2,15],[7,-14],[-4,-8],[0,-7],[6,-9],[7,-1],[2,-3],[1,-10],[-3,-1],[-2,-5],[4,-6],[-4,-4],[6,-11],[-10,-1]],[[93965,29845],[-4,0],[-5,5],[-2,19],[-7,4]],[[93931,29873],[-11,-10],[6,30],[-1,1]],[[93965,29845],[5,16]],[[93970,29861],[6,3],[3,-4],[6,1],[3,6],[17,2],[1,4],[7,3],[7,-11],[-9,-3],[-4,-7],[-8,1],[1,-26],[-22,-4],[-1,-5],[5,-4],[0,-6],[-5,-2],[-17,6],[2,-9],[3,-3],[-3,-11],[3,-7],[-4,-5],[-4,3],[-3,19],[-11,3],[-3,4],[-4,-1],[1,17],[-10,-15],[-5,14],[4,6],[-1,5],[-2,-4],[-9,0],[5,31],[12,11]],[[93931,29873],[16,0]],[[93947,29873],[6,-3],[3,-20],[9,-5]],[[93995,29989],[14,-1],[5,7],[9,-2]],[[94016,29962],[3,-3],[-6,-1],[-2,-5],[9,1],[-1,-2],[5,-13],[13,-12],[-3,-13],[-3,-2],[-10,4],[-15,-11],[-1,-9],[-5,-2],[-4,18],[-17,7],[-5,10],[4,5],[0,9],[-8,-1],[2,9],[-4,-4],[-12,0],[-6,-8],[-17,0],[-2,8],[10,10],[-4,5],[1,4],[-7,5],[4,14],[-4,13],[-7,10],[0,15],[18,-3],[10,-8],[-2,-15]],[[94023,29993],[12,-2],[2,13],[4,-3],[7,6]],[[94069,30000],[4,-4],[-3,-19],[5,-21],[6,-1],[5,-6],[9,0],[-1,5],[4,0],[9,-10],[4,-12],[10,-3],[-3,-15],[-7,-2],[-1,-14],[-5,-5],[1,-16],[-8,-1],[-20,11],[-10,-1],[-4,6],[0,6],[-6,6],[8,-1],[2,9],[6,1],[0,8],[4,5],[-10,-4],[0,8],[-3,1],[-9,-9],[2,13],[8,10],[-2,6],[-5,-1],[0,4],[-5,2],[-4,-4],[-5,2],[-6,-4],[-4,3],[-3,-4],[-16,13]],[[94016,29962],[2,4],[2,0],[3,27]],[[94184,30460],[-17,-2],[-6,6],[1,8]],[[94119,30464],[7,5],[-10,4],[-2,8],[17,2],[10,12],[2,17],[3,6],[-3,5],[1,26],[5,-4],[4,-13],[4,-5],[29,-7],[-4,10],[-7,0],[-3,7],[1,11],[-4,11],[0,6],[-6,1],[-7,12],[-13,11],[11,18],[-3,9],[19,30],[-1,8],[-8,3],[0,3],[20,4],[13,-13],[-12,1],[-5,-6],[-6,-14],[-3,-29],[5,-8],[8,2],[-2,-2],[4,-6],[14,-11],[-3,-8],[-7,-2],[-2,-14],[5,-12],[14,-3],[3,-13],[7,-9],[-1,-4],[-6,-2],[-1,-13],[2,-9],[-4,-4],[-11,2],[-4,-4],[-4,-6],[3,-7]],[[94058,30340],[-3,-19]],[[94064,30240],[-12,6],[-16,-13],[0,11],[-9,10]],[[93866,30548],[9,7],[5,-1],[4,9],[6,3],[9,-12],[2,-14],[14,-4],[-10,13],[-4,18],[8,0],[-1,4],[-3,3],[-8,-2],[-9,21],[5,4],[7,-14],[4,11],[7,5],[3,-3],[0,-6],[8,-7],[7,5],[7,-2],[6,10],[5,-3],[4,3],[2,17],[8,-6],[1,-20],[20,-4],[6,-6],[-11,14],[-1,10],[11,4],[12,-9],[5,6],[-11,8],[0,6],[-20,-1],[-5,11],[1,5],[6,3],[24,-7],[20,13],[12,-10],[-2,19],[4,3],[7,-2],[12,9],[5,7],[0,13],[5,5],[12,-5],[7,6],[11,-4],[5,3],[11,-4],[9,-8],[6,1],[7,-13],[-4,-6],[1,-6],[-7,-4],[0,-7],[-12,-3],[-4,-10],[6,-12],[-8,-1],[-1,-8],[-19,-25],[2,-3],[6,1],[12,10],[11,-1],[0,-11],[-7,-12],[4,-6],[-7,-10],[6,-17],[-4,-4],[-7,3],[-11,-7],[-7,4],[-3,7],[-9,-10],[-11,2],[1,-6],[13,-13],[6,-1],[-9,-7],[-9,3],[1,-7],[-5,0],[-3,-4],[-11,-2],[-4,4],[-13,2],[7,-3],[4,-5],[-1,-3],[10,-7],[12,3],[-2,-6],[-13,0],[0,-2],[4,-1],[7,-9],[-17,-10],[2,-4],[-5,-9],[3,-7],[-2,-13],[-11,-1],[9,-3],[-2,-8],[10,15],[2,8],[9,-4],[-7,11],[7,12],[-3,1],[15,5],[7,-12],[-1,-7],[4,-3],[2,3],[3,-2],[-5,-5],[1,-4],[13,-3],[-1,-2],[6,-3],[4,-10],[2,4],[0,-4],[1,4],[0,-4],[2,2],[6,-8],[8,1],[-4,-15],[-5,-6],[3,-17]],[[94067,30473],[6,6],[8,-3],[2,1],[-3,2],[6,-1],[4,-17],[-11,-9],[1,2],[-4,4],[-10,4],[1,11]],[[94179,30399],[-5,3],[8,-3],[-3,0]],[[94119,30464],[9,-2],[4,10],[2,-2],[7,9],[9,-11],[12,4]],[[94162,30472],[-1,-9],[7,-5],[16,2]],[[94184,30460],[2,3],[-1,5],[3,2]],[[94188,30470],[2,-9],[-1,-2],[3,-4],[-3,-3],[-9,2],[-6,-9],[1,-8],[-6,-2],[-6,-13],[1,-12],[5,-8],[1,-8],[-4,-6],[-10,-5],[-6,-15]],[[94142,30370],[-12,10],[3,1],[-6,4],[1,7],[6,2],[-10,1],[-2,2],[4,0],[-7,7],[5,0],[-5,7],[2,3],[4,-1],[-1,3],[-5,1],[-1,-5],[-5,-3],[-4,6],[5,2],[-2,11],[-7,-4],[-1,8],[4,0],[0,8],[6,3],[5,-2],[-1,4],[2,3],[-5,5],[4,11]],[[94108,30362],[-4,17],[5,5],[5,0],[1,7],[4,3],[4,-1],[5,-13],[14,-10]],[[94142,30370],[2,1],[1,-3],[5,0]],[[94150,30368],[5,-13],[-1,-3],[-10,-1],[0,-7],[4,-2],[-8,-1],[-4,-4],[-10,-28],[-5,-2]],[[94070,30328],[-14,2],[2,10]],[[94058,30340],[-9,6],[5,29],[25,-4],[7,-6],[3,3],[6,-2],[4,4],[9,-8]],[[94055,30321],[2,9],[13,-2]],[[94070,30328],[21,-21],[13,-2],[1,3],[12,2],[4,-9],[0,6]],[[94121,30307],[4,3],[0,-11],[17,-14],[-12,-5],[-5,-9],[3,-10],[-8,5],[-5,-4],[-8,3],[-11,-3],[-3,-25],[-3,2],[-3,-11],[-5,-2],[-1,11],[-17,3]],[[94064,30240],[2,21],[-10,6],[6,-1],[2,13],[5,-1],[-2,9],[-2,-1],[-2,8],[-5,6],[3,15],[-4,0],[1,5],[-3,1]],[[93996,30133],[3,-12],[5,-1]],[[94041,30131],[10,1],[-8,-44],[-6,2]],[[94021,30098],[-12,-1]],[[94013,30093],[5,-18],[-37,9]],[[93975,30090],[-7,1]],[[93972,30124],[9,-1],[-1,13]],[[93970,30199],[-10,12],[17,2],[11,9],[28,-5],[6,5],[4,-6],[7,-1],[-5,-2],[-1,-6],[3,-6],[4,1],[1,-4],[3,2],[1,-3],[2,-28]],[[94044,30165],[13,4],[8,-3]],[[94074,30153],[-4,-22],[-29,0]],[[94041,30131],[-14,7],[-9,-1],[-14,-17]],[[94004,30120],[-4,1],[-4,12]],[[93996,30133],[-16,3]],[[93980,30136],[-4,7]],[[93991,30141],[-8,14],[-1,9],[4,4]],[[93828,30100],[9,-1],[2,3]],[[93851,30103],[8,-4],[18,13],[12,0]],[[93927,30062],[13,-41],[-16,2],[2,4],[-4,2],[-3,11],[-3,-6],[4,-10],[-4,-17],[-9,1],[-3,-4],[-20,7],[-7,-2],[2,5],[-8,14],[-7,5],[-4,-2],[-9,10],[-6,-4],[-1,4],[2,6],[-11,7]],[[93835,30054],[0,19]],[[93835,30073],[-16,10],[-3,11]],[[93816,30094],[12,6]],[[93996,30071],[2,9],[21,-4],[-6,17]],[[94013,30093],[-4,4]],[[94009,30097],[5,2],[7,-1]],[[94021,30098],[-2,-8],[4,-2],[14,2]],[[94037,30090],[6,-1],[0,-4]],[[94050,30085],[-1,-16]],[[94101,30058],[-8,-6],[-10,-16],[8,-26],[-9,4],[-4,-2],[-3,-5],[4,-9],[-3,-3],[-7,5]],[[94069,30000],[-15,2],[-6,5]],[[94048,30007],[-8,-6],[-4,9]],[[94017,30015],[-6,36],[-1,0]],[[93975,30090],[-3,-2],[1,-6],[8,2]],[[93981,30084],[16,-3],[-1,-10]],[[93996,30071],[-3,0],[2,-2],[-3,-3],[2,-4],[-1,-9],[13,-8],[1,6],[3,0]],[[94010,30051],[7,-36]],[[94017,30015],[4,1],[3,-3],[12,-3]],[[94036,30010],[2,-6],[-3,-13],[-21,4],[-3,-6],[-16,0]],[[93995,29989],[-14,-12],[-6,0],[-11,6],[-2,6],[-12,8]],[[93950,29997],[3,14],[-13,9],[-15,47],[3,31],[47,-8]],[[93765,30346],[-8,5],[-4,9],[4,5],[-2,5],[2,8]],[[93757,30378],[-5,10],[-14,12],[7,8],[0,6],[-7,7],[-2,11],[7,4],[9,-5],[-5,9],[2,7],[-3,8],[3,6],[-1,9],[4,3],[14,-8],[-8,11],[4,11],[7,5],[0,18],[7,-3],[11,5],[5,-8],[1,7],[9,12],[27,0],[6,8],[4,-2],[2,7],[7,3],[3,5],[15,4]],[[93866,30548],[25,-58],[23,-11],[8,-11],[15,-9],[-5,-12],[9,8],[16,-5],[2,-6],[-5,-9],[1,-8],[10,-2],[4,9],[10,-4],[5,-6],[10,-1],[0,-8],[-9,-5],[2,-10],[-7,-10],[3,-1],[-2,-17],[-9,-27],[-8,-13],[-8,-2],[-12,-9],[-3,-8],[17,-2],[11,10],[24,-5],[10,11],[-4,-13],[-5,-51],[8,-6],[25,-3]],[[94027,30254],[9,-9],[1,-8],[-12,-7],[-7,-13],[-30,5],[-10,-9],[-12,1],[-8,-3]],[[93945,30225],[-10,5]],[[93814,30244],[3,21],[-7,12],[-33,3]],[[93777,30280],[-5,4],[0,5],[-4,5],[3,6],[-7,2]],[[93764,30302],[-15,17],[16,27]],[[93801,30177],[6,6],[11,0]],[[93818,30183],[-2,5],[-6,3],[-3,16]],[[93807,30207],[7,37]],[[93814,30244],[10,-2],[19,5],[14,15],[15,9],[10,-22],[53,-9],[2,-5],[-2,-5]],[[93935,30230],[4,-4]],[[93928,30220],[-2,-12],[-12,-9],[7,-9]],[[93881,30139],[-9,0],[-11,5],[-9,11]],[[94101,30193],[5,-20],[10,-9],[4,-13],[5,-3],[12,1],[11,-11],[-17,-3],[-18,-11],[-18,4],[-9,-5],[-7,1],[1,3],[-9,9],[3,17]],[[94074,30153],[-4,0],[1,7],[-6,3],[0,3]],[[94065,30166],[-10,3],[1,5]],[[94093,30104],[2,-1],[0,-5],[5,-1],[7,-17],[1,-26],[-7,4]],[[94101,30058],[-8,13],[-2,-7],[-5,2],[-11,-4],[-26,7]],[[94049,30069],[3,18],[4,6]],[[94093,30104],[0,-11],[-17,3],[-2,-5],[-18,2]],[[94056,30093],[-6,-8]],[[94050,30085],[-7,0]],[[94043,30085],[8,47],[16,-2],[6,6],[7,-9],[0,-6],[3,1],[3,-8],[7,-4],[8,11],[9,2],[-17,-19]],[[93818,30119],[-4,3],[-5,11]],[[93809,30133],[-9,-1]],[[93800,30132],[-12,10],[4,13],[1,13],[8,9]],[[93801,30177],[17,-3],[15,-28],[3,7],[-2,8],[5,-5],[13,-1]],[[93852,30155],[11,-13],[18,-3]],[[93881,30139],[1,6],[10,4],[2,-9],[0,3],[11,-2],[1,20],[6,-1],[4,10],[-4,4],[1,8],[6,0],[2,8]],[[93921,30190],[-7,6],[1,6],[9,5],[4,13]],[[93928,30220],[11,6]],[[93939,30226],[6,-1]],[[93945,30225],[-2,-7],[15,-4],[0,-3]],[[93958,30211],[12,-12]],[[93970,30199],[16,-11],[-3,-13],[3,-7]],[[93986,30168],[-4,-5],[9,-22]],[[93991,30141],[-15,2]],[[93976,30143],[6,-16],[-2,-4],[-8,1]],[[93972,30124],[3,-11],[-9,6],[0,-12],[4,-1],[-2,-15]],[[93968,30091],[-40,7],[-4,-22],[3,-14]],[[93927,30062],[-6,1],[-6,9],[2,12],[-14,3],[-2,-6],[-7,3],[-1,4],[8,12],[-13,6],[1,6]],[[93889,30112],[-14,-1],[-11,-11],[-13,3]],[[93851,30103],[-12,-1]],[[93839,30102],[-3,-3],[-13,4],[0,8]],[[93823,30111],[-5,4],[0,4]],[[94101,30193],[-32,6],[-4,-25],[-4,-2],[-5,2]],[[94056,30174],[-1,-6],[-5,1],[-6,-4]],[[94044,30165],[-3,4]],[[94041,30169],[0,23],[-3,9],[7,15],[6,2],[1,9],[4,3],[5,-10],[12,-5],[1,-4],[11,-6],[5,7],[2,18],[7,11],[3,17],[20,5],[-17,-37],[-4,-33]],[[92449,29225],[21,2],[17,18],[9,1],[7,-3],[3,-6]],[[92506,29223],[-31,-30],[-8,-21],[1,-17],[2,-4],[8,-5],[13,4],[21,27],[8,-4],[18,-19],[4,-11],[-16,-43],[3,-28],[6,-10],[9,-2]],[[92566,29021],[-12,-11],[-14,1]],[[92538,28984],[-17,1],[-6,2]],[[92423,29030],[-30,16],[13,33]],[[92417,29130],[4,2],[6,20]],[[92648,29193],[32,39],[67,-47]],[[92751,29167],[3,-6],[-6,-15]],[[92744,29125],[-1,-5],[-4,-4],[-13,16],[-24,12],[-29,26],[-28,9]],[[92551,29262],[20,4],[19,-3],[8,-44],[17,-29],[34,-12],[-14,-32],[-39,-36],[-10,-6],[-29,-8],[-29,-16],[-2,20],[16,44],[-4,10],[-15,17],[-10,6],[29,29],[12,22],[2,16]],[[92687,29245],[-39,-52]],[[92648,29193],[9,-8],[-9,1],[-3,-7]],[[92645,29179],[-30,11],[-18,31],[-7,34],[1,16]],[[92599,29113],[39,37],[11,28],[24,-8],[28,-25],[23,-11],[15,-18],[12,-6]],[[92715,29044],[-26,-6],[-16,9]],[[92637,29050],[-3,6]],[[92638,29064],[0,7],[11,9],[8,2]],[[92599,29113],[12,-5],[2,5],[11,-4],[2,8],[13,-9],[-4,-11],[8,-1],[3,-7],[11,-7]],[[92657,29082],[-16,-7],[-4,-6],[1,-5]],[[92638,29064],[-4,-8]],[[92634,29056],[-12,6]],[[92606,29062],[-5,-5],[-21,3]],[[92567,29056],[-34,8],[-5,16],[35,18],[23,6],[13,9]],[[92798,28986],[14,70],[-1,13]],[[92826,29062],[6,-8],[13,1]],[[92861,29055],[4,5]],[[92906,29044],[-18,-20],[-5,-10],[-6,0],[2,-7],[-10,-8],[6,-8]],[[92838,28960],[-12,-9],[2,-5]],[[92925,28912],[4,-11],[-10,-16],[3,-11],[-10,-9]],[[92833,28753],[-40,6]],[[92791,28837],[-9,7],[3,8],[-4,12],[9,-4],[2,2],[-7,15]],[[92788,28882],[-3,12],[9,3]],[[92792,28914],[9,8],[5,-3],[10,9],[-1,8],[-4,-2],[-16,2]],[[92876,29074],[-15,-19]],[[92861,29055],[-9,11],[-7,-11]],[[92845,29055],[-14,0],[-5,7]],[[92826,29062],[4,9],[-10,11],[-9,-13]],[[92811,29069],[-1,-20]],[[92730,29048],[-15,-4]],[[92715,29044],[21,47],[15,19]],[[92751,29110],[-2,3],[69,29],[23,20],[9,20],[3,23],[2,-10],[10,-17],[2,-15],[13,-5]],[[92774,29284],[1,5],[4,8]],[[92786,29311],[-3,4],[6,3]],[[92795,29328],[12,21]],[[92843,29349],[32,-62],[-13,-17],[-7,-21],[-3,-57],[-5,-17],[-11,-19],[-16,-14],[-71,-29],[-8,4],[3,8]],[[92744,29125],[-5,11],[4,7],[5,3]],[[92748,29146],[6,18],[-3,3]],[[92751,29167],[-2,-4],[-11,8],[9,14]],[[92747,29185],[-3,2]],[[92756,29213],[9,-12],[1,18]],[[93231,29226],[-13,-13]],[[93211,29194],[-3,-21],[8,-19],[18,-16],[7,3]],[[93284,29122],[16,1],[5,-13],[-23,-9],[-8,-8],[2,-9]],[[93254,29034],[-7,1],[-2,-4],[2,-15]],[[93243,29001],[8,0],[-1,-4],[-12,-9]],[[93211,28984],[-1,-15],[-11,7]],[[93176,28963],[-19,-14],[-11,9],[-6,0],[8,46],[-30,5],[2,-7],[-8,-12],[-4,-17],[-4,-3],[-1,-16],[-7,-6],[-3,-12],[2,-4],[-6,-12],[-6,-4],[4,-11],[-5,-6],[-8,-34],[-4,-3],[1,-12],[-4,-22],[-14,-8],[0,-10],[-3,-4],[1,-13],[-17,-5],[0,-7],[3,-2],[-6,-16],[-9,-7],[-2,-7],[1,-25],[16,-5],[12,-13],[1,-6],[-37,7],[-2,-5],[-13,7],[-14,-2],[-1,7],[-10,11],[-19,-3],[-19,17],[-5,-4],[4,-15]],[[92898,28742],[-65,11]],[[92833,28753],[-3,20],[2,6],[7,0],[10,9],[6,-7],[6,2],[6,-10],[14,1],[1,6],[12,5],[4,11],[15,16],[1,12],[11,14],[-8,12],[5,7],[-10,8]],[[92912,28865],[10,8],[-2,14],[9,16],[-4,9]],[[92925,28912],[3,6],[-5,12],[-95,16]],[[92828,28946],[-2,7],[12,7]],[[92838,28960],[3,-6],[8,4],[5,-5],[2,15],[7,4],[-2,8],[7,7],[4,-4],[3,3],[0,5]],[[92875,28991],[-6,7],[10,9],[-2,6],[6,1],[6,11],[22,23],[4,0],[3,-12],[10,2],[4,3],[0,16],[2,2]],[[92957,29044],[1,0],[10,17]],[[93028,29166],[9,18],[-9,1],[-11,21],[14,-2]],[[92880,29158],[6,-9]],[[92964,29228],[16,17],[9,-6],[5,5]],[[93008,29240],[3,-3],[3,-8],[2,0],[2,-28],[11,-17],[9,-1],[-10,-17]],[[93028,29166],[9,-10],[0,-5],[-9,2],[3,-8],[-8,0],[-17,-12],[-10,-24],[-12,9],[-1,-6],[6,-14],[-18,-22],[-3,-15]],[[92968,29061],[-11,-17]],[[92957,29044],[-11,0],[-10,8],[-2,7]],[[92934,29059],[-3,-19],[-12,-5],[-5,13],[-8,-4]],[[92906,29044],[3,18],[-27,-7],[-17,5]],[[92865,29060],[11,14]],[[92876,29074],[-2,4],[5,1],[5,14],[-6,3],[2,5],[-5,7],[-6,3],[-3,-5],[-6,11],[-5,-2],[-3,15],[28,28]],[[92966,29258],[16,-11],[-18,-19]],[[92964,29228],[-29,-65],[-34,11],[-9,-19],[-6,-6]],[[92886,29149],[-8,10],[-11,4],[-2,16],[-11,18],[0,42],[7,26],[9,7],[49,-5]],[[92637,29050],[33,4],[3,-7]],[[92673,29047],[17,-10],[40,11]],[[92730,29048],[2,-2],[22,19],[8,0],[11,-10],[10,2],[27,-8]],[[92810,29049],[-12,-63]],[[92798,28986],[-12,-28],[-5,-25],[7,-4],[7,7]],[[92795,28936],[21,-1],[-2,-10],[-8,-6],[-5,2],[-9,-7]],[[92792,28914],[2,-17]],[[92794,28897],[-9,-2],[3,-13]],[[92788,28882],[-3,-5]],[[92785,28877],[7,-16],[-11,2],[4,-11],[-2,-9],[8,-6]],[[92791,28837],[6,-11],[-5,0],[-3,-11],[2,-7],[-7,-5],[3,-7],[-11,-9],[6,-12],[7,-2],[2,-6],[4,-2],[-2,-6]],[[92793,28759],[-130,24]],[[92650,28935],[-12,-7],[-6,1],[-4,6],[-5,18],[11,89],[3,8]],[[92982,29403],[2,-3],[-9,-19]],[[92972,29383],[-36,-29],[-24,-34],[-37,-35],[-1,6],[-31,58]],[[92843,29349],[-27,-14],[-9,14]],[[92807,29349],[-3,-5]],[[92843,29389],[6,5],[0,11],[10,24]],[[92982,29403],[3,13]],[[93087,29423],[-6,-46]],[[93041,29362],[-4,5],[-11,1],[-8,14],[-7,3],[-8,-2],[-7,-13]],[[92980,29390],[5,12],[-3,1]],[[92972,29383],[3,-2]],[[92975,29381],[5,9]],[[92980,29390],[7,-9],[0,-3],[9,-8]],[[92996,29370],[10,14],[12,-2],[-43,-46]],[[93015,29301],[7,-9],[-6,-63],[-8,11]],[[93008,29240],[-5,-4],[-9,8]],[[92994,29244],[-4,-5],[-5,1],[-10,14],[-9,4]],[[92966,29258],[2,5],[-22,-8],[-1,4],[-26,8]],[[92919,29267],[-48,5],[-8,-4],[2,7],[10,12],[38,34],[22,32],[37,30]],[[93041,29362],[5,3],[9,-3],[26,15]],[[93081,29377],[-9,-37]],[[93056,29286],[4,-23],[10,-11],[-22,-10],[-15,5]],[[93031,29273],[0,21],[-3,2],[-7,-4],[-6,9]],[[93015,29301],[-1,-2],[-10,9],[-5,-2],[3,4],[-3,5],[-24,21]],[[92975,29336],[11,13],[2,-1],[30,34],[7,-13],[13,-2],[3,-5]],[[92257,28523],[8,-13],[1,-11],[7,-5],[7,5]],[[92279,28504],[13,17],[-7,9],[-3,12],[-9,4]],[[92285,28558],[26,-8],[9,6]],[[92315,28565],[8,11],[24,-27]],[[92424,28554],[17,-36],[-9,-11],[-9,-3],[-19,-37],[-5,1],[-41,-75],[-17,-16],[-46,-31],[-27,-32],[25,-20],[-25,5],[-20,-14],[2,-2],[-35,6],[-50,-44],[-5,22],[14,3],[-8,38],[7,2],[-4,15],[2,4],[-7,1],[3,24],[-56,9],[4,8],[-7,1],[-3,6],[1,4],[16,16],[0,10],[6,4],[1,16],[5,6],[-1,7],[4,12]],[[92328,28862],[-11,16],[-8,3]],[[92283,28870],[-36,5],[3,7],[7,3]],[[92380,29059],[21,-19],[22,-10]],[[92423,29030],[33,-7],[3,5],[55,-10],[1,-31]],[[92515,28987],[23,-3]],[[92538,28984],[2,27]],[[92540,29011],[15,0],[11,10]],[[92566,29021],[2,16],[-2,6],[-9,3],[-1,5],[-12,9]],[[92544,29060],[23,-4]],[[92567,29056],[13,4]],[[92580,29060],[18,-3],[8,5]],[[92606,29062],[16,0]],[[92622,29062],[2,0],[9,-4],[4,-9],[-3,-7],[-3,-42],[-4,-9],[-4,-34],[3,-16],[8,-13],[16,7]],[[92650,28935],[15,-2],[11,-15],[-8,-21],[-10,-10],[13,-13],[3,-19],[-6,-13],[-6,-5],[-5,-13],[7,-13],[0,-9],[7,-9],[-8,-10]],[[92663,28783],[235,-41]],[[92898,28742],[10,3],[1,-10],[17,0],[-9,-9],[15,-10],[2,4]],[[92934,28720],[-4,16],[6,2],[10,-10],[-5,-4],[2,-24],[-3,-10],[4,-3],[12,5],[4,-26],[8,-1],[7,5],[9,-2],[11,-9],[8,-22],[9,-9],[15,-6],[8,-23],[-6,-26],[18,-10],[-5,-6],[-11,-5],[-8,-17],[-7,-6],[-15,-50],[-8,-4],[-19,11],[-15,15],[-30,8],[-51,36],[-8,-19],[-9,-6],[-9,-14],[-21,-3],[-13,10],[-1,10],[-11,9],[-1,7],[4,2],[-14,20],[-44,16],[-22,-8],[-2,-5],[-4,2],[-2,8],[-29,-9],[-7,12],[-11,5],[1,-7],[-2,-5],[-43,-7],[1,-7],[-7,-5],[-6,-16],[-9,-4],[-1,-4],[4,-3],[-2,-7],[-9,-6],[3,-5],[-11,2],[-15,-43],[-14,-13],[-2,-12],[4,-20],[-1,-10],[-22,4],[-6,7],[-3,13],[-9,2],[-2,-12],[-9,2],[5,33],[-16,3],[1,14],[-6,1],[-5,14],[4,1],[-9,17],[-35,16],[-13,-4],[-16,33]],[[92424,28554],[-33,4],[0,17],[-3,5],[-16,-4],[-7,-5],[2,-23],[-5,-5],[-15,6]],[[92347,28549],[-23,23],[-1,4],[2,11],[-7,17],[1,15]],[[92341,28623],[5,2],[1,6],[-5,17]],[[91870,28770],[-10,16],[2,14]],[[91871,28827],[-8,5],[-2,8],[3,20],[11,20],[11,-8],[33,-14]],[[92218,28883],[65,-13]],[[92283,28870],[14,11],[12,0]],[[92309,28881],[10,-5],[9,-14]],[[92328,28862],[1,-10],[7,-5],[-5,-14],[2,-23],[-5,-11],[8,-3],[1,-6],[9,-1],[7,-5],[16,-1],[-14,-89],[-17,0],[-8,4],[-6,-7],[16,-11],[3,-12],[-1,-20]],[[92342,28648],[5,-19],[-6,-6]],[[92341,28623],[-13,10],[-9,-14]],[[92319,28619],[0,-20],[6,-14],[-10,-20]],[[92315,28565],[5,-9]],[[92320,28556],[-10,-6],[-25,8]],[[92285,28558],[-6,9],[-5,0],[-3,-10],[2,-11]],[[92273,28546],[9,-3],[3,-13],[7,-8],[-3,-8],[-10,-10]],[[92279,28504],[1,-5]],[[92280,28499],[-9,-5],[-5,7],[-1,10],[-8,12]],[[92257,28523],[-16,-1],[-30,27],[-15,-26],[-13,-11],[-42,-15],[-8,-9],[-1,-10],[-6,-9],[3,-13],[8,-3]],[[92137,28453],[-5,-23],[-36,7],[-2,-11],[-19,6],[-1,-6],[-24,4],[2,11],[-12,2],[2,8],[-8,16],[-7,-3],[-5,13],[-19,4],[7,11]],[[92130,29438],[-7,2],[0,4]],[[92293,29452],[16,16],[6,19],[9,13],[3,-1],[-11,-23],[-4,-21],[4,-11],[9,-7],[7,2],[5,8],[6,-1],[-6,-39]],[[92375,29382],[23,-25],[22,-3],[17,4],[10,-3],[3,-6],[0,-8],[-5,-7],[-20,-25],[-30,-27],[6,-27]],[[92424,29223],[17,-3],[8,5]],[[92449,29225],[4,-10],[-7,-7],[2,-2],[-4,-5],[1,-7],[-7,-5],[0,-9],[-6,-9],[-4,-15],[-3,-2],[2,-2]],[[92427,29152],[-4,-8],[0,-7],[-6,-7]],[[92417,29130],[2,-8],[-5,-9],[-1,-12],[14,-7],[-6,-11],[-15,-4]],[[92406,29079],[-14,-33],[-12,13]],[[92380,29059],[-3,-13],[-16,3],[-8,-51],[5,-5],[4,-25],[13,-6],[-10,-36],[-4,-2],[-6,-10],[-51,8],[-3,-14],[-26,12],[-3,5],[-7,-23],[-12,-4],[-1,-7],[5,-6]],[[92257,28885],[-10,-7],[-29,5]],[[92218,28883],[-4,-27],[-34,6],[-1,-5],[-38,6],[-3,-16],[-46,9],[-4,-28],[-12,4],[-14,9],[-21,-4],[-12,-6],[-17,7],[3,8],[-11,2],[4,23],[-14,3],[3,21],[-6,-1],[-3,-7],[-30,-18],[-1,-5],[-8,0],[-2,3],[-7,-9],[-7,1],[-4,-2],[0,-6],[-10,7]],[[91919,28858],[-41,18],[-3,4],[13,27]],[[91812,29045],[-15,21],[-9,33]],[[91804,29158],[-4,0],[-1,12]],[[91473,30854],[-9,1],[-6,10],[-20,13],[-9,0]],[[91426,30869],[-18,-13],[-2,-15]],[[91444,30810],[-4,-25],[-24,9]],[[91425,30383],[-1,-11],[-13,3]],[[91409,30362],[-8,1],[-2,-13]],[[91430,30170],[-5,0]],[[91389,30179],[-4,-1]],[[91138,29987],[3,4],[11,1],[7,10],[1,7],[-6,9],[2,4],[16,0],[14,6],[3,4],[2,15],[12,12],[-6,11],[6,17],[-9,17],[-1,8],[-8,2],[-8,-4],[-15,16],[-1,8],[23,22],[7,12],[11,-5],[11,19],[10,0],[5,5],[12,3],[7,15],[-8,9],[-6,14],[-15,-13],[-6,5],[0,11],[-9,1],[-15,-22],[-22,-9],[-6,1],[-6,7],[1,13],[18,14],[1,4],[-5,5],[-4,14],[69,-13],[19,108],[37,-3],[7,41],[34,-7],[10,4],[0,18],[-4,7],[-8,2],[-10,13],[-5,1],[7,41],[36,-4],[20,-6],[6,33],[7,-1],[2,7],[-4,11],[1,12],[11,-2],[2,12],[-33,6],[4,21],[-30,6],[3,18],[-18,3],[4,26],[-21,3],[7,37],[-3,5],[-3,-4],[-5,1],[-2,5],[2,12],[-19,3],[2,10],[-9,1],[5,26],[-5,4],[-2,6],[-33,6],[1,3],[3,0],[5,31],[30,-5],[-1,-3],[3,-1],[-4,-31],[24,-5],[3,7],[11,-2],[2,12],[24,-4],[19,126],[-12,2],[10,76],[11,-1],[-1,-5],[26,-4],[4,-6],[1,7],[12,-2],[-2,-9]],[[92235,30187],[10,46]],[[92357,30230],[44,-8],[-6,0]],[[92380,30205],[-4,-29]],[[92379,30115],[3,-9],[-8,-18],[2,-11]],[[92378,30058],[-3,-9],[2,-17],[-9,-13],[-20,0],[-6,-9],[-5,-2]],[[92303,30030],[-14,0],[-2,12]],[[91444,30810],[-49,6],[10,4],[4,5],[-3,16]],[[91406,30841],[1,13],[19,15]],[[91426,30869],[3,9]],[[91429,30878],[13,-2],[16,-11],[9,-11],[6,0]],[[91473,30854],[2,15],[-19,6],[-1,-6],[-4,2],[2,13],[-18,3],[2,12],[-9,1],[2,12],[-15,2]],[[91415,30914],[1,5],[99,-17],[-7,-51],[52,-7],[10,34],[9,-2],[3,4],[6,-3],[6,9],[9,1],[3,14],[-6,8],[1,10],[7,-4],[6,7],[4,-4],[5,11],[-3,7],[-9,-4],[-7,9],[7,0],[6,5],[6,8],[-4,3],[3,5],[9,-3],[2,-8],[7,3],[8,-10],[6,1],[0,-5]],[[91654,30940],[-18,-9],[12,-27],[-8,-3],[4,-8],[-1,-5],[-12,0],[-5,-31],[8,-2],[8,6],[2,-4],[11,6],[5,-17],[5,-1],[8,14],[3,-1],[59,27],[-2,14]],[[91733,30899],[15,13],[8,-3],[3,-15]],[[91759,30894],[3,1],[3,21],[25,-3],[-1,-9],[8,-13],[9,5],[2,14],[-9,2],[1,6],[58,-8],[5,31],[38,-6],[-2,-9],[32,-5],[-26,-10],[-4,-15],[-11,-2],[-9,-16],[-17,1],[-10,-71],[-4,-10],[-31,-4],[1,8],[-3,7],[3,9],[6,2],[3,7],[-17,23],[-28,-24]],[[91784,30826],[-18,-4],[-2,-5],[2,-8]],[[91766,30809],[-8,-12],[-1,-12],[9,-24],[15,-2],[-4,-4],[3,-6],[-2,-13],[6,-1],[-4,-21],[28,-6],[7,36],[26,-5],[-1,9],[-7,12],[1,9],[-2,12],[12,-2],[1,5],[68,-11],[3,23],[24,-3],[5,31],[15,-2],[1,9],[-14,5],[2,14],[15,-3],[1,4],[31,-5],[-4,12],[45,-7],[7,45],[12,-2],[-1,-9],[9,-2],[-3,-20],[64,-9],[2,13]],[[92127,30867],[78,-15]],[[92205,30852],[-1,-4],[7,-2],[-1,-3],[11,2],[-1,5],[33,-5],[-2,-10],[17,-3],[-1,-7],[16,-3],[2,11],[13,-2],[1,5],[19,-3],[-11,-69],[-15,2],[-3,-15],[-27,5]],[[92262,30756],[-5,-14]],[[92257,30742],[6,-1],[-6,-40],[10,-2],[-2,-12],[12,-2],[-3,-19],[5,-1],[8,-13],[1,-17],[-4,-7],[8,-11],[-7,-6],[-1,-18],[14,-9],[14,-3],[-4,-10],[6,-11]],[[92314,30560],[7,-3],[6,4]],[[92327,30561],[11,0]],[[92338,30561],[1,0],[-1,-14],[15,-11],[19,-6],[15,3]],[[92407,30435],[-3,-20],[-3,1],[-3,-17],[-45,7]],[[92082,30294],[-5,-20]],[[92064,30276],[-2,-14]],[[91772,30227],[-1,-10],[-18,4]],[[91753,30216],[-16,2],[1,6]],[[91711,30243],[-29,13],[8,-3]],[[91627,30293],[-7,-20]],[[91436,30371],[-12,0],[1,12]],[[91425,30383],[-6,10],[1,11],[18,28],[25,2],[3,-5],[16,4],[5,-4],[14,0],[-5,-12],[-3,-1],[-4,-8],[-2,1],[1,-5],[5,8],[2,-3],[5,8],[3,-1],[10,15],[5,-3],[-4,-17],[4,0],[3,-7],[6,5],[-3,17],[5,12],[-55,10],[-1,5],[-13,-1],[0,8],[19,2],[23,17],[-15,22],[4,4],[-2,2],[-5,-4],[-2,5],[6,12],[3,0],[12,11],[18,-3],[2,7],[13,-4],[2,5],[6,-5],[1,4],[5,-8],[2,9],[8,13],[-5,0],[1,7],[3,-1],[6,11],[-8,0],[0,-3],[-12,3],[1,3],[-25,4],[-7,-11],[-2,3],[-5,-3],[-8,2],[-3,-5],[-1,4],[-4,0],[-6,-17],[-6,2],[-2,-6],[-9,1],[3,19],[-23,3],[-3,-6],[-27,5],[5,6],[2,12],[-32,6],[-5,10],[6,-1],[1,8],[-9,1],[4,12],[-17,2],[6,38],[-11,2],[1,8],[8,8],[-8,22],[7,13],[-1,11],[8,20],[-9,37],[8,24],[10,11],[14,-6],[2,-10],[6,-9],[2,0],[0,5]],[[91416,30794],[26,-8],[2,24]],[[91399,30350],[1,13],[9,-1]],[[91409,30362],[2,13]],[[91411,30375],[13,-4],[6,2],[1,-3],[5,1]],[[91436,30371],[-1,-12],[7,2],[6,-16],[21,8],[17,19],[16,7],[-2,-24],[7,-2],[2,6],[4,2],[-2,-5],[5,-5],[4,3],[7,-6],[6,3],[0,-13],[8,5],[4,-4],[5,6],[6,0],[-8,-25],[27,-5],[3,17],[23,-4],[7,-7],[-10,-10],[1,-14],[-3,-15],[-4,-4],[28,-5]],[[91620,30273],[-2,-14]],[[91614,30229],[-5,1]],[[91491,30189],[-5,-2],[-1,3],[-3,-2],[-1,-5],[2,-11],[4,-2]],[[91446,30167],[-16,3]],[[91430,30170],[1,8],[7,-1],[2,12],[-15,2],[6,24],[11,-2],[3,18],[-5,1],[-2,11],[-1,-7],[-27,4],[-3,-22],[-33,5],[6,38],[10,-2],[3,22],[23,-4],[7,53],[-14,2],[-2,-14],[-6,1],[5,30],[-7,1]],[[91772,30227],[6,-1],[6,20],[15,-3],[1,5],[34,-6],[4,20],[18,-3],[1,4],[5,-1],[3,14],[11,-2],[-1,-9],[5,-1],[15,1],[18,7],[3,-2],[12,2],[7,6],[4,10],[19,12],[5,6],[3,-5],[25,-4],[-3,-29],[-6,1],[5,-10],[8,-1],[-1,-8],[14,-2],[-2,-10],[-9,0],[-2,-18],[12,4],[2,14],[18,-3],[1,8],[11,-2],[2,12],[-6,1],[3,15],[24,-7]],[[92062,30262],[5,-9]],[[92059,30227],[13,-1]],[[91901,30090],[-9,-1],[-14,3],[-3,10]],[[91865,30101],[-6,-6],[-16,9]],[[91847,30127],[-5,3],[-5,-1],[-1,-7]],[[91730,30176],[3,33]],[[91736,30208],[2,10],[15,-2]],[[91753,30216],[0,5]],[[91753,30221],[18,-2],[1,8]],[[92353,30406],[62,-9]],[[92419,30320],[2,-24]],[[92417,30232],[-6,-13],[-54,11]],[[92357,30230],[-2,8],[-3,-2],[0,-6],[-27,5],[-4,-5],[-11,-2],[-48,11],[-2,-16],[-13,3],[-2,7]],[[92245,30233],[-6,-34],[-13,2]],[[92109,30222],[-50,5]],[[92059,30227],[-2,7],[10,15],[-5,1],[5,3]],[[92067,30253],[-5,6],[2,17]],[[92064,30276],[13,-2]],[[92077,30274],[3,8],[2,12]],[[92082,30294],[-12,2],[5,27],[13,-2],[5,29],[18,-3],[3,13],[13,-3],[2,7],[-4,8],[9,2],[-1,6],[11,-2],[-1,-9],[7,-1],[-2,-14],[-8,1],[-1,-5],[21,-4],[2,19],[3,0],[4,15],[5,-1],[1,7],[8,-2],[-1,14],[7,-1],[2,11],[-2,7],[11,-2],[1,6],[4,1],[13,-2],[-1,-9],[8,-1],[-2,-14],[7,-1],[5,8],[1,8],[-2,8],[44,-8],[4,-5],[-2,-11],[25,-7],[1,9],[45,-3],[2,14]],[[91618,30259],[4,25],[3,-1],[2,10]],[[91627,30293],[7,-2],[4,25],[12,-2],[-1,-6],[17,-3],[-1,-7],[12,-2],[-2,-11],[4,0],[-1,-9],[5,-1],[0,4],[18,-3],[3,17],[8,-1],[5,23],[15,-2],[-2,-9],[5,-1],[-1,-5],[5,4],[15,0],[-2,-10],[11,-6],[-1,-6],[-10,3],[-2,-15],[-5,4],[-2,-10],[-14,2],[-2,-14],[-29,5],[1,5],[-7,1],[-2,-8]],[[91690,30253],[-9,2],[30,-12]],[[91711,30243],[-3,-14],[30,-5]],[[91738,30224],[-2,-16]],[[91736,30208],[-3,1]],[[91733,30209],[-3,-16],[3,-1],[-4,-22],[-11,-37]],[[91627,30227],[-13,2]],[[91614,30229],[6,12],[-9,3],[3,1],[1,15],[3,-1]],[[91138,29987],[29,-9],[24,-1],[10,-12],[12,-2],[11,4],[43,-7],[4,25],[3,2],[32,-4],[3,21],[-5,-2],[13,82],[13,-2],[6,45],[12,-2],[1,10],[21,-3],[1,6],[8,-1],[6,41]],[[91385,30178],[4,2],[0,-1]],[[91389,30179],[0,-2],[25,-4],[-8,-8],[18,-3],[1,8]],[[91425,30170],[21,-3]],[[91446,30167],[1,9],[8,-2],[-2,-13],[24,-3],[1,7],[8,-1],[1,6]],[[91487,30170],[-5,5],[0,13],[9,1]],[[91491,30189],[4,-11],[11,-4],[0,-5],[3,-1],[1,4],[6,-2],[3,5],[-1,4],[5,8],[-4,3],[4,0],[2,3],[-4,9],[2,6],[6,-5],[1,4],[9,-3],[3,3],[3,-6],[0,-9],[17,-4],[1,3],[5,0],[5,-17],[2,0],[-2,-4],[5,-18],[10,18],[-5,3],[7,5],[6,0],[5,10],[4,-2],[-1,5],[-4,1],[2,9],[26,-7],[-1,7],[-9,3],[-3,6],[-12,-1],[6,21]],[[91609,30230],[18,-3]],[[91627,30227],[1,8],[5,2],[12,-8],[-5,-13],[4,-5],[0,-8],[14,-3],[-1,-6],[13,-3],[14,-10],[6,8],[-5,-34],[-23,4],[1,-20],[22,-3],[-2,-8],[-20,4],[-7,-44],[13,-2],[-6,-38],[29,-5],[6,39],[41,-7],[4,25],[-14,3],[0,-5],[-43,7],[3,22],[-4,1],[1,12],[8,0],[5,3],[4,-8],[15,-2]],[[91718,30133],[12,43]],[[91730,30176],[12,-1],[1,7],[17,-3],[-2,-12],[14,-3],[1,7],[9,-2],[-2,-9],[13,-21],[24,-2],[5,-11],[6,-3],[8,-1]],[[91836,30122],[3,8],[8,-3]],[[91847,30127],[-4,-23]],[[91843,30104],[15,-9],[7,6]],[[91865,30101],[10,1]],[[91875,30102],[4,-10],[22,-2]],[[91901,30090],[3,19],[21,-4],[2,11],[7,-1],[1,3],[18,-3],[-2,-12],[14,-2],[1,12],[8,-2],[12,65],[-2,0],[1,7],[11,-2],[2,11],[10,-2],[2,12],[5,-1],[2,11],[6,-1],[-1,-6],[11,-2],[-4,-23],[34,-5],[9,51]],[[92072,30226],[37,-4]],[[92109,30222],[1,9],[-6,1],[2,15],[8,-1],[0,3],[23,-12],[-2,-14],[13,-8],[3,-12],[13,-3],[1,12],[4,-1],[1,6],[4,0],[-3,-20],[12,-2],[3,23],[7,-1],[-5,-34],[12,-2],[1,10],[22,-4],[3,14]],[[92226,30201],[11,-2],[-2,-12]],[[92235,30187],[15,-2],[2,8],[5,-1],[-13,-81],[26,-4],[-3,-16],[16,-4],[12,-24],[12,-8],[0,-3],[-24,4],[-2,-12],[6,-2]],[[92287,30042],[2,-11],[14,-1]],[[92303,30030],[7,3],[1,4],[7,-1],[-1,-14],[5,5],[11,-9],[-3,-2],[7,-8]],[[92337,30008],[14,12],[26,-3]],[[92257,29864],[-12,-16],[-6,-16],[-6,-28],[10,-27],[11,-9],[31,1],[9,-3],[-2,-1],[7,-20],[-4,-26]],[[92184,29563],[-34,-18],[-22,-9],[-19,-3],[-16,-8],[6,-17]],[[92141,29479],[6,0],[2,-3],[1,-8]],[[92134,29455],[-12,-13],[8,-4]],[[92130,29438],[-1,-18],[7,-3],[-2,-7],[15,-4],[-6,-7],[0,-5],[4,-1],[4,6],[3,0],[-10,-18],[5,-6],[6,5],[1,-9],[-13,-14],[-13,-7],[-2,-25],[-7,-12],[4,-6],[-16,-8],[1,-6],[-6,-3],[4,-5],[-5,-14],[5,-4],[-2,-4],[2,-2],[22,-6],[8,3],[-9,-5],[-12,1],[-7,-10],[-4,0],[0,-4],[-3,-3],[-21,-9],[-13,14],[2,12],[6,-1],[1,10],[-53,11],[2,15],[-4,1],[1,11],[-10,1],[-3,-11],[7,-11],[-1,-4],[-10,-3],[1,-12],[-25,5],[-4,-6],[-11,-1],[0,-6],[-22,-18],[-14,-2],[0,7],[-5,2],[-12,-13],[-17,25],[0,25],[-4,8],[-21,4],[-9,-4],[-4,5],[-5,-8],[-10,5],[-6,-10],[0,-5],[-8,-4],[1,-3],[-9,-16],[-12,-9],[3,-7],[-5,2],[0,-8],[6,-1],[-3,-2],[1,-4],[-4,-1],[0,-8],[-2,1],[-8,-24],[-5,-5],[2,-4],[5,2],[-2,-4],[3,-1],[-6,-3],[7,-3],[-4,-2]],[[91799,29170],[1,-11],[4,-1]],[[91804,29158],[3,-10],[-4,-4],[2,-26],[-11,4],[-7,-7],[7,-4],[-3,1],[4,-6],[-7,-7]],[[91788,29099],[9,-32],[15,-22]],[[91812,29045],[9,2],[5,-7],[7,3],[9,-3],[3,-3],[3,-13],[7,-8],[2,3],[4,-5],[9,1],[-7,-6],[1,-3],[-3,0],[0,-8],[5,-5],[-3,-2],[-2,-21],[6,-13],[6,-3],[4,-21],[8,-13],[-3,-2],[13,-12],[-7,1]],[[91888,28907],[-24,-47],[-4,-22],[11,-11]],[[91871,28827],[-13,-12],[0,-7],[4,-8]],[[91862,28800],[-2,-16],[10,-14]],[[91870,28770],[1,-18],[16,-13],[-1,-16],[10,-14],[14,-4],[3,-24],[7,-19],[7,-8],[-2,-32],[4,-10],[-5,-7],[11,-7],[-6,-5],[-1,-8],[-4,-7],[14,-4],[-1,-8],[8,-6],[0,-9],[8,-1],[5,-8],[14,-6],[-1,-6],[15,-1],[8,4],[10,-7],[11,0],[1,-4],[-4,-4],[-2,-9],[0,-17]],[[92010,28492],[-5,-10],[-378,66],[-1,-9],[-13,2],[3,14],[-16,3],[-4,-4],[-11,2],[-18,-7],[-10,-1],[2,15],[-118,21],[-1,-9],[-23,4],[3,9],[-21,4],[3,2],[-2,6],[1,11],[-4,3],[0,7],[-9,5],[-14,-8],[-5,-15],[-12,-17],[-50,-9],[-14,-12],[3,-41],[-15,-55],[-2,-33],[-5,-9],[-25,-15],[-5,-7],[-1,-25],[-7,-16],[-29,-32],[-26,3],[-24,-15],[-47,2],[-9,5],[-10,27],[-8,6],[-8,0],[-16,-12],[-6,-2],[-7,19],[-4,3],[-20,0],[-5,16],[-20,17],[-21,9],[-32,5],[-1,16],[4,16],[-5,7],[-13,-1],[-20,-18],[-9,0],[-22,13],[-28,-2],[-8,10],[-4,11],[1,6],[8,7],[-1,9],[-5,12],[-13,5],[4,8],[10,2],[-2,10],[7,4],[5,16],[-7,1],[-7,9],[-15,-3],[-3,4],[9,13],[-4,8],[0,7],[9,7],[13,21],[-5,9],[-2,12],[5,3],[3,9],[9,2],[-2,16],[5,3],[-3,13],[6,2],[-9,18],[3,14],[-1,7],[-11,18],[7,5],[-4,13],[-4,-5],[-10,0],[-3,14],[-8,11],[-1,12],[-12,6],[3,8],[-7,16],[6,7],[-3,5],[2,5],[-5,-1],[-1,5],[-6,-7],[-11,1],[0,8],[-4,1],[-3,-9],[-5,-4],[-1,9],[-5,-1],[1,6],[-4,3],[-4,-3],[2,-8],[-7,2],[-4,-4],[-6,12],[-7,-2],[-4,3],[-2,-5],[-7,4],[2,8],[10,10],[0,7],[3,5],[1,4],[-6,6],[8,8],[7,-3],[4,4],[16,5],[15,21],[-16,13],[-16,3],[-23,12],[-13,8],[0,12],[-17,9],[-7,24],[1,8],[13,24],[-14,6],[-13,0],[11,14],[-2,30],[9,6],[-1,16],[-8,11],[-23,13],[-9,15],[-13,12],[-17,2],[-6,7],[4,8],[12,1],[7,6],[-5,19],[-4,3],[8,8],[-2,22],[7,20],[-18,30],[3,26],[-3,13],[-1,31],[4,18],[7,-1],[2,16],[-15,5],[1,12],[-9,13],[13,0],[8,16],[-8,6],[0,11],[-14,8],[12,-2],[2,4],[-6,4],[-13,0],[13,4],[4,9],[10,-2],[-4,12],[1,13],[4,4],[-8,14],[5,5],[0,4],[-5,6],[6,2],[6,-5],[-1,13],[7,-3],[1,9],[-8,4],[6,4],[0,12],[3,1],[-3,19],[16,5],[-3,13],[-5,-1],[1,6],[6,6],[-13,2],[7,6],[7,-4],[5,5],[-8,8],[9,9],[-3,4],[31,-6],[9,2],[22,-7],[0,3],[5,0],[5,10],[10,-7],[2,5],[9,0],[11,10],[8,-1],[5,5],[15,1],[2,6],[8,-1],[4,-21],[-2,-11],[9,-19],[-2,-37],[9,10],[26,9],[19,-2],[1,14],[8,13],[2,9],[11,-1],[2,15],[22,-5],[1,20],[7,9],[7,4],[5,0],[7,-8],[7,-1],[2,12],[-2,10],[9,11],[23,12],[16,2],[12,36],[34,22],[11,-2],[17,22],[10,6],[-5,33],[2,9],[16,20],[19,32],[9,6],[2,12],[5,-9],[8,-2],[18,36],[2,11],[-5,18],[-19,-6],[-7,7],[-1,6],[8,6],[-3,12]],[[92664,30142],[4,-12]],[[92677,30126],[5,5],[2,-3],[-5,-21]],[[92571,30107],[-6,12],[10,50]],[[92379,30115],[-8,4],[9,45],[6,-1],[2,11],[-12,2]],[[92376,30176],[1,7],[3,22]],[[92380,30205],[11,-2],[4,19]],[[92395,30222],[15,-3],[-6,-8],[1,-8],[20,-38]],[[92477,30170],[12,-16],[-1,-14],[-12,-23],[-50,-48],[-4,-4],[-3,3],[-13,-10],[-35,-42],[-3,3],[1,4],[5,3],[3,8],[-2,14],[3,10]],[[92378,30058],[-3,9],[1,10]],[[92376,30077],[-2,10],[8,17],[-3,11]],[[92404,30056],[15,12],[40,-37],[19,-14],[59,-18]],[[92537,29999],[-11,-20],[-9,-43],[-10,-1],[-9,2],[0,12],[-13,9],[-41,8]],[[92435,29977],[-14,2],[-5,5],[-1,9]],[[92537,29999],[-55,17],[-23,15],[-37,35],[21,19],[56,-8],[54,-9],[5,-39],[-3,-13]],[[92571,30107],[4,0],[7,-12],[32,-5],[22,14],[13,1],[3,3],[8,-7],[4,9],[15,-3]],[[92679,30107],[1,9],[9,2],[6,-6],[6,-26]],[[92690,30018],[7,0],[5,-6],[-4,-2],[0,-5],[-68,1]],[[92558,30030],[-6,34],[14,59],[5,-16]],[[92377,30017],[-4,0],[31,39]],[[92404,30056],[5,-4],[2,-12],[8,-7],[-2,-2],[8,-1],[-3,-18],[3,-6],[-10,-13]],[[92415,29993],[2,-10],[18,-6]],[[92435,29977],[-4,-5],[3,-2],[0,-7],[8,-5],[2,8]],[[92444,29966],[48,-11],[7,-8],[-3,-1],[2,-9],[8,-2],[11,1],[11,50],[9,13]],[[92537,29999],[18,17]],[[92555,30016],[3,14]],[[92558,30030],[7,7],[69,-13],[-4,-18]],[[92630,30006],[40,1],[43,-4],[-7,-56],[19,-34],[2,-32]],[[92734,29865],[-33,-7]],[[92717,29736],[3,-6],[6,-5],[-6,-5]],[[92705,29709],[-123,20]],[[92524,29674],[-4,5],[-9,3],[3,-9]],[[92503,29616],[-33,1]],[[92468,29631],[-8,15],[-8,11],[-6,1],[-6,-3]],[[92442,29649],[-3,-2],[-16,-7]],[[92416,29654],[-19,-6],[-9,-16]],[[92381,29628],[1,-5],[5,-7],[-3,-2],[-12,0]],[[92356,29620],[-1,53]],[[92298,29753],[-6,15],[-35,0],[-9,3],[-15,33],[8,36],[9,15],[7,9]],[[92257,29864],[31,16],[28,27],[35,59],[14,32],[12,19]],[[92573,30161],[-20,-93],[-110,17],[37,37],[10,26],[-4,12]],[[92295,29719],[4,19],[-1,15]],[[92298,29753],[12,-1],[7,4],[22,-3],[7,4],[8,16],[5,-2],[7,-18],[-5,-15],[7,-16],[1,-22],[-5,-16],[-9,-11]],[[92355,29673],[0,-49],[11,-23]],[[92381,29599],[11,-12],[1,-11]],[[92354,29537],[-18,-19],[-7,-16],[-5,-2],[-13,-21],[-5,-16],[-13,-11]],[[92293,29452],[-4,-10],[-13,4],[2,-4],[-14,-23],[-141,25]],[[92123,29444],[11,11]],[[92134,29455],[9,1],[2,7],[5,5]],[[92150,29468],[-1,10],[-8,1]],[[92141,29479],[-3,9],[-7,1],[-2,25],[-8,-6],[-12,5],[-10,-5]],[[92099,29508],[-5,15],[15,10],[23,5],[52,25]],[[92184,29563],[2,7],[-8,5],[3,18],[-11,1],[-17,20],[102,68],[-2,3],[30,21],[12,13]],[[92417,30232],[4,64]],[[92421,30296],[-5,51],[8,24]],[[92600,30310],[-1,-28]],[[92596,30216],[-10,-12],[-13,-43]],[[92573,30161],[-19,3],[-10,7],[-41,7],[-4,-18],[-13,0]],[[92486,30160],[-9,10]],[[92477,30170],[-21,-8],[-19,0],[-12,3]],[[92425,30165],[-21,39],[1,8],[12,20]],[[92596,30216],[-1,6],[-9,10],[-1,9],[14,41]],[[92599,30282],[1,23]],[[92748,30293],[-8,-3],[-6,-7]],[[92734,30283],[2,-11],[-9,-9],[1,-3],[-11,9],[-12,-14],[-5,0]],[[92700,30255],[5,-25],[-6,-17]],[[92699,30213],[-4,1],[-4,-8],[4,-17],[-12,-11]],[[92683,30178],[7,-14],[-8,-24],[-7,2],[-4,6],[-7,-6]],[[92664,30142],[-72,12],[2,12],[-19,3]],[[92575,30169],[11,33],[10,14]],[[92803,30649],[24,-2],[21,4],[7,-6],[-16,-32],[-12,-17],[-3,-21]],[[92801,30588],[-8,-7],[-1,-5]],[[92793,30541],[-19,-6],[2,-7]],[[92769,30523],[2,-6],[-8,0],[1,-8],[-4,-6],[-12,-8]],[[92713,30487],[-164,65]],[[92516,30564],[0,7],[17,12]],[[92533,30583],[8,14],[-2,11],[-18,12],[-1,9],[-16,8],[-5,8],[-1,11],[-7,3],[3,20],[-4,-3],[-9,2],[-2,-3],[1,19],[3,7],[-3,1],[9,6],[-2,9],[33,-5],[2,11],[4,-1],[10,-13],[-1,4],[9,7],[-10,11],[13,10],[-5,6],[6,10],[8,1],[-3,-5],[3,-3],[3,3],[11,-13],[-2,-2],[5,-6],[8,6],[5,-4],[1,9],[9,-1],[1,8],[11,1],[7,8],[17,-2],[0,3],[8,-1],[4,34],[22,-4],[-3,-25],[9,-1],[7,6],[1,-7],[10,-1],[-2,-12],[-16,1],[8,-41],[27,-5],[21,-8],[38,-27],[37,-20]],[[92793,30541],[1,4],[-4,1],[-1,5],[9,9],[-2,9],[2,2],[-6,5]],[[92792,30576],[0,4],[9,8]],[[92801,30588],[0,-10],[8,1],[3,-6],[5,-1],[3,8],[4,-5]],[[92824,30575],[3,7],[11,-2],[38,21],[3,-8],[8,6],[10,-11],[-5,-15],[-7,-6],[-16,-4],[-9,10],[-5,-3],[-2,-20]],[[92853,30550],[-4,-8]],[[92849,30542],[-2,-47],[6,-22]],[[92853,30473],[-1,-11]],[[92852,30462],[9,-5],[-2,-12],[10,-18],[-9,-4],[-1,-4],[2,-7],[-2,-4]],[[92859,30408],[-22,-11],[-12,-19]],[[92825,30378],[1,-15],[5,-6],[7,0],[1,-6],[-2,-3],[-15,-3]],[[92822,30345],[-11,13],[-31,43]],[[92742,30474],[-29,13]],[[92713,30487],[3,20],[6,-6],[3,2],[6,-6],[6,-9],[2,5],[-5,3],[2,5],[5,-3],[-1,6],[8,0],[0,-9]],[[92748,30495],[5,1],[10,12],[0,9],[8,1],[-2,5]],[[92769,30523],[7,5]],[[92776,30528],[-3,6],[20,7]],[[92424,30371],[-5,-11],[-3,-13],[3,-27]],[[92419,30320],[-14,2],[2,12],[-3,0],[0,13],[7,37],[2,0],[2,13]],[[92415,30397],[-17,2],[9,36]],[[92407,30435],[-4,-2],[2,13],[-20,4],[3,19],[-10,6],[9,58]],[[92387,30533],[22,12],[14,3]],[[92423,30548],[23,2],[20,-7],[14,2]],[[92480,30545],[21,8],[15,11]],[[92516,30564],[0,-28],[10,19],[23,-3]],[[92549,30552],[193,-78]],[[92742,30474],[23,-32],[15,-41]],[[92780,30401],[42,-56]],[[92822,30345],[-6,-3],[-7,2],[-8,11],[-3,-3],[-7,3],[-10,-15],[-4,-17],[-13,-7],[2,-7],[-17,-9],[3,-2]],[[92752,30298],[-4,-5]],[[92748,30293],[-26,5],[8,9],[-38,7],[-2,-13],[-11,2],[-2,-14],[-32,5],[4,25],[-17,-4],[-2,13],[-30,-23]],[[92600,30305],[0,5]],[[92600,30310],[-34,8],[3,15],[-52,11],[4,20],[6,-1],[10,67],[14,10],[-65,11],[-14,6],[3,6],[-19,4],[-18,-46],[4,-18],[-1,-22],[-17,-10]],[[92816,29975],[3,-3],[-2,-1],[10,-13],[-1,-13],[3,-2],[-3,-6],[4,-10],[-5,-5],[2,-5],[-3,-6],[7,-13]],[[92831,29898],[-8,-12],[0,-6],[-89,-15]],[[92734,29865],[-7,16]],[[92727,29881],[-2,33],[30,4],[10,13],[40,32],[4,18],[10,0],[-3,-6]],[[92707,29945],[6,58],[96,-22],[-5,-19],[-36,-28],[-14,-17],[-29,-3],[-18,31]],[[92783,30062],[8,-13]],[[92791,30049],[4,-1],[-2,-5],[4,-5],[-2,-3]],[[92795,30035],[3,-10],[7,-3],[-1,-4],[6,-5]],[[92810,30013],[1,-9],[5,0]],[[92816,30004],[-3,-7],[1,-6],[6,-1],[-1,-9],[-26,3],[-50,13]],[[92689,30160],[15,-1],[4,8],[18,-12],[-1,-2],[6,-1]],[[92731,30152],[2,-7],[14,-3],[7,-17]],[[92754,30125],[7,-2],[-1,-14]],[[92760,30109],[11,-7],[-3,-9],[9,-26],[6,-5]],[[92783,30062],[-21,4],[-6,-23],[4,-1],[-1,-5],[-5,1],[2,-2],[-5,-10],[-2,-5],[3,-1],[-1,-3],[-3,1],[-5,-21]],[[92743,29997],[-45,8],[3,9],[-11,4]],[[92690,30018],[-8,10],[5,21],[8,7],[6,-4],[4,5],[-3,11],[-9,11],[8,7]],[[92701,30086],[-7,28],[-6,5],[-7,-4],[2,16],[-6,-5]],[[92677,30126],[-9,4]],[[92668,30130],[-4,11],[1,5],[5,2],[7,-8],[5,0],[3,5],[0,10],[4,5]],[[93476,29685],[-25,-7]],[[93463,29745],[12,-6],[10,-16],[3,-8],[-2,0],[-4,-20]],[[93482,29695],[-5,0],[-1,-10]],[[93361,29791],[-3,21],[3,15],[4,5],[40,-40],[13,-27]],[[93410,29753],[-45,7]],[[93393,29839],[38,-22],[-19,-30]],[[93415,29785],[-2,-10],[-8,17],[-40,41],[7,1]],[[93365,29760],[32,-5],[-3,-19]],[[93385,29737],[-5,-31]],[[93362,29691],[-13,9],[-3,13],[2,14],[5,2]],[[93349,29736],[1,5],[4,8]],[[93354,29749],[9,-2],[2,13]],[[93394,29736],[2,12]],[[93425,29720],[-6,-41]],[[93391,29704],[-9,2],[-3,-6],[6,37]],[[93385,29737],[9,-1]],[[93410,29753],[1,13],[7,-1]],[[93418,29765],[-5,9],[2,11]],[[93415,29785],[-3,2]],[[93412,29787],[19,29],[25,-23]],[[93455,29789],[27,-17]],[[93482,29772],[-9,-16],[2,-6],[7,-3],[-19,-2]],[[93463,29745],[-1,-3],[-22,2],[-4,-29],[15,-37]],[[93451,29678],[-8,-2]],[[93443,29676],[1,-4]],[[93444,29672],[-26,-2],[7,50]],[[93425,29720],[-22,5],[4,6],[2,15],[-13,2]],[[93396,29748],[1,7],[13,-2]],[[93391,29704],[-1,-9],[20,-4],[-2,-12],[11,0]],[[93419,29679],[-1,-9],[-45,-4]],[[93373,29666],[-17,9]],[[93356,29675],[-1,21],[7,-5]],[[93362,29691],[2,6],[-2,1],[4,8],[14,0]],[[93380,29706],[0,-6],[3,5],[8,-1]],[[93435,29858],[8,15],[34,-1]],[[93471,29835],[-12,-23],[-10,-9],[-56,36]],[[93477,29872],[10,1],[18,13],[16,-6],[14,1],[-23,-34],[4,-8],[9,1],[2,-29]],[[93527,29811],[-8,-8]],[[93519,29803],[9,-12]],[[93528,29791],[-8,-10],[-19,-10],[-5,-6]],[[93496,29765],[-41,24]],[[93455,29789],[1,4]],[[93456,29793],[-10,10],[12,9],[13,23]],[[93471,29835],[11,7],[-12,5],[7,25]],[[93485,29963],[3,-20],[11,-11],[9,-37],[-21,-19],[-10,-3],[-31,1]],[[93405,29891],[-20,5],[-3,9],[-9,1]],[[93373,29906],[6,33],[35,3],[12,11],[15,4],[20,-2],[24,8]],[[93453,30000],[4,0],[3,-1]],[[93460,29999],[3,-1],[6,-8]],[[93477,29978],[9,4],[3,-7]],[[93485,29963],[-25,-8],[-19,2],[-16,-4],[-10,-11],[-12,1],[-17,-5],[-9,1],[2,11]],[[93365,29952],[-13,10],[-1,4],[22,18],[27,13]],[[93452,30017],[-4,31],[-7,6],[-3,9],[5,21],[31,6],[20,-11]],[[93489,30002],[-4,-2],[2,-4],[-3,-2],[4,-7],[-1,-5],[-10,-4]],[[93477,29978],[-5,8],[-6,1],[3,3]],[[93469,29990],[-9,9]],[[93399,30042],[-7,28],[14,3]],[[93406,30073],[0,5],[37,7]],[[93443,30085],[-4,-23],[2,-8],[7,-7],[4,-30]],[[93452,30017],[13,-10],[-5,-8]],[[93460,29999],[-7,1]],[[93453,30000],[-2,-6],[-10,-8],[-1,3],[-6,-3],[-14,6],[0,7],[-9,-3],[-11,1]],[[93400,29997],[-13,-6]],[[93371,30005],[-1,3]],[[93255,29689],[34,57],[11,-14],[55,-36],[-1,-8],[3,-1],[0,-6],[-5,-38]],[[93352,29643],[-8,0],[0,-9]],[[93344,29634],[-8,1],[-1,7]],[[93335,29642],[-15,3],[-2,10],[-16,4],[-8,10],[-35,6],[1,13],[-5,1]],[[93213,29731],[0,4],[5,1]],[[93219,29731],[41,28],[8,9],[21,-22],[-32,-54],[-13,-27]],[[93244,29665],[-10,2]],[[93234,29667],[-18,-6],[-9,2]],[[93207,29668],[9,4],[-2,4]],[[93206,29676],[-2,11],[4,4],[-2,11]],[[93326,29858],[1,8]],[[93333,29867],[27,-3]],[[93393,29839],[-15,3],[-6,-8]],[[93372,29834],[-6,0],[-5,-6],[-3,-16],[1,-13]],[[93286,29799],[8,-2],[4,8],[10,-2],[0,-4],[11,-2],[-2,-11],[11,-4],[5,12],[-3,6],[4,-1],[0,4],[25,-4]],[[93359,29799],[2,-8]],[[93361,29791],[-6,-9],[3,-2],[-1,-9],[-6,-12],[3,-10]],[[93354,29749],[-5,-13]],[[93349,29736],[4,-7]],[[93353,29729],[-6,-5],[2,-24],[-49,32],[-32,36],[18,31]],[[93199,29813],[11,42],[44,-12]],[[93286,29799],[-22,-36]],[[93196,29778],[4,14]],[[93204,29830],[-5,-17]],[[93199,29813],[12,-3],[-6,-19],[-5,1]],[[93200,29792],[-4,-18],[-7,6],[-14,-2],[-6,14],[-18,1],[2,10],[-13,5]],[[93137,29814],[-13,6],[-7,18],[0,6],[30,-1]],[[93196,29768],[0,10]],[[93196,29778],[12,-3],[1,5],[44,-10],[-1,-4],[12,-3]],[[93264,29763],[-45,-32]],[[93219,29731],[-1,5]],[[93218,29736],[-6,0],[2,3],[-5,6]],[[93216,29895],[0,-29],[-6,-10],[-6,-26]],[[93204,29830],[-12,0],[-6,7],[0,-5],[-5,0],[-34,6],[0,5]],[[93147,29843],[-31,1],[4,14]],[[93254,29843],[-20,5]],[[93263,29879],[3,10],[17,-16],[16,-9],[28,-1],[-1,-5]],[[93326,29858],[-10,-3],[-24,-24],[-3,-8],[2,-13],[-5,-11]],[[93286,29799],[-40,10],[8,34]],[[93217,29898],[-1,-3]],[[93216,29895],[-37,-4],[-29,0],[-9,5],[-6,-33],[-5,0],[1,-4],[-3,-2],[-8,1]],[[93120,29858],[-4,-7],[1,-14],[7,-17],[-8,-3],[-5,8]],[[93075,29871],[17,32]],[[93092,29903],[3,17]],[[93095,29920],[5,1],[-6,14]],[[93094,29935],[33,-5]],[[93259,29895],[7,-5],[-3,-11]],[[93263,29879],[-10,2],[-1,-8],[-12,2],[-6,-3],[0,-24]],[[93234,29848],[-24,7],[6,11],[1,32]],[[93368,30016],[3,-11]],[[93371,30005],[13,3],[3,-17]],[[93387,29991],[-15,-7],[-7,-10],[-14,-9],[4,-6],[10,-7]],[[93365,29952],[14,-2]],[[93379,29950],[-6,-44]],[[93373,29906],[-20,-5],[-26,17],[-12,-2],[-10,3],[-1,5],[9,10],[-10,17],[11,22],[7,9],[15,9],[2,12]],[[93328,30058],[4,6],[5,-1],[5,21]],[[93342,30084],[3,3],[8,-5],[12,1]],[[93365,30083],[26,-13]],[[93391,30070],[8,-28]],[[93399,30042],[-6,-1],[4,-20],[-13,-4],[-2,-7],[-12,-2]],[[93370,30008],[-2,8]],[[93368,30016],[-19,3],[2,-8],[-8,-3],[-1,-7],[-4,2]],[[93338,30003],[-3,-13],[-15,-11]],[[93318,29991],[-6,6],[2,4],[11,-2]],[[93330,29993],[3,13],[7,5],[0,6],[-6,10]],[[93284,29988],[-3,5],[5,9],[10,7]],[[93295,30025],[14,9],[-1,7],[-7,11],[27,6]],[[93328,30058],[1,-9],[3,-4],[-3,-4],[0,-9],[-3,-6],[8,1]],[[93334,30027],[6,-15],[-7,-7],[-3,-12]],[[93330,29993],[-5,6]],[[93325,29999],[-9,3],[-4,-4],[6,-7]],[[93318,29991],[0,-8],[-4,-2],[6,-2]],[[93320,29979],[-6,-6],[-2,-10],[-6,-4],[-3,-9],[2,-6],[7,-5],[-9,2],[-13,-20],[-15,6],[-27,0]],[[93259,29953],[16,20],[6,2]],[[93177,30015],[10,12],[2,-7],[7,1],[3,-7],[12,2],[0,3]],[[93211,30019],[15,-6],[1,0]],[[93269,30003],[7,-14],[6,4],[2,-5]],[[93284,29988],[-3,-13]],[[93281,29975],[-8,-2],[-14,-20]],[[93259,29953],[5,-2],[-10,-10],[-6,-14]],[[93248,29927],[-49,22],[-8,12],[-4,32],[-10,22]],[[93227,30013],[-18,30],[-4,20],[14,-1],[9,-14],[12,-7],[27,0],[34,11],[8,-14],[-4,-8],[-10,-5]],[[93295,30025],[1,-9],[-3,-3],[3,-4]],[[93296,30009],[-10,-6],[-9,-14],[-8,14]],[[93269,30003],[-7,-3],[-4,4],[-4,-4],[-4,7],[-5,0],[0,6],[-18,0]],[[93154,29970],[9,7],[7,-2],[18,9]],[[93188,29984],[1,-17],[6,-14],[7,-8],[11,-4]],[[93222,29906],[-1,-3],[-4,-5]],[[93217,29898],[-64,19],[-26,13]],[[93127,29930],[3,5],[11,-6],[11,26],[2,15]],[[93213,29941],[38,-15],[32,-1],[7,-4],[-2,-4]],[[93296,29900],[3,-7],[0,-2]],[[93288,29884],[-6,-10],[-23,21]],[[93259,29895],[-42,3]],[[93217,29898],[5,8]],[[93222,29906],[-17,4],[8,31]],[[93324,29887],[-26,5],[-2,8]],[[93296,29900],[3,1],[-1,3],[-10,13]],[[93288,29917],[15,24],[9,-3],[-1,-6],[-7,-8],[5,-8],[18,2],[29,-18],[17,6]],[[93351,29893],[-18,-4]],[[93299,29891],[25,-4]],[[93324,29887],[9,2]],[[93333,29889],[0,-22]],[[93333,29867],[-6,-1]],[[93327,29866],[0,-3],[-25,-1],[-19,11],[5,11]],[[93288,29884],[11,-1],[0,8]],[[93333,29889],[4,2],[14,2]],[[93351,29893],[21,-3],[1,16]],[[93373,29906],[5,0],[5,-1],[1,-8],[21,-6]],[[93405,29891],[22,3],[19,-20]],[[93446,29874],[-11,-16]],[[93435,29858],[-20,-9],[-8,1],[-14,-11]],[[93393,29839],[-4,2],[-6,16],[-14,-1],[-1,5],[-8,3]],[[93360,29864],[-26,2],[-1,23]],[[93439,30154],[3,12],[14,5],[5,-4]],[[93461,30167],[7,5],[3,8]],[[93471,30180],[-8,13],[2,9]],[[93465,30202],[-3,7],[5,3]],[[93467,30212],[7,-10],[25,-7],[-2,-2],[2,-7],[-1,-6],[9,-2],[12,-10],[4,-8],[6,-2],[3,4],[17,-14]],[[93549,30148],[5,-1],[2,-5]],[[93556,30142],[-3,-4]],[[93553,30138],[0,-8],[6,-5],[1,-5]],[[93560,30120],[13,-3]],[[93573,30117],[5,-12],[-1,-4],[-8,6],[-17,0]],[[93535,30091],[-3,-12],[3,-6],[-1,-6],[-35,8],[-23,15],[-33,-6],[-4,17]],[[93439,30101],[6,18]],[[93445,30119],[-7,14],[-25,14],[26,7]],[[93535,30091],[5,5],[-1,5],[7,0],[6,6]],[[93552,30107],[21,-2],[5,-8]],[[93578,30097],[4,2]],[[93582,30099],[9,-11],[-3,-16]],[[93581,30073],[-8,-6],[-5,-5]],[[93565,30049],[-4,-2],[1,-8]],[[93559,30035],[1,-15],[-18,-14]],[[93541,30010],[-7,-1]],[[93535,30025],[-7,21],[4,22],[3,4],[-3,5],[3,14]],[[93494,30079],[38,-11],[-4,-21],[7,-22]],[[93535,30025],[-1,-16]],[[93534,30009],[-10,-1],[-1,3],[-6,1],[-28,-10]],[[93489,30002],[-7,1],[3,3],[-3,1],[-2,9],[-5,-1],[-7,34],[10,3],[-2,8],[7,7],[2,6],[9,6]],[[93634,29880],[-7,6]],[[93641,29901],[11,-4],[14,5],[4,5],[6,-14]],[[93667,29853],[6,-21],[9,3],[23,-9],[-6,-6],[-8,3],[-5,-6],[-11,0],[3,-7],[-2,-2],[-10,0],[-3,13],[-12,-3],[-5,10],[-1,-9],[-3,-1],[-6,10],[-8,3],[5,8],[-4,8],[-7,-13],[-6,0],[0,6],[3,4],[-7,9],[11,24]],[[93667,29853],[-11,9],[20,31]],[[93676,29893],[-5,8],[1,4],[6,-4],[2,-8],[12,1],[8,-6],[0,-18],[-6,-3],[-3,4],[-3,-6],[8,-10],[9,-5],[11,3],[14,-10],[9,0],[-3,-7],[4,-5],[6,1],[13,-6],[21,13],[8,-4],[-10,-7],[-8,0],[2,-14],[-13,1],[-4,-3],[-15,5],[-2,-9],[-8,6],[-4,12],[-9,3],[0,6],[-5,-4],[-8,1],[-11,2],[-3,4],[-16,-5],[-5,7],[-2,13]],[[93568,30062],[13,11]],[[93581,30073],[7,-1]],[[93588,30072],[3,5],[11,-5],[19,5],[6,-6],[2,-18],[3,1],[12,-14],[19,-1],[-1,-7],[11,-3],[3,5]],[[93676,30034],[4,-1]],[[93680,30033],[2,-10],[-4,-3]],[[93678,30020],[3,-11],[8,4]],[[93689,30013],[5,-14],[11,-7]],[[93705,29992],[-5,-2]],[[93700,29990],[3,-25],[-10,1]],[[93602,29972],[-13,12],[-12,29],[-18,13],[0,9]],[[93559,30035],[3,4]],[[93562,30039],[-1,7],[4,3]],[[93565,30049],[3,13]],[[93602,29972],[12,16],[1,10],[6,5],[22,-9],[24,-24],[25,0],[1,-4]],[[93693,29966],[8,-2],[13,19],[11,-3],[1,-4],[-6,-1]],[[93720,29975],[1,-14],[-4,-6],[2,-4],[-4,4],[-10,0],[-10,-2]],[[93695,29953],[-6,-6],[3,-9],[-8,-8],[2,-9],[-7,1],[5,-7],[0,-9],[8,-6],[-9,-3],[-3,5],[-6,1],[-26,19]],[[93653,29927],[-51,45]],[[93499,29953],[8,3],[5,-16]],[[93568,29939],[7,5],[8,-6]],[[93585,29929],[-27,-28]],[[93561,29892],[-11,-8],[-15,8],[-21,-3],[-4,4],[-4,-1],[2,5],[-9,32],[-11,14],[-2,19],[7,2]],[[93613,29876],[5,-4],[-5,-16],[-8,0],[3,-15],[-8,-3],[-2,15],[-14,2],[-3,-2],[-1,11],[-5,4],[2,2],[-10,9]],[[93557,29980],[21,-9],[5,-4],[4,-14],[-8,-9],[-11,-5]],[[93568,29939],[-8,6],[-6,-7],[0,5],[-2,-2],[-1,3],[-12,-6],[-13,4],[-14,-2]],[[93512,29940],[-6,18],[7,1]],[[93541,30010],[1,-4]],[[93542,30006],[4,5],[9,3],[5,7],[0,4],[17,-13],[15,-30],[-9,-9],[0,-6],[-26,13]],[[93557,29980],[-8,-3],[1,-6],[-21,-4],[-4,-7],[-9,-4],[-3,3]],[[93513,29959],[-14,-6]],[[93499,29953],[-6,11]],[[93493,29964],[-8,-1]],[[93485,29963],[4,12]],[[93489,29975],[-4,9],[3,3],[-4,4],[2,4],[-1,5],[23,11],[0,-2],[13,4],[3,-5],[17,2]],[[93585,29929],[-2,9]],[[93583,29938],[-6,6],[10,9],[-5,17],[10,12],[61,-55]],[[93653,29927],[-5,-5]],[[93648,29922],[21,-16],[-18,-9],[-10,4]],[[93641,29901],[-9,-9],[2,-1],[-3,-4],[-2,2],[-2,-3]],[[93627,29886],[-20,13],[-17,-1],[-23,10],[18,21]],[[93634,29880],[-4,-7],[-7,4]],[[93623,29877],[-3,-6],[-7,5]],[[93613,29876],[-3,-4],[-10,9],[-3,-3],[-17,16],[-13,-15]],[[93567,29879],[-5,2],[-4,8],[3,3]],[[93561,29892],[-3,2],[2,3],[-2,4]],[[93558,29901],[9,8],[23,-11],[19,0],[25,-18]],[[93011,29624],[9,-7],[28,-11]],[[93057,29565],[-3,-8],[-11,6]],[[93020,29558],[-3,3],[-8,-4]],[[92983,29542],[-5,1],[11,76]],[[92616,29636],[3,1],[13,-4],[7,9]],[[92661,29667],[7,6],[-1,18]],[[92670,29715],[35,-6]],[[92705,29709],[35,-6],[13,-7],[24,-4]],[[92867,29710],[27,2],[9,-7],[-19,-32],[-3,-13],[6,-18]],[[92887,29642],[18,-16]],[[92850,29464],[-168,25],[-19,9]],[[92548,29506],[-18,-5]],[[92345,29456],[1,-2],[-2,0],[-2,-7],[-6,-1],[-7,-9],[-7,2],[-9,9],[-2,13],[5,15],[19,40],[19,21]],[[92354,29537],[13,-2],[0,7],[13,8],[13,26]],[[92393,29576],[-2,12],[-10,11]],[[92381,29599],[-15,2]],[[92366,29601],[-10,19]],[[92356,29620],[16,-6]],[[92372,29614],[15,2],[-6,12]],[[92381,29628],[7,4]],[[92388,29632],[10,16],[18,6]],[[92416,29654],[2,-8],[5,-6]],[[92423,29640],[19,9]],[[92442,29649],[-2,6]],[[92440,29655],[4,3],[8,-1],[16,-26]],[[92468,29631],[2,-14]],[[92470,29617],[41,-2]],[[92582,29729],[88,-14]],[[92670,29715],[1,-10],[-4,-3],[1,-5],[14,-2],[-1,-6],[-14,2]],[[92667,29691],[0,-19],[-6,-5]],[[92661,29667],[-1,-6],[-7,-6],[-7,-12],[-7,-1]],[[92639,29642],[-5,-8],[-18,2]],[[92616,29636],[-12,-4],[-7,-7],[-2,2],[-5,-3],[-1,-4],[-4,-3],[-3,2],[-9,-3],[1,-2],[-5,-2],[1,-3],[-12,2],[-5,-34],[-32,24],[-10,14]],[[92511,29615],[-8,1]],[[92503,29616],[-7,14],[-10,-2],[-5,14],[17,7],[-3,4],[15,9],[4,11]],[[92514,29673],[-4,8],[9,-1],[5,-6]],[[92524,29674],[2,4],[19,7],[-2,4],[16,8],[6,-1],[2,12],[15,-2],[0,23]],[[92939,29649],[-4,-19]],[[92887,29642],[-4,6],[-2,12],[2,12],[20,33],[25,-21]],[[92933,29601],[6,48]],[[92967,29644],[44,-20]],[[93011,29624],[0,-9],[-22,4]],[[92989,29619],[-2,-23]],[[92936,29558],[-19,33],[-9,30],[-21,21]],[[92887,29642],[9,0],[8,8],[3,-3],[13,0],[4,-13],[11,-4]],[[92935,29630],[-2,-29]],[[92933,29601],[26,5],[2,-1],[-1,-8],[27,-1]],[[92987,29596],[-9,-53],[-5,0],[0,-5],[-4,-4],[-4,-2]],[[92936,29558],[21,-12],[8,-14]],[[92965,29532],[-9,1]],[[92918,29465],[-27,5],[-4,14],[1,8],[22,38],[7,24],[10,16],[9,-12]],[[92905,29626],[22,-56],[-10,-15],[-6,-23],[-14,-28],[-9,-13],[3,-21],[-8,2],[-21,-9],[-12,1]],[[92850,29464],[-4,7],[0,8],[-6,4],[6,20],[-6,8],[8,8],[-4,19],[12,9],[11,18],[-2,19],[6,7],[-1,5],[13,-2],[1,5],[5,2],[-2,14],[9,3],[7,-3],[2,11]],[[92375,29382],[-36,16],[-2,9]],[[92337,29407],[8,49]],[[92345,29456],[5,3],[8,-4],[-2,-4],[3,-7],[5,6],[15,-11],[2,6],[17,-5],[11,7],[5,16],[12,6],[6,10],[4,-2],[6,4],[16,0],[11,-3],[4,5],[9,-3],[14,6],[31,-5],[3,20]],[[92530,29501],[17,5],[1,0]],[[92548,29506],[46,0],[69,-8]],[[92663,29498],[5,-4],[0,-15]],[[92669,29469],[1,-1],[-3,-21]],[[92665,29427],[-36,6]],[[92615,29351],[-9,-15],[-11,-12],[-8,-16],[3,-45],[-20,3],[-19,-4]],[[92551,29262],[5,-18]],[[92556,29244],[-2,-13],[-12,-25],[-31,-29],[-20,-27],[-11,-4],[-11,5],[-2,10],[1,15],[7,17],[19,21],[12,8],[0,1]],[[92506,29223],[0,14]],[[92506,29237],[0,4],[-9,5],[-8,0],[-19,-19],[-24,-3],[-5,-4],[-12,0],[-5,3]],[[92424,29223],[-13,23],[-10,9]],[[92401,29255],[-5,18],[-1,9],[3,6],[27,21],[23,28],[2,12],[-6,7],[-43,-1],[-26,27]],[[92757,29330],[23,-34],[-6,-12]],[[92774,29284],[6,-5],[-1,-8],[-22,-11],[2,-7],[6,-3],[3,-5],[-6,-2],[-1,-9],[5,-15]],[[92766,29219],[-1,-17],[-9,11]],[[92756,29213],[-12,-26]],[[92744,29187],[-64,45],[15,27]],[[92670,29427],[-5,0]],[[92665,29427],[4,15],[-2,5]],[[92667,29447],[3,13],[-1,9]],[[92669,29469],[-4,4],[3,6]],[[92668,29479],[-1,18],[14,-8],[143,-23],[36,-3],[23,9],[17,-2]],[[92898,29450],[-35,-17],[-6,5],[2,-9]],[[92859,29429],[-12,-38],[-4,-2]],[[92843,29389],[-14,24],[-15,-26],[8,-7],[-10,-9],[2,-8],[-3,-6],[-4,5],[-6,-14],[3,-4]],[[92804,29344],[-9,-16]],[[92795,29328],[-6,-1],[0,-9]],[[92789,29318],[-6,-2],[3,-5]],[[92786,29311],[-7,-14]],[[92779,29297],[-22,33]],[[92757,29330],[-62,-71]],[[92695,29259],[-6,-10],[-23,16]],[[92672,29349],[4,2],[-4,4],[2,12],[-4,6],[3,22]],[[92615,29351],[0,14],[5,11],[0,14],[5,9],[4,34]],[[92629,29433],[41,-6]],[[92670,29427],[3,-15],[-5,-3],[-1,-5],[6,-9]],[[92673,29395],[-4,-17],[5,-11],[-2,-9],[4,-6],[-4,-3]],[[92672,29349],[4,-8],[-3,-6],[3,-4],[-5,-15],[2,-6],[-7,-8],[1,-10],[-4,-5],[0,-8],[3,-6],[0,-8]],[[92666,29265],[23,-15],[-2,-5]],[[92687,29245],[-34,6],[-9,5],[-9,10],[-23,-4],[-11,8],[-10,1]],[[92591,29271],[-5,31],[4,13],[25,36]],[[92939,29649],[20,35]],[[92959,29684],[47,-18],[21,21]],[[93027,29687],[33,-28],[-6,-12],[-12,-3]],[[93020,29618],[-13,9],[-40,17]],[[92967,29644],[-28,5]],[[92976,29771],[-8,22],[12,10],[9,-7],[1,-8],[5,-3],[22,-4],[25,5]],[[93045,29771],[-2,-28],[3,-10]],[[93028,29726],[-26,5],[-7,-10],[-4,1]],[[92959,29684],[-31,0]],[[92928,29684],[-2,0],[-25,23]],[[93112,29668],[48,-7]],[[93229,29662],[2,-5]],[[93231,29657],[0,-15],[11,-5],[2,-9]],[[93244,29628],[16,-18],[-5,-9],[-10,7],[0,-9],[-14,-3]],[[93215,29622],[11,0],[0,7],[-15,6],[-10,-5],[-19,-17],[-2,2],[1,8],[-22,-12]],[[93114,29614],[-14,0],[2,19],[7,10]],[[93112,29668],[-3,-25]],[[93109,29643],[-6,-9],[-4,-16]],[[93095,29613],[1,-2],[-6,-3],[1,-4],[-10,0],[-9,-19]],[[93072,29585],[-19,12],[-5,9]],[[93048,29606],[-28,12]],[[93020,29618],[22,26]],[[93042,29644],[12,4],[7,14],[9,2],[7,10],[35,-6]],[[93095,29713],[5,0]],[[93107,29705],[11,8],[8,-9],[6,-1],[11,-8],[-1,-3],[2,-1],[3,16]],[[93196,29687],[6,3],[4,-14]],[[93206,29676],[8,0]],[[93214,29676],[2,-3],[-9,-5]],[[93207,29668],[0,-5]],[[93207,29663],[22,-1]],[[93229,29662],[-20,-11],[-6,4],[-34,4],[0,4],[-4,2],[-5,-4]],[[93160,29661],[-83,13],[15,18]],[[92959,29684],[14,35],[15,-1],[3,4]],[[92991,29722],[3,-2],[4,4],[3,6],[5,1],[6,-3]],[[93027,29687],[-19,-20],[-17,3],[-32,14]],[[93186,29748],[-10,1]],[[93178,29760],[7,9],[-3,3]],[[93184,29779],[9,0],[3,-11]],[[93196,29768],[6,-3],[0,-7],[5,-4],[1,3],[0,-6],[5,-3],[-4,-3]],[[93209,29745],[5,-11],[-1,-3]],[[93213,29731],[-4,0],[6,-7],[-5,-1],[2,-5],[3,1],[-1,-4],[6,-4],[-4,-5],[1,-4],[-3,-4],[-4,0],[1,5],[-5,-1]],[[93206,29702],[2,-12],[-12,-3]],[[93196,29687],[-7,2],[0,-5],[-4,-2],[-5,8],[-3,-3],[-22,18],[-8,2]],[[93147,29707],[2,13]],[[93099,29762],[87,-14]],[[93186,29748],[-10,-21],[-17,3],[-2,-12],[-8,2]],[[93149,29720],[-5,-29],[-6,8],[-12,5],[-6,9],[-13,-8]],[[93107,29705],[-1,5],[-5,-2],[-1,5]],[[93100,29713],[-8,3],[-7,21],[-5,5],[21,9]],[[93028,29726],[18,7]],[[93046,29733],[-3,13],[2,25]],[[93045,29771],[54,-9]],[[93099,29762],[2,-11]],[[93101,29751],[-16,-5],[-22,-18]],[[93027,29687],[-9,4],[-5,14],[-1,23]],[[93012,29728],[4,3],[2,-4],[10,-1]],[[92701,29858],[161,27],[70,0],[51,-12]],[[92983,29873],[10,-7],[-2,-2],[4,0],[0,-5]],[[92995,29859],[12,5],[5,-3],[-1,-4]],[[93006,29838],[-9,-21],[-5,-22],[-12,8],[-11,-9],[7,-23]],[[92976,29771],[-9,-12],[-9,-6],[1,-4],[-3,-4],[-26,4],[-3,-21],[-26,-21]],[[92901,29707],[-9,5],[-25,-2]],[[92867,29710],[-24,-17],[-14,4],[-52,-5]],[[92777,29692],[-72,17]],[[92705,29709],[10,3],[2,5],[2,-6],[4,1],[-3,8]],[[92720,29720],[6,3],[-9,13]],[[92717,29736],[-7,2],[3,8],[-4,4],[4,4],[-7,12],[3,14],[-3,-2],[-8,16],[4,6],[1,15],[4,6],[1,10],[-1,4],[-8,4],[2,19]],[[93042,29786],[25,6]],[[93068,29803],[31,-6],[5,8]],[[93115,29818],[10,2],[12,-6]],[[93137,29814],[2,-9],[1,3]],[[93140,29808],[13,-4],[-2,-11],[18,-2],[6,-13],[9,1]],[[93184,29779],[-2,-7]],[[93182,29772],[3,-2],[-7,-10]],[[93178,29760],[-2,-11]],[[93176,29749],[-131,22]],[[93045,29771],[-3,15]],[[93027,29687],[31,31],[-2,1],[7,9]],[[93063,29728],[17,14],[5,-4],[10,-25]],[[93095,29713],[-3,-21]],[[93092,29692],[-14,-13],[-8,-15],[-11,-5],[-32,28]],[[93006,29838],[-5,1],[5,19],[5,-1]],[[93011,29857],[-3,-9],[13,8],[2,-13]],[[93023,29843],[7,10],[11,7]],[[93041,29860],[34,11]],[[93075,29871],[15,-23],[-6,-8],[9,-3],[4,-7],[14,-5]],[[93111,29825],[4,-7]],[[93115,29818],[-3,-16],[-8,3]],[[93104,29805],[-3,-8],[-33,6]],[[93068,29803],[-1,-11]],[[93067,29792],[-51,-11],[-26,7],[9,35],[7,15]],[[93065,29509],[12,3],[23,-5],[1,-19],[-13,-16],[-4,-15],[3,-34]],[[93087,29423],[-27,4],[-6,-6],[1,5],[-5,6],[-23,3],[-10,9],[-32,-28]],[[92985,29416],[6,36],[5,10],[8,6],[37,14],[24,27]],[[93135,29560],[27,-4],[25,9],[2,6],[-9,31],[3,11],[22,20],[11,2],[10,-5],[1,-7],[-12,-1]],[[93215,29622],[-5,-6],[21,-20]],[[93231,29596],[15,2],[0,-17]],[[93246,29581],[0,-10],[13,-34]],[[93259,29537],[-3,-3],[-15,3],[-9,-6],[-3,-6],[3,-17]],[[93232,29508],[-7,-14],[3,-6],[9,-8],[-19,-4],[-28,6]],[[93101,29505],[20,28],[6,19]],[[93101,29505],[67,-12],[22,-11]],[[93190,29482],[24,-5],[23,3],[9,-17]],[[93246,29463],[15,-5],[8,-6],[-6,-15]],[[93263,29437],[2,-15],[20,-3],[24,-30],[-9,-8],[0,-7]],[[93306,29332],[-5,-29],[-32,-44],[-38,-33]],[[93231,29226],[-44,8],[-9,-57],[-106,19],[-3,6],[-18,-8],[-11,2],[-9,8]],[[93031,29204],[-14,3],[0,42],[7,46],[5,1],[3,-4],[-1,-19]],[[93031,29273],[4,-7],[-2,-19]],[[93033,29247],[17,-4],[20,10],[-9,8],[-5,25]],[[93056,29286],[9,10],[20,13],[-1,3],[-9,4],[-3,24]],[[93072,29340],[10,41],[5,42]],[[93087,29423],[-3,35],[4,13],[12,15],[1,19]],[[93046,29546],[-63,-4]],[[92983,29542],[14,8],[2,0],[0,-4],[9,3],[1,8]],[[93009,29557],[7,4],[4,-3]],[[93020,29558],[11,3],[3,-4],[9,6]],[[93043,29563],[10,-6],[-5,-12]],[[93065,29509],[-25,-27],[-19,4]],[[93099,29618],[2,-5],[13,1]],[[93114,29614],[11,-7],[2,7],[3,-6],[7,4],[3,-3],[2,6],[5,0],[0,5],[5,-3],[9,4],[1,-6],[-7,1],[4,-5]],[[93159,29611],[23,12],[-2,-21],[9,-33],[-8,-8],[-17,-5],[-29,4]],[[93135,29560],[-8,-8]],[[93127,29552],[-1,-8]],[[93118,29584],[-11,-2],[-8,36]],[[92898,29450],[2,20]],[[92900,29470],[90,-22],[-5,-32]],[[92985,29416],[-24,-16],[-36,-15],[-4,-5],[-23,70]],[[93098,29531],[7,49],[5,4],[8,0]],[[93118,29584],[0,-3],[24,-4],[-4,-11],[-18,-19],[6,-3]],[[93126,29544],[-1,-4],[-24,-35]],[[93101,29505],[-13,5]],[[93072,29585],[8,12],[2,8],[9,-1],[-1,3],[6,3],[-1,3]],[[93095,29613],[4,5]],[[93099,29618],[3,-25],[5,-11],[-9,-51]],[[93098,29531],[-10,-21]],[[93088,29510],[-23,-1]],[[93065,29509],[4,34],[-21,2]],[[93048,29545],[9,20]],[[93057,29565],[8,-3],[2,3],[-3,5],[2,4],[-7,7],[5,3],[6,-2],[2,3]],[[92956,29533],[16,2],[4,9],[49,-1],[21,3]],[[93046,29546],[-17,-11],[-8,-49]],[[93021,29486],[20,-4],[-40,-16],[-7,-7],[-4,-11],[-72,17]],[[92918,29465],[0,11],[4,1],[2,5],[-5,8],[13,10],[-1,5],[3,6],[14,8],[-4,8],[12,6]],[[93527,29207],[-7,2],[28,24],[14,-3],[-10,-57]],[[93568,29163],[3,-11],[-15,0],[8,-10],[-8,-18],[-17,12],[-5,-6],[-9,3],[-5,-2],[-4,5],[4,-8],[5,3],[9,-8],[5,7],[9,-8],[3,-10],[-10,-2],[-2,-5],[9,-1],[2,-3],[-3,-2],[-8,1],[-4,5],[0,7],[-4,3],[-8,-2],[7,-4],[-26,-1]],[[93506,29123],[1,0],[3,25]],[[93514,29149],[-9,8],[1,3]],[[93552,29173],[11,71]],[[93624,29233],[8,-2]],[[93617,29215],[-1,-6],[-2,0],[-10,-42],[-5,-1],[-9,8],[9,-15],[-5,-24],[-8,-5],[-5,-10],[-8,10],[6,4],[1,10],[-12,15],[0,4]],[[93568,29163],[-3,0],[-6,8],[-7,2]],[[93624,29233],[-1,5],[-10,-8],[-13,-3],[0,4],[-5,1],[0,6],[-32,6]],[[93563,29244],[-3,-13],[-12,2],[3,9],[-11,7],[2,9],[9,10],[5,20],[9,10],[-3,17],[9,2],[-2,-21],[2,-5],[16,-2],[9,4],[6,-5],[6,6],[10,-8],[-3,-2],[-1,-6],[8,-13],[-8,2],[5,-4],[-10,-1],[2,5],[-6,-7],[-8,3],[6,-4],[-1,-7],[3,6],[5,-2],[-5,-2],[6,-1],[-2,-3],[-7,1],[6,-5],[-6,-5],[0,-5],[4,3],[-2,-6],[7,12],[6,-6],[-4,10],[6,7],[-5,0],[7,5],[-2,-5],[3,1],[2,6],[6,-4],[5,6],[-1,6],[13,7],[3,-7],[-7,-10],[2,-9],[11,-14],[10,-3],[-6,-12],[-36,10]],[[93607,29176],[10,39]],[[93617,29215],[13,3],[2,13]],[[93632,29231],[28,-8],[5,-20],[8,-10],[-3,-8],[-3,1],[-4,-24]],[[93607,29176],[15,-3],[-4,-11],[38,-6],[1,10],[6,-4]],[[93663,29162],[-5,-30],[8,-1],[3,-8],[-6,-1],[2,-8],[-7,-11],[-5,1],[-8,14],[-1,-9]],[[93623,29111],[-8,0],[-1,8],[-8,-8],[-11,0],[-2,8],[14,21],[-6,1],[-1,5],[8,21],[-1,9]],[[93691,29041],[-4,7],[3,4],[7,0],[11,-11],[4,4],[7,-1],[5,8],[7,-1],[-5,-41]],[[93639,29040],[2,12],[4,-3],[5,4],[2,8],[9,4],[4,-15],[-16,2]],[[93694,29155],[2,24],[6,1],[4,7],[10,1],[4,7],[-5,5],[6,-4],[10,7],[7,15],[-26,23],[-15,6],[-11,16],[20,3],[0,-8],[4,7],[17,2],[2,5],[6,3],[9,14],[0,8],[5,3],[-7,0],[-2,-3],[-1,2],[-16,-10],[2,5],[12,8],[3,7],[30,-22],[2,-4],[-5,-10],[6,-3],[5,3],[5,-5],[-8,-7],[-14,-2],[-5,9],[-26,-5],[-7,-6],[10,-22],[3,4],[5,-2],[0,-4],[2,3],[15,-2],[4,10],[4,3],[4,-4],[2,-10],[13,-7],[4,0],[2,7],[9,6],[2,8],[10,4],[1,-8],[6,5],[3,-2],[-1,-3],[9,-2],[8,6],[1,5],[9,0],[8,11],[-4,3],[-5,-3],[-8,2],[4,-4],[-8,2],[0,7],[5,2],[-4,5],[-31,5],[0,4],[64,-2],[13,6],[6,10],[9,6],[17,-10],[4,-12],[-1,-8],[5,-4],[-2,-3],[3,-12],[-5,-8],[1,-9],[-5,-10],[5,-5],[-8,-9],[-5,-17],[-13,-16],[-13,-3],[-3,-5],[-12,4],[-6,-3],[-4,5],[-7,-1],[-6,8],[-2,-3],[1,-6],[-5,-3],[-12,16],[-22,6],[-26,-5],[-22,-11],[-17,-17],[-14,-22],[2,-4],[-4,-9],[9,-8],[-8,-19],[8,-9],[-5,-14],[-9,-6],[-6,3],[-9,-3],[-2,36],[11,14],[-5,10],[-4,-3],[-4,2],[-2,-6],[-5,-1],[8,24]],[[93644,29109],[3,9],[-1,-4],[4,-2],[-4,-8],[10,-9],[-1,-8],[-21,-4],[-7,9],[-1,-10],[-19,-5],[-2,7],[5,5],[-1,8],[10,1],[-6,8],[0,4],[10,1]],[[93623,29111],[0,-5],[3,0],[0,4],[3,0],[0,-4],[5,-4],[6,7],[4,0]],[[93694,29155],[4,-5]],[[93698,29150],[-3,-13],[-2,1],[-5,-13],[3,-8],[-11,-15],[5,-8],[-2,-22],[-8,1],[-8,5],[2,20],[8,31],[-19,3],[9,53],[3,0],[1,7],[29,-7],[3,5],[-1,-10],[-6,-2],[-2,-23]],[[93336,29027],[-28,-32],[-6,-14],[-5,-63]],[[93303,28835],[-12,5],[-30,25],[-68,12],[-1,7],[6,15],[-9,21],[-9,5],[-8,1],[-3,8],[-7,2],[-2,5],[-10,-1],[-2,5],[13,5],[15,13]],[[93176,28963],[4,9],[11,-4],[8,8]],[[93199,28976],[12,-6],[0,14]],[[93211,28984],[10,4],[-6,7],[4,7],[7,-1],[12,-13]],[[93238,28988],[8,3],[5,9],[-8,1]],[[93243,29001],[4,15]],[[93247,29016],[-1,18],[8,0]],[[93254,29034],[12,19],[10,31]],[[93276,29084],[-1,9],[7,8],[22,6],[1,9],[10,-16]],[[93309,29091],[2,-13],[19,-5],[8,-19],[31,-3]],[[93363,29293],[-10,-2],[30,23]],[[93361,29333],[2,13],[-7,18],[16,19],[9,-5],[24,4],[4,-11],[4,-3],[-12,-2],[-7,-5],[-3,-10],[2,-5],[8,0],[-3,-9],[9,-6],[12,2],[17,-2],[3,-4],[12,0],[12,5],[10,15],[4,-8],[9,-1],[2,-6],[-3,-5],[-19,0],[-2,-6],[-16,-11],[5,-7],[6,11],[-7,-13],[-11,-3],[-4,-9],[-22,2],[-5,-10],[-7,-2],[-21,12],[-11,-3]],[[93306,29332],[-11,14],[0,16],[-3,14],[8,-2]],[[93300,29374],[4,-6],[8,-4],[13,12]],[[93325,29376],[5,-10],[16,-4],[9,5]],[[93355,29367],[8,-22],[-2,-12]],[[93361,29333],[-10,-11],[32,-8]],[[93383,29314],[-31,-23],[11,2]],[[93363,29293],[-1,-4],[9,-1]],[[93371,29288],[12,3],[20,-12],[8,2],[4,10],[6,1],[9,-4],[-3,-4],[5,-4],[0,-18],[5,2],[-4,9],[6,-9],[4,-21],[-13,-24],[-6,-2],[-20,6]],[[93392,29227],[-18,-1],[-12,-19],[5,-14],[-14,-10],[-4,-13],[-20,-10],[-8,13],[-6,-4]],[[93303,29156],[-1,-26],[2,-14],[-6,8],[-14,-2]],[[93284,29122],[-18,11],[-22,3],[-3,5]],[[93241,29141],[-9,-2],[-14,12],[-9,17],[-1,8],[3,18]],[[93211,29194],[7,19]],[[93218,29213],[45,41],[40,55],[3,23]],[[93474,29240],[-29,3],[-2,18],[5,-7],[1,7],[-6,10],[-6,3],[0,13],[5,3],[-1,-5],[4,-2],[1,9],[6,1],[7,-7],[10,-3],[-8,22],[10,11],[26,6],[4,-4],[-5,-3],[4,-5],[-2,-8],[15,15],[2,-8],[9,-1],[-3,12],[11,2],[14,-3],[3,-2],[1,-10],[5,-2],[-7,-8],[0,-5],[-8,8],[-5,-7],[9,-10],[-14,1],[-12,-13],[13,9],[5,-4],[9,2],[0,-6],[7,-1],[-11,-14],[-1,-9],[11,-6],[-6,-13],[-8,-5]],[[93510,29148],[-4,-25]],[[93506,29123],[-4,0],[0,-4],[4,0],[-2,-11]],[[93504,29108],[-16,-5],[-13,0],[-6,-13],[5,-7],[-10,-9],[12,8],[-5,9],[9,11],[7,-2],[32,6],[9,-4],[8,-9],[9,-2],[1,-5],[8,8],[-3,8],[8,4],[1,10],[6,7],[8,-15],[4,-2],[-6,-6],[10,-1],[-2,-12],[5,0],[8,-9],[-7,-9],[-1,-7],[4,-1],[3,-7],[-20,-10],[0,-11],[-11,1],[-4,-4],[-8,3],[-6,-7],[-10,3],[-11,-4],[-1,-3],[12,6],[9,-6],[8,8],[7,-4],[5,3],[8,-1],[5,-7],[2,19],[14,5],[0,-3],[5,0],[4,4],[3,12],[5,1],[7,-5],[1,4],[1,-4],[6,9],[8,-6],[2,6],[8,2],[1,-10],[-3,-15]],[[93639,29040],[8,-2],[2,14]],[[93649,29052],[15,-2],[-13,-21],[-10,-5],[0,-10],[-8,-2],[7,1],[4,7],[11,2],[-1,8],[4,8],[3,5],[3,-2],[2,1],[3,3],[-7,-2],[4,7],[-2,23],[8,-24],[9,-5],[6,6],[4,-9]],[[93691,29041],[-7,-1],[-1,-3],[15,-3],[-1,-5],[7,3],[-1,-7],[3,5],[3,-6],[8,-1],[-1,-11],[10,-2]],[[93726,29010],[6,39],[-5,3],[20,-4],[3,5],[-2,6],[9,10],[8,-24],[-2,-6],[2,-7],[-16,-24],[0,-7],[-15,-11],[-4,-11],[-5,-4],[0,-5],[-12,-13],[0,-17],[-21,-7],[-7,3],[-9,-11],[-5,-2],[4,-10],[-4,0],[-3,-9],[-7,-4],[-1,-5],[-7,-6],[-3,-22],[-12,4],[-12,-2],[-1,-4],[10,-4],[-11,-6],[-2,-8],[-19,-5],[7,-3],[-3,-5],[-24,-18],[-11,0],[-7,-15],[-38,-28],[-17,-8],[-7,3],[-15,-12],[-15,3],[1,9],[-15,3],[-2,-13],[-101,17],[-5,10],[5,12],[8,11],[5,-2],[3,3],[-22,4],[-47,22]],[[93303,28835],[1,13],[-3,15],[4,3],[-5,20],[-3,32]],[[93297,28918],[2,52],[4,15],[33,42]],[[93336,29027],[19,-3],[9,9],[5,18]],[[93369,29051],[-24,5],[2,22],[9,18],[13,10],[73,35],[6,8],[4,14],[14,15],[4,2]],[[93492,29168],[10,-5],[0,-4],[11,-8],[1,-2]],[[93514,29149],[-4,-1]],[[93474,29240],[-1,-6],[7,-1],[3,8],[7,-1],[0,4],[14,-2],[3,4],[2,-2],[-1,-3],[27,-5],[-2,-11],[4,-1]],[[93537,29224],[-18,-15],[8,-2]],[[93527,29207],[-6,-35],[-7,-7],[0,-6],[-8,1]],[[93506,29160],[-2,-3],[-2,6],[-5,0],[-5,5]],[[93492,29168],[-6,6],[0,3],[-16,3]],[[93470,29180],[-17,-16],[-3,-8],[-2,20]],[[93454,29190],[-28,6],[-5,19],[1,4],[11,-3],[13,24],[0,5],[28,-5]],[[93303,29156],[11,4],[1,9]],[[93315,29169],[4,3],[3,1],[8,-13],[19,9],[2,9]],[[93412,29193],[8,1],[-1,-16],[-4,-13],[-14,-10]],[[93368,29125],[-8,-13],[-1,-4]],[[93366,29104],[-10,-8],[-8,-13],[-3,-29],[-9,2],[-7,17],[-18,6],[-2,12]],[[93309,29091],[6,9]],[[93315,29100],[-11,16],[-1,40]],[[93454,29190],[-6,-14]],[[93448,29176],[1,-23],[-6,-11],[-77,-38]],[[93366,29104],[-7,4]],[[93359,29108],[9,17]],[[93368,29125],[8,-3],[2,12],[8,9],[9,2],[-5,-10],[4,-4],[-1,5],[8,19]],[[93401,29155],[13,9],[6,29],[3,2],[31,-5]],[[93392,29227],[5,4],[7,-8]],[[93404,29223],[18,-4],[1,-18],[3,-4],[-14,-4]],[[93412,29193],[-8,-8],[-12,-3],[-13,-9],[-28,5]],[[93351,29178],[6,10],[10,5],[-5,11],[13,22],[17,1]],[[77505,17237],[8,-1]],[[77527,17208],[-3,-15],[7,-12]],[[77508,17163],[-20,2],[9,67]],[[77377,17251],[-4,5],[71,-10]],[[77436,17240],[-6,-45]],[[77432,17174],[-28,4]],[[77400,17170],[-2,12],[6,8]],[[77402,17200],[2,24],[-12,2],[-3,6]],[[77431,17305],[-8,-56],[-50,7],[6,11]],[[77389,17274],[5,4],[-9,7],[-7,15],[0,12]],[[77433,17219],[3,21]],[[77436,17240],[8,6]],[[77444,17246],[61,-9]],[[77505,17237],[-1,-6],[-7,1]],[[77497,17232],[-5,-31]],[[77430,17195],[3,24]],[[77433,17219],[28,-4],[-2,-9],[33,-5]],[[77492,17201],[-4,-36],[-56,9]],[[77432,17174],[2,21],[-4,0]],[[77513,17271],[4,-18],[-6,-6],[2,-11]],[[77513,17236],[-48,7],[4,39],[-1,30],[19,-5]],[[77444,17246],[-21,3],[9,67],[36,-4],[1,-23],[-4,-46],[-21,3]],[[77610,17211],[37,-5],[3,-13],[12,0]],[[77656,17167],[4,0]],[[77644,17227],[-6,-11],[8,-5],[1,-5],[-115,17]],[[77513,17236],[-2,10],[5,5],[-1,8],[132,-18]],[[77554,17148],[11,69],[45,-6]],[[77610,17211],[-1,-6],[3,-1],[-6,-22],[-2,-14],[3,-1],[-4,-16]],[[77527,17208],[-11,10],[5,4],[-8,14]],[[77513,17236],[21,-3],[-2,-10]],[[77532,17223],[33,-4],[-11,-71]],[[77535,17179],[-11,12],[0,13],[3,4]],[[77349,17152],[-11,13]],[[77310,17132],[3,16]],[[77297,17162],[-5,19],[1,7],[8,6],[94,-10],[3,-1],[2,-13]],[[77400,17170],[9,-31],[-6,-5],[-44,5],[-10,13]],[[77349,17152],[11,-1],[2,11],[20,-4],[5,2],[-5,13],[18,-3]],[[77313,17228],[32,-4]],[[77345,17237],[42,-5],[5,-6],[11,-2],[-1,-24]],[[77402,17200],[-7,-7],[9,-3]],[[77404,17190],[-6,-7],[-93,12],[4,4],[-2,11],[5,2]],[[77274,17242],[10,67]],[[77314,17307],[16,-31]],[[77319,17226],[-6,2]],[[77313,17228],[3,-6],[-1,-3],[-4,1],[1,-8]],[[77312,17212],[-26,-3],[-12,12]],[[77319,17226],[11,50]],[[77330,17276],[-6,11],[67,-8],[-2,-5]],[[77389,17274],[-11,-1],[1,-6]],[[77379,17267],[-6,-12],[4,-4]],[[77377,17251],[3,2],[2,-5],[6,3],[6,-2],[-3,-6],[2,-5],[-4,-6]],[[77389,17232],[2,-3],[-46,8]],[[77345,17237],[0,-13]],[[77345,17224],[-26,2]],[[77495,17073],[-36,6]],[[77471,17098],[2,18],[-2,6],[30,-1]],[[77416,17059],[12,5]],[[77435,17056],[3,1]],[[77450,17025],[-22,-1]],[[77429,17018],[-3,0],[-41,11],[10,40]],[[77542,17068],[-9,-64]],[[77533,17004],[-5,5],[-15,6],[-18,20]],[[77482,17036],[-2,7],[19,7],[-9,24],[52,-6]],[[77338,17165],[25,-31]],[[77337,17114],[-26,14],[-1,4]],[[77310,17132],[6,8],[3,-1],[5,16],[14,10]],[[77337,17114],[26,20]],[[77363,17134],[-4,5],[43,-5],[-6,-19],[1,-23],[-23,8],[-28,5],[-9,9]],[[77400,17170],[2,0],[2,8]],[[77404,17178],[57,-9]],[[77457,17131],[16,-11],[-2,-22]],[[77471,17098],[-17,2],[-1,-6]],[[77453,17094],[-43,42],[-10,34]],[[77533,17000],[-9,-64],[-10,2],[-16,49],[-6,6]],[[77416,17059],[-21,10]],[[77395,17069],[-9,-37],[-31,3],[-19,-4],[-15,-7]],[[77320,17031],[-3,25],[6,23],[10,21],[9,-2],[4,7],[25,-4],[31,-12],[10,-10],[11,-17],[-7,-3]],[[77466,17059],[13,5]],[[77475,17077],[15,-2],[9,-25],[-26,-9]],[[77475,17077],[4,-13]],[[77479,17064],[-19,-7]],[[77457,17063],[-6,-2],[-1,19],[25,-3]],[[77450,17025],[-12,32]],[[77438,17057],[19,6]],[[77457,17063],[3,-6]],[[77460,17057],[6,2]],[[77466,17059],[7,-18]],[[77473,17041],[7,2],[2,-6],[-18,-4],[-14,-8]],[[77453,17094],[6,-15]],[[77459,17079],[-43,6]],[[77415,17075],[-18,17],[2,39],[10,8],[44,-45]],[[77495,17035],[21,-22],[14,-5],[3,-8]],[[77533,17000],[-8,8],[-3,-19],[-30,4]],[[77492,16993],[-3,23],[-7,20]],[[77482,17036],[13,-1]],[[77414,17021],[15,-3]],[[77429,17018],[-1,6]],[[77428,17024],[17,-1],[37,14],[2,-5],[-13,-6],[-18,-18]],[[77465,17008],[-12,0]],[[77453,17008],[23,21],[8,3],[6,-16],[0,-13]],[[77415,17075],[1,10]],[[77416,17085],[34,-5],[-2,-12],[3,-7],[-16,-5]],[[77435,17056],[-7,8]],[[77428,17064],[-5,-2],[-8,13]],[[77458,16963],[31,23],[2,9],[8,-9],[15,-48],[-6,-2]],[[77475,16914],[-19,15],[-41,22],[10,16]],[[77526,16807],[-25,28],[0,10],[5,0],[-5,1],[-3,8],[38,18],[21,-42]],[[77423,17001],[10,-12],[-11,-28],[-7,-10],[-23,12],[-2,-5],[-4,2],[-5,-13],[2,16],[-9,3],[-5,-12],[4,16],[-22,1],[-14,-8],[-2,4]],[[77547,16913],[46,-8]],[[77593,16905],[-4,-23]],[[77565,16885],[-8,-54],[-21,41],[3,1]],[[77414,17021],[-3,-5],[42,-8]],[[77433,16990],[-10,11]],[[77423,17001],[-81,-21],[1,-8],[-8,-5]],[[77335,16967],[13,-21],[-12,-8],[-17,27],[1,7],[-10,0],[12,-32],[-22,29],[-2,-1],[-3,10],[1,20],[6,11],[15,16]],[[77317,17025],[4,-1]],[[77321,17024],[23,9],[41,-1],[0,-3],[29,-8]],[[77433,16990],[20,18]],[[77453,17008],[11,1],[1,-1]],[[77465,17008],[10,-10],[15,5]],[[77490,17003],[1,-8],[0,-6],[-5,-6],[-28,-20]],[[77458,16963],[-6,16],[-12,-4],[-1,-4],[-14,-4]],[[77425,16967],[8,23]],[[77520,16917],[-1,3],[28,-7]],[[77547,16913],[-1,-12],[-3,0],[-4,-28]],[[77539,16873],[-27,-12]],[[77475,16914],[7,10],[16,7],[4,-5],[8,3],[-2,7]],[[77508,16936],[16,0],[-4,-19]],[[77520,16917],[-6,-4],[5,-8],[-7,-44]],[[77512,16861],[-14,-7],[0,9],[-3,3],[6,3],[0,4],[-15,18],[3,5],[-2,8],[-12,10]],[[77597,16941],[47,-8],[-6,-47],[-33,17],[-12,2]],[[77597,16941],[-4,-36]],[[77593,16905],[-72,15],[5,32],[71,-11]],[[77609,16995],[13,0],[8,-8]],[[77639,16978],[12,1],[-7,-46],[-71,11],[9,53],[9,-6],[8,10]],[[77530,16976],[3,28]],[[77542,16993],[14,-4],[11,2]],[[77575,16988],[0,10],[7,-1],[-5,-29]],[[77530,16976],[47,-8]],[[77577,16968],[-4,-24],[-47,8],[4,24]],[[77548,17112],[21,1],[1,-5],[-6,-2],[21,-19],[-8,-5]],[[77566,17085],[-3,-3],[2,-4],[21,-3],[4,-9],[16,-1]],[[77457,17131],[4,38]],[[77461,17169],[47,-6]],[[77508,17163],[-7,-42]],[[77501,17121],[-19,3],[-7,-3],[-13,5],[-5,5]],[[77526,17118],[22,-6]],[[77548,17112],[-6,-44]],[[77542,17068],[-23,2]],[[77495,17073],[6,48]],[[77501,17121],[25,-3]],[[77526,17118],[-7,-48]],[[77519,17070],[-24,3]],[[77508,17163],[3,21],[20,-3]],[[77531,17181],[4,-2]],[[77535,17179],[4,-15],[5,-2],[0,-7],[10,-7]],[[77526,17118],[-24,3],[6,42]],[[77603,17151],[51,11],[6,5]],[[77660,17167],[6,-2]],[[77662,17157],[9,-11],[13,4]],[[77678,17141],[-5,3],[2,-7],[-4,-5]],[[77600,17145],[17,-21],[-15,0],[-1,-4],[11,-7]],[[77612,17108],[8,-4],[-6,-5],[7,-9]],[[77583,17096],[-1,6],[7,9],[-11,-6],[-4,8],[-4,-3],[-1,3],[-10,-3],[-33,8]],[[77526,17118],[2,10],[26,13],[0,7]],[[77554,17148],[7,-3],[10,9],[5,-5],[27,2]],[[77533,17004],[6,39]],[[77605,17034],[4,-17],[4,-2],[9,2],[4,-8]],[[77640,16999],[-10,-11],[-10,8],[-11,-1]],[[77609,16995],[-10,6]],[[77599,17001],[-5,-3],[-3,-7],[-14,8],[-2,-11]],[[77575,16988],[-8,3]],[[77567,16991],[-12,-2],[-13,4]],[[77542,16993],[-9,11]],[[77539,17043],[3,25]],[[77542,17068],[64,-8]],[[77606,17060],[-3,-11],[2,-15]],[[77605,17034],[-66,9]],[[77811,16902],[-4,-34]],[[77795,16869],[-18,-5],[-15,-9],[-16,5]],[[77743,16886],[20,-1],[2,27]],[[77722,17048],[7,48]],[[77831,17085],[7,7],[2,-3]],[[77835,17060],[-2,-10],[-36,5]],[[77729,17096],[6,45],[-4,6]],[[77731,17159],[10,-8],[0,9]],[[77813,17163],[9,-4],[12,-24]],[[77840,17127],[5,-3]],[[77845,17118],[-8,-10],[2,-16],[-8,-7]],[[77831,17085],[-23,-1],[-79,12]],[[77707,16952],[12,78]],[[77823,16983],[-7,-46]],[[77688,16944],[-6,0]],[[77683,16953],[22,-1],[1,3],[1,-3]],[[77707,16952],[109,-15]],[[77816,16937],[-5,-35]],[[77811,16902],[-30,4],[1,4],[-8,-2],[-9,4]],[[77765,16912],[-2,-28],[-20,2]],[[77743,16886],[-6,-4]],[[77737,16882],[-3,-2],[-7,10]],[[77683,16953],[-1,-9]],[[77682,16944],[-11,8],[16,96],[34,-5],[-14,-89],[-24,-1]],[[77660,17114],[14,21],[-1,8],[5,-2]],[[77678,17141],[6,9]],[[77684,17150],[-11,-4],[-2,4]],[[77680,17162],[3,-2]],[[77711,17155],[14,8],[6,-4]],[[77731,17159],[-3,-14],[3,2]],[[77731,17147],[5,-8],[-7,-43]],[[77719,17030],[3,18]],[[77722,17048],[71,-10],[4,17]],[[77797,17055],[35,-5],[-4,-26],[-4,-4]],[[77823,16983],[-68,9],[-1,4],[3,0],[3,6],[-7,1],[1,11],[-2,3],[-9,2],[-1,9],[-23,2]],[[77606,17060],[81,-12],[-4,-22],[-49,7],[-24,-17],[-3,4],[-3,33],[2,7]],[[77639,16978],[-9,9]],[[77630,16987],[10,12]],[[77640,16999],[-14,10]],[[77626,17009],[-5,9],[-11,-2],[25,17],[48,-7],[-11,-71],[-4,18],[-16,6],[-13,-1]],[[77698,17101],[31,-5]],[[77729,17096],[-8,-53],[-94,14]],[[77612,17108],[0,5]],[[77612,17113],[-10,5],[0,6],[15,-1],[-17,22]],[[77600,17145],[39,-4],[10,-10],[22,1]],[[77671,17132],[1,-5],[-12,-13]],[[77660,17114],[38,-13]],[[77698,17101],[-57,-26],[-14,-18]],[[77627,17057],[-21,3]],[[77606,17060],[0,5]],[[77606,17065],[-16,0],[-2,10],[-21,1],[-4,5],[3,4]],[[77566,17085],[11,-3]],[[77577,17082],[8,4],[-22,21],[9,5],[3,0],[3,-7],[8,6],[4,-1],[-7,-7],[0,-7]],[[77583,17096],[11,6],[6,-1],[4,-3],[2,-7],[10,-4],[5,3]],[[77621,17090],[-7,8],[6,5],[-8,5]],[[77773,17220],[-6,12],[-9,-3],[-1,3],[5,5],[15,-3],[-9,7],[2,5],[4,1],[6,-7]],[[77784,17244],[-5,3],[3,8],[22,-9],[7,4],[-1,-17],[6,-2],[7,-11]],[[77825,17194],[15,-6]],[[77836,17156],[-9,-1],[-14,8]],[[77813,17163],[-29,0],[-13,10],[-5,-1],[-5,-8],[-8,0],[-5,-5],[-7,1]],[[77741,17160],[7,29],[4,3],[14,-8]],[[77754,17198],[-1,6],[13,0]],[[77836,17156],[4,32]],[[77840,17188],[23,-4],[26,-20],[22,41],[2,0]],[[77923,17195],[-2,-10],[10,-12]],[[77946,17168],[-8,-60]],[[77850,17123],[-10,4]],[[77840,17127],[-2,9],[-4,-1]],[[77834,17135],[-10,21],[12,0]],[[77876,17247],[7,3],[4,12],[9,-5],[-8,10]],[[77881,17266],[-1,11],[8,13],[8,1],[19,-8],[9,7],[3,7]],[[77959,17297],[4,8],[8,6],[20,-12],[8,11],[30,-3],[3,-11],[-6,-36],[-6,2],[-2,8]],[[77949,17185],[-3,-17]],[[77946,17168],[-15,5]],[[77931,17173],[-11,12],[3,10]],[[77923,17195],[-10,10]],[[77913,17205],[-14,3],[-2,14],[-5,4],[0,6]],[[77823,17220],[-13,13],[0,17],[7,12],[6,1]],[[77832,17252],[20,-10],[9,1],[6,7]],[[77883,17252],[-7,-5]],[[77876,17247],[1,-6],[8,-1],[0,-3],[3,-1],[-1,-3],[5,-1]],[[77892,17232],[7,-24],[11,-4],[-21,-40],[-24,19],[-33,6],[-7,5]],[[77825,17194],[4,3],[2,21],[-8,2]],[[78018,17270],[3,-10],[19,-7],[3,-9],[-4,-6],[6,-5]],[[78042,17221],[6,-11],[-5,0]],[[78023,17142],[-31,5]],[[77945,17162],[4,23]],[[77949,17185],[48,-6],[14,93],[7,-2]],[[77938,17108],[7,54]],[[77945,17162],[48,-7],[-1,-8]],[[77992,17147],[22,-3]],[[78013,17133],[6,-3],[-1,-5]],[[78008,17092],[-5,-1],[-16,2]],[[77938,17108],[8,-1],[4,-8],[11,4],[10,-6],[10,0],[6,-4]],[[77987,17093],[23,-4],[-5,-21],[-3,0],[0,-28]],[[78002,17010],[3,-1]],[[77999,16990],[-76,11],[15,107]],[[77915,16946],[8,55],[62,-9]],[[77977,16952],[-7,1]],[[77854,16960],[15,98],[62,-9],[-15,-97]],[[77840,17089],[-3,18],[8,11]],[[77845,17118],[-3,2],[3,4]],[[77845,17124],[5,-1]],[[77850,17123],[3,-7],[13,-5],[5,2],[20,-10],[20,11],[14,-5],[2,-4],[11,3]],[[77938,17108],[-7,-59],[-95,15],[-1,-4]],[[77835,17060],[-3,1],[5,8],[3,20]],[[77857,16978],[-3,-18]],[[77854,16960],[18,-2],[8,8],[4,0],[-1,-10],[33,-4]],[[77916,16952],[-6,-38],[-95,13],[8,56]],[[77915,16946],[4,0],[0,5],[47,-7],[4,9]],[[77970,16953],[27,-4]],[[78009,16923],[0,-23]],[[78009,16900],[-99,14],[5,32]],[[77857,16978],[-34,5]],[[77823,16983],[4,32],[-3,5]],[[77824,17020],[4,5],[8,39],[33,-6],[-12,-80]],[[77625,16561],[83,-16],[-7,-46],[-23,-14],[-12,-17],[-20,6],[-10,21],[-9,7]],[[77526,16807],[15,-3],[4,27],[12,-1]],[[77557,16830],[11,-16],[13,-31],[7,-26]],[[77576,16683],[-26,4]],[[77546,16673],[-11,15],[-8,5],[5,20],[-7,22],[3,15],[-6,8],[1,18],[5,13],[-2,18]],[[77576,16683],[12,74]],[[77588,16757],[-6,21],[51,-7],[-9,-60]],[[77655,16672],[-79,11]],[[77619,16605],[6,35]],[[77710,16560],[-2,-15],[-48,7],[3,19]],[[77546,16673],[4,14]],[[77550,16687],[105,-15]],[[77661,16663],[1,-15],[6,-14]],[[77668,16634],[-43,6]],[[77625,16640],[-2,-12]],[[77552,16633],[-5,3],[-2,13],[18,-4],[-17,28]],[[77552,16633],[16,2],[55,-7]],[[77623,16628],[-4,-23]],[[77619,16605],[24,-4],[-4,-26],[24,-4]],[[77663,16571],[-3,-15],[-35,5]],[[77625,16561],[-3,-13],[12,-3],[-7,-43]],[[77627,16502],[-5,9],[-10,4],[-10,23],[-12,16],[5,4],[-3,13],[3,2],[-7,14],[-36,46]],[[77655,16672],[-31,39]],[[77624,16711],[7,47],[64,-9],[9,-2],[-12,-81],[-37,6]],[[77695,16839],[10,-8],[37,-4]],[[77724,16757],[-17,2],[2,13]],[[77695,16839],[-9,-21]],[[77656,16837],[-96,15],[5,33]],[[77565,16885],[24,-3]],[[77589,16882],[3,22],[13,-1],[45,-24],[18,-20],[18,-6],[9,-14]],[[77608,16845],[48,-8]],[[77656,16837],[9,-15]],[[77657,16767],[-60,9]],[[77608,16845],[-11,-69]],[[77597,16776],[-15,2],[-14,36],[-11,17],[3,21],[48,-7]],[[77770,16819],[8,-4],[8,-11]],[[77797,16800],[-8,-53],[-29,4]],[[77770,16819],[-10,-68]],[[77760,16751],[-36,6]],[[77724,16757],[1,12],[8,-1],[9,59]],[[77742,16827],[11,0],[17,-8]],[[77657,16767],[8,55]],[[77665,16822],[21,-4]],[[77686,16818],[-3,-7],[3,-12],[-4,-23],[27,-4]],[[77709,16772],[-5,-25],[-73,11],[2,13],[24,-4]],[[77699,16713],[6,46],[84,-12],[-7,-47]],[[77699,16713],[83,-13]],[[77774,16653],[-82,13],[7,47]],[[77829,16413],[6,4],[29,-9]],[[77935,16422],[-6,-30],[-20,-26],[-21,-18]],[[77873,16543],[-3,-19],[7,-29]],[[77945,16486],[-10,-64]],[[77935,16422],[-13,-1],[-55,8],[-3,-21]],[[77864,16408],[-27,10]],[[77847,16490],[5,8],[6,47]],[[77932,16248],[-14,32]],[[77945,16291],[15,-51],[15,0]],[[77958,16215],[-3,-27]],[[77911,16187],[-13,7],[-8,-2]],[[77887,16183],[-7,36],[39,17]],[[77896,16330],[36,-82]],[[77932,16248],[-13,-12]],[[77919,16236],[-40,-15],[-15,60],[-10,27]],[[77945,16291],[-27,-11]],[[77918,16280],[-30,67],[28,28],[4,-8],[25,-76]],[[77710,16560],[-42,74]],[[77807,16553],[-13,2]],[[77792,16533],[-85,8],[3,19]],[[77837,16418],[-8,-5]],[[77829,16413],[59,-65]],[[77888,16348],[8,-18]],[[77896,16330],[-9,-3],[2,-4],[-35,-15]],[[77854,16308],[-31,69],[-20,31],[-12,13],[-4,-1],[1,3],[9,4]],[[77810,16507],[5,-1],[-41,5]],[[77745,16473],[-28,20],[-16,6],[6,42],[55,-4],[36,-6]],[[77661,16663],[-6,9]],[[77655,16672],[151,-26],[19,-17],[11,-32],[24,-4]],[[77858,16545],[-51,8]],[[77807,16553],[3,16],[-24,4],[1,7],[-24,4],[5,33],[-100,17]],[[77668,16634],[-7,20],[0,9]],[[77798,16531],[-6,2]],[[77792,16533],[2,22]],[[77794,16555],[64,-10]],[[77858,16545],[-6,-46],[-42,8]],[[77810,16507],[0,11],[-13,4],[1,9]],[[77745,16473],[7,41],[10,-3],[10,-13],[2,13]],[[77774,16511],[78,-12],[-5,-9]],[[77847,16490],[-10,-72]],[[77837,16418],[-15,5],[-17,-2],[-8,6]],[[77797,16427],[-11,-7],[-10,21],[-31,32]],[[77688,16944],[34,-21],[1,-11],[7,-5],[-3,-17]],[[77727,16890],[5,-7],[-5,-1]],[[77666,16862],[-15,17],[-13,7],[13,93],[16,-5],[3,-5],[1,-17],[5,-5],[12,-3]],[[77666,16862],[4,32],[48,-7],[3,4],[6,-9]],[[77727,16882],[10,0]],[[77737,16882],[9,-14],[0,-8]],[[77746,16860],[11,-5],[38,14]],[[77795,16869],[12,-1]],[[77807,16868],[-10,-68]],[[77797,16800],[-11,4]],[[77786,16804],[-10,12],[-22,10],[-24,1],[-29,6],[-15,20],[-20,9]],[[77716,17412],[8,26],[20,27],[29,-4]],[[77772,17458],[-3,1]],[[77777,17445],[-4,-21]],[[77775,17423],[-1,-8],[-8,0]],[[77763,17395],[-5,1],[4,-4]],[[77755,17393],[-7,1],[-13,-4]],[[77795,17395],[13,42],[7,6],[33,4],[29,14],[31,4],[18,10]],[[77942,17476],[-8,-60]],[[77901,17405],[-20,14]],[[77857,17377],[3,-1],[-2,-5],[4,-4],[-6,0],[4,-6],[-4,-6],[-46,6],[-3,4],[11,27]],[[77725,17325],[12,0],[20,-3]],[[77771,17307],[5,1],[1,-17]],[[77792,17275],[-12,-17],[0,-12],[4,-2]],[[77784,17244],[-4,-4]],[[77780,17240],[-1,-1],[-3,8],[-5,0],[-3,-7],[9,-6],[-16,3],[-4,-8],[9,3],[2,-4],[-9,-2],[-53,8]],[[77706,17234],[7,8],[12,83]],[[77657,17280],[-8,19]],[[77654,17307],[10,1],[7,8]],[[77671,17323],[-2,6],[-3,0],[0,3]],[[77725,17325],[-12,-82],[-7,-9]],[[77647,17241],[1,16]],[[77644,17227],[-2,8],[8,3],[-3,3]],[[77647,17241],[59,-7]],[[77701,17198],[-9,-11],[9,-12],[12,-9]],[[77730,17172],[1,-13]],[[77731,17159],[-7,4],[-13,-8]],[[77711,17155],[-3,4],[-3,-8],[6,-1],[-2,-3],[-6,3],[-3,7],[-9,3],[-1,4],[-3,-3],[-4,2],[0,-3]],[[77683,17160],[0,-1],[-3,3]],[[77680,17162],[-9,-12]],[[77671,17150],[-6,2],[-3,5]],[[77662,17157],[4,8]],[[77666,17165],[-10,2]],[[77656,17167],[3,12],[-4,8],[7,0],[0,6]],[[77662,17193],[-13,1],[-3,17],[-8,4],[2,8],[4,4]],[[77701,17198],[-2,12],[7,6],[1,11],[-4,3],[3,4]],[[77706,17234],[62,-7],[5,-7]],[[77773,17220],[-7,-16]],[[77766,17204],[-13,1],[1,-7]],[[77754,17198],[9,-5],[3,-9]],[[77766,17184],[-2,-1],[-12,9],[-5,-4],[0,-9],[-7,-21],[3,-5],[-2,-2],[-10,7],[-1,14]],[[77730,17172],[-5,2],[-12,-8]],[[77713,17166],[-18,15],[-4,9],[10,8]],[[77857,17377],[8,4],[-1,3],[3,-1],[-11,14],[5,5],[10,-1],[-5,20],[15,-2]],[[77881,17419],[13,-8],[13,-10]],[[77927,17314],[-8,-6],[-2,-11]],[[77921,17289],[-5,-6],[-22,8],[-10,-4],[-4,-11],[1,-10]],[[77881,17266],[7,1]],[[77888,17267],[8,-11],[-9,6],[-4,-10]],[[77883,17252],[-16,-2]],[[77867,17250],[-5,-7],[-9,-1],[-21,10]],[[77832,17252],[-9,11]],[[77824,17269],[7,0],[-1,7]],[[77852,17351],[7,-2],[-4,4],[4,6],[-3,8],[6,1],[-4,3],[2,4],[-3,2]],[[77747,17370],[94,-11],[15,-4],[3,-5],[-4,-2],[-3,3]],[[77852,17351],[-7,-6],[8,-8],[-8,-1],[3,-9],[-5,-9],[-5,-2],[1,-4],[12,-2],[-5,-6],[2,-6],[-3,2],[-2,-5],[-10,-6],[2,-10],[-2,-5],[-3,2]],[[77830,17276],[1,-8],[-7,1]],[[77824,17269],[-1,-6]],[[77823,17263],[-7,-1],[-6,-14],[-4,-2],[-25,10],[11,19]],[[77792,17275],[-15,16]],[[77777,17291],[-2,19],[-4,-3]],[[77771,17307],[1,6],[-16,0],[1,9]],[[77757,17322],[-32,3]],[[77763,17395],[3,20]],[[77766,17415],[8,-1],[1,9]],[[77775,17423],[-2,1]],[[77773,17424],[5,19],[-1,2]],[[77777,17445],[-8,-2],[-1,3],[1,13]],[[77769,17459],[33,-15],[6,-9],[-13,-40]],[[77795,17395],[5,-1],[-1,-8],[10,-2],[3,9],[6,-1]],[[77818,17392],[-12,-30],[-45,6],[1,26],[-4,1],[5,0]],[[77656,17413],[9,11],[53,-4],[-2,-8]],[[77716,17412],[-16,-19],[35,-3]],[[77735,17390],[20,3]],[[77755,17393],[7,-1]],[[77762,17392],[-1,-7],[2,0],[-2,-17],[-14,2]],[[77747,17370],[-12,-15],[8,-14],[-16,1],[-2,-17]],[[77725,17325],[-59,7]],[[77666,17332],[-6,13],[-3,1]],[[77623,17370],[10,6],[-1,4],[4,2],[19,0],[3,9]],[[77567,17323],[12,1]],[[77666,17312],[-3,-5],[-9,0]],[[77654,17307],[0,-4],[-5,-4]],[[77649,17299],[3,-12],[5,-7]],[[77657,17280],[-4,-6],[7,-4],[-12,-13]],[[77648,17257],[1,-6],[-4,-7],[2,-3]],[[77647,17241],[-95,13]],[[77520,17305],[4,26],[43,-8]],[[77567,17323],[-2,-25],[-13,-44]],[[77552,17254],[-38,6],[2,4],[-3,7]],[[77513,17271],[5,3],[-8,9],[2,0],[8,22]],[[77585,17367],[10,70],[77,-11],[-8,-2],[-8,-11]],[[77656,17413],[4,-3],[-6,-10],[4,-9]],[[77658,17391],[-4,-9],[-7,2],[-13,-3],[-1,-5],[-10,-5],[-2,-10]],[[77488,17444],[0,3],[4,2]],[[77492,17449],[103,-12],[-6,-45]],[[77513,17400],[-4,5],[10,4],[-8,10],[3,7]],[[77579,17324],[6,43]],[[77585,17367],[36,-6]],[[77621,17361],[2,9]],[[77623,17370],[8,-1],[17,-19],[8,3],[1,-7]],[[77657,17346],[10,-12],[-1,-5],[5,-3],[0,-3]],[[77671,17323],[-6,0],[6,-7]],[[77671,17316],[-5,-4]],[[77666,17312],[-87,12]],[[77509,17394],[6,2],[-2,4]],[[77513,17400],[76,-8]],[[77589,17392],[-10,-71],[-55,9],[2,22]],[[77511,17357],[-3,10],[7,3],[-1,4],[-9,3],[5,3]],[[77934,17416],[6,47],[57,-9]],[[77996,17447],[10,-2],[2,-7],[12,0],[10,-12]],[[78077,17332],[-3,-14]],[[78041,17324],[-8,-13],[4,-11],[-6,-3],[-4,11],[-29,2],[-7,-11],[-18,12],[-10,-5],[-4,-9]],[[77959,17297],[-4,4],[-15,-6],[-13,2]],[[77927,17297],[-6,-8]],[[77921,17289],[-4,8]],[[77917,17297],[3,13],[7,4]],[[77927,17314],[-8,3],[8,46],[-11,14],[-9,24]],[[77907,17401],[-6,4]],[[77901,17405],[0,8],[9,6],[24,-3]],[[78001,17621],[8,25],[-7,16]],[[78147,17575],[-6,-20],[-23,4],[1,5]],[[78081,17577],[-6,0],[-1,-4],[-6,1]],[[78664,17978],[-3,1],[-37,-3],[-3,-31],[-22,-13]],[[78532,17917],[-20,3],[1,4],[-35,6]],[[78193,18102],[5,32]],[[78262,18322],[1,31],[23,0],[3,-16],[10,-9],[35,-7],[-2,12],[14,13],[46,8],[8,-1],[1,-15],[36,0],[0,-50],[133,1],[0,-16],[46,1],[0,-32],[3,-3],[29,4],[2,-5],[-7,-3],[0,-14],[-19,-20],[-21,-1],[-5,6],[-17,-3],[10,-33],[10,1],[2,-5],[4,6],[54,-6],[4,6],[-2,14],[5,4],[5,-7],[2,3],[173,1],[6,11],[1,32],[8,34],[59,1],[-10,-64],[149,-11],[-5,-18],[-8,0],[-10,-156],[-3,-5],[7,-26],[-6,-19],[16,-14],[10,-16],[2,-9],[11,-9],[-5,-1],[2,-2],[-8,-4],[-2,-5],[-14,6],[-8,-1],[12,-6],[-2,-6],[10,-15],[8,-1],[3,-12],[7,-2],[5,-17],[-1,-7],[4,-5],[-2,-3],[3,-1],[-5,-5],[-11,-23],[-1,-22]],[[79052,17777],[-9,-14],[-7,4],[-6,6]],[[79003,17823],[-15,6],[-7,7],[-5,16]],[[78172,18053],[12,-2],[-1,16],[6,7],[4,28]],[[78193,18102],[23,-4],[0,-6],[23,-3],[-8,-49],[-5,-11],[28,-4],[5,34],[8,4],[21,-3],[2,14],[48,-7],[-4,-26],[13,-5],[-2,-17],[44,-6],[-24,-21],[26,-3],[-6,-5],[23,-2],[-1,-10],[20,-3],[-1,-9],[15,-2],[-3,-22],[16,-2],[7,-11],[16,-2],[1,9]],[[78478,17930],[49,-12]],[[78438,17485],[8,-7]],[[78392,17421],[13,-21],[6,-3],[-8,-2],[-13,4],[0,-5]],[[78382,17378],[4,-4],[-2,-5],[-24,-2]],[[78336,17381],[-5,2],[4,7],[-3,2],[-6,-3],[-2,3],[6,5]],[[78307,17361],[0,12],[-9,5],[-5,-1],[-1,-8]],[[78280,17408],[-12,1]],[[78275,17402],[-13,-9],[-4,4],[0,5],[-9,0],[1,7],[4,3],[5,-1]],[[78143,17528],[-1,35],[5,12]],[[78147,17575],[15,8],[-14,0],[-11,14],[-5,-1],[-2,3],[2,6],[3,0],[1,7],[5,-1],[1,12],[9,2],[5,11],[1,4],[-16,-3],[1,8],[17,5],[-22,5],[-1,-7],[-6,0],[-1,-6],[-12,2],[4,3],[-4,2],[-1,-3],[-9,-2],[-6,-8],[-9,2],[-3,-7],[-21,2],[2,22],[26,-3],[1,12],[-4,0],[1,9],[-10,1],[4,8],[-31,5],[0,4],[-21,-7],[-5,3],[-13,-11],[-3,5],[-3,-8],[-10,-11]],[[77931,17676],[-10,2],[23,159]],[[77805,17486],[-16,-5],[-3,3],[1,8],[-3,3]],[[77792,17492],[-2,11],[9,0],[-7,6],[0,5],[-7,5],[9,5],[5,-3],[5,5],[3,-1]],[[77799,17535],[4,3],[7,-3],[5,8],[2,-3],[-2,-4],[4,-3],[3,8]],[[77841,17567],[6,3],[-9,4],[1,3]],[[77836,17580],[12,5],[-9,6]],[[77840,17611],[-8,1],[2,2]],[[77848,17613],[5,3],[1,5]],[[77884,17662],[3,7],[14,-1]],[[77903,17680],[28,-4]],[[77931,17676],[0,3],[6,-1],[1,7],[9,-1],[-2,-16],[23,-7],[-1,-2],[7,-4],[5,7],[13,-2],[2,18],[7,-1],[-2,-13],[3,-2]],[[78002,17662],[6,-20]],[[77915,17469],[-7,-4],[-36,-6],[-24,-12],[-32,-4],[-9,-7],[-9,12],[-26,10]],[[77772,17458],[1,3]],[[77773,17461],[54,-7]],[[77833,17472],[4,3],[-22,7]],[[78030,17426],[-12,12],[-10,-1],[-3,8],[-9,2]],[[77996,17447],[1,7]],[[77997,17454],[37,-5]],[[78046,17453],[22,1]],[[78112,17543],[6,16],[25,-4],[0,-27]],[[78143,17528],[10,-2],[2,12],[13,-2],[2,7],[6,-1],[-1,-9],[11,-2],[3,5],[15,4],[9,-5],[12,-2],[-2,-12],[-4,1],[-1,-9],[7,3],[12,0],[1,-6],[23,-20],[-1,-17],[3,-2],[2,-7],[-5,-8],[5,-6],[-3,-10],[6,-4],[-2,-2],[3,-4],[3,1],[-6,-4],[4,-3],[-7,-5],[-4,-8]],[[78259,17411],[-6,1],[-4,-5],[1,-6],[10,0],[-2,-6],[-9,0],[-7,-7]],[[78238,17381],[-6,-16],[-11,-4],[-4,-8],[-14,6],[2,-13]],[[78202,17339],[-4,0],[-12,17],[-5,-3],[5,-9]],[[78196,17319],[6,-7],[0,-7],[-7,2],[-10,12]],[[78104,17286],[-10,10],[4,4],[14,2],[16,8],[1,10],[-9,5],[-14,-5],[-13,2],[-7,-10]],[[78075,17315],[2,17]],[[78077,17332],[-16,-1],[1,6],[4,-1],[3,16],[-6,1],[-7,-6],[-11,-4],[-4,0],[-1,7],[-5,-8],[-7,4],[-9,-3],[11,83]],[[78008,17642],[-7,-21]],[[78001,17621],[22,-6],[-3,-20],[8,-1],[-2,-16],[30,-4],[1,-4],[-5,-1],[6,-3],[-1,-7],[4,6],[6,0],[1,9]],[[78068,17574],[13,3]],[[78081,17577],[-3,-12],[3,-11],[6,9],[3,-2],[5,8],[8,-5],[2,10],[6,-4],[-2,-3],[10,-3]],[[78119,17564],[-7,-21]],[[78112,17543],[-8,2],[-3,-9],[-8,3],[-1,-6],[7,-7],[-9,1],[-6,-24],[12,-4],[0,-3],[-6,1],[-4,-21],[3,1],[-21,-23]],[[78068,17454],[-9,1],[0,-4],[-13,2]],[[78046,17453],[-9,12],[-3,-16]],[[78034,17449],[-72,9],[-22,5],[2,13]],[[77942,17476],[-16,-1]],[[77926,17475],[-11,-6]],[[77915,17469],[-30,13],[9,9],[2,13],[12,-2],[8,40],[11,-1],[2,14],[11,-1],[1,9],[-11,4],[1,8],[12,-2],[1,5],[4,1],[1,-7],[12,-2],[-3,21],[23,-2],[-4,9],[1,5],[14,5],[-5,7],[6,4],[-4,5],[6,19],[13,-1]],[[77805,17486],[-3,-6],[13,2]],[[77815,17482],[9,-5],[8,2],[5,-5],[-4,-2]],[[77833,17472],[0,-11],[-6,-7]],[[77827,17454],[-102,13]],[[77701,17465],[-1,4],[-7,2],[-9,-6]],[[77680,17467],[-3,-5],[-6,9],[5,12],[0,12],[112,-8],[-1,-3],[4,-4],[14,6]],[[77701,17465],[24,2]],[[77725,17467],[19,-2],[-22,-29],[-4,-16],[-35,4],[-4,-2],[-7,4],[-22,3]],[[77673,17436],[6,15],[11,5],[12,0],[-4,4],[3,5]],[[77743,17584],[53,-7]],[[77789,17562],[25,-19],[-4,-8],[-6,4],[-5,-4]],[[77799,17535],[7,-3],[1,-7]],[[77807,17525],[-22,-6],[13,-14]],[[77760,17514],[-33,7],[-19,20],[-47,3]],[[77760,17514],[13,5],[9,-7],[1,-5],[15,-2]],[[77798,17505],[1,-3],[-9,1],[4,-8],[-2,-3]],[[77792,17492],[-8,3]],[[77784,17495],[4,-8],[-112,9]],[[77683,17500],[0,12]],[[77672,17516],[-10,0],[5,10]],[[77660,17526],[-2,5],[3,6],[-2,6],[49,-2],[20,-20],[32,-7]],[[77605,17504],[0,-3]],[[77646,17501],[26,-4],[4,-1]],[[77676,17496],[1,-5],[-3,-15],[-3,-5],[5,-9],[4,5]],[[77680,17467],[4,-2]],[[77684,17465],[2,4],[11,2],[4,-3],[-3,-8],[5,-3],[-22,-5],[-8,-16]],[[77673,17436],[-23,-7]],[[77650,17429],[-158,20]],[[77503,17511],[-6,1],[0,1]],[[77497,17520],[5,-5],[4,3],[64,-10]],[[77342,18505],[16,96],[7,-14],[15,2],[6,-6],[1,9],[68,-10],[0,3],[6,0],[0,-4],[56,-8],[2,10],[12,-2],[11,-8],[1,12],[23,19],[-2,2],[9,1],[3,-3],[4,5],[12,-2],[3,6],[5,-6],[14,8],[31,-4],[6,18],[12,8],[22,6],[7,12],[14,52],[7,76],[-1,40],[162,1],[1,-7],[-4,-5],[22,-7],[0,-24],[-10,0],[11,-56],[268,-1],[-2,-105],[20,0],[0,-40],[4,5],[5,-8],[-2,-4],[2,-5],[-2,-5],[7,-2],[5,5],[2,-5],[8,-2],[4,-8],[5,-1],[7,-32],[7,-13],[2,-11],[8,-12],[0,-5],[7,2],[4,-6],[10,0],[-1,-150]],[[78262,18322],[-24,-19],[-12,-3],[-3,-6],[-14,-10],[-24,-15],[-6,-20],[0,-17],[-16,-23],[4,-13],[-12,1],[-6,-46]],[[78149,18151],[-16,26]],[[78052,18243],[8,23],[-4,14]],[[77544,18013],[-268,37]],[[77267,18048],[-3,5],[-5,-1],[-7,4],[1,5],[6,-3],[-1,9]],[[77270,18072],[-1,12],[21,-1]],[[77299,18132],[-4,6],[4,3]],[[77295,18146],[8,-3],[-1,17]],[[77290,18306],[19,2],[4,11]],[[77305,18364],[9,0],[-3,5]],[[78056,18280],[4,-13],[-8,-24]],[[78052,18243],[13,-3],[26,3],[13,-29],[10,-13],[1,-8],[18,-16]],[[78133,18177],[12,-23],[4,-3]],[[78149,18151],[8,-6],[21,-3],[20,-8]],[[78198,18134],[-8,-56],[-7,-11],[1,-15],[-12,1]],[[78172,18053],[-13,-18],[24,-5],[-3,-23],[-20,5],[5,-18],[-44,7],[-3,-19],[-36,5],[0,-11],[-8,-11],[34,-5],[-3,-23],[-68,9],[-12,-21],[-22,-17],[5,-10],[-10,-21],[-41,-24],[-13,-16]],[[77944,17837],[-1,-8]],[[77894,17823],[-244,34]],[[77606,17862],[-144,19]],[[77442,17909],[2,9],[7,7],[8,1],[2,10]],[[77483,17951],[10,-2],[3,12]],[[77503,17966],[0,9],[-9,5]],[[77498,18011],[4,7],[42,-5]],[[77544,18013],[3,7],[11,5],[0,11],[13,-4],[6,10],[-2,9],[9,5],[-53,7],[18,60],[18,125],[189,-26],[-13,14],[-2,13],[2,11],[14,-3],[7,3],[13,-4],[4,14],[-4,2],[-5,8],[1,20],[17,4],[50,40],[8,14],[-7,8],[15,8],[1,5],[4,-2],[7,-26],[18,3],[7,-3],[13,-28],[8,-4],[10,-17],[12,-9],[13,0],[3,12],[-1,9],[7,7],[2,15],[11,7],[19,-7],[11,6],[10,-11],[4,-11],[6,-1],[13,-11],[21,5],[4,-27],[-3,-6]],[[77739,17585],[-105,13],[7,70],[93,-11],[-2,-13],[-8,-3],[0,-5],[9,-14],[-3,-21]],[[77743,17584],[-67,-9],[-15,-31]],[[77661,17544],[-74,10]],[[77592,17563],[-5,16],[-90,13]],[[77485,17603],[2,9],[-4,6],[-5,1],[-5,9],[-10,-1],[-7,4]],[[77453,17639],[4,14],[-8,5]],[[77441,17667],[12,8]],[[77450,17686],[-4,6],[95,-12],[8,-30],[-5,-40],[199,-26]],[[77544,17610],[5,46],[-8,24],[100,-12],[-7,-47],[0,-23],[-90,12]],[[77869,17678],[4,-7],[5,-2],[2,6],[9,-3],[-5,-10]],[[77884,17662],[2,-6],[-5,1],[-5,-5],[-9,2],[-5,-3],[3,-8],[-14,-2],[7,-5],[-7,-1],[2,-6],[-4,-9],[5,1]],[[77854,17621],[-6,-8]],[[77848,17613],[-15,5]],[[77833,17618],[-77,12],[-23,18],[1,9],[-58,6],[7,47],[167,-23],[3,-4],[9,7],[8,-5]],[[77833,17618],[1,-4]],[[77834,17614],[-2,-3],[8,0]],[[77840,17611],[-4,-7],[1,-4],[6,-3],[-4,-6]],[[77839,17591],[9,-5],[-12,-6]],[[77836,17580],[3,-3]],[[77839,17577],[-2,-3],[11,-4],[-7,-3]],[[77841,17567],[-7,5],[-1,-6],[11,-5],[4,-7],[-11,4],[-2,-3],[2,-10],[-8,-5],[-7,1]],[[77822,17541],[-4,-8],[-3,3],[1,6],[-27,20]],[[77789,17562],[-4,6],[11,9]],[[77796,17577],[-57,8]],[[77739,17585],[-6,17],[-3,-1]],[[77730,17601],[3,16],[-9,19],[1,5],[5,0],[3,7],[4,-1],[20,-17],[76,-12]],[[77443,17737],[-3,6],[2,10],[4,3],[3,14]],[[77451,17798],[3,3],[6,-1]],[[77470,17879],[136,-17]],[[77606,17862],[-1,-8],[45,-6],[0,9]],[[77650,17857],[75,-11]],[[77705,17754],[-16,3],[-13,-94],[-230,29],[-2,6],[-5,1],[2,4],[-1,4],[-5,-2],[-10,12],[15,3],[-1,8]],[[77876,17826],[18,-3]],[[77894,17823],[3,15],[24,2],[18,-4],[4,-7]],[[77943,17829],[-15,-105],[-87,13]],[[77859,17804],[3,6],[4,5]],[[77841,17702],[-6,19],[1,7],[7,6],[-2,2],[87,-12],[-7,-46],[-18,2]],[[77903,17680],[-2,-12]],[[77901,17668],[-14,2],[2,3],[-3,1],[-7,0],[-1,-5],[-4,1],[-5,8]],[[77869,17678],[1,7]],[[77870,17685],[-7,5],[-11,-7],[-2,3],[2,5]],[[77605,17501],[8,39],[6,9],[42,-5]],[[77661,17544],[-1,-18]],[[77660,17526],[7,0]],[[77667,17526],[-5,-9],[10,-1]],[[77672,17516],[7,-6],[4,2]],[[77683,17512],[1,-4],[-3,-6],[2,-2]],[[77683,17500],[-7,-4]],[[77676,17496],[-30,5]],[[77646,17501],[-3,-5],[-38,5]],[[77570,17508],[-71,9],[-2,3]],[[77502,17524],[0,6],[-10,8],[4,8]],[[77497,17592],[87,-12],[4,-2],[1,-9],[3,-6]],[[77592,17563],[-5,-9]],[[77587,17554],[32,-5],[-7,-11],[-7,-34]],[[77605,17504],[-13,2],[1,3],[-22,3],[-1,-4]],[[77705,17754],[-2,5],[3,9],[15,-7],[5,38],[-7,1],[6,46]],[[77725,17846],[151,-20]],[[77876,17826],[-4,-4],[2,-2],[0,-4],[-5,-3],[-3,2]],[[77866,17815],[-7,-11]],[[77859,17804],[1,-3],[4,2],[3,-14],[-4,-1],[1,-8],[-4,-8],[-3,3],[-2,-4],[-7,0],[6,-12],[-10,-5],[2,-6],[-5,-5],[0,-6]],[[77841,17737],[0,-1],[-136,18]],[[77841,17702],[6,-5],[6,1],[-10,-3],[9,-4]],[[77852,17691],[-2,-4],[-167,22],[6,48],[152,-21],[2,-3],[-7,-6],[-1,-9],[4,-3],[2,-13]],[[77209,17331],[18,23],[45,32],[10,-18],[-7,-59],[-16,2],[-37,13]],[[77349,17317],[-15,-2],[-20,-8]],[[77314,17307],[-30,2]],[[77284,17309],[-1,-3],[-8,3],[7,57],[-5,12]],[[77059,17424],[30,-4]],[[77176,17414],[27,-14],[55,-7],[7,4],[7,-11],[-47,-34],[-16,-21]],[[77161,17268],[-4,3],[-11,-3],[-6,17]],[[77096,17371],[-27,4]],[[77274,17242],[2,-4],[-2,-17]],[[77274,17221],[-13,3],[3,16],[-21,0]],[[77244,17247],[5,2],[5,17]],[[77241,17301],[1,5],[-7,3],[-2,7],[2,3],[-5,3],[29,-11],[25,-5],[-10,-64]],[[77314,17307],[35,10]],[[77349,17317],[-2,0],[0,5],[-3,2],[-9,5],[2,9],[-21,8],[0,7],[-5,4],[-12,4],[-6,8],[0,7],[-16,2]],[[77277,17378],[-5,8],[26,5],[12,-17]],[[77317,17365],[10,-1],[3,-3]],[[77327,17357],[3,-7],[5,3]],[[77341,17344],[9,-1],[9,-8],[3,-7],[6,-1],[1,-4],[-3,-7],[11,-8],[5,-17],[12,-12],[-70,8],[-10,20]],[[77249,17250],[-5,-3]],[[77244,17247],[-1,-7]],[[77243,17240],[13,1]],[[77235,17199],[-1,-8],[-6,-5],[-17,2],[-1,-5],[-12,-7],[-8,2],[-14,10],[-2,12]],[[77167,17228],[3,19],[-5,13]],[[77161,17268],[48,63]],[[77209,17331],[14,-3],[-1,-4]],[[77222,17324],[13,-5],[-1,-8],[7,-4],[0,-6]],[[77241,17301],[11,-5],[4,-15],[-5,-11],[3,-4]],[[77254,17266],[-5,-16]],[[77249,17250],[-84,10]],[[77165,17260],[-4,8]],[[76602,18321],[21,-20],[1,-11],[-7,-45]],[[76667,18105],[-52,-40]],[[76641,17925],[21,-32],[21,-18],[20,-30]],[[76584,17861],[1,9]],[[76399,17879],[1,-5]],[[76146,17914],[1,4],[-5,2],[1,7],[4,6],[4,-1],[-2,4],[4,4],[6,-1],[-4,2],[3,2],[-1,2],[6,0],[-8,12],[0,11],[11,11],[6,16],[-3,14],[4,10],[1,20],[-28,33],[27,187],[4,18],[6,12],[1,13],[8,19],[3,18],[23,-7],[1,13],[20,6],[4,-4],[2,-15],[10,-4],[32,8],[3,4]],[[76572,18479],[-6,-63]],[[76602,18321],[-13,1],[0,3],[-5,-4],[-19,-2],[-4,-4],[-1,-7],[-24,4],[-7,-43],[7,-4],[-8,-18],[-32,10],[-3,-18],[-23,1],[-10,-48],[-6,14],[-23,-17],[-9,4],[1,8],[-6,0],[-1,-6],[-6,-5],[1,-8],[-6,-7],[-5,1],[-3,6],[-7,5],[-7,-5],[-2,8],[-2,3],[4,7],[-7,9],[-6,-8],[-6,0],[-6,-7],[-19,-2],[-2,11],[3,3],[-11,6],[-2,13],[-3,2],[2,16],[-7,3],[2,15],[-12,1],[4,25],[-6,5],[-1,17],[-15,17],[-1,14]],[[76290,18340],[9,17],[8,7],[3,11],[5,4],[3,-4],[10,6],[-1,7],[21,-4],[4,20],[20,14],[2,15],[-2,7],[13,2],[9,-8],[20,-3],[2,8],[5,0],[4,29],[6,-1],[3,17],[12,-2],[6,34],[13,-2],[2,11],[12,-1],[5,-8],[14,3],[2,-10],[2,8],[14,-3],[-2,-11]],[[76602,18321],[4,23],[-8,1],[3,20],[-21,1],[-9,44],[-5,6]],[[76566,18416],[2,35]],[[76859,18377],[7,-9],[-4,-18]],[[76837,18115],[-7,2],[-4,-14],[-9,2]],[[76735,18087],[-13,-5],[-3,-7],[6,0],[5,-6],[-8,-5],[-10,3]],[[76641,18073],[-7,4],[33,28]],[[76667,18105],[-31,5],[4,24],[7,-1],[3,16],[8,1],[3,14],[-26,1],[4,20],[-3,6],[-17,7],[-3,4],[2,8],[-8,9],[-14,28],[21,-2]],[[76617,18245],[7,49],[-4,12],[-10,5],[-8,10]],[[77342,18505],[16,-3],[-5,-5],[-2,-24],[-7,-8],[-4,-19],[-7,-3],[-12,-66],[-10,-8]],[[77311,18369],[2,-6],[-8,1]],[[77305,18364],[-6,-4],[7,-3],[2,-13],[4,-3],[-13,-8],[7,-2],[0,-6],[2,1],[5,-7]],[[77313,18319],[-3,-9],[-20,-4]],[[77290,18306],[1,-12],[10,1],[6,-8],[-2,-3],[-5,3],[-2,-3],[9,-6],[-4,-3],[3,-7],[-4,-7],[-7,-2],[1,-5],[7,0],[0,-6],[-3,-7],[-9,-2],[8,-6],[-11,-9],[9,-3],[-2,-9],[3,-5],[-4,-9],[3,-3],[-16,-6],[12,-6],[0,-5],[6,-5],[9,5],[9,-2],[-1,-12],[-5,3],[-9,-7]],[[77302,18160],[1,-18],[-8,4]],[[77295,18146],[-1,-3],[5,-2]],[[77299,18141],[-4,-5],[4,-4]],[[77299,18132],[-4,-2],[-10,4],[2,-8],[-7,-19],[12,-8],[-12,-5],[8,-3],[2,-8]],[[77290,18083],[-22,0],[2,-11]],[[77270,18072],[-6,-5],[-6,0]],[[77258,18067],[0,-9],[-3,3],[-3,-1],[1,-5],[6,-2],[0,-6],[-15,-1],[-6,10]],[[77215,18026],[13,-6],[-3,-7]],[[76846,18106],[-9,9]],[[76837,18115],[16,31],[-44,30],[-28,6],[65,38],[-5,16],[12,67],[9,1],[8,7],[-3,7],[-3,0],[2,6],[-3,8],[3,15],[-4,3]],[[76862,18350],[4,19],[-7,8]],[[76859,18377],[-10,-3],[-4,2],[-14,19],[-2,8],[-28,-26],[-9,12],[-11,-21],[-22,11],[-4,12],[-29,-27],[-45,45],[-1,7],[-33,-10],[-9,21],[5,28],[-14,2],[-4,5],[-6,-5],[-24,2],[-2,-3],[1,-8],[-26,3]],[[76568,18451],[4,28]],[[76572,18479],[-14,-8],[-12,14],[-6,-6],[-5,1],[3,14],[-3,-2],[-2,9],[-9,1],[-1,-8],[-6,3],[3,6],[-6,0]],[[76514,18503],[13,89],[24,1],[2,9],[7,-6],[45,-7],[12,80],[14,9],[1,6],[11,11],[0,11],[21,0],[7,11],[2,11],[-3,3],[-43,1],[3,19],[-50,8],[4,31],[-11,1],[9,11],[4,15],[-13,2],[2,11],[-12,-3],[0,16],[-15,0],[0,5],[-54,3],[1,3],[-4,1],[3,17],[4,2],[4,16],[6,7],[7,0],[10,-12],[11,10],[13,-1],[2,-4],[10,5],[2,8],[14,6],[6,12],[0,9],[28,22],[32,6],[2,4],[-58,8],[1,8],[18,-3],[2,14],[13,2],[25,13],[5,39],[15,-2],[0,5],[-10,21],[12,0],[1,22],[29,-2],[14,12],[8,-10],[3,-11],[29,-4],[11,19],[-2,14],[15,0],[0,-4],[39,-1],[1,-22],[4,0],[0,-81],[-12,-5],[-5,-7],[-8,-1],[-2,5],[-5,-6],[67,-16],[5,-8],[98,-1],[2,0],[0,18],[21,1],[1,-16],[21,22],[44,-5],[2,8],[24,-6],[-3,-11],[23,-6],[-9,-35],[24,-4],[8,-14],[-17,-116],[7,-39],[8,-6],[24,-9],[11,2],[11,-7],[19,7],[8,8],[-18,-118],[19,-2],[6,-12],[5,0],[-1,3],[11,5],[5,-16],[8,-3],[3,6],[2,-5],[8,-3],[1,-11],[4,0],[4,-10],[15,2],[0,6],[5,0],[0,-5],[6,-3],[-2,-4],[2,-9],[15,-6],[-3,-7],[67,-9],[-7,-46]],[[77509,17358],[2,-1]],[[77511,17357],[-3,-2],[1,-4],[17,1]],[[77526,17352],[-6,-47]],[[77520,17305],[-33,2]],[[77487,17307],[-7,3],[-48,6],[6,46],[55,-7]],[[77453,17445],[39,4]],[[77492,17449],[-4,-5]],[[77488,17444],[6,0],[8,-8],[7,2],[0,-8],[5,-4]],[[77514,17426],[-2,-8],[7,-7],[-10,-6],[6,-8],[-6,-3]],[[77509,17394],[-4,-7],[5,-7]],[[77510,17380],[-5,-4],[10,-3],[-1,-5],[-6,-1],[1,-9]],[[77509,17358],[-16,-3]],[[77493,17355],[-25,4]],[[77462,17406],[-4,0]],[[77315,17428],[-4,-21],[-15,-17],[-24,-4],[-6,9],[45,43]],[[77402,17414],[60,-8]],[[77462,17406],[6,-47]],[[77468,17359],[-30,3],[1,8],[-39,6],[4,28]],[[77344,17438],[109,7]],[[77453,17445],[5,-39]],[[77458,17406],[-56,8]],[[77402,17414],[-1,-9],[3,-1]],[[77404,17404],[-6,-32]],[[77373,17371],[1,6],[-9,5],[1,-10]],[[77357,17371],[-13,57]],[[77315,17428],[9,2],[4,9]],[[77328,17439],[16,-1]],[[77344,17438],[0,-10]],[[77344,17428],[0,-7],[10,-38]],[[77306,17381],[-10,10],[14,15],[5,22]],[[77317,17365],[-2,5],[-6,-3],[1,7]],[[77310,17374],[-4,7]],[[77306,17381],[42,-5],[0,6],[6,1]],[[77354,17383],[3,-12]],[[77357,17371],[9,1]],[[77366,17372],[-3,9],[11,-4],[-2,-27]],[[77363,17352],[14,-29],[2,-16],[-13,9],[3,8],[-2,4],[-5,0],[-4,8],[-11,8],[-6,0]],[[77341,17344],[-6,9]],[[77335,17353],[-5,-2],[-3,6]],[[77327,17357],[3,4]],[[77330,17361],[-5,4],[-8,0]],[[77372,17350],[1,21]],[[77373,17371],[18,-3],[0,5],[7,-1]],[[77398,17372],[0,4],[41,-6],[-8,-65]],[[77431,17305],[-53,7]],[[77378,17312],[-4,18],[-11,22]],[[77363,17352],[9,-2]],[[76844,17825],[-28,40]],[[76751,17912],[-20,173],[4,2]],[[76735,18087],[3,-10],[4,3],[-1,5],[9,-1],[-4,10],[10,12],[3,-8],[13,0],[-4,13],[9,1],[3,9],[2,-2],[1,-9],[7,10],[20,-1],[4,-6],[-5,-6],[2,-5],[6,3]],[[76817,18105],[10,-1],[2,11],[3,2],[14,-11]],[[76846,18106],[17,-2],[9,-14],[9,-7],[3,2],[-4,11],[3,1],[14,-9],[1,-5],[11,-9],[5,-2],[15,7],[6,-21],[3,-1],[-2,7],[6,0],[10,-10],[-1,-6],[2,-1],[9,10],[8,-3],[255,-41]],[[77225,18013],[-7,-6]],[[77216,17994],[-1,-8],[-7,-6]],[[77203,17980],[-1,-7],[-3,1],[-4,9],[-8,-7],[1,-7],[8,1]],[[77181,17956],[-5,2],[1,-6],[-4,-4],[3,-7]],[[77167,17909],[4,-5],[-2,-10],[-10,-5],[7,-9],[-5,-3],[-7,3],[-2,3],[3,6],[-5,3]],[[77090,17800],[-26,0],[6,-5]],[[77073,17740],[10,2],[4,-3],[-28,-20]],[[77061,17713],[-17,0],[-3,-9]],[[76989,17769],[6,7],[-7,4]],[[76577,17844],[7,17]],[[76584,17861],[119,-16]],[[76703,17845],[77,-121]],[[76900,17539],[-163,22],[-20,11],[-53,41],[-4,4]],[[76835,17838],[9,-13]],[[76844,17825],[17,-9],[23,-21],[34,-20],[17,0]],[[76945,17558],[4,-3],[9,0],[-10,-7],[-9,4],[-1,-6],[7,-11],[-2,-2],[-12,6]],[[76928,17536],[-28,3]],[[76900,17539],[-11,10],[-27,65],[-20,42],[-25,19],[-37,49]],[[76780,17724],[-45,75]],[[76735,17799],[-52,76],[-19,16],[-23,34]],[[76641,17925],[-18,15],[-23,26],[15,99]],[[76615,18065],[18,14],[8,-6]],[[76641,18073],[10,1],[-1,-6],[4,-3],[10,-2],[8,5],[10,-1],[5,-8],[6,10],[16,-7],[3,5]],[[76712,18067],[14,-1],[4,4],[-5,5],[-5,-1],[1,6],[10,5],[1,-3],[19,-170]],[[76751,17912],[34,-31],[31,-16]],[[76816,17865],[19,-27]],[[76835,17838],[-25,-16],[-9,-18],[-2,-13],[-64,8]],[[77456,17445],[-103,-8],[-25,2]],[[77318,17456],[-3,29],[24,14],[11,18],[0,7],[10,8],[7,-11],[-3,-21]],[[77497,17592],[6,-11],[-5,-8],[3,-6],[-2,-4],[6,-9],[-13,-3],[4,-5]],[[77496,17546],[-4,-7],[9,-7],[1,-8]],[[77502,17524],[-5,-4]],[[77497,17520],[0,-7]],[[77497,17513],[6,-2]],[[77503,17511],[-4,-7],[8,-8],[-9,1],[-5,-3],[5,-10],[-5,-3],[1,-5],[-4,-5],[-2,-13],[8,-3],[-4,-6]],[[77492,17449],[-36,-4]],[[77456,17445],[-1,9],[-5,0],[-2,18],[-12,25],[-28,0],[-5,-16],[-5,1],[3,12],[-37,6]],[[77364,17500],[3,19],[-6,12],[0,9],[13,16],[11,27],[-7,20],[0,8],[119,-19]],[[77214,17491],[4,22]],[[77205,17515],[-8,13],[25,1]],[[77226,17554],[34,-2],[1,-4],[60,-6],[-1,-2],[21,-3],[9,2],[11,-2],[-1,-5],[-11,-9],[1,-6],[-10,-17],[-24,-15],[2,-29]],[[77318,17456],[10,-17]],[[77328,17439],[-17,-1]],[[77311,17438],[-36,-33]],[[76935,17775],[0,22],[22,-3],[-4,-5],[-6,1],[-1,-4],[3,-4],[12,0],[2,-10],[7,-4],[5,8],[9,-1],[4,5]],[[76988,17780],[6,-3],[2,-2],[-6,-2],[-1,-4]],[[76989,17769],[4,-9],[4,2],[4,-5],[-7,-8],[12,3],[4,-13],[-3,-14],[6,-6],[0,-6],[10,-1],[-3,-9],[8,7],[13,-6]],[[77041,17704],[2,8],[18,1]],[[77061,17713],[-2,6]],[[77059,17719],[28,19],[-2,4],[-12,-2]],[[77073,17740],[-17,7],[2,3],[17,-3],[0,8],[7,3],[-1,3],[-5,-2],[-6,4],[0,9],[-11,-1],[8,13],[8,-2],[-5,13]],[[77070,17795],[-6,4],[4,3],[22,-2]],[[77090,17800],[8,10],[0,4],[-8,5],[0,12],[17,11],[5,-1],[0,6],[13,10],[-10,9],[0,5],[5,4],[-8,1],[3,9],[9,-2],[17,8],[-2,-12],[6,2],[5,11]],[[77150,17892],[5,-4],[-2,-7],[9,-4],[4,4],[-7,9],[10,3],[1,5],[10,-28]],[[77222,17730],[60,-9]],[[77304,17712],[32,-3],[6,-42],[-9,-26]],[[77333,17641],[-12,-99],[-95,12]],[[77226,17554],[-4,-25]],[[77222,17529],[-23,1]],[[77159,17567],[2,12],[-4,3],[1,9],[-5,6],[-71,13]],[[77045,17512],[1,-7],[-2,-6],[-2,5],[-6,1]],[[76956,17536],[-9,-6],[-9,19],[1,4],[9,-5],[10,5],[-13,5]],[[76945,17558],[8,5],[-9,29],[2,4],[5,-1],[-3,27],[10,7],[4,18],[18,16],[5,-2],[-1,5],[-6,1],[9,15],[2,11],[-13,15],[-41,38],[0,29]],[[77320,17540],[11,79],[47,-8],[7,-30],[-11,-25],[-13,-19],[-41,3]],[[77082,17610],[74,-15],[1,-13],[4,-4],[-2,-11]],[[77159,17567],[4,-6],[5,0],[8,-9],[10,0],[7,-11],[-4,-5],[10,-6]],[[77199,17530],[-1,-4],[7,-11]],[[77205,17515],[5,-2],[5,3],[3,-3]],[[77218,17513],[-5,-33]],[[77223,17398],[-22,3],[-25,13]],[[77176,17414],[-1,-10],[-9,1],[-1,-18],[-25,3],[0,12],[-8,8],[-11,-8],[3,-4],[-12,2],[4,2],[-10,7],[0,6],[8,3],[-9,8],[-11,-1],[-5,-5]],[[77089,17420],[-23,6],[4,8],[25,11],[0,5],[-6,11],[4,12],[-4,4],[-23,3],[-10,-5],[-1,17]],[[77051,17492],[-2,7],[4,19]],[[77053,17518],[-6,4],[0,7],[16,4],[-11,10],[-12,2],[1,4],[14,-1],[1,4],[-6,5],[-12,-1],[-4,10],[7,4],[9,-7],[5,9],[20,-7],[7,45]],[[77213,17480],[1,11]],[[77214,17491],[42,-36],[14,-26],[5,-24]],[[77275,17405],[-9,-10],[-1,2],[-6,-4],[-36,5]],[[77223,17398],[4,29],[-5,1],[-2,17],[15,-2],[-27,32],[5,5]],[[77442,17751],[-1,-11]],[[77353,17788],[10,-3],[8,5],[5,-6],[18,2]],[[77460,17929],[-13,-6],[-5,-14]],[[77442,17909],[2,-6],[16,-16],[2,-6]],[[77462,17881],[8,-2]],[[77470,17879],[5,-10],[-6,-22],[2,-5],[-1,-9],[4,-2],[0,-4],[-8,-13],[3,-6],[-8,-3],[-1,-5]],[[77460,17800],[-9,-2]],[[77451,17798],[5,-9],[-4,-2],[3,-7],[-2,-3],[4,-7],[-8,0]],[[77449,17770],[-2,-12],[-5,-7]],[[77442,17751],[-12,22],[4,15],[-12,2],[-1,5],[-12,-2],[1,-8],[-16,4],[0,-3]],[[77394,17786],[-12,-3],[-8,2],[2,2],[-5,3],[-9,-5],[-18,7],[-1,11]],[[77332,17850],[77,-11]],[[77282,17721],[-22,4],[-11,49]],[[77349,17753],[63,-8],[3,6],[4,-9],[22,-2]],[[77441,17740],[2,-3]],[[77443,17737],[-1,-7],[-3,-2]],[[77439,17728],[1,-9],[-15,-1],[10,-13],[6,2],[-2,-8],[7,-4],[4,-9]],[[77450,17686],[-2,-6],[5,-5]],[[77453,17675],[-6,-6],[-42,5],[3,24],[-104,14]],[[77304,17712],[-1,-8],[-24,4],[3,13]],[[77503,17966],[-7,-5]],[[77496,17961],[-3,-11],[-10,1]],[[77483,17951],[-11,-8],[-3,-8],[-8,1]],[[77461,17936],[-1,-7]],[[77460,17929],[-38,5],[-13,-95]],[[77409,17839],[-119,18]],[[77285,17828],[10,-2]],[[77277,17770],[-28,4]],[[77249,17774],[10,-50],[-37,6]],[[77222,17730],[5,47],[-71,11],[8,59],[12,8],[4,15]],[[77180,17870],[-5,18],[-3,2],[-1,15],[-4,4]],[[77167,17909],[13,-1],[0,9],[9,1],[-6,4],[0,8],[10,0],[-10,6],[-3,5],[-4,0]],[[77176,17941],[-3,8],[4,3],[0,7],[4,-3]],[[77181,17956],[-1,-6],[2,-1],[4,14],[9,-2],[1,9]],[[77196,17970],[-5,-2],[-4,3],[0,5],[7,7],[7,-10],[3,2],[-1,5]],[[77203,17980],[5,0]],[[77208,17980],[8,7],[0,7]],[[77216,17994],[3,4],[-1,9]],[[77218,18007],[10,12],[-13,7]],[[77215,18026],[6,6],[-7,9],[4,3],[5,-2],[3,2],[-7,4],[-1,4],[13,-4],[7,8]],[[77238,18056],[5,-10],[7,-1],[10,2],[-1,5],[3,2],[5,-6]],[[77267,18048],[9,2]],[[77276,18050],[229,-31],[-7,-8]],[[77498,18011],[5,-12],[-3,-2],[-2,-16],[-4,-1]],[[77494,17980],[8,-5],[1,-9]],[[77285,17828],[5,29]],[[77290,17857],[42,-7]],[[77332,17850],[8,-16],[-1,-25],[4,-6]],[[77343,17803],[-2,-2],[-12,14],[-11,7],[-33,6]],[[77277,17770],[4,36],[15,-3],[-3,11],[2,12]],[[77295,17826],[24,-5],[24,-20],[1,-9],[9,-4]],[[77353,17788],[-4,-35]],[[77349,17753],[-23,10],[-49,7]],[[77387,17677],[56,-8],[-2,-2]],[[77441,17667],[7,-2],[1,-7]],[[77449,17658],[8,-7],[-4,-12]],[[77453,17639],[3,-8]],[[77456,17631],[18,-4],[4,-8],[8,-5],[-1,-11]],[[77485,17603],[4,0],[2,-7],[6,-4]],[[77497,17592],[-167,27],[3,22]],[[77387,17677],[2,-15],[-1,-8],[-34,4],[-21,-17]],[[77333,17641],[9,21],[-6,47],[73,-11],[-4,-24],[-18,3]],[[78191,16975],[32,3],[16,6],[28,-4],[6,4]],[[78304,16993],[15,-2],[-3,-59]],[[78266,16905],[-61,24],[13,31],[-27,-5]],[[78216,16864],[6,15],[11,-3],[11,2]],[[78245,16862],[-4,-10]],[[78241,16812],[0,-7],[3,0],[4,-28]],[[78256,16770],[-7,-5],[-26,-3]],[[78211,16768],[-26,-1]],[[78180,16758],[-15,-12],[-10,-13]],[[78125,16696],[-20,3]],[[78095,16792],[-7,11]],[[78091,16805],[-11,10]],[[78280,16735],[33,35],[9,5],[18,2],[23,-15],[8,-10],[14,-9],[34,-32],[-8,-7],[0,-5],[-17,-1]],[[78335,16569],[-11,6],[-1,12]],[[78299,16625],[-36,5]],[[78271,16683],[-10,3],[13,16]],[[78155,16733],[10,14],[15,11]],[[78180,16758],[-2,2],[-8,-5],[-6,4],[5,-1],[16,9]],[[78185,16767],[3,-4],[-2,-20]],[[78280,16735],[-6,-33]],[[78274,16702],[-13,-17],[-53,7],[-21,-6],[-62,10]],[[78125,16696],[6,25],[2,-3],[12,3],[4,5],[0,6],[6,1]],[[78223,16762],[59,15]],[[78318,16773],[-38,-38]],[[78280,16735],[-9,1],[-12,-3],[-73,10]],[[78186,16743],[0,23],[25,2]],[[78211,16768],[12,-3],[0,-3]],[[78120,16663],[-1,0],[-4,5]],[[78105,16699],[82,-13],[22,6],[62,-9]],[[78271,16683],[-8,-53]],[[78263,16630],[-86,13]],[[78167,16610],[-9,9],[0,4],[-8,8],[-1,7]],[[78143,16645],[-3,2],[3,3]],[[78191,16975],[0,-20]],[[78191,16955],[5,-1],[22,6],[-36,-83]],[[78091,16909],[9,7]],[[78116,16934],[2,19],[10,19],[8,5],[14,0],[24,-7],[17,5]],[[78182,16877],[23,52],[26,-10]],[[78229,16896],[-13,-32]],[[78216,16864],[0,-14],[-5,-7],[5,-7],[-18,0],[0,-3],[-3,0],[0,9],[-18,4],[0,-33],[-97,2]],[[78080,16815],[-3,4],[2,3],[-4,2]],[[78078,16831],[-6,3],[-2,5],[-4,0],[3,6],[-3,0]],[[78072,16869],[1,8],[4,1],[-3,0],[3,6]],[[78075,16886],[3,0],[0,4],[4,0],[2,5],[3,0],[2,6]],[[78094,16903],[-5,4],[2,2]],[[78091,16909],[17,-2],[74,-30]],[[78316,16932],[3,60],[17,-3]],[[78400,16958],[-5,-6],[-24,-14]],[[78350,16929],[0,-1],[22,-26],[-3,-6],[-6,1]],[[78358,16893],[8,-12],[2,-6],[-19,8]],[[78305,16865],[-5,11],[-17,6],[-10,-3],[-9,4]],[[78252,16877],[-11,2],[-5,-3],[-14,3],[7,17]],[[78229,16896],[-4,9],[6,14]],[[78231,16919],[35,-14]],[[78266,16905],[4,24],[30,-4],[-6,10],[22,-3]],[[78241,16853],[4,9]],[[78245,16862],[-7,3],[6,13]],[[78244,16878],[8,-1]],[[78252,16877],[12,6]],[[78264,16883],[8,-4],[11,3],[11,-3],[6,-4],[5,-10]],[[78305,16865],[10,-5],[13,3],[-3,6],[10,11],[14,-6],[0,9]],[[78349,16883],[15,-9],[5,3],[6,-6]],[[78364,16816],[-5,-2],[5,-4]],[[78343,16814],[-22,0],[-17,15]],[[78241,16812],[0,40]],[[78241,16852],[0,1]],[[78241,16853],[63,-24]],[[78304,16829],[18,-16],[21,1]],[[78343,16814],[19,-8],[2,4]],[[78364,16810],[-5,5],[8,3],[17,-12]],[[78383,16801],[12,1],[0,-8],[21,-15],[-9,1]],[[78409,16777],[-20,-5],[-12,7]],[[78366,16759],[-26,18],[-22,-4]],[[78318,16773],[-32,6],[-1,-6],[-3,4]],[[78282,16777],[-26,-7]],[[78256,16770],[0,6],[-8,1]],[[78248,16777],[-7,35]],[[78350,16929],[0,2],[21,7]],[[78371,16938],[28,17],[6,0],[8,-5],[26,-3]],[[78388,16892],[-19,3],[3,7],[-22,27]],[[78023,17142],[4,33],[4,-1],[0,3],[-4,1],[1,6],[18,-3],[2,14],[-5,15]],[[78043,17210],[20,-2]],[[78192,17178],[-7,-47]],[[78135,17128],[-9,-67]],[[78109,17078],[-5,-2],[0,5]],[[78065,17081],[-14,14]],[[78021,17086],[-16,5],[3,1]],[[78008,17092],[5,34],[5,-1]],[[78018,17125],[1,3],[-2,5],[-4,0]],[[78013,17133],[1,11]],[[78014,17144],[9,-2]],[[78196,17319],[5,11],[-15,3],[0,11]],[[78186,17344],[-5,8],[2,3],[5,-1],[10,-14],[4,-1]],[[78202,17339],[3,7]],[[78205,17346],[-1,13],[14,-5],[3,7],[10,4],[6,9],[1,7]],[[78238,17381],[-4,7],[8,0]],[[78242,17388],[2,0],[5,7],[10,2],[3,-4],[7,3],[6,6]],[[78275,17402],[-7,0],[0,7]],[[78268,17409],[0,1],[12,-2]],[[78280,17408],[1,-15],[8,-5],[-9,-19],[12,0]],[[78292,17369],[2,8],[9,-1],[5,-5],[-1,-10]],[[78307,17361],[3,-1],[8,12],[-5,2],[0,9],[-6,10],[10,16],[15,3],[-2,-15]],[[78330,17397],[-6,-6],[11,-1],[-5,-6],[6,-3]],[[78345,17226],[-2,-10]],[[78197,17212],[-5,-34]],[[78192,17178],[-4,3],[2,3],[-8,-4],[-14,5],[0,20],[6,11],[-28,3],[1,4],[-7,1],[1,5],[-3,0],[-2,-3],[-3,2],[-1,-8],[-30,5],[-7,-38],[-8,3],[-6,-5],[-12,5],[-6,18]],[[78063,17208],[-15,2],[-4,4],[1,4],[-3,3]],[[78042,17221],[3,12]],[[78045,17233],[-7,6],[4,9],[-3,7],[-9,3],[-1,-3],[0,4],[-3,1],[6,37],[5,3],[-4,12],[8,12]],[[78041,17324],[9,-3],[8,2],[6,-6],[10,1]],[[78074,17318],[1,-3]],[[78075,17315],[-6,-7],[0,-10],[14,-11],[4,4],[-1,21]],[[78086,17312],[8,11],[12,-3],[16,5],[8,-7],[-1,-7],[-9,-6],[-23,-5],[-3,-7],[10,-7]],[[78104,17286],[29,9],[10,9],[14,0],[12,-8],[1,3],[-9,15],[5,5],[19,0]],[[78185,17319],[15,-15],[3,6],[-7,9]],[[78367,17051],[-3,-21]],[[78402,16997],[-2,-39]],[[78400,16958],[-25,4],[1,3],[-40,24]],[[78336,16989],[-32,4]],[[78304,16993],[-7,-9],[-24,0]],[[78273,16984],[-7,-4],[-14,3],[-8,-2]],[[78258,17000],[2,23],[8,23],[1,-6]],[[78197,17212],[34,-5],[10,4],[21,-6],[8,3],[9,9],[16,5],[48,-6]],[[78343,17216],[-1,-9]],[[78353,17204],[-18,-17]],[[78284,17152],[-95,14],[8,46]],[[78215,17131],[4,31],[40,-7]],[[78258,17148],[-6,-1],[-10,-11],[-5,-13],[3,-10],[-58,-55]],[[78170,16971],[-20,6],[-16,-1]],[[78125,16995],[1,69],[43,20]],[[78182,17058],[55,52]],[[78258,17074],[-15,-6]],[[78266,17042],[-7,-15],[-1,-27]],[[78258,17000],[-5,-1],[0,-5],[-7,0],[-2,-13]],[[78244,16981],[-6,3],[-15,-6],[-53,-7]],[[78170,16971],[0,10],[-4,0],[0,12],[-4,0],[0,21],[26,0],[0,11],[11,1],[0,28],[-14,1],[-3,3]],[[78135,17128],[8,-5],[5,1],[2,10],[35,-3]],[[78185,17131],[4,35],[30,-5],[-4,-30]],[[78215,17131],[-25,-21],[-21,-26]],[[78169,17084],[-43,-19],[9,63]],[[78327,17138],[40,15]],[[78371,17123],[6,-9],[-9,-58]],[[78321,17056],[-75,14],[21,8],[30,33],[20,14]],[[78335,17187],[10,11],[16,-21],[12,-6],[-5,-8],[4,-12],[-10,2],[-35,-15]],[[78327,17138],[-10,-13]],[[78317,17125],[-29,-21],[-10,-16],[-20,-14]],[[78258,17074],[-4,14],[-6,6],[1,2],[-12,14]],[[78237,17110],[3,3],[-2,13],[7,15],[13,7]],[[78258,17148],[1,7]],[[78259,17155],[25,-3]],[[78284,17152],[10,-7],[4,5],[32,15],[5,22]],[[78243,17068],[78,-12]],[[78321,17056],[1,4],[46,-4]],[[78368,17056],[-1,-5]],[[78367,17051],[-10,2],[-25,-17],[-13,2],[-23,-9],[0,8],[-27,3]],[[78269,17040],[1,6],[-4,-4]],[[78266,17042],[-15,3],[0,6],[-8,2],[0,15]],[[77985,16992],[14,-2]],[[77999,16990],[6,19]],[[78005,17009],[16,-5]],[[78021,17000],[8,-1],[5,7]],[[78047,16998],[2,-14]],[[78044,16952],[-30,1],[-5,-30]],[[78009,16923],[-16,2],[4,24]],[[77997,16949],[-20,3]],[[77977,16952],[1,5],[7,-1],[-3,5],[3,31]],[[78057,17090],[8,-9]],[[78065,17081],[39,0]],[[78104,17081],[1,-5],[4,2]],[[78109,17078],[4,-7],[5,1],[8,-11]],[[78126,17061],[-1,-61],[-64,0],[-3,10]],[[78052,17038],[4,1],[-2,2]],[[78021,17086],[20,1],[9,3],[1,5]],[[78051,17095],[6,-5]],[[78057,17090],[-8,-22],[5,-27]],[[78054,17041],[2,-1],[-4,-2]],[[78052,17038],[1,-28],[5,0]],[[78058,17010],[4,-13],[-10,1],[-5,-4],[0,4]],[[78047,16998],[-13,2],[0,6]],[[78034,17006],[-8,-6],[-5,0]],[[78021,17000],[0,4]],[[78021,17004],[-19,6]],[[78002,17010],[1,9],[-4,2],[1,7],[-5,1],[2,12],[5,-1]],[[78002,17040],[-1,25],[10,25],[10,-4]],[[78049,16984],[0,12],[13,1],[-1,3],[6,1],[10,-3],[45,4],[3,-7]],[[78125,16995],[9,0],[0,-19]],[[78134,16976],[-11,-12],[-6,-13],[1,-4],[-30,2]],[[78088,16952],[-44,0]],[[78044,16952],[4,26],[2,-1],[1,5],[-2,2]],[[78009,16900],[5,53],[40,-3],[34,2]],[[78088,16952],[0,-3]],[[78088,16949],[21,1],[9,-4],[-2,-9],[-2,0],[2,-3]],[[78116,16934],[-5,-2],[2,-2],[-5,1],[-3,-6],[5,-6],[-10,-3]],[[78100,16916],[-10,-8],[4,-5]],[[78094,16903],[-1,-4],[-4,2]],[[78089,16901],[-8,-12],[-72,11]],[[78489,16771],[-2,11]],[[78522,16750],[4,0],[7,1]],[[78538,16756],[5,-3],[12,4]],[[78607,16774],[-3,-7],[-12,-6],[11,-17]],[[78610,16766],[5,-1],[5,-3]],[[78626,16759],[10,-9],[-1,-25]],[[78661,16721],[14,-5]],[[78632,16665],[-14,-14],[-11,-3],[-23,11],[-12,-4]],[[78584,16593],[-1,-44],[-9,2],[-2,-13],[-10,3],[-1,-4]],[[78397,16560],[-62,9]],[[78335,16569],[17,107],[11,-6],[3,7],[24,-1],[4,22]],[[78394,16698],[18,1],[-1,5],[8,6],[-3,6]],[[78458,16722],[10,13],[-3,4]],[[78477,16748],[0,6],[3,-1],[3,13]],[[78336,17381],[5,-2],[1,-3],[9,3],[8,-7],[-2,-2],[3,-3]],[[78360,17367],[22,1],[4,4],[-1,4]],[[78464,17367],[-21,-143],[-48,8]],[[78364,17190],[-5,1],[-14,3],[0,4],[8,6]],[[78353,17204],[-11,3]],[[78342,17207],[3,19]],[[78345,17226],[-14,2],[4,4],[1,10],[-4,0],[10,20],[-6,6],[-9,2],[-9,37],[10,12],[-6,6],[11,8],[4,14],[-4,11],[3,23]],[[78541,17529],[-6,4],[-1,-3],[4,-6]],[[78524,17516],[-5,1],[-4,-3],[4,-11],[-11,10],[-6,-2]],[[78497,17507],[-3,-5],[0,-5]],[[78478,17486],[5,9],[-6,-2],[0,5]],[[78475,17504],[-7,1],[-7,-10],[-5,3],[-5,-6],[-1,-11]],[[78449,17475],[-11,10]],[[78438,17485],[0,9],[-3,3],[-3,13],[6,5],[8,26],[8,4],[13,16],[6,1],[5,23],[16,15],[-2,13],[7,30],[7,10],[0,8],[-6,8],[4,13],[-13,10],[9,5],[-2,6],[3,11],[0,10],[-5,10],[1,5],[25,122],[5,57]],[[78527,17918],[5,-1]],[[78532,17917],[20,16],[10,-8],[10,3],[8,-5],[8,12],[11,-3]],[[78599,17932],[9,8],[10,2],[3,4],[1,27],[6,5],[36,0]],[[78664,17978],[0,-16],[7,-6],[11,-2],[1,-4],[18,14],[20,-9],[-7,-40],[79,-12],[6,-25],[9,-2],[2,11],[20,0],[0,-17],[39,-1],[0,-10],[32,-1],[-17,25],[14,0],[29,-17],[11,0],[6,-8],[7,23],[9,-1],[6,-5],[3,-9],[7,-4],[0,-10]],[[78976,17852],[0,-2],[7,-17],[20,-10]],[[79003,17823],[27,-50]],[[79030,17773],[12,-10],[10,14]],[[79052,17777],[18,9]],[[79070,17786],[0,20],[12,25],[10,3],[12,13],[16,-1],[6,6],[16,-3],[5,-7],[0,-23],[25,6],[7,10],[8,-4],[8,-16],[17,-12],[7,-15],[7,-6],[21,-6],[16,-15],[8,-14],[11,-12],[1,-21],[9,-9],[4,-21],[8,-1],[13,-13],[16,0],[6,-6],[-231,-170]],[[79093,17433],[-11,4],[-15,-21]],[[78918,17292],[-3,3],[1,2],[-4,1],[-1,3]],[[78893,17308],[-5,-1],[-5,3]],[[78878,17322],[-5,-1],[-1,4],[7,17],[0,1]],[[78897,17399],[5,7],[-5,4],[-6,-4]],[[78868,17451],[-5,-1],[3,6],[-3,2],[6,6]],[[78848,17504],[9,1],[1,4],[-5,0]],[[78838,17537],[-13,-3],[-3,-8],[-9,10],[-6,-2],[-3,-20]],[[78796,17503],[-2,-5],[-8,0],[-6,6],[-11,4],[-3,4]],[[78586,17526],[3,7],[-11,1]],[[78579,17537],[-6,1],[4,2],[-3,3],[-5,-3]],[[78364,17030],[12,90],[5,-1]],[[78428,17098],[27,-4]],[[78421,16949],[-22,5],[3,43]],[[78402,16997],[-5,44],[-33,-11]],[[78435,17179],[29,188]],[[78464,17367],[-79,9]],[[78385,17376],[-3,2]],[[78382,17378],[3,3],[-3,1],[3,2],[-3,7],[7,-3],[1,4],[-5,1],[5,1]],[[78390,17394],[1,5],[12,-4],[7,1],[-18,25]],[[78392,17421],[10,10],[1,10],[-6,5],[25,10],[6,-9],[6,-2],[1,16],[5,4],[6,13]],[[78446,17478],[3,-3]],[[78449,17475],[3,2],[-2,4]],[[78450,17481],[0,8],[6,9],[4,-3],[7,10],[8,-1]],[[78475,17504],[-3,-3],[5,-3]],[[78477,17498],[-1,-4],[7,0],[-5,-8]],[[78478,17486],[6,2],[1,-7],[6,-4],[0,20],[3,0]],[[78494,17497],[3,10]],[[78497,17507],[4,0],[1,4]],[[78502,17511],[5,3],[12,-11],[-3,12],[8,1]],[[78524,17516],[0,6],[14,2]],[[78538,17524],[-4,9],[7,-4]],[[78541,17529],[-3,7],[4,-1],[9,11],[8,3],[8,-2],[2,-7]],[[78569,17540],[7,2],[1,-2],[-4,-1],[6,-2]],[[78579,17537],[-1,-3]],[[78578,17534],[2,-2],[8,2],[-2,-8]],[[78586,17526],[8,3],[1,-4],[4,3],[11,-6],[8,-14],[-5,0],[5,-10],[5,5],[10,-5],[1,16],[3,8],[3,0],[0,4],[3,1],[1,-4],[6,8],[14,3],[1,3],[4,-1],[-2,-4],[11,6],[-7,0],[-2,4],[8,0],[-8,10],[1,4],[13,-2],[-1,-6],[2,1],[1,-4],[11,-7],[-3,-4],[4,-5],[-3,-1],[-1,-6],[13,-3],[2,4],[2,-4],[5,0],[1,-1],[-4,-2],[0,-4],[13,-8],[6,3],[5,-4],[25,10],[2,-5],[3,4]],[[78766,17512],[4,-5],[23,-10],[3,6]],[[78796,17503],[-2,2],[10,4],[-6,2],[6,3]],[[78804,17514],[5,21],[4,1],[8,-10],[4,8],[10,3],[3,0]],[[78838,17537],[-2,-5],[2,-2],[11,1],[-5,-3],[-1,-5],[5,-5],[3,1],[2,-10]],[[78853,17509],[6,-2],[-11,-3]],[[78848,17504],[1,-4],[6,-3],[-7,-6],[4,-2],[-2,-2],[2,-5],[2,2],[6,-8],[-4,-4],[4,-7],[4,-4],[2,7],[3,-4]],[[78869,17464],[-6,-5],[3,-2],[-3,-6]],[[78673,17384],[10,-16],[6,-23]],[[78686,17271],[3,-7],[-31,0],[-12,3]],[[78636,17203],[-87,11]],[[78547,17197],[9,-6],[-1,-9]],[[78509,17109],[-10,7]],[[78492,17117],[1,25],[-10,6]],[[78628,17074],[9,3],[25,20],[24,-34]],[[78788,17007],[4,-1],[12,8]],[[78818,17007],[12,11],[11,0],[-7,-8]],[[78829,16990],[-5,-2],[2,-3],[-5,-1],[1,-5],[-3,-1],[7,-36],[-5,-9]],[[78916,16916],[5,-1],[0,-3],[21,-6],[6,-12]],[[78952,16871],[1,-14],[-6,-12]],[[78948,16835],[-3,-2],[3,-8],[-3,-7],[-9,1]],[[78932,16810],[-34,-32]],[[78749,16835],[-8,-8]],[[78735,16805],[-11,-4],[-3,-7]],[[78674,16950],[19,41],[-1,4]],[[78678,17004],[-7,14],[-20,9]],[[78455,17094],[15,-4]],[[78493,17141],[-1,-24]],[[78492,17117],[7,-1]],[[78499,17116],[8,-7],[27,-1]],[[78547,17093],[2,-10],[-1,-12],[-3,-5]],[[78514,17040],[-11,-3],[-12,0]],[[78441,16998],[-10,0],[-5,12],[-5,2],[2,10],[-10,29],[15,13],[-1,3],[7,1],[5,11],[17,4],[1,7],[-2,4]],[[78364,17190],[1,11],[9,-1],[2,12],[15,-2],[4,22]],[[78395,17232],[24,-3],[24,-5],[-8,-45]],[[78435,17179],[34,-4],[-2,-14],[6,-1],[-2,-12],[12,0]],[[78483,17148],[10,-7]],[[78493,17141],[-20,-12],[8,-8],[-7,-4],[-4,-27]],[[78470,17090],[-42,8]],[[78428,17098],[-15,17],[-23,10],[-2,-13],[-8,1],[1,6]],[[78381,17119],[-8,-1],[-2,5]],[[78371,17123],[4,9],[-7,2],[1,11],[-2,8]],[[78367,17153],[5,-2],[-4,13],[5,5],[-1,4],[-10,4],[-14,16],[16,-3]],[[78491,17037],[23,3]],[[78514,17040],[1,9],[5,0],[1,5],[4,-1],[6,4],[9,-2],[3,12],[2,-1]],[[78545,17066],[2,5],[21,8]],[[78616,17064],[12,10]],[[78628,17074],[5,-22],[-1,-9],[19,-16]],[[78651,17027],[17,-6],[10,-17]],[[78678,17004],[14,-9]],[[78692,16995],[-1,-10],[-17,-35]],[[78674,16950],[2,-17],[-5,-8],[-10,-5],[-5,-10],[-1,-8],[-7,-3],[-10,-18],[-19,0],[-22,-9],[3,-17],[-9,-7],[-1,-5],[-10,-3],[0,-9],[14,4],[29,-3],[7,6],[6,-6],[-4,-4],[0,-17],[13,2],[19,-23],[6,-4],[8,3],[-2,6],[5,-5],[3,1],[15,10],[13,-7],[9,0]],[[78721,16794],[7,-22]],[[78682,16714],[-21,7]],[[78661,16721],[-1,4],[-25,0]],[[78635,16725],[1,23],[-5,8],[-5,3]],[[78626,16759],[-5,-2],[-1,5]],[[78620,16762],[-10,4]],[[78610,16766],[-8,-4],[1,-18]],[[78603,16744],[-5,11],[-6,4],[0,4],[13,4],[2,7]],[[78607,16774],[-27,-7],[0,-11],[-7,-4],[-18,5]],[[78555,16757],[-10,-4],[-7,3]],[[78538,16756],[-5,-5]],[[78533,16751],[-11,-1]],[[78522,16750],[1,7],[-5,1],[-2,5],[3,11],[-32,8]],[[78487,16782],[-1,8]],[[78399,16804],[-16,-3]],[[78383,16801],[1,5]],[[78384,16806],[-5,5],[-6,1],[-6,6],[-3,-2]],[[78364,16816],[-2,8],[3,2],[-2,2],[3,6],[-3,3],[6,1],[-2,7],[2,10],[4,-1],[2,17]],[[78375,16871],[-15,17],[-2,5]],[[78358,16893],[5,4]],[[78363,16897],[25,-5]],[[78388,16892],[0,4],[8,1],[0,-7],[21,-3]],[[78416,16883],[1,4]],[[78417,16887],[6,-2],[7,11],[10,5],[7,-5],[0,11],[-5,6],[7,5],[10,-3],[-3,-4],[11,-12],[6,10],[5,-1],[-12,9],[1,3],[-6,6],[-9,2],[2,3],[-7,4],[-10,0],[2,12]],[[78439,16947],[-18,2]],[[78421,16949],[20,49]],[[78441,16998],[2,-10],[11,-1],[-2,13],[8,4],[0,4],[7,14],[-1,5],[4,0],[-4,5],[12,6],[4,-7],[7,1],[2,5]],[[78509,17109],[12,54],[-3,21],[17,4],[7,-3],[7,2],[6,-5]],[[78555,17182],[1,2],[-2,9],[-7,4]],[[78547,17197],[5,6],[-3,11]],[[78549,17214],[72,-9]],[[78637,17144],[6,-10],[0,-5],[6,-13]],[[78664,17098],[-48,-34]],[[78616,17064],[-13,3],[-10,26],[-7,5],[-17,0],[-1,-19]],[[78568,17079],[-20,-8],[-1,22]],[[78547,17093],[-15,3],[2,12]],[[78534,17108],[-25,1]],[[78409,16777],[-2,3]],[[78407,16780],[9,-2],[-21,16],[-1,7],[5,3]],[[78399,16804],[28,-7],[-1,14],[11,2],[-1,5],[10,-7],[5,4],[6,-6],[15,1],[4,-14],[10,-6]],[[78486,16790],[3,-19]],[[78489,16771],[-7,2],[-2,-7],[3,0]],[[78483,16766],[0,-6],[-6,-12]],[[78477,16748],[-10,-5],[-2,-4]],[[78465,16739],[2,-5],[-9,-12]],[[78458,16722],[-4,0],[-3,-9],[-6,-1],[-4,6],[-5,-5],[-10,5],[-10,-2]],[[78416,16716],[-50,43]],[[78366,16759],[6,6],[5,0],[0,14]],[[78377,16779],[9,-6],[23,4]],[[78636,17203],[10,64]],[[78646,17267],[42,-3],[-2,7]],[[78686,17271],[8,15],[-1,11],[3,9],[-9,6],[5,14],[-6,5],[3,14]],[[78689,17345],[-5,22],[-11,17]],[[78673,17384],[-9,2],[6,44],[147,0],[0,21],[46,0]],[[78863,17451],[5,0]],[[78868,17451],[0,-16],[13,-2],[2,-9],[5,0],[-2,-7],[4,-2],[1,-9]],[[78891,17406],[5,4],[5,-2],[-4,-9]],[[78897,17399],[3,-3],[-4,-5],[2,-3],[-4,-11],[-7,-16],[-5,-3],[1,-4],[-4,-5],[0,-6]],[[78879,17343],[-7,-19],[2,-3],[4,1]],[[78878,17322],[-1,-4],[6,-4],[0,-4]],[[78883,17310],[10,-2]],[[78893,17308],[-1,-4],[6,2],[-1,-5],[4,-4],[2,5],[2,-3],[6,2]],[[78911,17301],[6,-9],[-3,-6]],[[78920,17284],[-19,-12],[4,-6],[3,2]],[[78909,17261],[-5,-2],[5,-9]],[[78909,17136],[21,6]],[[78932,17129],[0,-6],[-1,-3],[-7,1],[2,-2],[-5,-7],[6,-7]],[[78860,17044],[-11,-9],[-4,-15],[-15,-2],[-9,-9],[-3,-2]],[[78818,17007],[-14,7]],[[78804,17014],[-16,-7]],[[78788,17007],[-2,11],[-38,-18],[3,5],[-18,15],[-39,48],[-8,-5]],[[78686,17063],[-22,35]],[[78664,17098],[-15,18]],[[78649,17116],[-12,28]],[[78637,17144],[3,11],[4,4],[-10,4],[5,4],[-3,3],[3,2],[-8,3],[3,10],[-8,0],[-5,8],[8,2],[-5,2],[-3,8]],[[78621,17205],[15,-2]],[[79067,17416],[16,22],[10,-5]],[[79093,17433],[5,30],[7,-1],[3,32]],[[79108,17494],[230,169],[163,98],[-4,14],[-8,12],[-5,0],[-1,12],[8,29],[8,8],[0,8],[8,6],[14,-18],[13,-5],[7,2],[9,-5],[-4,-19],[16,-23],[-9,-15],[0,-7],[3,-15],[9,-14],[-1,-9],[10,-11],[-1,-19],[2,-6],[11,1],[11,-12],[23,1],[39,-13],[12,0],[18,-6],[9,-11],[0,-5],[-13,-16],[-6,-12],[3,-10],[0,-15],[13,-19],[4,-12],[-2,-15],[-3,-1],[-17,17],[-9,4],[-16,-3],[-7,-10],[7,-17],[16,-16],[-1,-6],[7,-11],[9,2],[4,-5],[5,-14],[-2,-3],[4,-18],[-22,-32],[-24,-11],[-11,-20],[-7,-6],[-1,-5],[7,-21],[-2,-15],[2,-2],[16,16],[12,-1],[10,-18],[20,-18],[5,-10],[21,-22],[25,-14],[6,-19],[10,-12],[18,-4],[7,-6],[85,-140],[-13,-8],[-3,-8],[-13,-2],[-5,-8],[-22,21],[-33,11],[-10,-2],[-4,-2],[-3,-8],[1,-10],[-20,-14],[-4,-11],[-25,6],[-12,10],[-15,-1],[-7,-16],[-7,-5],[-3,2],[-21,-6],[3,-14],[-6,-22],[26,1],[3,-4],[-2,-7],[11,0],[1,-19],[6,-2],[1,-11],[-3,-3],[-7,-19],[-9,-10],[1,-7],[18,-13],[11,5],[5,-12],[-8,-2],[-8,-8],[-2,-11],[-7,9],[-12,3],[-4,-9],[3,-15],[6,-8],[1,-4],[-4,-5],[-7,4],[-9,-4],[-14,-14],[-20,-3],[-18,6],[-11,-10],[-12,-3],[-11,-17],[3,-5],[-2,-9],[-7,-14],[0,-6],[5,-6],[-28,-18]],[[79493,16773],[-4,-6],[-10,1],[-5,10]],[[79476,16787],[-10,11],[-6,15],[-1,12],[-14,5]],[[79437,16822],[-16,-3],[-20,6]],[[79386,16823],[-11,7],[-7,9],[-5,-7],[4,-18]],[[79251,16719],[-43,2],[-2,2]],[[79063,16791],[-4,-7],[-4,3]],[[79012,16867],[-26,1],[-5,4],[0,5],[-6,7]],[[78958,16885],[-3,12],[-18,16]],[[78928,16913],[1,-3],[-13,6]],[[78916,16916],[-1,-9],[-3,1],[-1,7],[-15,7],[-8,-5],[-2,-10],[-58,8],[-15,18],[5,3],[3,-3]],[[78821,16933],[6,12],[-6,20],[0,19],[8,6]],[[78829,16990],[-1,6],[5,4],[-3,3],[7,4],[-4,1],[1,2]],[[78834,17010],[12,12],[6,17],[8,5]],[[78860,17044],[1,5],[5,5],[13,7],[12,-6],[6,8],[-3,4],[3,1],[-1,3],[5,0],[-1,7],[24,5],[-1,9],[-3,0],[1,4],[-5,-2],[5,6],[-3,2],[9,3]],[[78927,17105],[-6,8],[5,6],[-1,2],[6,-1],[1,9]],[[78932,17129],[-7,9],[5,4]],[[78930,17142],[-12,-2],[-9,-4]],[[78909,17136],[0,5],[-5,-1],[2,3],[-5,1],[2,5],[-4,2],[-2,9],[3,1],[-4,3],[4,1],[-2,2],[4,4],[-4,6],[4,-2],[5,6],[-5,0],[0,5],[5,0],[2,4],[1,-4],[2,4],[1,-7],[3,6],[-6,6],[4,4],[-3,0],[2,10],[-4,-2],[1,4],[-5,3],[2,6],[5,0],[-5,4],[5,4],[-1,9],[3,4],[-5,0],[1,5],[-6,-1],[-2,3],[7,2]],[[78909,17250],[-3,3],[1,4],[-3,2],[1,3],[4,-1]],[[78909,17261],[-1,7]],[[78908,17268],[-6,1],[-1,5],[19,10]],[[78920,17284],[-6,2]],[[78914,17286],[0,3],[3,0],[0,3],[1,0]],[[78918,17292],[4,0],[10,10],[24,-5],[7,9],[42,-9],[70,-6],[1,7],[4,-1],[3,20],[-13,2],[4,25],[12,-2],[7,41],[-23,4],[1,9],[5,7],[-9,13]],[[78632,16665],[16,5],[-9,14],[6,5],[12,-2],[3,17],[7,-11],[8,23]],[[78675,16716],[7,-2]],[[78682,16714],[8,20],[27,-3],[2,14],[6,5],[-1,8],[4,14]],[[78728,16772],[-7,24],[8,8],[6,1]],[[78735,16805],[6,12],[0,10]],[[78741,16827],[7,9],[1,-1]],[[78749,16835],[2,-2],[-2,-10],[9,4],[-2,-12],[6,-14],[-5,-14],[19,-13],[5,-22],[4,-9],[5,-4],[6,6],[4,29],[9,4],[15,-3],[5,8],[22,-3],[0,3],[13,-5],[14,1],[8,-4],[12,3]],[[78898,16778],[5,7],[8,3],[6,10],[15,12]],[[78932,16810],[4,9]],[[78936,16819],[9,0],[3,6],[-3,7],[3,3]],[[78948,16835],[-1,10]],[[78947,16845],[6,10],[-1,16]],[[78952,16871],[-5,8],[1,15]],[[78948,16894],[-4,10],[-2,2],[-13,6],[-1,1]],[[78928,16913],[9,0]],[[78937,16913],[14,-12],[7,-9],[0,-7]],[[78958,16885],[17,-1]],[[78975,16884],[10,-15],[27,-2]],[[79012,16867],[6,-5],[2,-12],[3,-4],[18,-10],[1,-12],[16,-25],[-3,-12]],[[79055,16787],[2,-2],[3,-1],[3,7]],[[79063,16791],[5,-8],[7,-3],[3,5],[24,4],[7,-4],[5,5],[37,-6],[-1,-10],[63,-9],[-7,-42]],[[79206,16723],[13,-1],[3,-4],[29,1]],[[79251,16719],[6,4],[21,2],[-5,12],[19,15],[11,-3],[23,6],[1,12],[-6,12],[4,17],[7,3],[17,-1],[5,8],[13,8]],[[79367,16814],[-1,10],[-3,6],[4,9],[19,-16]],[[79386,16823],[15,2]],[[79401,16825],[17,-6],[19,3]],[[79437,16822],[8,8]],[[79445,16830],[15,-5],[0,-12],[7,-17],[9,-9]],[[79476,16787],[1,-4],[-3,-5]],[[79474,16778],[8,-11],[8,0],[3,6]],[[79493,16773],[9,-2],[27,-18],[10,12],[6,-1]],[[79545,16764],[29,18],[-7,-15],[-19,-18],[-12,-27],[-9,-6],[-1,-15],[-15,-11],[1,-8],[13,-16],[1,-11],[-13,-17],[-2,-16],[-17,-6],[5,-16],[-8,-3],[-7,-11],[22,-39],[27,-17],[17,-18],[-3,-7],[3,1],[1,-5],[14,-9],[2,-14],[-4,-19],[4,-4],[-2,-7],[8,-19],[-56,-1]],[[78964,16355],[9,-6],[-1,-6],[-8,7],[-20,-4]],[[78914,16321],[-25,3]],[[78873,16339],[-1,9],[-9,14],[-4,4],[-11,2]],[[78841,16405],[-31,0]],[[78716,16384],[-12,5],[-7,15],[-11,10]],[[78643,16398],[-8,4],[-9,11]],[[78567,16442],[-4,6]],[[78556,16472],[-4,18],[11,6],[2,8],[4,2]],[[78568,16519],[-7,12],[-1,7],[2,3],[10,-4],[2,13],[10,0],[0,43]],[[78584,16593],[-15,5],[7,10],[-8,37],[4,10]],[[78572,16655],[10,4],[25,-11],[15,6],[10,11]],[[78626,16413],[17,-15]],[[78643,16398],[7,6],[0,5],[13,-1],[0,-15],[7,0],[5,3],[0,5],[4,0],[0,13],[7,0]],[[78686,16414],[16,-18],[0,-6]],[[78669,16322],[-3,-4],[-12,-57],[27,-13],[32,6],[-9,-53],[-97,18],[-45,16]],[[78565,16241],[-12,7],[-3,11],[3,1],[-3,5]],[[78530,16286],[-9,4],[0,7],[7,7],[-5,9]],[[78566,16403],[11,10],[-5,6]],[[78576,16429],[-4,1],[0,6],[-5,6]],[[78567,16442],[23,11],[3,-6],[11,5],[5,-10],[4,3],[9,-11],[-5,-2],[4,-7],[-5,1],[3,-8],[13,3],[-6,-8]],[[79000,16244],[-9,2]],[[78953,16332],[19,-1],[-1,5],[3,12],[-10,7]],[[78964,16355],[6,14],[-11,1],[27,22],[-27,8],[8,26],[10,-3],[-2,-7],[19,-5],[2,-3],[2,5],[5,-9],[5,28],[-14,2],[1,7],[5,5],[-7,19],[-4,1],[1,12],[-8,5],[4,11],[15,-2],[-2,-11],[17,-3],[3,-13],[5,-5],[-1,-10],[10,12],[9,-1],[8,5],[11,14],[18,-1],[9,-22],[-2,-17],[11,1],[9,65],[26,-4],[7,6],[14,1],[0,-10],[15,0],[5,-4],[10,2],[2,-5],[11,-1],[0,-4],[90,-13],[3,3],[12,1],[1,38],[7,1],[8,-3],[0,5],[16,2],[3,-5],[21,-8],[10,-10],[17,-4],[7,4],[15,-9],[2,2],[-2,8],[1,16],[6,-3],[1,-30],[8,-1],[25,-14],[12,-1],[11,-10],[3,2],[0,13],[12,1],[0,-29],[18,0],[14,-15]],[[79517,16428],[55,0],[1,-17],[-3,-4],[3,-12],[-20,-21],[2,-9],[-7,-10],[4,-22],[-5,-5],[7,-21],[-5,0],[-3,-11],[7,-14],[-8,-8],[-1,-5],[5,-9],[-8,-15],[1,-12],[-3,-3],[4,-1],[2,-8],[-2,-3],[2,-16],[-4,-10],[-13,-5],[-7,-8],[5,-17],[-21,-29],[25,-6],[37,-21],[-12,-21],[-8,-35],[-17,-53],[-49,-36],[-58,-118],[-12,-13],[-64,9]],[[78948,15932],[21,128],[12,4]],[[78559,16199],[-6,2]],[[78553,16215],[4,3],[0,11],[9,2],[1,3],[40,-15],[100,-19],[46,-21]],[[78836,16070],[50,-8],[7,4],[17,-1]],[[78933,16050],[36,11],[-21,-129]],[[78948,15932],[132,36],[4,-16],[28,-20],[4,5],[241,-37],[-10,-61]],[[79347,15839],[63,-9],[-5,-35],[43,-3],[-7,-47],[4,-1],[-8,-57],[5,2],[-6,-42],[17,8],[14,1],[18,-6],[13,6],[-9,-63],[9,-1],[-10,-66],[-86,12],[-3,-17],[-24,3],[4,23],[-25,2],[-3,-23],[-111,15],[1,7],[-21,-12],[-14,1],[-9,-8],[-7,-2],[-11,4],[-6,8],[-14,-96],[5,2],[-9,-57],[-32,8],[-13,12],[-10,18],[-2,16],[-5,10],[-33,26],[-11,4],[-19,23],[-12,8],[-20,7],[-11,-58],[-55,9],[4,24],[-11,27],[-20,15],[-15,8],[-9,11],[-9,20],[0,30],[-5,3],[2,3],[-5,6],[-1,15],[-7,8],[-4,10],[2,16],[5,6],[-5,4],[0,9],[-7,4],[2,16],[-9,-2],[-7,7],[-10,-1],[-13,9],[-27,0],[-6,5],[-4,0],[-9,7],[0,8],[-10,9],[-1,5],[-28,1],[-9,13],[2,-6],[-9,-4],[-1,7],[-13,-1],[1,4],[-7,4]],[[78586,15838],[28,159]],[[78571,16053],[14,16],[35,4],[0,3],[-8,16]],[[78611,16119],[1,12],[-10,11],[-7,3],[-4,7],[-15,4],[-2,6],[-5,2],[1,6]],[[78567,16181],[-4,2],[1,11]],[[78991,16246],[-40,4],[-69,-5],[-25,-17],[-10,-3],[-35,3]],[[78812,16228],[-20,15]],[[78860,16364],[8,-9],[5,-16]],[[78873,16339],[17,-10],[-1,-5]],[[78889,16324],[11,-2],[14,-1]],[[78914,16321],[1,4],[6,-1],[4,26],[19,-4]],[[78944,16346],[23,3],[4,-7],[1,-13],[-19,3]],[[78953,16332],[-5,-30],[63,-11],[-4,-22],[-11,2],[-5,-25]],[[78669,16322],[6,-1],[6,5],[7,18],[18,11],[2,12],[-9,10],[3,1],[0,12]],[[78702,16390],[14,-6]],[[78716,16384],[10,-12],[5,-1],[8,5],[-5,6],[10,7],[6,0],[1,10],[23,-2],[13,-13],[23,21]],[[78810,16405],[16,2],[15,-2]],[[78841,16405],[-4,-15],[15,-2],[-4,-20]],[[78848,16368],[12,-4]],[[78860,16364],[-19,-19],[-11,-22],[-9,-41],[-29,-39]],[[78792,16243],[-13,9],[-36,11],[-51,-15],[-15,1],[-23,11],[2,13],[5,28],[3,0],[5,21]],[[78812,16228],[43,-2],[29,19],[67,5],[49,-6]],[[79000,16244],[-17,-96],[12,-2],[-14,-82]],[[78981,16064],[-48,-14]],[[78933,16050],[1,5],[-20,4],[-4,6]],[[78910,16065],[-36,-1],[-27,4],[-5,6],[-3,10]],[[78812,16228],[27,-32],[18,-9],[-18,-103]],[[78839,16084],[1,-7],[7,-9],[-11,2]],[[78836,16070],[-1,-7],[-10,2],[-3,-16],[-9,1],[1,7],[-4,3],[-26,4],[0,-2],[-28,2],[-2,-5],[-5,26],[7,-1],[5,4],[1,13],[-1,5],[-12,11],[-6,28],[8,21],[2,13]],[[78753,16179],[-49,22],[9,54],[29,8],[38,-12],[32,-23]],[[78411,16441],[20,-3],[2,-3]],[[78577,16414],[-11,-11]],[[78566,16403],[-5,1],[-2,-4],[3,-5],[-3,-10],[-3,-2],[-1,-11],[-29,-41],[3,-6],[-6,-12]],[[78523,16313],[4,-4],[0,-9],[-6,-3],[1,-3]],[[78508,16288],[-47,21],[0,6]],[[78387,16386],[8,9]],[[78408,16410],[1,5],[-7,3]],[[78174,16503],[0,15]],[[78180,16545],[-4,6],[1,14]],[[78185,16556],[11,-28],[37,-43],[-7,-40],[-64,9]],[[78219,16402],[12,76],[94,-20]],[[78318,16387],[-77,8]],[[78290,16482],[13,79]],[[78324,16576],[5,-6],[68,-10]],[[78397,16560],[6,4],[158,-27]],[[78561,16537],[7,-18]],[[78568,16519],[1,-13]],[[78569,16506],[-17,-18],[4,-16]],[[78556,16472],[6,-6],[-5,-14],[3,-2],[-1,-3],[4,1]],[[78563,16448],[9,-12],[-1,-5],[5,-2]],[[78576,16429],[-4,-10]],[[78572,16419],[5,-5]],[[78577,16414],[-28,4],[0,2],[-5,3],[-8,2],[1,10],[-23,6],[-1,-5],[-8,2],[0,-4],[-12,4],[-9,-10],[-8,4],[-2,-3],[-6,1],[0,-10],[-15,12],[-6,1],[-2,-6],[-15,2],[-1,3],[4,3]],[[78433,16435],[-12,7],[1,6],[-8,14]],[[78332,16473],[-18,-13],[-45,10],[7,5]],[[78177,16643],[122,-18]],[[78299,16625],[7,-10],[0,-10],[4,-1],[-1,-4],[17,-7],[-3,-6]],[[78323,16587],[1,-11]],[[78324,16576],[-18,3],[0,-15],[-3,-3]],[[78303,16561],[-6,-32]],[[78188,16544],[-3,12]],[[78185,16556],[-8,9]],[[78177,16565],[1,7],[-3,8]],[[78175,16609],[-8,1]],[[78167,16610],[12,31],[-2,2]],[[78188,16544],[109,-15]],[[78297,16529],[-7,-47]],[[78290,16482],[-4,1],[-5,-9],[-5,1]],[[78276,16475],[-8,-6],[-22,8],[-15,1],[2,7],[-4,6],[-31,35],[-10,18]],[[78332,16473],[11,-4],[17,2],[54,-9]],[[78414,16462],[8,-13],[1,-10],[-12,2]],[[78411,16441],[-1,-11],[-6,-1],[-2,-11]],[[78402,16418],[6,-2],[0,-6]],[[78408,16410],[-6,0],[-2,-9],[-5,-2],[0,-4]],[[78395,16395],[-7,-7]],[[78364,16414],[-18,33],[-11,9],[-18,4],[5,8],[10,5]],[[78325,16458],[10,-2],[15,-15],[14,-27]],[[78364,16414],[24,-26]],[[78388,16388],[-1,-2]],[[78387,16386],[15,-19],[11,-2],[0,-4],[23,-30]],[[78411,16318],[-4,-4]],[[78363,16323],[-1,-7],[-4,1],[-10,19],[4,17],[-1,4],[-21,19],[-14,-1]],[[78318,16387],[1,6],[-8,1],[-2,25],[3,0],[1,8],[5,-1],[7,32]],[[78508,16288],[4,11],[10,-5]],[[78522,16294],[0,-7],[8,-1]],[[78530,16286],[-2,-2],[12,-9],[-2,-3],[3,-6],[9,-1]],[[78550,16265],[4,-19],[11,-5]],[[78565,16241],[-3,-6]],[[78562,16235],[5,-3],[-10,-3],[1,-5],[-5,-9]],[[78553,16215],[3,-2],[-3,-12]],[[78553,16201],[-108,16],[16,92],[42,-20],[5,-1]],[[78400,16298],[3,11],[8,9]],[[78411,16318],[1,14],[22,-3],[2,2]],[[78436,16331],[12,-10],[13,-6]],[[78461,16315],[-16,-98],[-35,5]],[[78341,16185],[-19,-119]],[[78330,16041],[-111,17],[9,47]],[[78571,16053],[43,-56]],[[78614,15997],[-17,-93]],[[78147,15913],[17,113],[55,32],[197,-31],[8,48],[147,-22]],[[78260,16197],[17,-27],[-5,0],[-11,-70],[-33,5]],[[78228,16105],[-9,-48],[-55,-31],[30,181]],[[78194,16207],[20,132],[21,-34]],[[78262,16312],[-8,-41]],[[78264,16244],[-3,1]],[[78259,16233],[-5,-26],[6,-10]],[[78260,16197],[-66,10]],[[78131,15812],[16,101]],[[78147,15913],[316,-48],[5,25],[72,-12],[6,34],[51,-8]],[[78597,15904],[-11,-66]],[[78586,15838],[18,-3],[-1,-7],[60,-10],[-4,-17],[13,-18],[14,-5],[3,-7]],[[78689,15771],[6,-3],[-2,-4],[3,-3],[-14,1],[-7,-3],[-10,-12],[-8,-17],[-13,-7],[-50,13],[-3,6],[3,3],[-3,1],[3,5],[-6,-4],[-5,7],[6,-10],[-1,-3],[-14,5],[-37,-6],[-12,3],[-32,23],[-17,4],[-11,-5],[-2,-2],[5,-2],[-10,-8],[-2,-14],[9,-10],[-4,-10],[-11,-12],[-5,3],[-7,-13],[-16,4],[-6,-18],[3,-1],[-1,-4],[-5,-1],[-2,5],[-2,-5],[-27,-13],[3,0],[1,-5],[-25,2],[-20,-3],[-41,5],[-8,4],[1,3],[-3,-2],[-5,4],[2,2],[-4,2],[2,6],[11,21],[-13,17],[-6,15],[1,5],[-10,-6],[-13,9],[-4,-1],[0,-7],[-1,5],[-5,2],[3,-4],[-3,-7],[-11,9],[-65,7]],[[78363,16323],[12,-6],[32,-3]],[[78407,16314],[-7,-16]],[[78400,16298],[7,-11],[1,-13],[4,-4],[19,-3],[-5,-29],[-5,1],[-11,-17]],[[78410,16222],[-62,10],[15,91]],[[78324,16236],[-24,4],[23,137],[4,0],[24,-19],[1,-5],[-4,-9],[0,-9],[9,-17],[5,-2],[-15,-90]],[[78438,16169],[7,48],[112,-16],[2,-2]],[[78559,16199],[5,-5]],[[78564,16194],[-1,-8],[4,-5]],[[78567,16181],[-2,-6],[3,-7],[2,2]],[[78570,16170],[-1,-5],[8,-8],[-15,2]],[[78438,16169],[122,-18],[2,8]],[[78562,16159],[13,-2],[11,-2],[10,-11],[6,-2],[10,-13],[-1,-10]],[[78611,16119],[6,-9],[0,-9],[-5,-9]],[[78612,16092],[8,-18],[-35,-5],[-14,-17],[-147,23],[14,94]],[[78330,16115],[11,70]],[[78438,16170],[-19,-123]],[[78330,16041],[-8,25]],[[78322,16066],[8,49]],[[78330,16115],[80,-58],[9,-10]],[[78419,16047],[-3,-20],[-86,14]],[[78438,16170],[-97,15]],[[78341,16185],[7,47],[97,-15],[-7,-47]],[[78259,16233],[-4,2],[1,5],[4,-1],[1,6]],[[78261,16245],[63,-9]],[[78324,16236],[14,-9],[9,-1]],[[78347,16226],[-6,-41]],[[78341,16185],[-81,12]],[[78260,16197],[-5,10],[4,26]],[[78254,16271],[21,121],[43,-5]],[[78318,16387],[-2,-12]],[[78316,16375],[7,2],[-24,-138],[-35,5]],[[78264,16244],[-10,27]],[[78213,16371],[6,31]],[[78219,16402],[22,-7]],[[78241,16395],[34,-3],[-13,-80]],[[78262,16312],[-17,-2],[-10,-5]],[[78235,16305],[-22,35]],[[77774,16653],[8,47]],[[77782,16700],[72,-11]],[[77863,16592],[-27,5],[-10,30],[-14,16],[-14,6],[-24,4]],[[77854,16689],[82,-12],[-12,-94],[-16,0],[0,2],[-45,7]],[[77863,16592],[7,48],[-24,3],[8,46]],[[78077,16656],[65,-8],[-2,-2],[3,-1]],[[78143,16645],[-2,-2],[8,-5]],[[78149,16638],[12,-23],[9,-7],[5,1]],[[78175,16609],[3,-6],[2,-14],[-5,-9]],[[78175,16580],[3,-10],[-2,-18],[4,-7]],[[78180,16545],[-103,15],[20,38]],[[77873,16543],[-15,2]],[[77858,16545],[1,9],[-4,11],[5,28]],[[77860,16593],[48,-8],[-3,-5]],[[77913,16574],[20,-42],[15,-23],[-3,-23]],[[77945,16486],[-68,9]],[[77877,16495],[-6,26],[2,22]],[[78047,16660],[30,-4]],[[78077,16656],[10,-10],[-7,-46],[17,-2]],[[78097,16598],[-20,-37]],[[78077,16561],[-50,54]],[[78042,16628],[10,2],[4,19],[-10,5]],[[78047,16660],[-1,-6]],[[78046,16654],[7,-2],[3,-5],[-3,-16],[-11,-3]],[[78042,16628],[-3,-14],[-12,1]],[[78027,16615],[-9,10]],[[77992,16596],[3,-2]],[[77992,16573],[-68,10],[8,68],[9,48],[36,-28],[70,-11]],[[77913,16574],[-8,6]],[[77905,16580],[3,4],[80,-10]],[[77985,16563],[2,-11]],[[77984,16538],[4,-5],[-7,-2]],[[77981,16517],[-6,1]],[[77949,16514],[-1,-5],[-35,65]],[[78018,16625],[59,-64]],[[78081,16524],[0,-8],[-6,-6]],[[78071,16511],[-1,14],[-78,71]],[[77992,16596],[19,-2],[5,28],[2,3]],[[77987,16552],[1,6],[-3,5]],[[77985,16563],[5,1],[-2,10]],[[77988,16574],[4,-1]],[[77992,16573],[3,21]],[[77995,16594],[75,-69],[-2,-10],[-19,0]],[[78008,16511],[-8,10],[-4,-4],[-15,0]],[[77981,16517],[0,14]],[[77981,16531],[8,4],[-5,3]],[[77984,16538],[1,7],[-3,0],[1,6],[4,1]],[[78077,16561],[103,-16]],[[78180,16545],[4,-6],[-2,-13],[-8,-8]],[[78174,16518],[2,-4],[-2,-11]],[[78174,16503],[-3,0],[-2,-10],[-6,-5],[-3,-11],[5,-1],[-3,-22]],[[78162,16454],[-5,1]],[[78126,16482],[-46,34],[1,8]],[[78081,16524],[-9,3],[5,34]],[[78069,16473],[4,33],[1,6],[7,4],[45,-34]],[[78126,16482],[13,-21],[19,-11],[-1,5]],[[78157,16455],[69,-10],[-13,-70],[0,-4]],[[78213,16371],[0,-31]],[[78213,16340],[0,-13],[-19,-120]],[[78194,16207],[-234,33],[-9,33],[68,42],[30,42],[20,85],[7,20]],[[77945,16486],[4,28]],[[77949,16514],[24,-5],[2,9]],[[77975,16518],[15,-2],[8,1],[0,4],[10,-10]],[[78008,16511],[5,3],[-1,-5],[15,-2],[1,3],[17,-4],[4,9]],[[78049,16515],[16,-2],[4,7],[2,-9]],[[78071,16511],[4,-1]],[[78075,16510],[-6,-37]],[[78069,16473],[7,-11]],[[78076,16462],[-4,-11]],[[77945,16486],[30,-5],[7,-11],[10,-4],[26,-4],[7,7],[4,-9],[37,-5],[-1,-3],[7,-1]],[[78072,16451],[-23,-94],[-10,-16],[-22,-27],[-66,-41],[-24,79],[-11,23],[15,21],[14,90]],[[77799,16817],[16,110],[49,-6],[-18,-121]],[[78009,16900],[70,-11],[-4,-3]],[[78075,16886],[2,-2]],[[78077,16884],[-5,-15]],[[78072,16869],[-2,0],[3,-9],[-4,0],[2,-4],[-4,-4],[2,-3],[-3,-4]],[[78066,16845],[3,-1],[-3,-4],[12,-9]],[[78078,16831],[-2,-4],[2,-1],[-3,-2]],[[78075,16824],[5,-2],[-3,-4],[9,-6],[5,-7]],[[78091,16805],[-3,-2]],[[78088,16803],[3,-3]],[[78009,16900],[-20,-134]],[[77989,16766],[-49,8],[21,133],[48,-7]],[[77856,16863],[8,58],[97,-14],[-8,-53]],[[77856,16863],[29,-7],[68,-2]],[[77953,16854],[-13,-80],[-96,13],[12,76]],[[77966,16769],[23,-3]],[[78105,16699],[-2,-5],[1,-6],[4,0],[0,-12],[10,-6],[-3,-2]],[[78115,16668],[3,0],[2,-5]],[[78120,16663],[7,0],[4,-5],[7,1],[5,-9]],[[78143,16650],[-73,7],[-93,14],[-25,19]],[[77885,16733],[-23,4],[-2,-17],[-3,-4]],[[77847,16690],[-65,10]],[[77782,16700],[17,117]],[[77799,16817],[5,-6],[1,3],[10,-8],[23,1],[8,-7]],[[77846,16800],[-2,-13],[48,-7]],[[77989,16766],[32,-4],[7,47],[63,-9]],[[78091,16800],[4,-8]],[[78095,16792],[13,-4],[1,-6],[3,-1],[-4,-5],[1,-3],[-10,-6],[5,-7],[1,-16],[-2,-1],[2,-5],[-6,-9],[2,-3],[-4,-10],[8,-17]],[[78105,16699],[-87,13],[-20,26],[-12,10],[3,18]],[[77885,16733],[7,47]],[[77892,16780],[74,-11]],[[77966,16769],[-9,-47],[3,-1],[-4,-4],[-4,-27]],[[77952,16690],[-53,41],[-14,2]],[[77857,16716],[5,21],[37,-6],[42,-32],[-4,-22],[-90,13]],[[77847,16690],[4,25],[6,1]],[[77112,17146],[-92,12],[5,10],[1,17],[-3,0],[0,6],[7,9],[17,5],[24,-3],[11,7],[31,-52]],[[76975,17207],[9,63]],[[77053,17211],[2,-7],[-13,1],[-18,-11]],[[76957,17389],[35,-5],[23,-36],[7,-18],[-76,8]],[[77096,17371],[3,-8],[-3,-10],[10,-11],[14,-1],[-2,-25],[-6,-6],[13,-7],[13,4],[-6,-20],[8,-2]],[[77140,17285],[3,-15]],[[77128,17257],[-7,9],[-8,1]],[[77080,17325],[-58,5],[-6,16],[-24,38],[104,-13]],[[76946,17338],[47,-6],[-10,-74],[-11,2]],[[76927,17258],[1,8],[5,1],[4,19],[6,6],[3,46]],[[77080,17325],[37,-53],[-4,-5]],[[77113,17267],[-127,18],[7,47],[87,-7]],[[77053,17211],[-11,6],[1,8],[-5,1],[-4,6],[-8,1],[7,6],[-13,27],[-36,4]],[[76984,17270],[2,15],[135,-19],[2,-5],[-25,-26],[-17,-27],[-10,-6],[-13,1],[-5,8]],[[77113,17157],[-10,17]],[[77164,17166],[-6,-46],[-8,-9],[2,-3],[-9,1],[12,-19]],[[77124,17095],[-5,3],[0,3],[7,2]],[[77121,17109],[-24,-13],[-2,6]],[[77101,17119],[8,1],[-3,7],[1,10],[-3,7]],[[77085,17142],[-6,6],[33,-2]],[[77112,17146],[1,11]],[[77128,17257],[15,13]],[[77143,17270],[4,-2],[10,3],[5,-3],[8,-23],[-3,-17]],[[77167,17228],[3,-4],[11,-4],[2,-6],[-9,-14]],[[77174,17200],[-1,-16]],[[77167,17185],[-3,-19]],[[77164,17166],[-61,8]],[[77103,17174],[-21,35],[16,26],[24,26],[6,-4]],[[77018,17158],[62,-8],[0,-4],[5,-4]],[[77085,17142],[10,-2],[9,4]],[[77104,17144],[4,-10],[-2,-7],[3,-5],[-8,-3]],[[77101,17119],[-4,-7],[2,-5],[-4,-5]],[[77095,17102],[3,-7],[23,14]],[[77121,17109],[5,-6]],[[77126,17103],[-8,-3],[2,-5],[4,0]],[[77124,17095],[3,-5],[28,0]],[[77155,17090],[32,-39],[-75,-25]],[[77110,17045],[-51,5],[-2,36],[-12,9]],[[76931,17482],[61,-98],[-55,8]],[[76938,17399],[-24,3]],[[76928,17536],[1,3],[2,0]],[[76931,17539],[11,-6],[3,2],[3,-5],[8,6]],[[76956,17536],[11,0],[-10,-9],[0,-5],[4,-5],[12,-3],[4,-17],[3,-2],[13,6],[26,-2],[15,12],[2,-6]],[[77036,17505],[7,-2],[0,-4],[3,5],[-1,8]],[[77045,17512],[8,6]],[[77053,17518],[-4,-20],[2,-6]],[[77051,17492],[4,0]],[[77055,17492],[-1,-8],[3,-10],[15,5],[17,-2],[5,-6],[-5,-9],[6,-12],[-1,-5],[-26,-12],[-3,-5],[5,-6],[-11,2]],[[77059,17424],[7,-7],[-21,-3],[0,-8],[13,0],[16,-19],[-5,-1],[0,-11]],[[77069,17375],[-77,9],[-98,155],[34,-3]],[[76921,17159],[10,83]],[[76926,17246],[1,12]],[[76927,17258],[37,-4],[8,6]],[[76972,17260],[10,-1],[-7,-52]],[[76975,17207],[4,0],[-1,-4],[22,-1],[2,-4],[7,-1],[6,5],[-1,-9],[10,1]],[[77024,17194],[1,-27],[-5,-9],[-5,-1],[-44,12]],[[76921,17159],[48,-5],[2,15]],[[76971,17169],[27,-9],[20,-2]],[[77018,17158],[-9,-27],[0,-17],[4,-2],[-1,-14],[33,-3]],[[77045,17095],[10,-6],[3,-10],[1,-29],[-148,15],[10,94]],[[77002,16956],[10,5]],[[77132,16938],[17,3],[30,-10],[-3,-11],[3,-2],[39,-9],[-17,-5],[1,3],[-14,-12],[-16,-2],[-26,-24],[-36,2],[-18,-5],[-19,-13],[-13,-13],[2,-4]],[[76925,16860],[-7,-5],[4,20],[43,6],[8,5]],[[76979,16896],[34,10],[5,-33],[-7,1],[-1,-13],[24,-5],[4,-13],[24,-7]],[[77062,16836],[-2,-30],[-8,-10]],[[77043,16794],[-6,-14],[-19,2]],[[77005,16777],[-14,2],[-2,2]],[[76970,16825],[-8,4],[-8,-2],[-6,8],[2,15],[-7,14]],[[77206,16943],[-22,1],[-5,-13],[-31,10],[-16,-3]],[[77132,16938],[-121,17],[1,6]],[[77012,16961],[58,34],[39,30],[88,29],[-6,-34]],[[77191,17020],[62,-2]],[[77317,17025],[-17,-19],[-5,-10],[0,-14],[3,-15],[-3,-5],[2,-3],[9,-12],[-5,5],[4,-9],[0,0],[-10,14],[6,-15],[16,-9],[-16,6],[-5,7],[-6,-4],[9,-8]],[[77236,16941],[-30,2]],[[77206,16943],[11,73],[-26,4]],[[76913,16820],[2,33],[10,7]],[[76925,16860],[11,0],[7,4]],[[76943,16864],[6,-10],[-1,-17],[5,-8],[-9,1]],[[76924,16816],[1,3]],[[77299,16934],[9,-10],[5,-23],[20,-2],[4,-8],[6,-3],[-19,-16],[-14,-7],[-28,17],[-18,-3],[-4,3],[0,4],[-6,2],[-7,-8],[-11,15],[0,6],[-6,5],[-54,14],[6,21],[4,3],[9,1],[41,-4]],[[77236,16941],[39,-28],[-8,21],[3,7],[2,-4],[27,-3]],[[77167,17185],[6,-1]],[[77173,17184],[2,11],[3,-10],[15,-9],[7,0],[10,7],[0,5],[5,1],[14,-2],[-1,-4]],[[77265,17177],[-8,-48]],[[77203,17100],[-52,8],[0,5],[7,7],[9,65]],[[77254,17106],[5,37]],[[77310,17134],[2,-8],[33,-18],[-2,-9],[-10,1],[-5,-7],[-8,-23],[-3,-20]],[[77305,17060],[-7,3],[5,14]],[[77296,17086],[-47,11]],[[77235,17199],[-9,8],[4,13],[26,21]],[[77256,17241],[9,-2],[-4,-11],[2,-6],[12,-1],[11,-12],[12,4],[8,-3],[2,-13],[-12,-6],[-4,-6],[5,-23]],[[77297,17162],[16,-14]],[[77313,17148],[-3,-14]],[[77310,17134],[-51,9]],[[77259,17143],[6,34]],[[77265,17177],[-37,6]],[[77228,17183],[7,9],[0,7]],[[77222,17063],[44,29],[30,-6]],[[77296,17086],[-1,-5],[8,-4]],[[77303,17077],[-4,-13],[-38,4]],[[77203,17100],[5,33],[49,-4]],[[77257,17129],[-3,-23]],[[77254,17106],[-4,0],[-1,-9]],[[77249,17097],[20,-3],[-45,-30],[-37,-13],[-30,35],[-14,23],[60,-9]],[[77222,17063],[37,-5],[2,10]],[[77261,17068],[15,-1],[23,-3],[6,-4]],[[77305,17060],[-3,-8],[15,-2]],[[77317,17050],[3,-19]],[[77320,17031],[-3,-6]],[[77317,17025],[-25,4],[-3,-17],[-15,8],[-6,6],[-7,-6],[-8,-2]],[[77253,17018],[-61,2],[5,34],[25,9]],[[76146,17914],[65,-10],[-1,-4],[190,-26]],[[76400,17874],[-8,-8]],[[76320,17739],[-8,-12],[5,-4],[-2,-6]],[[76305,17646],[1,-12],[-3,-7],[5,-14]],[[76297,17604],[2,-3],[-3,-11],[7,-4]],[[76304,17553],[-1,-4],[4,-3]],[[76290,17491],[-6,1],[4,-6],[2,-16],[6,-1],[0,-3],[-5,-2],[6,-8],[3,-11]],[[76298,17422],[5,-15],[0,-8],[-16,-5],[-29,-1]],[[76250,17395],[-9,11],[-13,-4],[-11,2],[-2,4],[4,7],[1,16],[-9,12],[-22,-2],[-6,4],[-23,1],[-5,-45],[-12,2],[-6,-14],[-23,5],[-3,-11],[-10,5],[-19,-18],[-8,3],[-9,-2],[-9,-8],[-24,-1],[-5,-9],[4,-8],[-2,-3],[-7,5],[-13,-4],[-12,-12],[6,35],[-16,2],[-9,-3],[4,27],[-19,2],[8,38],[-64,28],[6,41],[-13,2],[-24,15],[-8,11],[1,7],[-5,1],[0,6],[-6,-2],[1,8],[-11,6],[0,7],[4,-4],[3,5],[5,-3],[6,8],[15,7],[-5,13],[-11,6],[3,4],[-10,1],[-1,4],[-22,4],[-2,3],[-2,-2],[-6,5],[-1,-3],[-1,5],[3,2],[-10,4],[3,7],[9,4],[0,9],[4,8],[-9,17],[4,16],[6,-5],[15,-29],[22,-14],[18,-8],[108,-12],[-5,8],[4,3],[-10,13],[-4,-1],[-6,10],[5,8],[-5,10],[5,4],[-4,2],[4,6],[-1,5],[-6,1],[0,7],[-10,9],[-2,7],[3,0],[-7,4],[-1,6],[-6,1],[0,3],[34,-5],[-1,-4],[60,-9],[8,-4],[-5,3],[4,0],[3,23],[-7,1],[2,12],[6,-2],[2,9],[7,-1],[2,8],[-22,3],[2,11],[29,-5],[-7,9],[10,8],[10,-11],[1,6],[30,-4],[2,16],[9,-1],[-7,9],[3,7],[-4,3],[3,0],[2,6],[-6,2],[6,4],[-1,8],[4,4],[-5,4],[1,4],[-4,7],[-7,2],[5,0],[4,5],[0,5],[-3,5],[6,2],[-1,5],[4,2],[-3,6],[4,-2],[8,5],[-8,11],[8,0],[3,4],[-7,4],[12,9],[0,10]],[[76307,17546],[-5,3],[2,4]],[[76304,17553],[-3,2],[3,3],[-4,5],[2,2],[-2,4],[2,3],[-4,7],[4,2],[-1,2],[2,3]],[[76303,17586],[-6,3],[-1,5],[3,2],[-2,8]],[[76297,17604],[5,3],[2,10],[4,-4]],[[76308,17613],[-1,7],[-4,3],[1,5]],[[76448,17576],[-19,-124]],[[76337,17463],[-40,-2],[-5,5],[3,0],[1,3],[-7,2],[-1,15],[-4,7],[6,-2]],[[76290,17491],[0,2],[-6,6],[9,9],[5,-6],[3,6],[-6,3],[7,5],[-7,1],[-2,5],[7,5],[6,-4],[-3,6],[5,1],[-5,4],[1,4],[-2,2],[5,6]],[[76619,17445],[-2,-5],[-7,-6],[3,-5],[10,-5]],[[76632,17413],[22,11],[6,-4]],[[76687,17406],[12,-10],[10,-2]],[[76713,17385],[11,-6],[-1,-11],[17,-19],[-5,-15]],[[76763,17332],[5,-8],[-1,-6],[14,-1]],[[76830,17310],[12,-3],[4,9],[4,-8]],[[76840,17257],[54,-22],[34,-19],[-17,-151],[-110,12],[-315,44],[5,13],[-8,8],[7,6],[0,3],[-4,8],[-13,8]],[[76461,17223],[8,10],[-16,15]],[[76455,17259],[-5,6],[97,-11],[32,223],[35,-4]],[[76865,17370],[-2,40],[75,-11]],[[76938,17399],[-1,-7]],[[76937,17392],[20,-3]],[[76957,17389],[-11,-51]],[[76946,17338],[-84,13]],[[76899,17270],[2,17],[13,-2]],[[76941,17298],[2,-2],[-10,-20],[0,-9],[-5,-2],[-2,-19]],[[76926,17246],[5,-4]],[[76931,17242],[-3,-26],[-23,13]],[[76911,17343],[35,-5]],[[76946,17338],[-5,-40]],[[76941,17298],[-3,3],[-17,-5],[-7,-11]],[[76914,17285],[-11,1]],[[76854,17352],[57,-9]],[[76911,17343],[-8,-57]],[[76903,17286],[-4,-16]],[[76899,17270],[-8,1],[-3,-16],[20,-2],[-3,-24]],[[76905,17229],[-65,28]],[[76840,17257],[1,21],[4,22],[5,8]],[[76337,17463],[92,-11]],[[76429,17452],[-6,-41],[-7,-9]],[[76357,17366],[-8,10]],[[76292,17395],[11,4],[1,4],[-6,19]],[[76298,17422],[-7,6],[9,17]],[[76300,17445],[-9,21],[11,-6],[35,3]],[[76469,17442],[20,-6]],[[76570,17413],[-23,-159],[-96,12],[0,5]],[[76194,17160],[34,242],[10,4],[6,-2],[6,-9]],[[76250,17395],[8,-2]],[[76258,17393],[34,2]],[[76292,17395],[24,-7],[24,8],[8,-8],[1,-12]],[[76349,17376],[8,-8],[3,-9],[-4,-5],[-9,0]],[[76400,17349],[8,-8],[8,-20]],[[76429,17291],[-6,2],[-2,-1]],[[76432,17280],[19,-15],[4,-6]],[[76455,17259],[-2,-11]],[[76453,17248],[16,-14],[-8,-11]],[[76461,17223],[2,-11],[-5,-17],[4,-10],[9,-8],[2,-10]],[[76473,17167],[14,-9],[3,-9],[-7,-8],[8,-7],[-7,-17],[-10,-1],[-16,-15]],[[76469,17094],[-5,-8],[-5,-1],[-3,-8],[0,9]],[[76687,17406],[-4,9],[-9,-3],[-9,10],[-5,-2]],[[76660,17420],[-5,4],[-23,-11]],[[76632,17413],[-9,5],[0,6]],[[76623,17424],[-12,8],[8,13]],[[76619,17445],[-2,6],[5,1],[1,8],[-3,1],[-6,12]],[[76614,17473],[-7,1]],[[76620,17487],[9,4],[1,3],[-1,4],[-5,1],[1,4],[3,6],[10,4],[-7,9]],[[76639,17591],[4,-4],[6,10]],[[76660,17617],[56,-45],[21,-11],[157,-22],[28,-43]],[[76863,17400],[2,-30]],[[76865,17370],[-3,-19]],[[76862,17351],[-8,1]],[[76854,17352],[-4,-44]],[[76850,17308],[-5,9],[-4,-10],[-11,3]],[[76830,17310],[-11,-2],[-4,4],[-11,-4],[-14,1],[-9,8]],[[76781,17317],[-13,0],[-3,4],[3,4],[-5,7]],[[76763,17332],[0,9],[-3,3],[-15,-10],[-3,-9],[-5,0],[-2,9]],[[76735,17334],[5,16],[-17,18],[0,13],[-10,4]],[[76713,17385],[-4,9]],[[76709,17394],[-9,1],[-13,11]],[[76922,17496],[9,-14]],[[76931,17482],[-5,-41],[-6,1],[-6,-40]],[[76914,17402],[-51,8],[0,-10]],[[76863,17400],[-7,-1],[-7,44],[-6,9],[7,47],[71,-9],[1,6]],[[76437,17507],[11,69]],[[76448,17576],[-47,7],[-4,21],[-45,7],[3,7],[-3,3],[-48,7]],[[76304,17628],[1,18]],[[76305,17646],[5,2],[-7,4],[7,6],[3,11],[3,-1],[8,15],[-2,4],[4,9],[-3,0],[-2,10],[-5,5],[4,4],[-5,2]],[[76315,17717],[2,5],[-5,3],[2,6],[3,1],[3,7]],[[76320,17739],[7,-4],[-2,12],[6,10],[7,3],[5,9],[-3,4],[8,3],[-1,4],[-4,-1],[11,15],[-2,23],[3,7],[9,2],[16,30],[6,2],[2,8],[4,0]],[[76392,17866],[8,7],[-1,6]],[[76399,17879],[9,6],[5,9],[172,-24]],[[76585,17870],[-1,-15],[-7,-11]],[[76577,17844],[3,-1],[-1,-7],[6,-14],[8,-4],[5,-10],[1,-21],[-3,-3],[5,-11],[5,0],[-1,-4],[60,-8],[-6,-9],[1,-11],[6,-4],[-9,-35],[10,-12],[4,-13],[-1,-8],[4,-3],[-1,-4],[3,-7],[-6,-18],[-10,-5],[1,-9],[-4,-3],[3,-3]],[[76660,17617],[-7,-9],[4,-1],[-6,-3],[2,-5],[-4,-2]],[[76649,17597],[-7,-11],[-3,5]],[[76639,17591],[-13,-6],[4,-11],[-1,-7],[12,-16],[-8,-10],[0,-12],[3,-3],[-5,-4]],[[76631,17522],[7,-10],[-10,-3],[-4,-9],[5,-2],[1,-5],[-10,-6]],[[76620,17487],[-5,3],[3,-6],[-11,-10]],[[76607,17474],[-53,3]],[[76437,17507],[119,-16],[-2,-14]],[[76554,17477],[25,0],[-9,-64]],[[76570,17413],[-16,15],[-14,5],[-51,3]],[[76489,17436],[-34,12]],[[76429,17452],[8,55]],[[76429,17452],[26,-4]],[[76455,17448],[14,-6]],[[76469,17442],[-4,-15],[-4,0],[-1,-5],[4,-3],[-7,-8],[7,-11],[-5,-28],[6,5],[8,-4],[-9,-5],[4,-3],[-1,-4],[4,0],[-3,-7],[1,-8],[-8,-9],[3,-4],[-4,-1],[1,-5],[-5,-4],[3,-5],[-4,-6],[5,-4],[0,-9],[6,4],[6,-7],[-12,-11],[3,-5],[-3,-8],[-9,-1]],[[76451,17271],[-1,-6],[-18,15]],[[76432,17280],[-1,6],[-10,6]],[[76421,17292],[8,-1]],[[76429,17291],[-7,10],[1,12],[-7,8]],[[76416,17321],[-3,13],[-5,8],[-8,7]],[[76400,17349],[-4,-4],[-8,2],[-10,7],[-16,-4],[1,6],[-9,-4],[-7,2]],[[76347,17354],[12,3],[-2,9]],[[76357,17366],[22,4],[4,11],[7,7],[10,0],[5,8],[11,6]],[[76416,17402],[7,13],[6,37]],[[76691,16903],[7,47],[115,-16],[-4,-5],[7,-15],[7,-2],[10,-15],[-9,-7],[-2,-10]],[[76833,16878],[27,18]],[[76869,16882],[6,-19],[-65,-19]],[[76780,16828],[-1,4],[9,58]],[[76684,16856],[7,47]],[[76691,16903],[97,-13]],[[76788,16890],[-9,-59],[-52,-26]],[[76959,17060],[151,-15]],[[77110,17045],[-4,-7],[6,-12]],[[77112,17026],[-9,-4],[-10,-11],[-91,-55]],[[77002,16956],[-9,1],[-4,-7],[-10,-54]],[[76979,16896],[-6,-10]],[[76973,16886],[-10,-5],[-51,-6],[-38,-12],[-5,19]],[[76869,16882],[-9,14]],[[76860,16896],[78,62],[12,17]],[[76656,16770],[123,61],[1,-3]],[[76780,16828],[30,16]],[[76810,16844],[17,4],[1,-11],[-15,-107]],[[76852,16691],[38,-6],[-6,-40],[-13,-6],[-17,-18],[-15,-9],[-5,-7],[0,-3],[-19,-22],[-17,-11],[-14,-20],[-22,-11],[-15,3],[-77,-68],[-21,-23],[-47,0],[-26,6],[-46,-6],[-35,-8],[-32,6],[-21,15],[3,11],[-13,20],[-2,12],[-3,1],[2,-6],[-2,-1],[-7,-1],[-8,7],[-13,-2],[-9,9],[-3,9],[-4,2],[2,10],[-5,5],[28,21],[179,121]],[[76924,16816],[17,-2],[3,16]],[[76944,16830],[12,-4],[7,3],[7,-4]],[[76970,16825],[12,-23],[8,-6],[-1,-15]],[[76989,16781],[6,-3],[10,-1]],[[77005,16777],[13,5]],[[77018,16782],[15,-3],[7,2],[3,13]],[[77043,16794],[9,2]],[[77052,16796],[-9,-14],[-9,-26],[2,-3],[-4,-15],[0,-17],[6,-18],[-8,-2],[-9,-11],[-30,-1],[-20,-5],[-33,-26],[-20,-6],[-25,-1],[-9,-6],[8,56],[4,3],[12,-1],[16,113]],[[76813,16730],[9,60],[96,-13],[-10,-74],[-15,0],[-4,-18],[-37,6]],[[76852,16691],[-8,10],[-20,14],[-6,13],[-5,2]],[[76686,16868],[-2,-12]],[[76684,16856],[49,-6],[-6,-45]],[[76727,16805],[-57,-29],[-18,10]],[[76648,16803],[-17,3],[-10,24],[6,16],[15,-4],[9,8],[2,5],[-3,4],[2,3],[-3,11]],[[76517,16825],[16,-5],[-5,-39]],[[76597,16799],[6,21]],[[76627,16816],[4,-11],[17,-2]],[[76648,16803],[3,-4],[-4,-5],[5,-8]],[[76652,16786],[18,-9],[-14,-7]],[[76656,16770],[2,-3],[-11,-4],[-3,-6],[7,-4],[1,-14],[11,-14],[3,-12],[-79,-32]],[[76587,16681],[-207,-142],[-2,8],[-19,1],[-11,-3],[-12,4],[-14,-9],[-6,2],[-4,-9],[1,-12],[-14,-4],[-4,5],[-7,0],[-5,6],[-8,-2],[0,11],[-4,3],[-14,-6],[-11,6],[-5,-1],[-2,21],[4,11],[-20,11],[-1,12],[-21,21],[-8,14],[2,5],[9,1],[-5,7],[-8,1],[1,7],[5,2],[-5,8],[-7,2],[0,7],[8,5],[-6,13],[11,2],[4,13],[5,2],[-4,5],[-11,-2],[2,13],[-3,5],[5,5],[0,14],[7,4],[10,1],[-1,19],[-5,2],[-4,10],[1,7],[-5,6],[3,16],[-2,5],[-9,5],[-5,1],[-4,-5],[-3,2],[-1,3],[4,13],[-10,-5],[-17,30],[-6,4],[-6,-1],[-6,7],[-1,6],[-3,2],[1,5],[-3,2],[377,-49]],[[76508,16834],[-379,49],[-10,-5],[-5,3],[0,9],[-8,3],[13,87],[47,-7],[22,149]],[[76449,16952],[92,-75]],[[76535,16854],[-2,-33],[-16,4]],[[76517,16825],[-9,9]],[[76913,16820],[12,-1]],[[76925,16819],[-7,-42],[-67,9]],[[76865,16833],[11,22],[-1,8],[47,12],[-9,-41],[2,0],[-2,-14]],[[76865,16833],[-2,-23],[-9,-8],[-3,-16]],[[76851,16786],[-29,4],[5,58],[48,15],[0,-13],[-10,-17]],[[76562,16961],[-23,12],[4,12],[-7,0]],[[76527,17007],[-2,3],[-18,11]],[[76445,17045],[13,3],[-4,13],[2,18],[13,15]],[[76469,17094],[-11,7]],[[76458,17101],[13,13],[13,3],[2,4],[185,-25],[-21,-143],[6,-8],[1,-9]],[[76653,16892],[2,-10]],[[76594,16902],[-16,3],[-3,7]],[[76581,16914],[1,6],[-3,1]],[[76786,16984],[4,-13],[6,-3]],[[76793,16960],[1,-4],[14,-1],[6,-9],[-1,-12],[-163,21],[7,48]],[[76657,17003],[14,93],[120,-17],[9,-2],[10,-14],[-9,-6],[-7,-10],[1,-10],[-5,-1],[-2,-5],[3,-9],[-5,-10],[5,-5]],[[76786,16984],[-129,19]],[[76686,16868],[-37,5]],[[76649,16873],[7,5],[-4,7],[1,7]],[[76653,16892],[7,1],[8,34],[-4,6],[-7,3]],[[76657,16936],[-1,6],[-6,13],[48,-5],[-12,-82]],[[76959,17060],[-9,-85]],[[76950,16975],[-5,-7],[-159,16]],[[76786,16984],[5,23]],[[76791,17007],[-5,6],[4,8],[0,14],[5,2],[-1,7],[7,13],[9,5],[-10,15],[159,-17]],[[76860,16976],[85,-8],[-7,-10],[-77,-62]],[[76786,16984],[74,-8]],[[76860,16976],[-2,-63],[3,-17]],[[76861,16896],[-28,-18]],[[76833,16878],[-11,2]],[[76822,16880],[1,8],[10,8],[0,4],[-10,12],[-6,1],[-8,15],[4,6],[0,15],[-5,6],[-13,0],[-2,5]],[[76793,16960],[3,8]],[[76796,16968],[-7,5],[-3,11]],[[76449,16952],[-40,15],[-37,22],[-42,44],[-36,19],[-106,70]],[[76188,17122],[6,38]],[[76194,17160],[144,-20],[43,-32],[49,-6],[26,-16]],[[76456,17086],[-2,-25],[4,-12],[-3,-3],[-10,-1]],[[76445,17045],[-2,-6],[27,-6],[5,5],[3,-1],[3,10],[3,0],[9,-20],[-7,-8],[7,-2],[14,4]],[[76507,17021],[17,-9],[3,-5]],[[76527,17007],[-4,-6],[0,-6],[13,-10]],[[76536,16985],[7,-1],[-3,-12],[22,-11]],[[76562,16961],[-2,-13],[4,-6],[1,-9],[12,-2],[2,-10]],[[76579,16921],[3,-2],[-1,-5]],[[76581,16914],[-6,-2]],[[76575,16912],[2,-6],[17,-4]],[[76594,16902],[14,-20],[8,6],[14,-4],[8,2],[-1,-11],[3,-3],[15,10]],[[76655,16882],[1,-4],[-8,-7],[5,-17],[-10,-12],[-17,4],[1,-4],[-6,-11],[6,-15]],[[76627,16816],[-24,4]],[[76603,16820],[-6,-20],[-58,79],[-90,73]],[[76528,16781],[7,73]],[[76535,16854],[3,22],[3,1]],[[76541,16877],[56,-77],[0,-1]],[[76597,16799],[0,-22],[-6,-5],[-63,9]],[[77957,16166],[-2,25],[3,24]],[[77958,16215],[13,-2],[4,27]],[[77975,16240],[123,-19]],[[78057,16059],[-11,-5],[-3,-5]],[[77978,16094],[13,12]],[[77918,16036],[6,-12]],[[78007,15956],[-5,-11],[-14,-57]],[[77853,15963],[7,4],[17,34],[9,40]],[[77978,16094],[47,-7],[-4,-23],[22,-15]],[[78043,16049],[-10,-16]],[[78018,15980],[-11,-24]],[[78007,15956],[-38,12],[-18,10],[-30,7],[3,39]],[[77924,16024],[-9,19],[63,51]],[[77822,15934],[14,20],[17,9]],[[77853,15963],[25,-6],[1,-4],[9,-2],[3,-9],[32,-11],[38,-38],[27,-5]],[[77988,15888],[-23,-57]],[[77916,15828],[-13,-15]],[[78033,16033],[13,21],[10,5],[72,-11]],[[78168,16048],[-37,-236]],[[78042,15817],[-59,55],[8,21],[11,52],[16,35]],[[78018,15980],[2,28],[10,-3],[3,28]],[[77887,16183],[5,1],[-2,8]],[[77890,16192],[11,1],[10,-6]],[[77911,16187],[12,4],[32,-3]],[[77955,16188],[2,-22]],[[77957,16166],[-9,-16],[24,13],[-4,-16],[23,-41]],[[77991,16106],[-76,-63],[3,-7]],[[77918,16036],[-23,7],[-1,-7],[-3,5],[-5,0]],[[77886,16041],[4,39],[2,52],[-5,51]],[[78098,16221],[96,-14]],[[78194,16207],[-26,-159]],[[78168,16048],[-22,3],[-4,-24],[-17,3],[3,18]],[[78128,16048],[-71,11]],[[78057,16059],[2,23],[15,-2],[16,94],[-19,2],[3,21],[19,-3],[5,27]],[[77588,15486],[147,-22]],[[77414,15257],[5,81]],[[77402,15352],[52,26],[46,28],[19,16],[24,29],[7,26]],[[77271,14841],[2,0],[-2,-1],[0,1]],[[77275,14847],[-1,3],[2,-1],[-1,-2]],[[77266,14865],[0,0]],[[77266,14867],[0,0]],[[77266,14858],[-1,0],[1,1],[0,-1]],[[77265,14859],[0,0]],[[77265,14864],[-1,-1],[0,1],[1,0]],[[77264,14862],[-1,0],[0,1],[1,-1]],[[77263,14863],[-1,1],[1,0],[0,-1]],[[77322,14870],[-1,1],[1,0],[0,-1]],[[77319,14871],[0,1],[2,0],[-2,-1]],[[77321,14873],[0,0]],[[77288,14871],[0,0]],[[77187,15190],[5,43]],[[77414,15247],[0,10]],[[77414,15257],[39,-1],[3,-5],[0,-14],[46,-1],[7,33],[-4,7],[1,13],[-3,0],[-2,16],[24,-4],[0,5],[28,-4],[5,13],[7,3],[-2,10],[12,3],[0,3],[9,3],[-3,6],[2,4],[10,-4],[7,1],[1,5],[31,-5],[6,38],[83,-11],[14,93]],[[77735,15464],[-101,15]],[[77644,15483],[12,11],[25,29],[24,21],[13,22],[31,23],[2,0],[1,-6]],[[77899,15541],[48,0]],[[77828,15165],[-17,-7],[-37,-38],[-8,-19],[1,-3],[5,-2],[-6,-7],[-23,2],[-20,-8],[-8,-7],[-10,1],[-8,-3],[-3,-11],[-5,-1],[2,-2],[-8,-10],[1,-5],[-14,-15],[-2,-5],[4,-5],[-8,-9],[-2,-7],[-10,-11],[-3,-6],[2,-5],[-2,-8],[1,-11],[-15,-18],[-4,-16],[0,-11],[6,-8],[6,-2],[9,-9],[-5,-8],[-12,13],[-23,0],[-9,9],[-9,2],[-7,-5],[-31,-9],[-7,-6],[-12,6],[-5,-6],[-8,2],[-11,-6],[-4,-8],[-5,1],[0,-3],[-8,-1],[0,3],[-5,0],[-2,6],[-10,3],[-21,0],[-17,-8],[-4,4],[-6,-2],[-16,-8],[2,-13],[-19,3],[4,-7],[-1,-2],[-13,7],[-3,-3],[-17,-1],[-1,-4],[-15,1],[2,8],[-12,6],[-1,8],[-9,3],[-13,-6],[-9,3],[-3,-4],[-18,0],[-17,-16],[6,-6],[-4,1],[-3,-4],[-5,12],[2,5],[-4,2],[-4,8],[4,7],[-3,16],[7,21],[-26,30],[-13,26],[-23,25]],[[78124,15399],[-8,-11],[-4,-2],[-1,16],[4,4],[5,0],[4,-7]],[[77947,15541],[104,1]],[[78062,15582],[96,-2],[-9,-21],[-4,-17],[2,-18],[15,0],[2,-3],[-6,-8],[-1,-17],[-5,-3],[-1,-21],[-45,8],[0,13],[-12,10],[-1,9],[-3,3],[2,-5],[-2,-7],[-10,-4],[-8,4],[7,-5],[-5,-5],[5,-6],[4,-19],[5,0],[1,-4],[-4,-3],[4,0],[2,-6],[-5,-13],[-7,6],[-2,-3],[8,-21],[-7,-8],[-10,10],[7,-23],[10,-5],[-3,-9],[4,-5],[16,-11],[5,-12],[22,-5],[2,-9],[8,-8],[-1,-8],[-13,-22],[0,-29],[4,-9],[11,-12],[12,-2],[-5,-6],[1,-9],[-18,-6],[-11,3],[-6,9],[-19,8],[-3,12],[-10,10],[-7,0],[-3,-20],[-21,4],[-2,-9],[29,-5],[10,-6],[14,-3],[10,-8],[19,-6],[9,-17],[2,-11],[-4,-7],[10,-6],[0,-7],[13,1],[4,-3],[3,-18],[9,-9],[-6,-2],[7,0],[1,5],[3,1],[0,-12],[-31,8],[-32,2],[-66,25],[-33,8],[-19,-2],[-33,12],[-31,3],[-19,6],[-11,-1],[-11,-5],[-3,-5],[-8,1],[-14,-5],[-11,-19],[-31,-3]],[[77828,15165],[10,56],[-18,-9],[0,43],[12,0],[0,63],[15,2],[-27,47],[-14,48],[141,0],[0,126]],[[77822,15934],[5,-6],[2,-7],[4,2],[70,-110]],[[77903,15813],[-28,-16]],[[77852,15769],[-26,-35]],[[77731,15765],[2,9],[-7,35],[12,16],[16,30],[5,22],[12,15],[0,6],[7,4],[1,4],[7,1],[9,22],[10,5],[5,-5],[12,5]],[[77644,15483],[-10,-4]],[[77634,15479],[-46,7]],[[77588,15486],[-16,-8],[-22,-1]],[[77550,15477],[-11,14],[-17,7],[-2,6],[15,25],[30,37],[4,20],[13,-1],[23,21],[28,39],[6,18],[-2,13],[49,-11],[86,-27],[-21,-49],[-33,-23],[-18,-28],[-12,-8],[-44,-47]],[[77008,15191],[-1,1],[1,0],[0,-1]],[[76884,15304],[-1,0],[0,1],[1,-1]],[[76884,15308],[-1,1],[1,0],[0,-1]],[[76867,15324],[0,0]],[[76885,15312],[-1,1],[2,0],[-1,-1]],[[76883,15312],[-1,1],[1,0],[0,-1]],[[76860,15331],[0,0]],[[76884,15305],[0,0]],[[76873,15318],[-1,-1],[0,1],[1,0]],[[77187,15190],[15,-26],[12,-9],[5,-23],[33,-1],[-1,-25],[3,0],[0,-16],[6,-12],[-17,-5],[-8,-13],[0,-10],[-21,0],[-1,-13],[3,0],[1,-18],[-11,-15]],[[77206,15004],[-3,1],[-5,9],[-36,32],[-1,5],[-20,22],[-51,45],[-20,23],[-33,28],[-20,24],[-6,2],[-4,6],[3,3],[-11,1],[-8,6],[-1,5],[-24,20],[-1,5],[-10,5],[-2,9],[-7,-2],[-2,6],[-9,6],[-11,9],[-6,1],[-1,9],[-25,16],[0,6],[-6,8],[3,3],[-2,2],[-7,-2],[-2,4],[-5,-3],[-2,3],[1,3],[-10,5],[-12,15],[-7,-2],[-40,29],[-43,23],[-5,6],[-3,0],[-5,10],[-9,3],[-18,16],[-9,-1],[-3,9],[-10,2],[0,5],[-9,9],[-6,4],[-5,-3],[0,5],[-27,20],[-1,8],[4,0],[6,-11],[31,-10],[23,8],[16,0],[16,-11],[44,-20],[1,-4],[6,-4],[22,-3],[8,3],[11,-9],[29,-6],[13,-7],[2,-22],[6,-10],[10,-4],[-4,-8],[4,-6],[12,-8],[21,-7],[3,-7],[10,-4],[-3,-9],[3,-8],[9,-9],[20,-10],[68,-19],[28,-4],[9,-6],[37,-5],[33,0],[58,13],[-14,-41],[-5,-49]],[[77402,15352],[9,-9],[17,6],[3,-2],[-12,-9]],[[77419,15338],[-5,-91]],[[77414,15247],[-27,-6],[-2,-43],[-9,-1],[-22,10],[-15,22],[-14,0],[-1,-8],[-5,3],[-4,-4],[-5,-14],[-27,8],[1,14],[-11,0],[0,-14],[-25,1],[1,13],[-49,2],[-8,3]],[[77192,15233],[14,47],[113,42],[44,12],[37,20],[2,-2]],[[77794,15697],[58,72]],[[77852,15769],[3,11],[20,17]],[[77875,15797],[29,17],[12,14]],[[77916,15828],[16,-6],[22,11],[11,-2]],[[77965,15831],[18,42],[59,-56]],[[78042,15817],[89,-5]],[[78131,15812],[0,-26],[12,-11],[17,-22],[9,-6]],[[78169,15747],[63,-9],[0,-6],[-4,0],[-3,-4],[10,1],[1,-5],[-4,-1],[4,-14],[-7,2],[1,-12],[5,-6],[11,-5],[6,-11],[-30,-15],[3,-1],[0,-5],[-5,0],[-7,-15],[-18,-25],[-36,-35],[-97,1]],[[78062,15582],[-3,-43],[-8,3]],[[78051,15542],[-152,-1]],[[77899,15541],[-76,29],[-71,13]],[[77752,15583],[1,12],[31,67]],[[77731,15765],[38,-14],[42,9],[15,-26]],[[77826,15734],[-32,-37]],[[77794,15697],[-10,-35]],[[77784,15662],[-12,-24],[-109,32],[-3,26],[71,69]],[[77649,15740],[0,14],[4,5],[-3,14],[4,2],[0,-8],[4,-1],[15,6],[10,-1],[22,22],[22,15],[6,-41],[-72,-69],[-2,-7],[4,-21],[-26,6],[3,15],[-2,10],[-5,2],[2,5],[-3,10],[3,6],[-3,4],[9,1],[8,11]],[[99163,50153],[7,-2],[9,5]],[[99205,50141],[-1,-3]],[[99211,50130],[0,-10]],[[99204,50071],[5,-9],[-2,-10],[-8,-7],[-6,-1],[0,-9],[-5,-7],[1,-7],[3,-2],[-6,-15],[-3,-19],[-3,2],[-10,41]],[[99113,50100],[4,27],[2,0],[4,28]],[[99018,50261],[5,7],[24,9]],[[99062,50273],[11,0],[8,6]],[[99058,50247],[-4,-8],[2,-14],[11,-4],[3,-9],[-9,2],[-4,-2]],[[99053,50195],[-5,-6],[2,-2],[6,6]],[[99057,50187],[-4,-5],[5,2]],[[99092,50150],[-11,-7],[-8,4]],[[99072,50138],[-14,-1],[-11,-14],[4,-19]],[[99037,50100],[-11,-11]],[[98887,50093],[8,62],[-4,26],[4,27],[-19,47],[10,5],[5,-7]],[[98936,50242],[9,-13]],[[99114,50253],[22,3],[2,-5],[21,0]],[[99166,50152],[-3,1]],[[99163,50153],[-1,-7],[-39,9]],[[99123,50155],[-1,-5]],[[99092,50150],[0,7],[-6,0],[-4,6],[-8,-4],[0,9],[-10,1],[3,7],[-9,8]],[[99058,50184],[-6,-1],[5,4]],[[99057,50187],[-1,6]],[[99056,50193],[-8,-6],[5,8]],[[99053,50195],[-1,7],[5,10]],[[99057,50212],[13,1],[-3,9],[-11,3],[-2,11]],[[99016,50083],[21,17]],[[99037,50100],[5,-1],[9,5]],[[99051,50104],[-3,23],[12,12],[12,-1]],[[99072,50138],[1,9]],[[99073,50147],[7,-4],[12,7]],[[99092,50150],[13,-3],[3,6],[14,-3]],[[99122,50150],[-9,-50]],[[99113,50100],[-5,1],[4,-7],[-3,-12],[38,-40],[14,-5],[9,-9]],[[99170,50028],[1,-1],[10,-42],[-16,2]],[[99150,49979],[-24,-3],[-16,13]],[[99090,49993],[-13,10],[-10,1],[-7,25]],[[99081,50279],[15,3],[4,-17],[-3,-2],[17,-10]],[[99114,50253],[8,-25],[-11,-3],[1,-5],[-19,3],[-13,8],[-26,5]],[[99054,50236],[4,11]],[[99058,50247],[23,10],[0,22]],[[99159,50251],[13,3],[14,14],[0,7],[5,9],[-4,7],[1,10],[9,7],[0,-12],[-4,-13],[7,-8],[-4,-10],[2,-7],[15,-5],[12,2],[9,-5],[9,4],[5,-8],[2,-13],[-18,-15]],[[99227,50219],[-6,8],[-7,-7],[3,-5]],[[99223,50216],[1,-17],[-3,-6],[10,-5],[2,-7],[-6,-1],[-3,-6]],[[99210,50158],[-12,-1],[7,-16]],[[99205,50141],[-12,4],[-8,-4],[-6,15]],[[99179,50156],[-13,-4]],[[99166,50152],[3,17],[3,1],[-10,10],[0,4],[6,5],[1,9],[-5,1],[3,18],[-4,13],[3,0],[-7,21]],[[99329,50096],[-2,14],[3,-8],[4,1],[5,-8],[-10,1]],[[99211,50120],[46,-3]],[[99259,50144],[40,0],[1,3],[11,1],[3,-2],[2,5],[4,-2],[2,4],[0,12],[5,-4],[-16,-54],[1,-6],[-4,0],[4,-17],[-8,-3],[-11,-15],[6,-7],[6,-1],[3,-6],[1,-5],[-7,-5],[0,-4],[-102,7],[9,14],[-1,8],[-4,4]],[[99204,50071],[8,5],[3,12],[7,3],[-3,5],[4,8],[-7,-2],[0,6],[-5,3],[0,9]],[[99223,50216],[-3,3],[-3,-4]],[[99217,50215],[-3,4],[4,6],[4,2],[5,-8]],[[99227,50219],[5,-1]],[[99232,50218],[11,11],[3,-1],[-6,-7],[8,-5],[1,-13],[9,-5],[-2,-9],[-5,-7],[4,-13],[-7,-14],[0,-4],[6,0],[-3,-7],[8,0]],[[99259,50144],[-3,-8],[4,-10],[-3,-9]],[[99257,50117],[-47,4],[1,9]],[[99211,50130],[-7,8]],[[99204,50138],[1,5],[-7,13],[12,2]],[[99210,50158],[6,5],[8,-2],[-3,6],[6,1],[-3,6]],[[99224,50174],[9,9],[-2,5],[-9,4],[1,24]],[[99358,49890],[-2,-25],[6,-7],[-3,-10],[3,-10],[12,-13],[4,2],[-3,-4],[10,-6],[-4,-3],[1,-8],[-5,-7],[2,-11],[4,-3],[-1,-20],[3,-15],[6,-2],[-3,-13],[-4,2],[-9,-13],[3,-19],[-5,-12],[9,-24],[7,-6],[17,-27],[-13,-18],[19,-63],[-4,-8],[-10,-1],[-11,-10],[-16,-6],[-18,3],[-15,22],[-4,25],[-10,-2],[-8,-7]],[[99316,49592],[9,-2],[1,3]],[[99302,49652],[3,8],[-5,12]],[[99232,49705],[1,5]],[[99241,49787],[-2,4],[10,77],[72,-14]],[[99033,49859],[-10,13],[-6,-3],[-3,8],[8,15]],[[99053,50001],[12,-1],[2,4],[8,0],[15,-11]],[[99090,49993],[20,-4]],[[99110,49989],[18,-13],[22,3]],[[99150,49979],[15,8]],[[99165,49987],[17,-2],[-3,-23],[-10,-32],[2,-8]],[[99203,49913],[4,8],[5,0],[15,-9],[8,5]],[[99235,49913],[0,-2],[9,-13],[2,-14]],[[99242,49870],[7,-2],[-11,-74],[3,-7]],[[99241,49787],[12,-2],[-4,-15],[2,-4],[-9,-53],[-9,-3]],[[99233,49710],[0,5]],[[99073,49748],[-1,-7]],[[99046,49763],[-26,2],[5,34],[16,-2]],[[99046,49833],[-8,12],[-13,8]],[[99333,49953],[5,-8],[-7,-1]],[[99242,49918],[-10,-1],[-5,-5],[-10,8],[-10,2],[-4,-9]],[[99203,49913],[-20,2],[-3,4],[-10,-5],[-6,-7],[7,15]],[[99171,49922],[-1,11],[9,29],[7,42],[5,12],[-3,12],[4,6],[3,11],[107,-7],[4,-9],[7,-2],[-2,-6],[4,-11],[7,1],[4,-5],[-3,-22],[2,-12]],[[99358,49890],[-10,5],[-1,4],[-3,-3],[3,-9],[-5,0],[-8,-7],[-15,-6],[2,-20]],[[99321,49854],[-79,16]],[[99242,49870],[4,14]],[[99246,49884],[-1,13],[-10,16]],[[99235,49913],[0,4]],[[99235,49917],[7,1]],[[99242,49918],[8,10],[28,-8],[7,1],[18,13],[4,9],[17,-5],[7,6]],[[99331,49944],[6,0],[-4,9]],[[99333,49953],[4,9],[-14,3],[2,7]],[[99325,49972],[-1,16],[26,5],[23,-6],[1,-13],[-8,-8],[-1,-9],[11,-21],[7,-3],[9,9],[7,-10],[-16,-10],[3,-14],[-14,-1],[-14,-17]],[[99571,50142],[3,6],[-3,-8],[0,2]],[[99470,50150],[-9,6],[5,4],[-4,13],[-4,0],[4,3],[-1,8],[-13,18],[5,7],[17,9],[17,0],[22,9],[-7,8],[4,7],[13,-11],[19,-1],[5,-8],[5,-20],[-6,-7],[-5,-3],[-2,5],[-7,0],[-28,-11],[-12,-10],[-12,-16],[-1,-9],[-5,-1]],[[99720,50481],[-11,19],[-10,-19],[14,30],[1,19],[4,9],[40,17],[14,-13],[35,-53],[25,-23],[59,-17],[25,2],[19,-13],[13,-5],[13,1],[8,5],[21,-4],[-2,-18],[11,-13],[-5,0],[5,-3],[-1,-4],[-8,4],[1,-4],[-4,0],[-39,-79],[-66,-195],[-56,-188],[-27,-112],[-31,-176],[-14,-114],[2,-73],[-41,-14],[-8,12],[8,7],[13,-9],[-2,4],[4,5],[5,34],[-20,-3],[-3,-3],[7,10],[-10,-10],[-3,-17],[-8,-14],[8,-13],[6,-2],[-1,-3],[-31,-22],[-11,0],[0,0],[-6,0],[-17,6],[-14,13],[-3,8],[-1,33],[-16,27],[-14,14],[-3,6],[19,15],[5,31],[-1,10],[-13,25],[13,42],[-7,13],[0,7],[22,16],[11,14],[19,16],[8,20],[-9,18],[-12,38],[-14,20],[1,7],[-4,17],[0,7],[8,9],[8,22],[1,18],[-6,30],[5,12],[3,17],[-3,-1],[0,-8],[-4,0],[-6,12],[8,7],[-6,14],[4,61],[-7,35],[3,22],[-1,23],[7,23],[0,17],[-6,14],[-7,8],[-9,6],[-4,0],[-1,-4],[-4,3],[3,5],[-3,4],[-4,-2],[3,4],[-5,10],[16,12],[5,10],[7,23],[0,21],[22,4],[14,15],[10,40],[7,16],[0,17],[3,3],[-3,1],[18,54],[-1,12],[9,39],[-2,9],[5,-2]],[[99402,49613],[2,5],[14,9],[21,-16],[15,-18],[2,-9],[-1,-15],[-31,1],[-4,6],[-10,4],[-8,33]],[[99414,49840],[2,15],[2,1],[-1,-13],[-3,-3]],[[99498,49708],[0,-48],[16,-55],[-4,-8],[-12,-3],[-14,8],[-2,12],[10,45],[-6,31],[5,11],[2,15],[4,-2],[1,-6]],[[99601,49675],[2,10],[16,22],[23,6],[-5,-15],[-9,-6],[-12,1],[-13,-23],[-2,5]],[[99570,49808],[-1,16],[1,-6],[3,4],[4,-8],[7,-6],[5,3],[-13,-12],[2,-14],[-8,0],[-13,-13],[-7,5],[-8,-1],[4,29],[19,0],[5,3]],[[99446,49810],[0,7],[-7,12],[7,6],[-2,10],[4,10],[7,6],[5,0],[-1,-14],[-9,-4],[2,-4],[7,4],[-2,-13],[2,-10],[-10,-12],[-3,2]],[[99421,49970],[-1,13],[2,4],[8,6],[5,1],[6,-6],[11,1],[1,-8],[-3,-21],[-6,-5],[-30,0],[-14,5],[1,6],[6,5],[14,-1]],[[99493,49891],[-1,13],[11,9],[-2,7],[3,5],[-3,4],[4,-2],[1,7],[6,4],[8,-13],[-6,-10],[4,-5],[11,0],[0,-7],[-6,1],[-7,-8],[-2,-15],[1,-12],[-5,-3],[3,-7],[-5,-2],[-2,-5],[5,-7],[-2,-5],[1,-11],[13,-8],[7,2],[1,13],[-4,9],[-4,-1],[8,12],[2,-14],[10,2],[-2,-14],[11,-12],[-1,-5],[-9,-3],[1,-14],[-17,-22],[-13,-3],[-5,13],[-9,9],[-25,10],[7,7],[-4,12],[4,19],[-1,27],[9,8],[4,15]],[[99623,49740],[-1,12],[-5,1],[1,4],[-2,2],[6,6],[3,-2],[-4,-4],[1,-5],[34,-14],[-13,-5],[-3,5],[-11,-1],[-8,-16],[-13,-8],[-2,-11],[-18,-7],[-5,-7],[11,-28],[1,-5],[-5,1],[0,0],[5,-4],[2,-14],[-1,-39],[11,-38],[-10,0],[-8,-24],[-15,-16],[-26,8],[-15,12],[-4,7],[3,1],[-5,1],[-4,14],[10,24],[8,8],[3,-1],[0,16],[12,13],[2,9],[-4,12],[-10,8],[-12,-11],[-6,2],[-4,59],[8,15],[8,7],[27,1],[14,-5],[8,4],[-1,10],[4,5],[7,-11],[13,-3],[7,3],[6,9]],[[99419,49721],[7,41],[8,-6],[-1,4],[2,-1],[12,-14],[-6,-7],[2,-13],[-1,13],[6,5],[11,-16],[1,-8],[-4,-21],[-15,-27],[-5,-19],[-8,-4],[-6,41],[-10,19],[1,7],[6,6]],[[99444,49797],[0,10],[6,-1],[5,3],[7,-22],[16,-7],[11,-9],[-2,-9],[-7,-11],[-5,0],[-25,28],[-6,18]],[[99558,49737],[-37,11],[-11,8],[0,3],[27,2],[-4,-1],[14,-2],[14,-9],[17,-1],[-20,-11]],[[99184,50702],[-1,47],[6,9],[25,14],[13,-9],[10,-15],[28,-11],[10,-21],[-2,-3],[-12,-3],[-19,-27],[-14,-7],[-14,1],[-19,10],[-11,15]],[[99158,50452],[23,-3],[4,-4],[1,-18],[-6,-8],[-22,33]],[[99148,50549],[9,25],[16,28],[9,7],[9,-6],[6,-34],[8,-24],[-5,-17],[-10,-18],[-6,-3],[-16,17],[-18,13],[-2,12]],[[98972,50429],[-5,-29]],[[98947,50403],[-5,-21],[-6,-1],[-13,9]],[[98923,50413],[-3,21],[21,18],[19,38],[13,17],[-4,1],[1,3],[16,2],[0,-3],[9,2],[1,3],[-2,8],[-16,-3],[2,14],[-5,3],[0,5],[11,29],[18,23],[16,30],[-5,3],[4,6],[12,14],[2,-1],[27,47],[35,-24],[-60,-106],[11,-25],[-3,-2],[-3,1],[-1,0],[-9,-8],[-26,8],[-1,-9],[-5,-5],[1,-10],[12,-1],[7,-8],[4,-14],[-2,-23],[-10,-4],[3,-9],[-2,-12],[-13,0]],[[99059,50514],[-3,-7],[-14,15],[-11,6],[8,9],[3,-1],[4,2],[9,-12],[4,-12]],[[99037,50317],[-14,18]],[[99048,50370],[7,-1],[2,-5],[-3,-5],[0,-7],[7,-1],[7,4],[2,-6],[3,0],[2,-21],[-12,-10],[11,-26],[-6,-20],[-6,1]],[[99062,50273],[-3,5],[-9,5],[-3,-6]],[[99047,50277],[-16,-4]],[[99028,50278],[5,31]],[[99003,50343],[14,-3],[20,-23]],[[99037,50317],[3,-9],[-7,1]],[[99033,50309],[-4,-31],[-19,-10],[-29,9]],[[98945,50277],[14,17],[24,18]],[[98869,50363],[12,1],[4,-4],[0,-6],[-8,-2]],[[98887,50334],[1,11],[7,-10]],[[98897,50318],[-14,-1],[1,-6],[7,-7],[-17,2],[11,17],[0,4],[-4,2],[-5,-11],[-9,-4],[1,-5],[-11,4],[-4,-2],[-8,-23]],[[98795,50332],[4,25],[10,2],[1,3],[7,2],[4,-2],[39,24],[4,0],[21,29],[19,11]],[[98930,50249],[6,-7]],[[98936,50242],[-2,-11],[-19,-1],[8,10],[-27,5],[2,7],[-7,1]],[[98891,50253],[-8,8],[0,-4],[-7,-2],[7,-15],[-15,-1]],[[98861,50234],[-2,16]],[[98840,50287],[4,-4],[4,18],[7,12],[13,-4],[0,6],[9,4],[3,9],[5,-1],[-11,-22],[17,-1],[-8,9],[2,6],[86,-15],[-26,-27]],[[98930,50249],[4,24],[11,4]],[[98945,50277],[21,-4],[15,4]],[[98981,50277],[28,-9],[19,10]],[[99028,50278],[3,-5]],[[99031,50273],[-13,-12]],[[99018,50261],[9,-2],[-1,-8],[-8,1],[-4,-10],[-11,2],[-2,-7],[6,-20],[-62,12]],[[98945,50229],[-15,20]],[[98965,50382],[7,47]],[[98972,50429],[8,4],[14,-2],[4,11]],[[98998,50442],[11,-2],[0,-8],[7,-10],[-2,-7],[6,-9],[4,-19],[12,-13],[12,-4]],[[99048,50370],[-14,-29],[-3,3],[-8,-9]],[[99023,50335],[-20,8]],[[98869,50363],[-2,7],[-11,2],[38,19],[9,19],[1,16]],[[98904,50426],[15,11],[4,-24]],[[98923,50413],[4,4],[4,-8],[-2,-7],[-8,-9],[2,-3]],[[98923,50390],[17,-10],[6,11],[1,12]],[[98947,50403],[20,-3]],[[98967,50400],[-2,-18]],[[98965,50382],[16,3],[-5,-15],[2,-7],[22,-4],[3,-16]],[[99003,50343],[-20,-31]],[[98983,50312],[-12,-8],[-74,14]],[[98897,50318],[-2,17]],[[98895,50335],[-6,10],[-3,-1],[1,-10]],[[98887,50334],[-7,4],[-10,0],[7,14]],[[98877,50352],[9,3],[-3,8],[-14,0]],[[98601,50831],[-14,14],[9,5],[6,26],[3,3],[9,-12],[27,-22],[13,-1],[5,11],[-3,26],[3,11],[12,12],[23,3]],[[98690,50856],[-13,-25],[-13,1],[-3,-5],[1,-13]],[[98599,50767],[24,-51],[-34,7]],[[98551,50742],[-1,5]],[[98553,50811],[4,7],[0,14],[13,0],[5,9],[5,-1],[-3,-5]],[[98509,50688],[5,3],[-1,6],[2,6],[5,2],[-2,3],[15,14],[13,4],[5,16]],[[98551,50742],[23,-4],[12,1],[3,-16]],[[98589,50723],[-5,0],[-2,-9],[-9,-58],[3,0],[0,-11],[-7,-44]],[[98512,50611],[1,10]],[[98532,50647],[1,10],[-3,1]],[[98604,50651],[-17,-5],[-5,9],[-9,1],[11,67],[39,-7],[25,-47],[-16,-4]],[[98522,50566],[3,-28]],[[98560,50531],[-3,-23],[3,-14],[-2,-15],[-10,2],[-9,-10]],[[98532,50483],[-11,1],[-9,9],[0,8],[-7,2],[3,9],[-5,3],[3,20]],[[98512,50611],[57,-10]],[[98569,50601],[-2,-12]],[[98569,50550],[-8,2]],[[98556,50548],[1,-7]],[[98561,50537],[-1,-6]],[[98560,50531],[-35,7]],[[98525,50538],[-1,24],[-9,19],[-3,30]],[[98604,50651],[-1,6],[9,11],[7,2],[13,-5]],[[98632,50665],[3,2]],[[98633,50629],[28,-5]],[[98658,50606],[-1,-6],[-7,-13]],[[98641,50585],[-13,15],[-2,-5]],[[98577,50599],[-7,-10],[-3,0]],[[98567,50589],[9,67],[6,-1],[2,-7],[4,-3],[16,6]],[[98661,50550],[2,-6],[-4,1],[-2,-9],[-39,5],[9,59],[9,-7],[6,-12]],[[98567,50589],[10,10]],[[98577,50599],[7,-4],[17,-2],[7,5],[18,-3]],[[98626,50595],[-8,-54],[-49,9]],[[98569,50550],[4,26],[-8,1],[2,12]],[[98658,50606],[3,18]],[[98661,50624],[17,-3]],[[98688,50643],[27,-5]],[[98685,50583],[-14,-3],[-10,4],[-3,-3],[-16,0]],[[98642,50581],[-1,4]],[[98641,50585],[9,2]],[[98650,50587],[8,19]],[[98619,50491],[4,23]],[[98617,50541],[12,0],[29,-5],[-2,-12]],[[98689,50507],[-1,-12],[-14,-4],[-26,-30]],[[98646,50449],[-17,-4],[-8,13],[4,33]],[[98621,50502],[-2,-11]],[[98619,50491],[6,0]],[[98625,50491],[-4,-28]],[[98591,50467],[-1,4],[0,5],[-13,-4],[-8,-7],[-11,14],[2,14],[-2,21]],[[98561,50537],[-4,4]],[[98557,50541],[-1,1],[0,6]],[[98556,50548],[5,4]],[[98561,50552],[56,-11]],[[98617,50541],[-4,-25],[10,-2]],[[98623,50514],[-2,-12]],[[98621,50502],[-12,2],[-4,5],[-1,-3],[-46,8]],[[98558,50514],[3,23]],[[98661,50550],[6,0],[8,-5],[1,12],[5,-1],[4,27]],[[98685,50583],[21,-5]],[[98692,50525],[-3,-18]],[[98689,50507],[-5,2],[-3,-3],[-2,8],[-5,-2],[1,5],[-18,-7],[3,13],[-4,1]],[[98656,50524],[1,15],[2,6],[4,0],[-2,5]],[[98768,50734],[3,-8],[10,0],[6,-11],[0,-17],[8,-5]],[[98804,50688],[4,-7],[-8,-7],[-6,3]],[[98792,50683],[-8,-3],[-7,-15]],[[98771,50659],[-3,-11],[5,-3],[7,3],[-1,-5],[-4,-7]],[[98766,50634],[3,-5],[-5,-1],[-5,5]],[[98752,50629],[-1,-9],[-7,4],[-2,-3]],[[98725,50636],[-29,6],[13,83],[27,1],[4,10],[-2,6],[4,2],[4,-7],[5,11]],[[98790,50423],[-21,-8],[6,31],[-10,17]],[[98760,50503],[10,16],[13,12],[22,10]],[[98848,50684],[37,-14],[43,-28],[10,3],[19,-2],[16,-7],[4,-22],[-1,-15],[9,-9],[-20,-23],[-17,-12],[11,-20],[-9,-12],[-4,-14],[0,-5],[3,-2],[-4,-17],[-12,-24],[-12,-11],[-32,-19]],[[98889,50431],[-14,-9],[-27,-38],[-2,3],[-46,-16],[-17,1],[-37,12]],[[98770,50413],[-3,2],[23,8]],[[98790,50423],[34,4],[11,-3],[2,13],[5,3],[9,-7],[18,-1],[4,5],[-4,15],[14,9],[7,1],[-12,-20],[6,0],[0,-9],[5,-2]],[[98720,50553],[-15,1],[3,18],[-2,1],[0,5]],[[98706,50578],[10,-7],[6,7],[4,0],[-17,20],[6,40]],[[98715,50638],[10,-2]],[[98725,50636],[1,-6],[12,1],[4,-6],[0,-4]],[[98742,50621],[3,2]],[[98742,50611],[-5,1],[0,-6],[20,-30]],[[98793,50536],[-23,-18]],[[98804,50688],[-1,9],[-8,-4]],[[98795,50693],[-9,6],[1,15],[-8,13],[2,4],[16,-8],[6,-6],[-8,7],[-10,3],[21,-14],[-1,3],[5,-2],[2,-14],[4,3],[12,-2],[20,-17]],[[98848,50684],[-7,-12],[-7,-29],[10,-49],[-1,-7],[-28,-24],[-10,-22]],[[98805,50541],[-12,-5]],[[98793,50536],[-1,9],[-14,0],[-17,25],[3,1],[-6,8],[-1,-3]],[[98757,50576],[-21,34],[6,1]],[[98742,50611],[2,6],[3,0],[-2,6]],[[98745,50623],[7,-3],[0,9]],[[98752,50629],[10,-6],[2,4],[-5,6]],[[98759,50633],[7,-5],[4,2],[-4,4]],[[98766,50634],[4,-1],[5,3]],[[98775,50636],[5,11],[-11,0],[2,12]],[[98771,50659],[9,-3],[3,-5],[7,0],[1,16],[-14,-2]],[[98777,50665],[8,16],[7,2]],[[98792,50683],[2,-6]],[[98794,50677],[5,-3],[5,1],[4,5],[-4,8]],[[98692,50525],[7,3],[21,-4],[0,29]],[[98720,50553],[18,-25],[-2,-4],[34,-6]],[[98770,50518],[-10,-14],[0,-1]],[[98760,50503],[0,-8]],[[98760,50495],[-22,-14],[-21,4],[-21,19],[-3,-7],[-5,-2],[4,30]],[[98662,50814],[1,17],[5,1],[11,-8],[22,-66]],[[98698,50744],[-36,-11]],[[98609,50743],[-10,24]],[[98599,50767],[13,-1],[4,24],[-5,1],[6,9],[11,5],[10,9],[16,-8],[-1,3],[9,5]],[[98690,50856],[-1,33],[5,18]],[[98738,50899],[-6,-8],[3,-17],[-1,-30],[5,-29]],[[98686,50800],[-7,24],[-4,2],[15,30]],[[98698,50744],[3,14]],[[98701,50758],[-5,14]],[[98738,50766],[7,-2],[0,-1]],[[98745,50757],[6,-6],[-4,-13],[-7,5],[-4,-17],[-8,-2],[-20,0],[-14,14],[-8,1],[12,5]],[[98696,50772],[-10,28]],[[98686,50800],[7,1],[25,-7],[-1,6],[6,8],[16,7]],[[98739,50815],[4,-12],[5,-4],[-1,-5],[10,-16],[13,-10],[15,-2],[10,-20],[-12,-5],[2,-3],[-6,-11],[-6,-2],[-5,9]],[[98768,50734],[-17,14]],[[98751,50748],[-1,5],[-5,4]],[[98745,50757],[0,6]],[[98745,50763],[-7,3]],[[98738,50766],[-3,-5],[2,10],[-28,5],[0,-3],[-13,-1]],[[98609,50743],[53,-10]],[[98662,50733],[24,8],[8,-3],[8,-10],[7,-3],[-7,-54]],[[98652,50667],[-8,7],[-7,20],[-28,49]],[[98635,50667],[10,-1],[0,4],[7,-3]],[[98652,50667],[5,12],[45,-8]],[[98702,50671],[-4,-27],[-2,-2],[-8,1]],[[98688,50643],[-2,-12],[-8,2],[0,-12]],[[98678,50621],[-45,8]],[[98633,50629],[4,24],[-4,0],[2,14]],[[98794,50255],[-6,-41],[5,-5]],[[98771,50154],[-11,-2],[3,44]],[[98731,50239],[20,-5]],[[98770,50236],[8,7],[0,9]],[[98770,50303],[17,26],[8,3]],[[98795,50332],[7,-1],[-2,-18],[3,-6],[15,-4],[-1,-9],[28,-6]],[[98845,50288],[-2,-5],[-3,4]],[[98840,50287],[-4,-4],[6,-8],[-1,-5],[7,3],[6,-1],[-2,-9],[-6,-1],[4,-11],[9,-1]],[[98859,50250],[1,-13]],[[98814,50276],[-43,8]],[[98794,50280],[4,0],[16,-4]],[[98814,50276],[2,-13],[15,-3],[-7,-5],[3,0],[-4,-6],[14,-2],[0,-6],[23,-4]],[[98860,50237],[1,-3]],[[98861,50234],[7,5]],[[98868,50239],[11,-1],[0,-8]],[[98877,50227],[4,-1],[0,-6],[-2,-5]],[[98831,50223],[-3,-24],[-13,10],[-24,1],[-3,4],[8,54]],[[98793,50209],[11,1],[14,-2],[10,-9],[-9,-59]],[[98819,50140],[-18,1],[-7,4],[-12,-3],[-19,10],[8,2]],[[98771,50154],[6,8],[11,4],[3,6],[2,13],[-4,2],[4,22]],[[98819,50140],[12,83]],[[98831,50223],[48,-8]],[[98879,50215],[2,9],[-4,3]],[[98877,50227],[2,3]],[[98879,50230],[-1,6],[5,4],[12,-31],[-4,-28],[4,-24],[-8,-62],[-7,-16]],[[98855,50111],[-13,-8],[-11,12],[7,21],[-19,4]],[[98656,50121],[-7,-6],[-6,6],[-14,1],[11,14]],[[98628,50154],[11,15],[1,27],[28,-6],[-3,-22],[10,-18]],[[98713,50249],[1,9],[10,-18],[7,-1]],[[98731,50239],[6,-27],[-3,-2],[9,-7],[0,-3],[20,-4]],[[98763,50196],[-3,-43],[-5,-5]],[[98754,50153],[-4,2],[-20,7]],[[98727,50160],[-9,10]],[[98696,50185],[1,19],[-8,11],[0,4],[-6,5]],[[98623,50216],[5,17],[21,-22],[-2,-3]],[[98649,50207],[-10,-14],[-1,-27],[-10,-12]],[[98611,50180],[12,10],[0,13],[-8,13]],[[98688,50207],[3,6],[4,-2],[3,-11],[-2,-15]],[[98696,50185],[13,-7],[8,0],[5,-5],[-4,-3]],[[98718,50170],[2,-3]],[[98704,50154],[3,-4],[-4,-7],[-17,1],[-13,9],[-7,14],[2,23],[4,0]],[[98752,50102],[-48,52]],[[98704,50154],[16,13]],[[98720,50167],[7,-7]],[[98727,50160],[3,2]],[[98730,50162],[24,-9]],[[98754,50153],[1,-5]],[[98755,50148],[8,4],[23,-10]],[[98711,50112],[-16,25],[-8,8],[16,-2],[4,8],[28,-26],[17,-23]],[[98688,50207],[-14,-4],[-2,-13]],[[98672,50190],[-32,6],[9,11]],[[98649,50207],[-2,1]],[[98647,50208],[2,4],[-19,17]],[[98648,50241],[-2,7]],[[98669,50244],[0,-18],[2,3],[4,-7],[10,0],[4,-3],[1,-6],[-2,-6]],[[98611,50180],[-3,-22],[20,-4]],[[98628,50154],[-1,-16],[13,-2]],[[98640,50136],[-14,-19],[-4,1],[-4,-6],[-3,1],[-6,-6]],[[98610,50103],[-9,-5],[-1,-17]],[[98596,50063],[-9,12]],[[98572,50092],[0,4],[-7,-4],[-5,9],[-12,-8],[-10,12]],[[98540,50111],[4,1],[10,-3],[-3,11],[30,-1],[10,5],[4,10],[-3,8],[-29,9],[6,17],[10,9],[32,3]],[[98856,49894],[-69,12]],[[98755,49918],[9,45],[27,15],[11,0],[4,9],[10,6],[5,-1],[3,-10],[6,-3],[8,11],[7,-18],[-5,-22],[-2,-3]],[[98732,49965],[10,66],[21,-29],[28,-24],[-19,-14],[-8,-1],[0,-4],[-32,6]],[[98819,50140],[17,-3],[2,-5],[-7,-15],[4,-9],[8,-5],[12,8]],[[98855,50111],[6,0],[1,-7],[4,2],[9,-14],[-1,-12],[6,-1]],[[98880,50079],[-8,-14],[0,-14]],[[98752,50102],[32,24],[2,16]],[[98786,50142],[5,3],[28,-5]],[[98819,50140],[-12,-84]],[[98760,50041],[-29,5],[-13,27]],[[98718,50073],[19,-3],[-9,14],[24,18]],[[98850,49998],[21,43],[1,24],[15,28]],[[98887,50093],[47,-8],[3,21],[57,-10],[9,6],[5,-3],[0,-5],[18,-5]],[[99026,50089],[-10,-6]],[[99016,50083],[-1,-4],[6,-19],[11,-2],[6,6],[6,-2],[-1,-5],[2,-9],[-3,-12],[18,-7]],[[99060,50029],[3,-15],[4,-7],[-1,-7],[-13,1]],[[99053,50001],[-12,-5],[-5,-25],[7,-12],[-13,-15],[4,-9],[-5,-9],[1,-10],[-14,-11],[0,-7],[6,-6]],[[99022,49892],[-8,-14],[2,-7],[10,-2],[7,-10]],[[99033,49859],[-8,-6]],[[98984,49888],[-11,13],[-22,4]],[[98856,49894],[-29,55],[11,-2]],[[98838,49947],[2,2],[5,26],[-9,21],[3,4]],[[98760,50041],[2,11],[16,-3],[0,12],[29,-5]],[[98796,49985],[2,-8],[-4,-1],[-24,19],[-38,51],[28,-5]],[[98796,49985],[11,71]],[[98807,50056],[49,-10],[16,5]],[[98872,50051],[-1,-11],[-21,-42]],[[98850,49998],[-11,2]],[[98839,50000],[-3,-5],[2,-5],[-7,-11],[-6,3],[-7,12],[-11,-6],[-5,-10],[-5,1],[-1,6]],[[98618,50008],[14,4],[30,-7],[8,1]],[[98671,50012],[26,-5]],[[98692,49972],[-2,-14],[-4,-5]],[[98663,49961],[-1,-4],[-33,7]],[[98666,50083],[-8,2]],[[98618,50056],[-3,-9],[-7,2],[-12,14]],[[98596,50063],[4,18]],[[98600,50081],[0,14],[10,8]],[[98610,50103],[-1,4]],[[98609,50107],[5,6],[7,1],[8,8],[15,-1],[5,-6],[-5,-12],[24,-6]],[[98692,49972],[5,35]],[[98697,50007],[40,-7],[-5,-35],[-40,7]],[[98623,50025],[-8,20],[3,11]],[[98618,50056],[9,-1],[1,11],[26,-4],[4,23]],[[98658,50085],[22,-5]],[[98718,50073],[7,-17],[17,-25],[-5,-31],[-66,12]],[[98671,50012],[-1,-6]],[[98670,50006],[-6,-1],[-35,6]],[[98656,50121],[-1,11],[9,8],[2,12],[9,-2]],[[98675,50150],[18,-10],[18,-28]],[[98711,50112],[7,-39]],[[98718,50073],[-15,4],[-13,-5],[-8,1],[-2,7]],[[98680,50080],[-14,3]],[[98666,50083],[2,14]],[[98668,50097],[-25,7],[4,2],[3,10],[6,5]],[[98657,49822],[-6,-16],[-2,-22],[-26,6],[5,36],[7,17],[13,12],[2,10],[-12,18],[30,-5],[9,-17]],[[98657,49822],[18,21],[2,18]],[[98677,49861],[21,-23]],[[98727,49838],[14,0],[23,-4],[21,-11],[28,-4]],[[98817,49747],[1,-7]],[[98815,49730],[-30,-15],[-19,-8],[-13,4],[-1,-1]],[[98746,49704],[-4,6],[6,29]],[[98686,49777],[-37,7],[8,38]],[[98510,49795],[13,5],[2,7]],[[98551,49813],[9,16],[-5,12]],[[98550,49851],[-7,7],[3,9]],[[98531,49953],[3,1]],[[98535,49967],[-1,4],[19,-11],[1,-6]],[[98611,49887],[27,-4],[11,-14],[-1,-13],[-13,-12],[-7,-18],[-6,-43],[-19,-44]],[[98615,49690],[-19,1],[-38,9],[-50,26],[-19,28]],[[98603,49739],[20,51],[63,-13]],[[98686,49777],[-5,-26],[67,-12]],[[98748,49739],[-4,-26],[-26,-21]],[[98670,49701],[-7,-20],[-48,9]],[[98615,49690],[0,15],[-12,34]],[[98528,49991],[4,2],[-2,6]],[[98527,50026],[16,3],[12,7]],[[98542,50041],[-6,5],[-1,10]],[[98542,50057],[5,-5],[3,9],[-3,3],[-8,-2],[-5,9],[12,14],[4,12],[11,4],[4,-9],[8,3],[-1,-3]],[[98572,50092],[4,-3],[-1,-16],[2,-1],[2,11],[9,-2],[-1,-6]],[[98587,50075],[5,-4],[2,-7],[2,-1]],[[98596,50063],[4,-2],[4,-9],[11,-5],[1,-8],[7,-14]],[[98623,50025],[1,-9],[5,-5]],[[98629,50011],[-11,-3]],[[98618,50008],[11,-44]],[[98629,49964],[40,-10]],[[98672,49897],[-3,-19],[-58,9]],[[98611,49887],[-14,-3],[-2,4],[-5,-1],[-3,5],[2,8],[-2,4],[6,4],[8,0],[-3,11],[-31,11],[-4,6],[-9,1],[-2,10],[5,7],[-3,0]],[[98554,49954],[0,5],[-25,15],[10,3],[-4,3],[5,1],[-5,14],[-2,-5]],[[98829,49816],[-44,7],[-16,9]],[[98803,49873],[8,-3],[5,31],[26,-5]],[[98745,49930],[12,4],[-2,-16]],[[98755,49918],[33,-6],[-1,-6]],[[98787,49906],[29,-5],[-3,-28],[-4,-4],[-6,4]],[[98803,49873],[-14,-12],[-15,-4],[-5,-25]],[[98769,49832],[-31,7],[-11,-1]],[[98734,49906],[5,-2],[-2,14]],[[98663,49961],[23,-8]],[[98686,49953],[6,19]],[[98692,49972],[72,-13],[-7,-26],[-12,-3]],[[98745,49930],[-1,-12],[-7,0]],[[98737,49918],[2,-15],[-37,23],[-39,31],[0,4]],[[98669,49954],[34,-29],[31,-19]],[[98734,49906],[1,-11],[-8,-57]],[[98727,49838],[-29,0]],[[98698,49838],[-22,24],[-8,16],[4,19]],[[98672,49897],[10,3],[3,18],[-21,5],[5,31]],[[98424,50074],[-11,-19],[-4,-27]],[[98392,50026],[-36,9]],[[98357,50047],[8,6],[7,14],[3,26],[4,11],[45,1]],[[98392,50026],[9,8],[1,-4],[7,-2]],[[98409,50028],[-3,-22],[-32,-11],[-28,5]],[[98347,50010],[-8,6],[-1,11],[14,4],[3,5],[37,-10]],[[98347,50010],[-1,-10]],[[98346,50000],[15,-3]],[[98356,49988],[5,-8],[-2,-2]],[[98313,49985],[-7,-10],[1,9],[-18,16],[26,11],[6,7],[5,-4],[18,1],[3,-5]],[[98424,50074],[0,31]],[[98424,50105],[16,-7],[19,-20],[5,-15],[9,-9],[-1,-14]],[[98467,50033],[-3,-15]],[[98440,50009],[-34,-3],[5,42],[13,26]],[[98357,50047],[-1,-12]],[[98356,50035],[-2,-3],[-17,-4],[2,-14],[-18,4],[-11,26],[2,7],[6,4],[51,4],[-12,-12]],[[98312,50035],[5,-9],[1,-10],[-31,-15],[4,-8],[15,-12],[-18,-25],[-3,-10],[9,-29],[12,-14],[9,-16],[2,-16],[-16,-5],[-10,4],[-14,31],[-36,37],[-7,4],[-11,-6],[-21,-53],[-5,-2],[-8,3],[-6,59],[-14,39]],[[98347,50334],[6,-5],[1,-9],[-12,-30]],[[98363,50260],[37,-8],[-3,-3]],[[98413,50172],[-24,5]],[[98371,50171],[0,-3],[6,-7],[-7,-2],[5,-5],[-2,-5],[-6,-2]],[[98374,50130],[-13,-2],[-4,6],[-13,3]],[[98195,50217],[-8,5],[-12,2],[-14,-7]],[[98397,50249],[4,5],[15,-2]],[[98459,50216],[-1,-11]],[[98416,50170],[-3,2]],[[98413,50172],[-9,15],[-2,15],[-7,16],[-8,6],[11,12],[-1,13]],[[98474,50150],[3,-15],[11,-22],[-3,-29],[9,-17],[1,-8],[-12,-4],[-9,2],[-9,23],[-8,11],[-16,13],[-16,6]],[[98429,50130],[18,11],[18,1]],[[98371,50171],[10,10],[4,-8],[4,4]],[[98389,50177],[27,-7]],[[98416,50170],[18,2],[-1,-5],[5,-8],[-5,-7],[1,-7],[12,-4]],[[98446,50141],[-17,-11]],[[98429,50130],[-4,-20]],[[98425,50110],[-22,4],[-24,-7],[-5,-6]],[[98369,50118],[-10,0],[5,10],[10,2]],[[98374,50130],[-3,6],[-7,-2],[7,7],[-4,6]],[[98367,50147],[8,6],[-5,6],[7,1],[1,3],[-8,7],[1,1]],[[98157,50174],[0,13],[-8,4]],[[98138,50220],[13,3],[10,-6]],[[98161,50217],[10,7],[8,1],[16,-8]],[[98195,50217],[10,14],[8,-4],[9,-12],[28,5],[9,-9],[1,4],[6,-4],[5,-13],[5,0],[-1,-5],[25,-8],[-1,-11],[7,-6],[11,-2],[-2,-8],[19,-7],[0,-4],[11,-5],[-1,-5]],[[98344,50137],[17,-6],[0,-3],[2,-1],[-4,-10],[10,1]],[[98369,50118],[0,-9],[5,-8]],[[98374,50101],[-5,-37],[-9,-4],[-39,-3],[-9,-4],[-3,-9],[3,-9]],[[98312,50035],[-7,-13],[-6,-3],[-2,7],[-4,-4],[-10,12],[-5,-3],[0,4],[-3,3],[-28,5],[-4,-22],[-6,1],[-3,-7],[-11,-8],[-26,2],[2,-22],[-14,3],[1,-4],[-17,-4]],[[98169,49982],[-1,32],[10,36],[-2,13],[-13,28],[2,4],[-6,7],[4,6],[5,-1]],[[98480,50147],[3,20],[6,8],[4,1],[22,-20],[39,-45],[-4,-2],[-61,12],[-9,26]],[[98546,50086],[-10,-10],[-2,-8],[6,-7],[9,3],[0,-9],[-3,-3],[-4,5]],[[98542,50057],[-7,-1]],[[98535,50056],[0,-9],[7,-6]],[[98542,50041],[2,8],[7,0],[5,-4],[-5,-3],[4,-6]],[[98555,50036],[-9,-4]],[[98488,50050],[8,2],[3,6],[-3,16],[-5,7]],[[98458,50205],[3,23]],[[98480,50225],[-1,-8]],[[98538,50184],[2,5],[7,-1],[9,-3]],[[98567,50176],[-8,-16],[-1,-12],[9,-6],[19,-2],[3,-7],[-11,-7],[-21,0],[-20,14],[-10,17],[-24,20],[-11,5],[-8,-4],[-8,-16],[-2,-12]],[[98474,50150],[-6,1],[-3,-9]],[[98465,50142],[-19,-1]],[[98446,50141],[9,21],[-2,10],[12,12],[1,12],[-8,9]],[[98540,50111],[-2,-6]],[[98538,50105],[10,-15],[-2,-4]],[[98546,50086],[-10,3],[-21,-13],[-24,5]],[[98491,50081],[-2,10],[4,19],[-4,11],[51,-10]],[[98567,50176],[-11,9]],[[98556,50185],[-16,4],[3,8],[-4,6],[11,25],[13,-8],[33,3],[8,-4],[9,-10],[5,-15],[-8,-5],[-27,-5],[-16,-8]],[[98479,50217],[1,12],[-5,9],[30,-8]],[[98550,50232],[-1,-8],[-10,-20],[4,-7],[-5,-13]],[[98538,50184],[-9,3],[3,9],[-8,2],[1,7],[-12,2],[-8,11],[-3,-5],[-23,4]],[[98520,50487],[12,-4]],[[98532,50483],[7,-12]],[[98539,50471],[8,10],[5,1],[15,-13],[-4,-23]],[[98542,50415],[-20,3]],[[98489,50382],[-51,9]],[[98439,50448],[38,-8]],[[98510,50460],[4,16],[-2,7]],[[98294,50462],[1,7]],[[98313,50415],[12,-5],[10,3],[32,-7]],[[98371,50329],[-6,-8],[-4,0],[-14,13]],[[98347,50334],[-22,2],[-17,-11],[-16,9],[-12,-6],[-17,23],[-13,-10],[-14,19],[-6,4],[-6,-3],[-3,6],[-11,8],[-4,1],[-9,-11],[-18,3],[-7,-5],[-31,3],[-14,11],[-16,0]],[[98102,50440],[-18,14]],[[98041,50494],[-6,7]],[[98038,50517],[7,4],[1,-4],[9,-3],[21,-4]],[[98079,50500],[9,-12],[18,-10]],[[98406,50502],[7,1],[5,-5],[9,-2]],[[98426,50492],[3,-3],[9,4]],[[98460,50521],[9,4],[3,-2],[0,-4]],[[98452,50446],[-13,2]],[[98439,50448],[4,-13],[11,-9],[-25,6],[-1,-6]],[[98428,50426],[-20,4]],[[98472,50519],[1,8]],[[98490,50524],[9,-11],[9,0],[-2,-11],[5,-1],[1,-8],[8,-6]],[[98520,50487],[-8,-4]],[[98512,50483],[2,-5],[-4,-18]],[[98510,50460],[-17,-18],[-15,4],[-1,-6]],[[98477,50440],[-25,6]],[[98452,50446],[3,24],[21,15],[4,0],[0,18],[-7,2],[3,13],[-4,1]],[[98453,50322],[2,9],[21,-4],[-1,-6],[-5,3]],[[98484,50302],[6,-19],[20,-7],[3,-7],[-22,-13]],[[98488,50236],[-13,2],[4,-3],[1,-10]],[[98480,50225],[-19,3]],[[98461,50228],[-2,-12]],[[98459,50216],[-11,2],[-2,10],[-17,2],[-3,-16],[-10,2],[3,22],[-4,0],[1,14]],[[98416,50252],[-53,8]],[[98363,50260],[-2,-12],[-17,3],[3,7],[3,-1],[3,31],[-11,2]],[[98342,50290],[11,25],[25,-8]],[[98387,50313],[6,-6],[3,9]],[[98367,50406],[-4,1],[-1,8],[5,23],[14,-7],[6,3],[41,-8]],[[98428,50426],[10,-35]],[[98438,50391],[30,-6]],[[98456,50342],[-3,-20]],[[98453,50322],[-34,6],[-2,-16],[-21,4]],[[98396,50316],[-4,-9],[-5,6]],[[98387,50313],[-5,0],[-4,-6]],[[98378,50307],[-21,5],[-4,3],[2,10],[6,-4],[7,3],[3,5]],[[98371,50329],[-2,18],[6,12],[7,5],[1,6],[-10,9],[0,7],[-4,6],[-2,14]],[[98346,50536],[16,-1],[6,4],[6,-2],[7,-10]],[[98386,50528],[5,-9],[5,-1],[11,-11],[2,-3],[-3,-2]],[[98406,50502],[8,-27],[-9,-9],[-7,-13],[13,-3],[-3,-20]],[[98408,50430],[-21,4],[-9,-2],[-4,5],[-7,1],[-6,-32],[-48,9]],[[98313,50415],[2,17],[-7,1],[3,16],[-5,0],[1,9],[-8,1],[2,9],[-6,1]],[[98295,50469],[5,37],[41,-7]],[[98640,50311],[6,8],[9,-2],[-9,-11],[4,-34],[-6,-10],[-6,0],[-16,24],[-12,13],[-10,0],[-6,-3],[-3,6],[6,27],[23,-11]],[[98664,50359],[6,0],[3,-2]],[[98669,50345],[8,-7]],[[98661,50319],[3,-2],[-2,-2],[-16,4],[-1,6]],[[98601,50256],[12,-2]],[[98625,50243],[3,-12],[-5,-15]],[[98623,50216],[-5,3],[-3,-3]],[[98615,50216],[-16,12],[-8,0]],[[98669,50244],[-23,4]],[[98646,50248],[-3,5],[8,6],[3,17],[-1,29],[4,4],[8,-14],[3,-17],[6,-6],[-5,-28]],[[98661,50319],[16,19]],[[98677,50338],[19,-23]],[[98698,50317],[10,-22],[-17,-17],[-13,-3],[-3,4],[-14,40]],[[98585,50279],[13,12],[10,3],[21,-33],[6,-7],[8,-1],[5,-12]],[[98648,50241],[-8,1],[-5,-14],[-5,1]],[[98630,50229],[-5,14]],[[98625,50243],[-9,1],[-3,10]],[[98613,50254],[-8,1],[-8,14]],[[98620,50318],[-16,8],[5,5],[14,4]],[[98639,50353],[1,-5]],[[98640,50348],[-5,-5],[9,-9],[-4,-5],[5,-4]],[[98645,50325],[1,-8],[-6,-6]],[[98640,50311],[-16,-5],[-6,4],[2,8]],[[98585,50279],[7,-9],[5,-1]],[[98597,50269],[8,-13],[-4,0]],[[98601,50256],[-1,-7],[-5,1],[-4,-22]],[[98591,50228],[-19,-2],[-16,4],[-1,7],[30,42]],[[98724,50327],[4,24],[7,6],[11,-1]],[[98731,50316],[-1,10]],[[98746,50356],[-12,1],[-7,-7],[-2,-14],[-10,-2],[-11,2],[-7,40],[9,6],[19,-1],[23,-9],[-2,-16]],[[98698,50264],[3,7],[6,-4],[-4,-12],[9,7],[2,-3],[-1,-10]],[[98713,50249],[-11,2],[-7,-25],[-12,-2]],[[98683,50224],[2,-4],[-10,2],[-2,6],[-6,0],[7,44],[9,-5],[13,6],[-2,-10]],[[98724,50327],[6,-1]],[[98730,50326],[3,-21],[-2,-19]],[[98715,50282],[2,8],[-12,30],[-1,16],[21,0],[-1,-9]],[[98731,50286],[0,30]],[[98731,50316],[9,-2],[2,9],[10,-2],[2,11],[1,-5],[4,-1],[1,7],[3,-1],[1,6],[-7,2],[-5,12],[-6,4]],[[98746,50356],[2,15],[26,-6],[-1,-4],[12,-4],[0,3],[7,-1],[0,-3],[7,3],[-5,-27],[-8,-4],[-16,-25]],[[98770,50303],[6,-1],[-2,-1],[-3,-17]],[[98771,50284],[23,-4]],[[98794,50280],[0,-3],[3,0],[-3,-7],[2,-2]],[[98796,50268],[-2,-13]],[[98794,50255],[-8,2],[-1,-4],[-7,-1]],[[98778,50252],[-2,-12],[-6,-1],[-6,8]],[[98715,50282],[16,4]],[[98731,50286],[3,-7],[6,-1],[-3,-12],[4,-8],[9,-7],[14,-4]],[[98764,50247],[6,-11]],[[98770,50236],[-18,4],[-1,-6]],[[98751,50234],[-27,6],[-11,21],[-10,-6],[4,11],[-3,4],[-4,1],[-2,-7]],[[98698,50264],[-4,-1]],[[98694,50263],[2,9],[15,12],[4,9],[2,-4],[-2,-7]],[[98661,50423],[2,13]],[[98683,50427],[14,3],[1,-4],[-3,-5]],[[98698,50411],[-6,1]],[[98690,50385],[-16,-2],[-1,13]],[[98676,50409],[-7,0]],[[98568,50421],[-3,-20],[-6,-5],[-10,4]],[[98551,50416],[-9,-1]],[[98542,50415],[5,24],[7,-1],[1,10],[8,-2]],[[98563,50446],[-1,7],[6,15],[4,-3],[5,7],[11,4],[-5,-56]],[[98747,50399],[-31,6],[1,4],[-19,2]],[[98698,50411],[1,9],[-4,1]],[[98695,50421],[2,2]],[[98716,50420],[4,23]],[[98730,50441],[0,-9],[5,5]],[[98774,50438],[-5,-23],[-16,2]],[[98701,50499],[16,-14],[14,-3]],[[98721,50458],[-5,-38]],[[98716,50420],[-19,3]],[[98697,50423],[-1,8],[-6,-4],[-7,0]],[[98683,50427],[0,8]],[[98591,50467],[7,-2],[-3,-5],[4,-5],[7,1],[8,8],[7,-1]],[[98621,50463],[1,-10],[6,-8]],[[98627,50439],[-4,0]],[[98622,50430],[-8,2]],[[98612,50421],[-20,2]],[[98594,50435],[-10,2],[3,38],[3,1],[1,-9]],[[98692,50412],[8,-1],[47,-12]],[[98747,50399],[3,1],[3,17]],[[98753,50417],[17,-4]],[[98770,50413],[-1,-7],[-19,-9],[-4,-13]],[[98746,50384],[-34,7],[-22,-6]],[[98690,50385],[3,13],[-3,3],[2,11]],[[98731,50482],[8,-1],[21,14]],[[98760,50495],[7,-11],[-2,-21]],[[98765,50463],[9,-14],[0,-11]],[[98774,50438],[-18,3],[-1,-8],[-20,4]],[[98735,50437],[-6,-4],[1,8]],[[98730,50441],[-10,2]],[[98720,50443],[1,15]],[[98721,50458],[11,-2],[1,11],[-5,1],[3,14]],[[98575,50372],[1,1]],[[98590,50387],[9,-6],[11,5],[15,-5],[5,-5],[13,0],[-4,-23]],[[98639,50353],[-8,-4],[-8,-14]],[[98623,50335],[-15,-4],[-5,-7],[-7,18]],[[98583,50420],[3,17],[8,-2]],[[98594,50435],[-2,-12]],[[98592,50423],[8,-2],[-2,-13],[4,-5]],[[98594,50387],[-4,0]],[[98590,50387],[-14,-14]],[[98576,50373],[-7,-1]],[[98567,50376],[4,6],[-4,7],[12,1]],[[98579,50401],[-13,2],[2,18]],[[98568,50421],[15,-1]],[[98663,50395],[4,12],[9,2]],[[98676,50409],[2,-6],[-5,-7]],[[98673,50396],[1,-12],[5,2],[10,-5],[-3,-10],[11,-32],[2,-21],[-1,-1]],[[98698,50317],[-2,-2]],[[98696,50315],[-27,30]],[[98669,50345],[4,12]],[[98673,50357],[-2,1],[-7,1]],[[98664,50359],[-4,-10],[-2,2],[-6,-7],[-6,7],[-6,-3]],[[98640,50348],[3,28],[3,-3],[4,1],[-1,7],[1,1]],[[98612,50421],[2,11]],[[98614,50432],[11,-2],[3,-7],[-7,-42],[-12,5],[-9,-5],[-4,1],[-2,5]],[[98594,50387],[6,0],[2,16]],[[98602,50403],[-3,9],[1,9],[12,0]],[[98622,50430],[1,9]],[[98623,50439],[39,-5],[-1,-11]],[[98661,50423],[7,-3],[1,-11]],[[98669,50409],[-6,-14]],[[98663,50395],[-13,-13]],[[98650,50382],[0,-7],[-3,-2],[-5,4],[-4,-3],[-17,7],[7,45],[-6,4]],[[98648,50461],[27,31],[17,5],[4,7],[5,-5]],[[98701,50499],[-4,-30],[-6,1],[-3,-21],[-5,1],[0,-15]],[[98683,50435],[-20,1]],[[98663,50436],[-1,-2],[-35,5]],[[98627,50439],[1,6]],[[98628,50445],[18,4]],[[98646,50449],[2,12]],[[98522,50418],[29,-2]],[[98551,50416],[-2,-16]],[[98549,50400],[11,-4],[5,7],[10,0],[4,-2]],[[98579,50401],[2,-6],[-2,-5]],[[98579,50390],[-9,1],[-3,-3],[4,-7],[-4,-5]],[[98567,50376],[2,-4]],[[98569,50372],[-4,-4]],[[98559,50365],[-4,4],[-5,-4]],[[98551,50361],[-12,-2],[-13,6],[-5,-7]],[[98509,50351],[-3,-10],[-14,7],[-5,-3]],[[98481,50327],[-26,4],[1,11]],[[98456,50342],[11,11],[5,-1],[1,13],[-8,3],[3,17]],[[98468,50385],[21,-3]],[[98489,50382],[4,6],[6,-2],[2,13],[17,-4],[4,23]],[[98533,50273],[3,24],[25,1]],[[98573,50275],[-14,-17]],[[98481,50327],[2,10],[-5,1],[1,9],[8,-2]],[[98487,50345],[10,2],[8,-6],[4,10]],[[98509,50351],[12,7]],[[98521,50358],[4,7],[6,-4],[4,2],[3,-4],[4,1]],[[98526,50333],[8,-6],[1,-19]],[[98545,50306],[1,-11],[-10,2],[-2,-6]],[[98497,50292],[-8,-3],[-5,13]],[[98484,50302],[-11,5],[2,9],[-7,4],[2,4]],[[98470,50324],[6,-1],[0,5],[5,-1]],[[98526,50333],[8,10],[6,2]],[[98595,50326],[-4,-23],[3,-7],[-21,-21]],[[98573,50275],[-11,7],[3,3],[-6,11],[2,2]],[[98561,50298],[-17,0],[1,8]],[[98545,50306],[-10,2]],[[98535,50308],[-1,18],[-8,7]],[[98542,50360],[9,1]],[[98551,50361],[-1,4]],[[98550,50365],[4,4],[5,-4]],[[98559,50365],[-2,-5],[8,0],[0,8]],[[98565,50368],[0,1],[10,3]],[[98575,50372],[7,-28],[14,-2]],[[98596,50342],[7,-17],[-6,4],[-2,-3]],[[98595,50326],[-5,0],[-15,11],[-18,1],[-1,4],[-5,2],[-11,1]],[[98540,50345],[2,15]],[[98491,50256],[22,15],[-5,6],[-18,6],[1,7],[6,2]],[[98497,50292],[19,-7],[4,5],[14,1]],[[98534,50291],[-1,-18]],[[98533,50273],[7,-4],[2,2],[4,-10],[6,7],[3,-8],[4,-2]],[[98559,50258],[-8,-16],[-1,-10]],[[98550,50232],[-5,-6],[-9,-2],[-17,6],[0,3],[-12,1],[-2,-4]],[[98505,50230],[-19,5],[2,1]],[[98488,50236],[3,20]],[[98474,50005],[3,-15]],[[98476,49959],[-56,-30]],[[98362,49980],[-6,8]],[[98356,49988],[5,9]],[[98361,49997],[13,-2],[28,10],[38,4]],[[98440,50009],[5,4],[11,2],[1,10],[7,-7]],[[98464,50018],[3,-15]],[[98531,49953],[1,-5],[3,0],[1,-19],[4,-2],[7,5],[-5,-13],[2,-2],[-1,-4],[4,-4],[5,2],[0,-8],[4,-2],[-1,-6],[4,-1],[0,-6],[-6,0],[0,-3],[-4,-3],[3,-11],[-5,-6],[-1,2]],[[98546,49867],[-2,-8],[-11,2],[-3,25]],[[98503,49906],[-7,39],[35,8]],[[98398,49916],[32,20],[47,23],[15,4],[11,-57]],[[98503,49906],[-1,-6],[5,-20],[23,6]],[[98530,49886],[4,-19],[-1,-5],[-70,-17]],[[98418,49868],[2,15]],[[98467,50003],[0,30]],[[98467,50033],[5,7]],[[98472,50040],[1,13],[15,-3]],[[98488,50050],[-1,-11],[8,2],[51,-9]],[[98546,50032],[-19,-6]],[[98527,50026],[2,-4],[-6,-3],[6,-1],[-1,-4],[-6,-2],[1,-4],[-5,1],[6,-5],[-2,-5],[8,0]],[[98530,49999],[2,-5],[-4,-3]],[[98528,49991],[5,-1]],[[98533,49990],[2,4],[2,-11],[3,-1],[-5,-2],[3,-4],[-9,-1],[6,-8]],[[98535,49967],[-4,-7],[3,-6]],[[98534,49954],[-38,-9],[-4,18],[-16,-4]],[[98476,49959],[-6,30],[7,1]],[[98477,49990],[-1,3],[-2,12]],[[98474,50005],[-7,-2]],[[98304,49864],[14,5],[1,10],[-9,23],[-18,21],[-5,19],[3,14],[19,20],[4,9]],[[98313,49985],[5,-4],[8,4],[10,-3],[7,3],[16,-7]],[[98359,49978],[3,2]],[[98362,49980],[-1,-8],[8,6],[9,-2],[7,-7],[24,1],[3,-8],[-3,-10],[-8,-3],[0,-6],[1,-2],[10,6],[8,-18]],[[98420,49929],[-22,-13]],[[98398,49916],[-3,-6],[25,-14],[-5,-11],[5,-2]],[[98420,49883],[-12,-84]],[[98377,49838],[-19,17],[-15,3],[-18,-4],[-5,6]],[[98490,49852],[43,10],[11,-3],[6,-8]],[[98550,49851],[-1,-7],[6,-3]],[[98555,49841],[5,-9],[-9,-19]],[[98551,49813],[-5,-1],[-4,3],[-17,-8]],[[98525,49807],[-5,-8]],[[98418,49868],[41,9],[4,-32]],[[98463,49845],[27,7]],[[98490,49852],[-1,-10],[6,-15],[-4,-15],[6,-5],[1,-6],[6,-1],[3,5],[9,1],[4,-7]],[[98520,49799],[4,6],[-3,-7],[-11,-3]],[[98510,49795],[0,-14],[-6,1],[4,-9],[-10,-16],[-9,-3]],[[98489,49754],[-15,7]],[[98428,49770],[-21,23],[11,75]],[[97019,48964],[-14,20],[-2,19]],[[96994,49018],[1,9]],[[98062,49264],[0,4],[2,7],[5,-1]],[[98088,49027],[4,-6],[6,5]],[[98153,49012],[9,1],[5,7],[11,1],[8,11],[-1,7]],[[98236,49053],[0,8],[-12,2],[0,4],[6,3],[21,-4],[1,11],[31,-8],[-3,-11]],[[98303,49062],[46,14]],[[98359,49084],[6,12],[15,4]],[[98402,49101],[21,-8],[-4,-5],[0,-15]],[[98438,49047],[-24,-13],[5,-12]],[[97681,47607],[7,-5],[1,-14],[-20,6],[-28,-12],[-4,4],[-15,-2],[-22,25],[-6,0],[-5,5],[-4,11],[-8,6],[0,8],[-5,8],[4,14],[-7,16],[-9,4],[-5,37],[-4,5],[-3,-3],[-6,-13],[-19,-15],[-10,-14],[0,-6],[-4,-9],[-2,-10],[12,-51],[-7,-7],[-6,-13],[2,-3],[-3,-12],[-7,-3],[-12,-22],[-11,-8],[-6,-11],[0,-8],[-9,-16],[-13,17],[-6,23],[-21,11],[-19,-2],[-6,-5],[-2,4],[3,17],[-16,-7],[-5,2],[-8,5],[-2,10],[-11,15],[-14,2],[-20,15],[-1,14],[9,12],[-1,36],[11,23],[0,23],[9,21],[-5,4],[-1,6],[-6,-2],[-7,5],[-19,3],[-8,13],[-7,0],[1,7],[-2,9],[-17,9],[-5,0],[-27,-14],[-25,0],[-2,17],[15,18],[-12,25],[-9,5],[-6,12],[-16,4],[-2,-18],[-3,-1],[-12,6],[1,11],[-30,7],[-1,18],[5,9],[14,5],[5,13],[6,6],[2,10],[7,8],[-2,10],[-4,6],[0,17],[-3,2],[-17,-3],[-13,3],[-6,-4],[-14,16],[-8,4],[-1,9],[-14,28],[13,36],[-1,9],[-17,8],[-12,16],[-3,18],[2,10],[-3,12],[-5,4],[5,37],[-20,6],[-12,15],[-6,18],[-14,8],[-6,8],[0,27],[-9,20],[7,19],[16,9],[4,7],[-6,23],[-4,8],[4,16],[0,13],[-15,3],[-25,14],[-9,9],[-20,7],[13,34],[-4,23],[-14,18],[6,17],[-20,20],[-4,12],[-17,27],[5,15],[3,56],[16,23],[-3,14],[9,12],[7,3]],[[96993,48679],[0,14]],[[97281,51677],[-6,-8],[1,-10],[-6,-8],[-1,-12],[4,-22]],[[97667,51613],[3,17],[0,1]],[[97702,51622],[14,-1],[19,-35]],[[97739,51557],[4,-17],[-1,-5],[-6,-5],[-21,-10]],[[97766,51498],[16,0],[15,-5],[10,-5]],[[97865,51457],[-7,0],[-2,-4],[-2,-23]],[[97856,51423],[-6,-12],[8,-18],[-1,-10]],[[97743,51002],[-16,-19],[0,-25],[7,-12],[0,-2]],[[97734,50927],[7,-8],[11,2],[37,-8],[2,-9],[-3,-10]],[[97786,50869],[2,-7],[24,10]],[[97870,50849],[9,10],[17,1],[9,-6],[12,1]],[[97926,50836],[-3,-29]],[[97901,50784],[3,-6],[-10,-1],[-15,-13]],[[97740,50681],[-34,6]],[[97238,50698],[7,8]],[[97101,50734],[-10,9],[-12,21],[-4,-5],[-7,-44]],[[96958,50484],[-23,19]],[[96767,50521],[-14,-98],[-16,12],[-25,-6],[-8,88],[-22,-5],[-10,-18],[-1,-7],[-4,0],[-27,-20],[-11,-2],[-10,12],[2,6],[-4,5],[7,53],[-87,14],[-1,-5],[-2,4],[-14,-6],[-9,1],[-5,6],[-3,-8],[-6,0],[-10,2],[-18,12],[-24,4],[-3,-5],[-1,16],[5,0],[0,5],[14,7],[8,59],[-26,-21],[2,18],[3,5],[-2,0],[9,58],[8,-1],[1,27],[5,35],[-30,5],[8,15],[-2,14],[10,12],[5,-3],[5,4],[2,20],[4,1],[4,7],[-4,5],[1,5],[5,4],[-2,3],[6,4],[-12,5],[0,4],[-6,4],[1,10],[-8,7],[-1,12],[-5,13],[6,9],[-33,5],[-3,-2],[0,-8],[-6,-6],[1,-4],[-10,-6],[-10,-19],[-7,-7],[-12,-1],[-4,-6],[-6,3],[-2,7],[2,12],[-8,17],[-13,6],[-6,18],[8,8],[9,24],[11,9],[21,-7],[11,-13],[6,-3],[4,10],[-6,13],[-12,4],[2,5],[22,6],[21,-9],[5,41],[27,-5],[1,11],[19,15],[25,9],[10,12],[9,1],[11,15],[9,6],[8,59],[-41,8],[-14,-25],[-92,13],[-7,-10],[-10,-1],[3,-6],[-4,-3],[-17,3],[-3,10],[-18,2],[7,56],[21,6],[10,17],[18,5],[3,6],[11,7],[2,13],[6,10],[-143,88],[18,27],[1,5],[-3,0],[5,9],[-1,8],[5,-1],[1,10],[12,6],[-1,8],[8,3],[7,-1],[-5,5],[4,3],[0,10],[7,-1],[5,5],[-2,8],[17,7],[11,14],[5,1],[0,8],[13,9],[6,0],[1,4],[-6,3],[0,4],[6,3],[-1,9],[5,-3],[9,3],[-7,12],[4,1],[10,79],[16,-35],[62,-9],[3,-8],[6,-2],[0,-3]],[[97884,50429],[5,7],[11,5],[3,6],[0,20]],[[97890,50534],[-5,12],[-22,-16]],[[97735,50682],[5,-1]],[[97740,50681],[16,20],[9,0],[38,33],[19,6],[5,9],[1,14],[10,5],[18,-7],[2,3],[21,0]],[[97879,50764],[21,15],[9,-6]],[[97954,50726],[12,-28],[-3,-11],[3,-8]],[[97972,50514],[66,-14],[3,-6]],[[98041,50494],[-4,-7],[6,-5],[11,-19],[7,7],[13,-16],[10,0]],[[98084,50454],[13,-9],[5,-5]],[[98102,50440],[0,-7],[12,-20],[-7,-8],[-2,-11],[6,-17]],[[98111,50377],[0,-7],[-13,-17],[0,-11],[3,-7],[-14,-12],[-16,-2],[-5,-5],[3,-25],[-4,-9],[7,-16]],[[97876,50284],[4,5]],[[97876,50310],[1,17]],[[97892,50324],[8,55],[1,7]],[[96767,50521],[71,-11],[4,9],[54,-9],[9,3],[14,-2],[16,-8]],[[96935,50503],[30,-25]],[[97291,50004],[-7,-47]],[[97215,49856],[4,-2],[-1,-3],[-6,-10]],[[97204,49835],[-8,-23],[-10,-18]],[[96986,49172],[5,-20]],[[96976,49133],[0,-13],[9,-17]],[[96996,49037],[-2,-19]],[[96994,49018],[9,-15]],[[97003,49003],[0,-11],[5,-13],[11,-15]],[[97019,48964],[-3,-12],[3,-14],[-3,-14],[4,-7],[-2,-11],[-16,-9],[-2,-5],[2,-38],[2,-5],[9,-1],[-2,-12],[6,-11],[1,-12],[4,-1],[-5,-11],[6,-4],[1,-11],[4,-5],[3,-14],[-12,-10],[-8,-14],[-9,-5],[-7,-17],[2,-10],[-4,-18]],[[96993,48693],[1,-13],[-1,-1]],[[96993,48679],[-18,-18],[-15,11]],[[96960,48672],[-17,28],[-6,1],[-15,18],[-11,5],[-21,34],[-15,15],[-7,22],[-21,37],[1,12],[5,13],[-3,7],[-6,1],[-2,4],[-6,31],[-22,23],[-3,8],[-11,8],[-10,19],[-11,10],[-12,5],[-4,16],[-7,7],[-1,40],[-7,31],[17,35],[3,33],[-3,12],[-21,4],[2,12],[-5,1],[2,17],[17,-1],[6,9],[-3,1],[-15,26],[-6,20],[1,7],[-14,26],[-23,4],[4,27],[16,-3],[-1,22],[5,57],[-18,2],[10,78],[30,-4],[-1,10],[4,8],[-19,2],[2,24],[8,-1],[1,7],[-11,2],[1,13],[-15,2],[3,20],[-20,3],[6,43],[-5,1],[9,60],[-5,1],[0,-6],[-29,4],[2,18],[9,-1],[8,65],[-8,1],[3,23],[-5,1],[3,17],[-10,2],[2,15],[16,-2],[4,28],[20,-3],[1,13],[24,-3],[13,90],[-15,3],[7,43],[7,8],[-6,3],[4,25],[53,-28],[38,49],[5,2],[-15,50],[-5,4],[3,14],[-4,10],[-9,1],[-11,-18],[-16,-15],[-10,-4],[-12,1],[4,12],[-12,49],[2,9],[18,18],[11,20],[5,19],[14,25],[21,23],[7,14],[-81,14],[-2,-15],[-33,6],[3,23],[-18,3],[24,154],[14,-8],[13,98]],[[96965,50478],[-7,6]],[[96958,50484],[9,75],[-25,-12],[11,81],[46,-8],[5,31],[40,-11],[2,-3],[-4,-4],[4,-2],[13,4],[8,-5],[6,43],[-7,1],[5,40],[-3,1]],[[97068,50715],[9,49],[4,-1],[12,-22],[8,-7]],[[97101,50734],[12,3],[14,-12],[32,-2],[23,-17],[6,7],[6,-3],[6,9],[13,-5],[1,-6],[5,0],[4,-13],[18,11],[4,0]],[[97245,50706],[-3,-1],[-4,-7]],[[97238,50698],[6,7],[14,-5],[2,-2],[-4,-10],[7,-2],[0,-3],[6,1],[26,-21],[-7,-16],[-13,0],[5,-5],[-2,-6],[10,7],[6,-7],[-2,10],[12,10],[7,-2],[6,-10],[1,5],[5,0],[-1,6],[4,4],[3,-4],[-4,-7],[6,0],[2,-7],[-4,-3],[5,-4],[1,-9],[3,1],[-1,8],[5,2],[-4,3],[2,3],[-3,4],[6,1],[-3,8],[10,-4],[-2,8],[-5,2],[7,4],[-3,9],[3,2],[5,-13],[5,3],[-4,4],[3,3],[8,-11],[6,-2],[-7,19],[6,1],[2,-8],[3,4],[3,-2],[-2,6],[2,3],[4,-6],[3,1],[2,5],[-4,2],[1,4],[-4,3],[8,-4],[-2,10],[4,8],[-2,2],[5,1],[-2,-9],[6,2],[0,-8],[4,-3],[-2,-5],[4,1],[3,13],[-3,6],[0,8],[5,6],[1,-11],[4,9],[9,1],[1,6],[7,-1],[-11,-11],[3,-2],[7,3],[3,-2],[-2,-10],[-8,-4],[7,-2],[-5,-7],[3,-3],[-5,-16],[6,-2],[19,21],[-1,5],[4,8],[-1,8],[3,7],[4,-2],[2,-26],[8,19],[10,4],[2,-7],[-5,-2],[-1,-8],[-5,-1],[3,-8],[-4,-2],[1,-6],[-6,-2],[1,-3],[-4,-3],[7,-2],[-7,-6],[1,-3],[-5,0],[1,-4],[-5,1],[2,-3],[-5,-3],[3,-2],[0,-4],[5,-2],[3,7],[3,-6],[1,6],[4,2],[2,-10],[10,4],[0,-5],[4,1],[6,-7],[28,-1],[2,-2],[-5,-3],[2,-2],[-2,-3],[7,0],[1,-12],[4,-5],[8,7],[12,-5],[-3,-5],[-7,-2],[12,-18],[0,-4],[-5,-2],[-25,7],[12,-12],[-6,-6],[-7,4],[-4,-4],[-3,6],[-3,-3],[-9,7],[-19,2],[0,4],[-6,-5],[-5,6],[-2,-8],[-5,-2],[-14,5],[-8,-2],[-6,3],[-3,7],[-5,6],[6,-14],[26,-15],[3,3],[23,-3],[5,-6],[3,1],[11,-4],[0,-6],[9,-1],[2,-7],[14,0],[12,-6],[5,5],[4,-3],[1,-8],[7,-5],[5,4],[6,-9],[2,4],[7,-7],[-2,-5],[9,0],[21,-15],[3,3],[-3,4],[4,-1],[-2,5],[4,-1],[-1,3],[2,1],[-3,8],[4,3],[-6,5],[7,3],[-8,2],[1,5],[5,2],[-8,3],[8,7],[-9,0],[-1,3],[5,0],[0,12],[8,2],[-2,3],[-4,1],[2,4],[-6,-1],[-4,-7],[-2,10],[6,7],[-1,3],[-7,-3],[-7,18],[8,8],[-11,-1],[-3,8],[2,3],[-5,2],[6,9],[-10,-3],[3,14],[-5,4],[-1,5],[14,-2],[1,7],[-4,4],[1,5],[-6,5],[8,-2],[7,17],[5,2],[11,-3],[8,-5],[-1,-3],[88,-15],[3,18],[-5,1],[2,10]],[[97706,50687],[29,-5]],[[97735,50682],[-12,-76],[18,-3],[2,12],[9,-2],[4,33],[19,-3],[2,15],[18,-3],[2,17],[42,-7],[-5,-36],[30,-5],[-3,-19],[12,-2],[-10,-73]],[[97863,50530],[11,10],[11,6],[2,-2],[-1,-5],[4,-5]],[[97890,50534],[-2,-11],[-5,-2],[0,-4],[2,-20],[15,-3],[-3,-26],[6,-1]],[[97903,50467],[-2,-25],[-17,-13]],[[97884,50429],[9,-1],[-4,-28],[8,-1],[-1,-12],[5,-1]],[[97901,50386],[-9,-62]],[[97892,50324],[-15,3]],[[97877,50327],[-1,-6],[0,-11]],[[97876,50310],[4,-9],[-3,-6],[3,-6]],[[97880,50289],[-3,-2],[-1,-3]],[[97876,50284],[12,4],[-3,-2],[-2,-12],[7,-2],[-2,-11],[-6,1],[-2,-11],[3,-12],[5,-5]],[[97856,50210],[-4,14],[-6,3],[-17,-9],[1,-12],[17,-15]],[[97729,50102],[1,-8],[-8,1]],[[97719,50089],[-21,-19]],[[97429,50010],[-7,-37],[-11,3]],[[97288,49983],[3,21]],[[97291,50004],[6,-1],[4,26],[-44,4],[-25,-3],[18,128],[-65,12],[20,4],[4,21],[-9,5],[37,22],[-34,25],[-22,33],[-14,10],[-1,5],[-10,5],[-6,-4],[-10,14],[-15,2],[-1,-12],[-18,13],[2,14],[-25,4],[3,22],[-5,19],[1,16],[-69,12],[11,6],[2,14],[-38,6],[5,43],[-28,9]],[[97204,49835],[8,6]],[[97212,49841],[7,12],[-4,3]],[[97215,49856],[6,4],[-1,4],[43,24],[-19,41],[16,9],[12,-3],[4,28],[8,-6]],[[97284,49957],[4,26]],[[97288,49983],[83,-14],[0,4],[23,-4],[1,5],[16,2]],[[97411,49976],[10,-3],[8,37]],[[97429,50010],[-10,1],[1,13],[12,-2],[4,29],[50,-11],[-2,-12],[23,-8],[2,9],[6,2],[7,-7],[1,5],[-5,7],[6,0],[2,7],[33,-6],[2,11],[79,-16],[9,58],[2,1],[7,-9],[12,9],[9,-14],[9,7],[10,-14]],[[97698,50070],[17,14],[33,-67],[6,-33],[16,-21]],[[97773,49952],[-28,-8]],[[97824,49797],[0,-8],[9,-9]],[[97847,49785],[4,-20],[9,-4],[-1,-1]],[[97845,49756],[-5,-5]],[[97840,49746],[0,-1],[9,2],[4,-2]],[[97831,49687],[-4,-3],[5,-12],[12,-6]],[[97838,49660],[-7,2],[-2,-5],[4,-6]],[[97839,49652],[-4,-13],[4,-5],[3,3],[5,-5],[3,-8]],[[97863,49597],[-3,0],[-4,-14],[4,-3]],[[98031,49397],[-12,-20],[32,-5]],[[98050,49366],[10,-2],[-10,-56]],[[98048,49278],[16,-3],[-2,-11]],[[98062,49264],[6,-2],[-1,-5],[-8,1],[-6,-6],[-7,2],[-15,-3],[-10,3],[-4,-4],[-11,10],[-3,-1],[-4,9],[-63,11],[5,40],[-13,18],[-53,9],[0,3],[-79,17],[-8,28],[-47,9],[-1,-12],[-5,-3],[0,-3],[-44,8],[3,21],[-35,6],[2,10],[-44,6],[-3,-16],[-80,14],[3,18],[-11,1],[3,20],[-19,3],[-1,-7],[-48,8],[2,15],[-49,8],[0,-14],[-52,9],[0,-4],[-33,6],[0,2],[-12,-13],[-5,-19],[2,-30],[-12,-80],[-53,9],[-12,-81],[-33,6],[-2,-11],[-36,6],[-1,-19],[-8,-15],[-4,-28],[-7,-2],[-23,3],[-20,-137],[-20,3],[1,7],[-20,4],[-8,-54],[-12,2],[-4,-28],[-45,5]],[[96995,49027],[1,10]],[[96996,49037],[-4,13],[0,17],[-5,13],[2,8],[-3,1],[-1,14]],[[96985,49103],[-10,19],[1,11]],[[96976,49133],[11,11],[4,8]],[[96991,49152],[-3,15],[-2,5]],[[96986,49172],[-18,3],[4,26],[-22,3],[0,4],[-6,1],[2,11],[5,-1],[1,3],[56,-8],[4,30],[-16,3],[3,18],[-22,25],[-16,39],[7,42],[9,-14],[5,32],[15,-3],[1,10],[5,-1],[13,91],[-9,2],[6,40],[8,-1],[4,23],[-60,10],[2,23],[10,12],[20,6],[21,12],[3,14],[14,11],[1,9],[13,23],[-27,7],[2,13],[13,-1],[6,8],[1,10],[5,-7],[21,-8],[6,4],[-7,8],[1,4],[10,4],[6,-4],[8,6],[4,-12],[10,-2],[7,-5],[4,2],[0,6],[5,0],[7,-12],[2,-12],[8,-6],[4,29],[9,-2],[2,14],[5,5],[-5,16],[17,17],[7,36],[6,6]],[[97186,49794],[13,23],[5,18]],[[97901,49941],[15,-5]],[[97925,49892],[-13,-6],[-9,-19],[-23,-4],[-3,7],[-5,-5]],[[97859,49864],[-8,-3],[1,3],[-5,2],[2,2]],[[97822,49919],[-6,5],[-2,18],[43,-6]],[[98136,49886],[-3,-19],[-11,0],[-10,-28],[-35,-65],[-16,-13]],[[98033,49750],[-10,-10]],[[98021,49742],[3,5],[-9,4]],[[98011,49773],[-2,7],[1,4]],[[98016,49782],[12,7],[4,13],[8,1]],[[98045,49860],[2,5],[-6,7]],[[98020,49904],[-10,11],[2,7],[20,9]],[[98057,49931],[14,-13],[5,1],[0,11],[4,-1],[23,-20],[32,-7],[13,-14]],[[97883,49731],[14,10]],[[97901,49797],[7,1]],[[97907,49765],[4,3],[8,-4],[6,-18],[0,-5],[-4,-4],[4,-12],[-5,-1]],[[97933,49673],[-33,-7],[-70,13],[-3,4],[4,4]],[[97831,49687],[6,-4],[2,8],[-2,8],[8,-2],[2,10],[11,6],[-1,20],[-4,12]],[[97853,49745],[-13,1]],[[97840,49746],[0,5]],[[97840,49751],[0,1],[5,4]],[[97845,49756],[9,-1],[5,5]],[[97859,49760],[-7,3],[-1,8]],[[97865,49764],[7,-2],[6,-12]],[[97932,49841],[17,-8]],[[97946,49785],[-4,-28]],[[97922,49766],[-15,-1]],[[97907,49765],[-2,6],[4,2],[-5,4],[8,10],[1,6],[-5,5]],[[97908,49798],[-5,-1],[-13,4],[-1,4],[5,9],[-3,3],[-11,1]],[[97879,49850],[-5,9],[8,5],[22,4],[8,17],[7,5],[2,-14],[6,-15],[-5,-12]],[[97949,49833],[5,3],[4,17]],[[97950,49868],[2,13],[16,4],[23,-22],[11,-1],[6,3],[6,7],[-2,8],[-7,3],[-15,-2],[-5,5],[4,15],[16,19],[7,2],[-2,-9],[10,-9]],[[98020,49904],[-5,-6],[6,-2],[6,7],[4,-8],[1,-4],[-6,-2],[1,-3],[3,0],[-5,-10],[1,-5],[3,3],[8,1],[0,-4],[4,1]],[[98041,49872],[6,-6],[-2,-6]],[[98045,49860],[-6,-2],[-7,-6],[2,-9],[6,1],[2,-8],[-2,-33]],[[98040,49803],[-5,1],[-5,-14],[-14,-8]],[[98016,49782],[-6,2]],[[98010,49784],[-2,-5]],[[97944,49773],[2,12]],[[97946,49785],[11,-1],[7,49],[-4,3],[-11,-3]],[[97719,50089],[3,0],[0,6]],[[97722,50095],[8,0],[-1,7]],[[97729,50102],[20,11],[-2,9],[3,2],[3,15],[3,-7],[14,12],[6,-1],[0,4],[6,-9],[11,8],[0,6],[-6,1],[5,9],[1,13],[4,-6],[12,-5],[5,0],[2,8],[16,-2],[15,6],[0,15]],[[97847,50191],[-15,12],[-4,7],[4,10],[14,7],[8,-6],[3,-16],[22,-23],[14,-32],[18,-11],[25,0],[6,-11],[-5,-13],[-22,5]],[[97896,50088],[-14,-81],[1,-16],[4,-6],[12,-3],[10,25]],[[97948,50043],[-1,16],[-10,11],[-3,14],[4,8],[10,5],[10,-1],[31,-17],[41,3]],[[98028,50051],[-22,-11],[-2,-5],[1,-8],[5,-6],[11,-5],[17,3],[10,-3]],[[98012,49957],[-76,-23],[-35,7]],[[97901,49941],[-20,1],[-24,-6]],[[97857,49936],[-22,2],[-18,3],[-35,13],[-9,-2]],[[97773,49952],[-3,11]],[[97770,49963],[-13,17],[-13,45],[-29,59],[4,5]],[[98052,50012],[40,4],[6,7]],[[98121,50075],[-2,9],[3,6],[11,6],[12,1],[11,-3],[8,-5],[13,-28],[0,-19],[-9,-28],[0,-26],[11,-31],[6,-28]],[[98099,49939],[-19,2],[-5,-23],[-5,0],[-13,13]],[[98057,49931],[-25,0]],[[98036,49956],[-12,3],[-12,-2]],[[98012,49957],[8,12],[17,-4],[6,43],[8,0],[1,4]],[[97856,50210],[20,3],[4,23],[8,-2]],[[97888,50234],[5,-12],[12,-11],[8,5],[7,-4],[24,18],[9,3],[4,-3],[3,4],[20,-3],[2,-7],[5,-3],[4,3],[25,0],[8,-12],[0,-5],[13,-3],[7,17],[13,-2],[7,46],[8,1]],[[98072,50266],[26,-32],[9,-1],[8,-9],[23,-4]],[[98138,50220],[6,-11],[7,-2],[-2,-16]],[[98149,50191],[7,-1],[1,-16]],[[98157,50174],[-4,-9],[-3,1],[-3,-21],[21,-32],[0,-6]],[[98168,50107],[-8,-2],[0,-5],[5,-6],[-2,-3],[-22,6],[-17,-6],[-5,-5],[2,-11]],[[98121,50075],[25,-9],[2,-9],[-2,-6],[-43,-15],[-5,-13]],[[98098,50023],[-5,-6],[-28,-6],[-12,0],[-1,1]],[[98052,50012],[-4,4]],[[98048,50016],[-15,4],[-11,-4],[-16,10],[-1,13],[23,12]],[[98028,50051],[6,9],[0,13],[-4,9]],[[98030,50082],[-39,-3],[-13,4],[-20,13],[-16,-1],[-7,-6],[-1,-9],[3,-10],[9,-10],[2,-17]],[[97948,50043],[-39,-36]],[[97909,50007],[-10,-24],[-10,-1],[-6,8],[-1,13],[14,85]],[[97896,50088],[6,20],[5,8],[8,4]],[[97915,50120],[23,-4],[4,9],[-3,11],[-7,5],[-21,-2],[-17,10],[-9,15],[-6,18],[-22,22],[-1,6]],[[97833,49780],[-10,13],[1,4]],[[97824,49797],[-10,24],[-21,12],[-17,29],[-16,5],[-22,-13],[5,32],[-12,-5],[16,54],[-2,9]],[[97745,49944],[36,10],[34,-12],[0,-17],[7,-6]],[[97822,49919],[0,-8],[5,-10],[6,-1],[-3,-5],[2,-5],[9,-4],[3,-7],[7,-5],[-4,-2],[2,-4]],[[97849,49868],[-2,-1],[5,-3],[-2,-3],[9,3]],[[97859,49864],[3,6],[8,1],[2,-6]],[[97872,49865],[6,5],[2,-7],[-6,-5],[5,-8]],[[97879,49850],[1,-32]],[[97880,49818],[12,-1],[2,-5],[-5,-9],[12,-6]],[[97901,49797],[1,-8],[-5,-8],[0,-40]],[[97897,49741],[0,-1],[-10,-10],[-4,1]],[[97883,49731],[-6,7],[1,12]],[[97878,49750],[-4,9],[-4,5],[-5,0]],[[97865,49764],[-4,11],[-10,-4]],[[97851,49771],[-4,14]],[[97847,49785],[-14,-5]],[[97916,49936],[20,-2],[19,4],[66,21],[15,-3]],[[98036,49956],[-4,-25]],[[98032,49931],[-30,-13],[-16,-24],[0,-11],[23,-1],[5,-4],[-1,-8],[-7,-7],[-9,-1],[-15,8],[-13,15],[-16,-3],[-3,-14]],[[97950,49868],[6,-5],[2,-10]],[[97958,49853],[-5,-18],[-21,6]],[[97932,49841],[-10,8]],[[97922,49849],[5,11],[-7,17],[-1,13],[6,2]],[[97925,49892],[-8,13],[3,2],[-5,3],[9,3],[-6,9],[-2,14]],[[97942,49757],[2,16]],[[97944,49773],[29,-5],[3,16],[32,-5]],[[98008,49779],[3,-6]],[[98011,49773],[7,-1],[-4,-10],[1,-11]],[[98015,49751],[9,-5],[-3,-4]],[[98021,49742],[2,-2]],[[98023,49740],[-32,-32],[-34,-25],[-24,-10]],[[97933,49673],[4,8],[-6,11],[-3,20],[-7,-5],[-2,4],[1,13]],[[97920,49724],[5,2],[-4,11],[5,7],[-7,20],[3,2]],[[97922,49766],[20,-9]],[[98033,49750],[28,11]],[[98061,49761],[14,11]],[[98242,49576],[-2,-4],[25,-4]],[[98287,49540],[-10,2]],[[98235,49405],[-4,-23],[-40,7]],[[98068,49364],[-18,2]],[[98050,49366],[1,6]],[[98051,49372],[-31,5],[11,20]],[[98031,49397],[6,52],[-67,11],[8,54],[-75,11],[-5,63],[-20,-2],[-2,-32],[-17,3],[-4,4],[-2,7],[5,7],[12,2],[-4,5],[-6,-2]],[[97860,49580],[-4,2],[4,13],[3,2]],[[97863,49597],[-1,5],[-4,-1],[-2,5],[-8,5],[2,13]],[[97850,49624],[-6,11],[-3,2],[-2,-3],[-4,4],[4,14]],[[97839,49652],[-6,-1]],[[97833,49651],[-4,9],[3,2],[6,-2]],[[97838,49660],[6,6]],[[97844,49666],[-1,3],[-11,3],[-2,7],[68,-13],[17,1],[42,16],[36,26],[40,41]],[[98136,49886],[12,2]],[[98148,49888],[-11,12],[-34,9],[-19,18],[-8,3],[4,10],[19,-1]],[[98099,49939],[7,17],[11,-17],[18,2],[17,-3],[17,-8],[10,2],[6,-3]],[[98185,49929],[2,-41],[5,-6],[7,-1],[-7,-16],[4,-4],[1,-7],[-5,-2]],[[98163,49851],[0,-12],[-16,7],[0,14],[5,12]],[[98136,49877],[0,9]],[[98315,49841],[4,5],[6,8],[17,5],[19,-7]],[[98405,49758],[-7,-25],[-32,-44]],[[98311,49772],[-5,19],[11,11]],[[98317,49792],[3,-2],[5,11]],[[98361,49852],[16,-14]],[[98377,49838],[10,-4],[15,-20],[6,-15]],[[98408,49799],[-1,-6],[4,-4],[-6,-31]],[[98405,49758],[-23,5],[5,30],[-37,7],[-1,5],[-9,1],[4,18],[4,-1],[13,29]],[[98146,49781],[6,-2]],[[98158,49838],[6,2],[-1,11]],[[98163,49851],[17,5],[2,-2],[-2,-3],[2,-2],[6,1],[3,-4],[1,6]],[[98192,49852],[5,1],[-1,8],[-5,4],[5,8],[-1,4],[11,12],[16,45],[7,7],[11,-2],[31,-31]],[[98271,49908],[19,-39],[14,-5]],[[98304,49864],[6,-7],[10,3]],[[98320,49860],[4,-4],[0,-6],[-9,-9]],[[98315,49841],[8,-1],[5,-7],[-3,-7],[-4,2],[-4,-4],[3,-16],[5,-7]],[[98325,49801],[-4,-11],[-4,2]],[[98317,49792],[0,10]],[[98317,49802],[-7,-8]],[[98277,49788],[-13,-3],[-28,5]],[[98236,49790],[3,18],[4,-12],[20,8],[-18,45],[14,30],[-6,3],[4,8],[4,-1],[-4,5],[-2,-2],[2,8],[4,1],[1,6],[4,-4],[5,5]],[[98136,49877],[16,-5]],[[98152,49872],[-7,-25],[18,-8],[-5,-1]],[[98158,49838],[3,-3],[-2,-6],[3,-3],[0,-9],[-5,0],[-4,-10],[-9,-4],[6,-4],[-4,-7],[6,-13]],[[98152,49779],[-25,6],[-6,-5],[-8,1],[-17,-7]],[[98094,49761],[-19,11]],[[98075,49772],[14,20],[36,76],[8,-1],[3,10]],[[98094,49761],[2,13]],[[98096,49774],[31,11],[19,-4]],[[98146,49781],[1,-10],[4,-2],[8,-23],[12,-3],[6,-9],[4,23],[14,-3],[0,12],[7,6],[7,14],[4,0],[0,8],[23,-4]],[[98236,49790],[-21,-149]],[[98224,49640],[-2,-15]],[[98228,49622],[-57,10],[-6,-7],[-10,13],[-21,6],[3,12],[-4,1],[5,35],[-13,2],[0,6],[-19,2],[1,5],[-7,2],[3,19],[6,0],[-6,7],[-2,15],[6,2],[2,7],[-15,2]],[[98304,49756],[42,-7],[8,-30],[12,-30]],[[98366,49689],[-32,-43],[-19,-11]],[[98297,49729],[-2,8],[-3,-2]],[[98285,49735],[9,17],[0,-11],[3,0],[1,8]],[[98366,49689],[8,-16],[10,-11],[-22,-135],[-11,4],[-64,9]],[[98287,49540],[4,29],[-25,4],[-1,-5]],[[98265,49568],[-25,5],[2,3]],[[98242,49576],[-11,14],[9,7],[-3,6],[4,4],[-5,0],[-2,6],[-2,-6],[-3,0],[-3,9],[2,6]],[[98228,49622],[-6,3]],[[98222,49625],[2,6]],[[98261,49646],[34,-11],[17,-1],[15,6],[39,49]],[[98268,49719],[3,9],[5,-5],[9,12]],[[98285,49735],[1,-6],[7,-6],[-1,12]],[[98292,49735],[2,2],[3,-8]],[[98297,49729],[-2,-4],[4,-2],[-3,-5],[5,-5],[2,-12],[-3,-7],[7,0],[4,-15],[10,-4],[4,-15],[-5,-7],[-5,-18]],[[98315,49635],[-11,-2],[-43,13]],[[98261,49646],[-37,-15]],[[98224,49631],[-2,3],[2,6]],[[98224,49640],[-9,1]],[[98215,49641],[9,61]],[[98224,49702],[12,88]],[[98236,49790],[29,-5],[12,3]],[[98277,49788],[5,11],[28,-5]],[[98310,49794],[-5,-4],[6,-18]],[[98311,49772],[11,-3],[-9,-11],[-9,-2]],[[98304,49756],[-6,-7]],[[98298,49749],[-2,-9],[-2,1],[-1,10],[-7,-11],[-3,-11],[-7,-6],[-4,5],[-4,-9]],[[98268,49719],[0,3],[-23,1],[-13,-21],[-8,0]],[[98458,48869],[0,-27],[60,-9]],[[98747,48787],[0,3],[14,6]],[[98762,48801],[4,2],[13,3],[8,-3],[5,-9],[8,13],[6,0],[2,-2],[-6,-9],[10,-11],[-13,-1],[4,-7],[-8,-3],[-4,-19],[4,-4],[9,3],[8,-16],[-7,-6],[-12,10],[-5,-5],[37,-38],[10,-3],[3,4],[8,25],[1,14],[36,-16],[44,-29],[12,-33],[-1,-11],[-3,-4],[2,-3],[-6,-11],[-3,-23],[-5,0],[3,-32],[5,-1],[-3,-20],[3,-11],[-2,-22],[-11,-19],[-23,-12],[-17,-31],[-11,-9],[-14,-21],[-19,-11],[5,-1],[-8,-14],[-3,-13],[-8,2],[-2,-13],[7,-1],[-10,-18],[6,-31],[6,-1],[-6,-37],[8,-2],[8,-7],[-5,-25],[12,-3],[-5,-5],[-3,-9],[7,-14],[-4,-14],[3,-9],[-2,-11],[3,-17],[11,-15],[1,-16],[7,-9],[-3,-5],[6,-3],[-5,-10],[3,-3],[-1,-5],[5,-2],[6,-12],[16,-8],[-4,-1],[0,-4],[8,-9],[-1,-8],[2,-1],[-3,-2],[0,3],[-5,-6],[0,-8],[-9,-11],[-3,4],[-4,-13],[-5,1],[4,-5],[4,-14],[13,-20],[-8,-4],[-10,6],[4,-11],[-6,-11],[-4,1],[2,10],[-2,5],[-11,10],[-2,5],[-12,4],[-8,12],[-6,-37],[19,-3],[-4,-24],[7,-2],[-1,-12],[-35,7],[2,12],[-8,2],[4,27],[-29,6],[-2,-14],[-6,5],[-30,6],[-3,-20],[12,-2],[-2,-12],[47,-9],[-13,-86],[3,-8],[10,-3],[5,31],[15,-2],[-6,-39],[14,-17],[-5,-25],[-7,2],[-2,-11],[15,-3],[-2,-13],[34,-12],[-3,-21],[-10,3],[-4,-25],[-11,2],[0,-19],[-8,1],[-4,-23],[6,-18],[9,-2],[-2,-15],[-4,-2],[-15,3],[-5,-5],[-5,-31],[-30,5],[2,11],[-23,5],[-3,-16],[-15,2],[-1,-4],[-26,5],[-2,5],[-69,-35],[15,-7],[-3,-28],[22,-5],[-6,-33],[-30,6],[-2,-8],[-8,1],[-2,-12],[-30,5],[-3,-15],[-31,1],[-17,11],[-16,-5],[-14,14],[-13,6],[-59,-6],[-15,-6],[-16,3],[-13,-10],[-28,20],[-21,4],[-18,13],[-23,3],[-17,24],[-28,14],[-6,12],[-13,-9],[-25,-3],[-17,6],[-12,-4],[-8,5],[-6,0],[-6,-13],[-18,-20],[-4,-2],[-20,8],[-7,-10],[-1,-6],[-12,-14],[3,-10],[-4,-11],[-12,2],[-16,-14],[-3,-7],[-6,-2],[0,-27],[-8,-3],[-5,-7],[-11,-1],[-5,3],[-12,-3],[-5,6],[-10,3],[-3,6],[-13,8],[-11,3],[-46,-21],[-5,-9],[10,-10],[-13,-17],[-16,-1],[-11,10],[-17,5],[-8,13],[-8,6],[-2,-4],[-5,1],[-1,6],[-22,27],[-7,-4],[-19,12],[-13,-9],[-8,11],[-2,8],[-7,1],[-7,8],[-16,-4],[-11,6],[-5,19],[-18,-5],[-15,14],[-1,27],[-4,8],[-10,5],[-4,7],[1,5],[-3,10],[-6,4]],[[97681,47607],[-4,12],[-15,9],[-11,1],[-3,16],[-4,8],[-4,2],[1,21],[3,4],[-2,3],[6,20],[4,4],[-2,6],[8,13],[-1,7],[6,-6],[1,8],[9,-2],[5,11],[4,-5],[11,0],[10,4],[15,0],[4,9],[-2,7],[5,3],[10,-8],[10,3],[3,-10],[3,-1],[5,5],[6,17],[6,2],[11,27],[20,12],[4,11],[4,-2],[3,-10],[4,-3],[5,17],[8,0],[6,6],[2,14],[-13,3],[21,104],[30,-6],[7,14],[8,-2],[4,26],[4,-1],[5,32],[7,-2],[1,7],[-16,3],[4,24],[-10,6],[2,7],[-42,62],[14,8],[14,-8],[23,19],[-12,11],[-4,-2],[2,-3],[-6,-1],[-18,20],[-11,15],[13,11],[-37,6],[74,60],[7,39],[-5,1],[18,97],[42,-9],[1,6],[17,-3],[-2,7],[-24,36],[35,27],[9,-14],[85,66],[-49,74],[-7,-1],[-39,59],[3,4],[18,-2],[-2,3],[8,13],[3,11],[13,13],[2,15],[3,3],[16,3],[23,11],[12,16],[26,13],[25,1],[11,5],[24,-1],[17,14],[-1,6],[3,4],[9,-4],[40,24],[9,38],[-3,9],[-12,3],[-3,10],[6,2],[4,-6],[7,-1],[7,10],[-14,14],[-1,8],[9,-1],[8,6],[6,11],[3,-2],[4,-13],[9,12],[9,-9],[7,2],[-2,6],[4,6],[-8,11],[5,18],[17,-7],[-7,20],[17,24],[56,-10],[-14,76],[13,-1],[9,-10],[32,-6]],[[99045,49554],[19,-12],[8,0],[-2,11],[-10,8],[8,5],[8,0],[5,-14],[18,-20],[18,-35],[24,-25]],[[99076,49484],[-7,-23],[-9,-3]],[[99053,49461],[-6,-3],[-8,7],[-14,0],[-7,4]],[[99104,49615],[29,1],[16,6],[10,-9]],[[99171,49612],[25,-16],[11,-13]],[[99197,49567],[-19,4],[0,-16],[6,-14],[-11,-8],[3,-16],[-9,-3],[-6,-10],[-17,3],[-21,-1],[7,-11],[13,-1],[28,-11],[4,-6],[-11,-12],[-3,3],[-1,10],[-9,-2],[-7,-7],[-27,28],[-19,37],[-19,23],[-3,9],[5,1],[15,21]],[[99007,49570],[0,-4],[3,-2],[8,4]],[[99029,49557],[16,-3]],[[99045,49554],[-12,-78],[-13,2],[-2,-9]],[[99018,49469],[-16,-1],[-10,3]],[[98983,49479],[-4,20]],[[99076,49484],[65,-12]],[[99141,49472],[3,-3],[-3,-2],[-9,-2],[9,-24],[-6,-8],[-20,-7],[-9,2],[-14,-3]],[[99071,49432],[-4,24],[9,28]],[[98976,49488],[6,-1],[1,-8]],[[98983,49479],[9,-8]],[[98992,49471],[47,-6],[11,-7],[3,3]],[[99053,49461],[7,-3]],[[99060,49458],[8,4],[3,-30]],[[99071,49432],[14,2],[1,-6],[3,2],[3,-5]],[[99092,49425],[-3,-12],[-7,-11],[0,-22],[4,-16],[-2,-17],[-12,-12],[-1,-16],[-15,-4],[-3,-4],[4,-5],[9,-1],[5,-9],[-23,-27],[-6,-20],[-33,-17],[-3,-19]],[[98984,49216],[7,56]],[[98580,49596],[4,6],[22,17]],[[98646,49616],[1,-20]],[[98710,49568],[12,-2],[0,-3],[18,-3]],[[98743,49577],[25,-5]],[[98825,49553],[-15,-23],[-8,-47]],[[98734,49493],[0,-4]],[[98597,49475],[-70,13]],[[98528,49492],[8,2],[9,7],[4,8],[23,22]],[[98791,49690],[-6,-6],[-6,-34],[-4,-5],[1,-21],[-17,23],[-17,10],[1,-6],[-5,-4],[-8,11]],[[98725,49659],[1,-4],[-3,-9],[-9,-11]],[[98656,49668],[14,33]],[[98670,49701],[48,-9]],[[98718,49692],[24,18],[1,-9],[15,-3]],[[98878,49570],[5,-1],[0,-3],[8,6],[5,-2],[-4,-28],[-7,-26],[3,-32]],[[98877,49433],[4,-15],[-23,-26]],[[98831,49371],[4,-33],[-2,-7],[-14,-8],[-6,15]],[[98806,49342],[-5,-1],[-12,-13],[-24,9]],[[98747,49351],[-14,14],[-2,13],[17,10],[-4,5],[-28,-10],[-16,-49],[-16,-17],[-6,-3]],[[98672,49330],[-6,11],[-9,14]],[[98651,49354],[0,12]],[[98730,49449],[4,44]],[[98734,49493],[68,-10]],[[98802,49483],[10,51],[18,28],[3,16]],[[98750,49652],[9,-5],[14,-22],[26,-11]],[[98840,49590],[-6,-9],[-1,-13],[-8,-15]],[[98825,49553],[-58,10],[1,9]],[[98768,49572],[-29,5]],[[98608,49621],[-28,-25]],[[98580,49596],[-8,-65]],[[98572,49531],[-36,-37],[-22,0]],[[98394,49652],[-27,32],[-1,5]],[[98366,49689],[34,47],[11,53],[17,-19]],[[98428,49770],[19,-7],[27,-2]],[[98474,49761],[20,-12],[7,-15],[7,-8],[14,-8]],[[98522,49718],[14,-9],[30,-12],[97,-16],[-10,-20],[-7,-21],[0,-24]],[[98646,49616],[-26,6],[-6,-7],[-8,4]],[[98606,49619],[2,2]],[[98608,49621],[-24,4],[4,23],[-46,8],[1,3],[-5,17],[4,4],[-25,5],[5,33]],[[98877,49626],[3,8],[4,0],[-1,-7],[-37,-27],[-6,-10]],[[98840,49590],[-8,4],[6,3],[-4,2],[-15,0],[2,13],[-22,2]],[[98799,49614],[-24,10],[0,21],[6,13],[4,26],[5,4],[5,-2],[20,-10],[17,-16]],[[98580,49478],[17,-3]],[[98597,49475],[15,3],[33,-5],[7,30],[82,-14]],[[98734,49489],[-4,-40]],[[98730,49449],[-2,0],[-6,-40],[-24,4],[-6,-42],[-9,-10],[-32,5]],[[98651,49366],[-1,-17]],[[98656,49668],[45,-9],[2,-12],[4,-9],[7,-3]],[[98714,49635],[9,10],[2,14]],[[98725,49659],[5,-1]],[[98730,49658],[6,-11],[7,3],[-1,7],[8,-5]],[[98750,49652],[-11,-75]],[[98739,49577],[4,0]],[[98743,49577],[-3,-17]],[[98740,49560],[-30,8]],[[98710,49568],[3,16],[-66,12]],[[98647,49596],[0,48],[9,24]],[[98747,49351],[9,-3],[9,-11]],[[98765,49337],[21,-9],[20,14]],[[98806,49342],[7,-4]],[[98813,49338],[5,-14],[5,-1],[11,11],[-3,37]],[[98831,49371],[27,21]],[[98858,49392],[22,22],[1,8],[-4,11]],[[98877,49433],[-28,20],[39,31]],[[98888,49484],[-3,21],[91,-17]],[[98976,49488],[-10,-66],[11,-3],[-8,-39],[26,-5],[-5,-30],[-4,1],[-2,-14],[-6,-5],[2,-13],[-7,-39],[18,-3]],[[98991,49272],[-6,-41]],[[98825,49253],[2,-18],[-7,-23]],[[98820,49182],[4,-11]],[[98636,49265],[2,12]],[[98626,49279],[0,17],[16,6]],[[98649,49320],[-2,17],[4,17]],[[98651,49354],[6,1]],[[98657,49355],[15,-25]],[[98672,49330],[2,-14],[4,-2]],[[98678,49314],[20,17],[18,52],[29,10],[3,-5],[-17,-12],[3,-13],[13,-12]],[[98520,49088],[7,-20],[-9,-2],[-24,19],[-14,16]],[[98460,49091],[-3,-9],[-8,2],[-2,5],[-21,2],[-24,10]],[[98402,49101],[-19,3],[-3,-4]],[[98380,49100],[-13,-3]],[[98426,49196],[4,25],[20,40]],[[98235,49405],[21,-4],[21,141]],[[98277,49542],[116,-20]],[[98465,49295],[-35,-75],[-4,-24]],[[98426,49196],[-8,-25],[-9,-16],[-13,-10],[-27,-36],[-2,-12]],[[98367,49097],[-8,-13]],[[98359,49084],[-5,0],[-5,-8]],[[98349,49076],[-9,-5],[-37,-9]],[[98303,49062],[-8,-15],[-5,3],[-3,9],[-7,-1]],[[98280,49058],[3,8],[-1,4],[-29,7],[-2,-2],[0,-9],[-22,4],[-6,-6],[12,-2],[1,-9]],[[98236,49053],[-9,4],[-30,-9],[-3,-2],[10,-9],[-10,-3],[-9,5]],[[98185,49039],[0,-8],[-8,-11],[-10,0],[-8,-8],[-6,0]],[[98153,49012],[-7,12],[-3,-1],[0,-7],[-12,-8],[-12,15],[-7,-3],[-8,7],[1,-9],[-3,1],[-4,7]],[[98098,49026],[-4,-5],[-4,1],[-2,5]],[[98088,49027],[4,5],[-4,3],[3,3],[0,4],[-13,3],[3,7],[-6,2],[4,11],[4,1],[1,11],[-8,-8],[-1,5],[-5,1],[1,5],[-10,1],[2,4],[-3,5],[-6,-5],[-13,5],[3,6],[-3,2],[0,9],[-4,-1],[6,11],[-4,2],[1,12],[6,-1],[4,22],[26,-4],[6,40],[26,-4],[3,17],[-6,1],[3,6],[-3,3],[2,5],[-1,22],[-10,29],[1,13],[-11,-2],[-16,4],[-1,-8]],[[98069,49274],[-21,4]],[[98048,49278],[4,30],[-2,0]],[[98050,49308],[10,57],[8,-1]],[[98068,49364],[1,13],[28,-5],[2,14],[14,-2],[3,19],[14,-3],[-2,-16],[6,-10],[18,-3],[1,5],[35,-7],[3,20]],[[98191,49389],[41,-7],[3,23]],[[98393,49522],[-30,7],[21,133],[10,-10]],[[98394,49652],[64,-40],[-3,-14],[6,-12],[16,-7],[10,-9],[9,-24],[-5,-9],[9,-3],[6,-13],[-1,-8],[9,-19]],[[98514,49494],[14,-2]],[[98528,49492],[-1,-4]],[[98527,49488],[53,-10]],[[98580,49478],[-5,-29],[18,-3],[-10,-59],[13,-3],[-1,-11],[29,-5],[-1,-5],[5,-8],[18,-1],[4,-5]],[[98650,49349],[-3,-15],[2,-14]],[[98649,49320],[-7,-18]],[[98642,49302],[-17,-8],[1,-15]],[[98626,49279],[12,-2]],[[98638,49277],[-9,-56]],[[98631,49204],[-5,7],[-18,6],[-15,-3],[-14,7],[-29,6],[-1,-6],[-27,5],[-7,4],[0,6],[-6,7],[-5,-1],[-3,5],[6,2],[-11,2],[-2,-13],[-32,6],[3,14],[-15,3]],[[98450,49261],[15,34]],[[98465,49295],[5,35],[13,44],[3,45],[3,5],[14,6],[4,6],[-15,-2],[-56,10],[-8,10],[-4,-7],[-6,5],[-36,3],[11,67]],[[98520,49088],[14,62],[39,13],[3,4],[1,28],[6,6],[39,-8],[9,11]],[[98631,49204],[6,-2],[-8,19]],[[98629,49221],[7,44]],[[98636,49265],[27,-5],[10,2],[6,6],[39,-17],[30,4],[3,-37],[13,1],[-8,-51],[35,-7],[0,-21],[3,0],[6,35],[24,-4]],[[98824,49171],[14,-23]],[[98881,49023],[-17,14],[-26,-24],[3,-4],[5,1],[-2,-13],[-15,3],[6,-9],[-4,-9],[5,-10],[21,-7],[-16,-9],[-6,1],[-6,-8],[7,-11],[-3,-2],[-8,2],[-4,-13],[0,-16],[13,-7],[0,-5],[-4,-9],[12,-9],[1,-5],[-12,-10],[-3,-12],[-17,0],[4,-18],[-14,-6],[-5,-17],[-8,-3],[-1,-5],[-11,3],[-14,-5]],[[98762,48801],[-1,-5]],[[98761,48796],[-12,-4],[-2,-5]],[[98747,48787],[-31,8],[-28,1],[3,38],[-22,3],[-10,19],[-6,-3],[-5,2],[-3,5],[2,21],[-3,3],[4,14],[-4,6],[-25,2],[-9,4],[-6,-2],[-4,-18],[-1,-11],[2,-6],[-4,-29],[-22,4],[-12,10],[-24,4],[-15,10],[-6,-39]],[[98518,48833],[-61,10],[2,13],[-1,13]],[[98458,48869],[-4,3],[-8,1],[1,6],[-5,4],[-2,7],[5,11],[-3,6],[-11,-2],[-6,17],[8,5],[4,9],[0,19],[-4,14],[-6,4],[-4,10],[-6,29]],[[98417,49012],[2,10]],[[98419,49022],[-6,10],[25,15]],[[98438,49047],[-12,10],[9,8],[-16,8]],[[98419,49073],[1,17],[27,-1],[4,-6],[7,0],[2,8]],[[98460,49091],[-7,4],[-4,9],[7,6],[24,-9]],[[98480,49101],[35,-34],[11,0],[-6,21]],[[98985,49231],[-1,-15]],[[98984,49216],[22,-3]],[[99006,49213],[0,9],[2,-1],[18,-16],[5,-9],[-3,-4],[2,-5],[8,-4],[7,-15],[-20,-31],[-12,-24],[-6,-5],[1,-11],[-22,-5],[-7,-11],[-19,-10],[16,-13],[2,-17],[-14,2],[-12,9],[-5,9],[-5,0],[-1,-4],[-6,-1],[-10,8],[-13,-9],[5,-24],[-28,-1],[0,-10],[-3,-1],[-5,4]],[[98881,49023],[-1,16],[3,29],[-6,19],[-1,18],[-27,8],[-11,35]],[[98838,49148],[-18,30],[0,4]],[[98820,49182],[0,30]],[[98820,49212],[0,1],[7,25],[-2,15]],[[98825,49253],[59,-11],[-3,-19],[7,-1],[3,-11],[38,-8],[6,13],[4,23],[46,-8]],[[99007,49570],[-11,2],[-8,-18],[-10,1],[8,-31],[-7,-25]],[[98979,49499],[3,-12],[-97,18],[1,19],[6,15],[4,31],[4,-2],[1,-10]],[[98928,49579],[29,13],[-4,5],[-20,15],[-2,13],[2,4],[20,-10],[33,26],[6,1],[18,-60],[-3,-16]],[[99073,49748],[34,-6],[-2,-9],[6,-4],[81,-13],[-1,6],[42,-7]],[[99233,49715],[-1,-10]],[[99232,49705],[21,-4],[1,-7],[47,-6],[-1,-16]],[[99300,49672],[5,-13],[-3,-7]],[[99302,49652],[2,-7],[-4,-4],[1,-4],[5,-1],[-4,-29],[5,-1],[-2,-11],[8,1],[13,-3]],[[99326,49593],[0,-2],[-10,1]],[[99316,49592],[4,-9],[-4,-12]],[[99316,49571],[-22,-4],[-8,-6],[-8,1],[-15,15],[-19,-1],[-7,3],[-3,-2],[-3,-13],[-4,-3],[-28,-2],[-2,8]],[[99197,49567],[8,7],[2,9]],[[99207,49583],[-7,10],[-29,19]],[[99171,49612],[-12,1]],[[99159,49613],[-7,9],[-19,-6],[-36,0]],[[99091,49646],[-18,1],[-13,11],[13,90]],[[98995,49697],[17,-23]],[[99044,49669],[28,-21],[19,-2]],[[99091,49646],[-3,-10],[-6,-4],[0,-3],[6,1],[7,-3],[2,-11]],[[99097,49616],[7,-1]],[[99104,49615],[-8,-27]],[[99096,49588],[-14,-19],[-21,-7],[0,-4],[10,-7],[1,-9],[-13,2],[-17,12],[-13,1]],[[99029,49557],[-11,11]],[[99018,49568],[-10,-3],[3,16],[-2,13],[-7,12],[-9,38],[-8,0],[-1,4],[-1,6],[3,9],[-8,1],[0,7],[6,-4],[2,15],[6,4]],[[98895,49693],[2,10]],[[98937,49687],[10,12]],[[98954,49702],[-1,-3],[4,-5],[18,6],[3,-4],[-6,-5],[3,-3]],[[98983,49681],[-6,1],[0,-3],[5,-4],[4,10],[3,0],[-5,-18],[-4,4],[-3,-2],[1,-6],[9,-1],[-4,-8],[1,-11],[-30,-24],[-22,10],[1,-17],[23,-19],[-4,-5],[-16,-5]],[[98886,49597],[-2,37],[-7,8]],[[99018,49750],[2,15],[9,-2],[10,2],[7,-2]],[[99046,49763],[-1,-11],[11,-5],[0,-3],[16,-3]],[[99072,49741],[-12,-82],[-16,10]],[[99044,49669],[-32,5]],[[99012,49674],[-35,42]],[[98886,49597],[51,-6],[-1,-8]],[[98936,49583],[-8,-4]],[[98928,49579],[6,-13],[14,-14],[0,-18],[-13,-7],[-12,15],[-18,9],[-4,7]],[[98901,49558],[-2,12],[-6,2],[-9,-6],[-6,4]],[[98878,49570],[-1,-4],[2,-4],[-5,-7],[-21,3],[2,15],[-22,5]],[[98833,49578],[12,19],[38,30],[3,-30]],[[98960,49799],[7,54]],[[99012,49802],[13,-3],[-7,-49]],[[99018,49750],[-18,3],[-10,-13],[5,-2],[-2,-12],[-14,-5],[-2,-5]],[[98977,49716],[-24,12],[-39,39]],[[98853,49729],[21,-4],[1,-11]],[[98947,49701],[-10,-14]],[[98937,49687],[-5,7],[-7,-2],[0,8],[-10,-2],[1,-4],[-3,-5],[-4,3],[-1,11],[-11,0]],[[98897,49703],[-1,0],[1,-5],[-2,-5]],[[98895,49693],[2,-5],[-9,2],[-1,-5],[6,-4],[-4,-8],[-5,-4],[-4,0],[-4,-7],[2,-9],[6,-4],[-7,-7]],[[98877,49642],[4,-6],[-4,-10]],[[98877,49626],[-12,2],[-5,8],[2,6],[-8,11],[-2,-3],[-4,9],[-8,4],[-8,-3]],[[98832,49660],[-3,6],[-4,-2],[-10,12],[-10,4],[0,3],[-15,5],[32,15]],[[98823,49709],[31,-6],[5,-5],[2,2]],[[98876,49752],[-1,-27],[-22,4]],[[98853,49729],[0,-5],[-3,0],[-1,-3],[10,-12],[2,-9]],[[98861,49700],[-38,9]],[[98823,49709],[-1,-6]],[[98822,49703],[-31,-13]],[[98791,49690],[-22,5],[-7,6],[-4,-3]],[[98758,49698],[-16,4],[1,5],[3,-3]],[[98746,49704],[6,6]],[[98752,49710],[14,-3],[49,23]],[[98815,49730],[-3,7],[6,3]],[[98818,49740],[-2,6],[16,4]],[[98951,49905],[23,-4],[10,-13]],[[98984,49888],[30,-24],[5,-9],[6,-2]],[[99025,49853],[3,-1],[15,-12],[3,-7]],[[99046,49833],[-5,-36]],[[99041,49797],[-29,5]],[[99012,49802],[-33,48],[-12,3]],[[98967,49853],[-2,-16]],[[98883,49842],[-27,52]],[[98856,49894],[28,-5],[4,26],[44,-7],[6,-6],[13,3]],[[98995,49697],[-3,-11]],[[98992,49686],[-5,-1],[-5,-11],[-6,6],[7,1]],[[98983,49681],[-3,10],[-5,-3]],[[98975,49688],[-3,4],[6,7],[-19,-5],[-5,3],[0,5]],[[98954,49702],[-6,2],[-1,-5]],[[98947,49699],[-2,-1],[2,3]],[[98947,49701],[-72,13]],[[98875,49714],[1,49],[-8,46],[9,2],[5,17],[7,-5],[5,-10],[17,-43],[25,-28],[19,-16],[20,-9],[20,-20]],[[98883,49842],[25,7],[57,-12]],[[98965,49837],[-5,-38]],[[98960,49799],[-2,3],[-3,-17],[-3,0],[-3,-5],[5,-18],[-40,5]],[[98914,49767],[-4,5],[-27,70]],[[98829,49816],[13,80]],[[98842,49896],[14,-2]],[[98856,49894],[29,-56],[6,-17],[-9,7],[-5,-16],[-5,-4],[-43,8]],[[98813,49819],[55,-10],[7,-26],[1,-31]],[[98876,49752],[-28,5],[1,5],[-9,-2],[-7,3],[-1,-13]],[[98832,49750],[-10,-4],[-5,1]],[[98817,49747],[-5,1],[4,29],[-3,1],[-1,-6],[-9,10],[1,8],[14,-3],[2,14],[-5,6],[-5,1],[3,11]],[[98945,51557],[0,2],[1,-2],[-1,0]],[[98787,51786],[1,-12],[-7,-7],[-13,3],[-1,11],[3,15],[7,2],[10,-12]],[[98839,51685],[6,0],[3,-7],[-7,2],[-2,5]],[[98761,51797],[-1,7],[4,-3],[-3,-4]],[[98840,51594],[2,2],[9,-1],[-4,-3],[-7,2]],[[98630,51707],[5,4]],[[98667,51836],[25,22],[0,5],[-10,2]],[[98676,51901],[18,-18],[8,-1],[7,-17],[13,2],[21,-18],[4,-9],[0,-8],[-3,-8],[-13,-2],[-1,-7],[9,-9],[7,1],[5,-4],[4,-33],[13,-13],[18,-6],[4,-13],[-6,-7],[0,-13],[3,-3],[11,4],[12,-5],[23,-24],[7,-27],[7,-7],[2,-10],[8,-6],[3,-11],[-4,-9],[-11,-4],[-22,8],[-5,7],[-2,-5],[9,-10],[16,-8],[12,-2],[4,-5],[-20,-6],[-13,2],[22,-7],[30,10],[19,1],[19,-11],[7,-11],[2,3],[-1,-4],[5,-7],[10,-4],[6,-7],[-6,-10],[2,-7],[-26,-17],[-24,-2],[-13,5],[-27,-8],[2,-2],[-16,-11],[-22,-10],[-67,-46],[-3,-8],[-4,-1],[0,3],[-8,-10],[-1,-10],[-20,-35],[-19,-53],[-14,-22],[-13,-1],[-6,1]],[[98571,51439],[13,15],[13,3],[0,8]],[[98878,52233],[-4,22],[4,2],[9,-12],[0,-9],[-9,-3]],[[98883,52212],[-2,3],[3,6],[7,-2],[-8,-7]],[[98878,52198],[1,4],[1,7],[2,-7],[-4,-4]],[[98882,52304],[0,3],[3,4],[2,-4],[-5,-3]],[[98919,51631],[-8,40],[1,15],[-20,6],[-15,23],[-17,14],[-12,5],[-24,22],[-5,48],[-6,19],[-11,16],[-20,8],[-16,22],[8,31],[-2,30],[11,6],[9,12],[1,13],[9,11],[1,7],[-4,9],[-16,8],[3,2],[-4,6],[6,10],[-6,20],[-12,9],[-9,16],[7,43],[6,8],[42,20],[30,19],[18,16],[9,14],[15,6],[3,12],[14,11],[-7,8],[-1,36],[5,6],[-5,27],[3,6],[-3,5],[-5,0],[8,15],[-3,7],[4,6],[2,21],[6,24],[-5,28],[5,2],[-4,6],[3,10],[5,-9],[2,-19],[-13,-81],[5,-93],[21,-116],[60,-247],[49,-136],[59,-114],[10,-35],[2,-32],[-15,-14],[-6,-20],[-6,-7],[-33,-5],[-24,-7],[-24,2],[-17,36],[-7,38],[-4,12],[-2,-1],[2,4],[-3,-1],[-5,6],[-15,10],[-7,10],[-1,8],[-12,6],[-10,21]],[[98505,51314],[-6,199],[4,1],[3,-1],[4,-15]],[[98545,51462],[18,8],[-3,9],[4,0],[4,-8]],[[98576,51468],[4,3],[2,8],[4,-2],[-4,-10],[6,-4],[7,4],[3,-9],[-12,-3],[-8,-10],[-5,-2],[-2,-4]],[[98571,51439],[3,-5],[13,-2],[1,11],[9,-5],[2,15],[6,2],[5,-4],[6,-34],[8,-16],[31,-12],[4,-27],[-8,-30],[2,-10],[5,-6]],[[98658,51316],[19,0],[-4,-8]],[[98640,51303],[-8,-1],[-5,8]],[[98631,51311],[1,-6],[8,6]],[[98639,51315],[-5,1],[-4,-3]],[[98626,51322],[-6,1],[1,-8]],[[98329,51478],[1,11],[3,-3]],[[98347,51520],[-1,10],[6,6],[13,-2],[5,2]],[[98373,51542],[7,-1],[14,-6],[-1,-8],[3,-3]],[[98447,51525],[2,-9],[-10,-28],[-1,-31],[5,-19],[10,-20]],[[98454,51402],[-80,17],[3,6],[-1,6]],[[98306,51719],[17,118]],[[98287,51858],[-21,31]],[[98232,51919],[1,17],[30,8],[15,-15],[19,8],[14,14],[36,-3],[6,-2],[5,-17],[5,2],[10,-7],[30,-5],[19,-9],[16,1],[3,-7],[25,-15],[10,-18],[22,14],[9,-19],[-11,-7],[4,-7],[13,9],[12,-9],[9,5],[8,-5],[30,-1],[22,19],[14,0],[3,2],[-1,4],[4,3],[-3,4],[-1,8],[2,20],[64,-10]],[[98676,51901],[0,-7],[9,-9],[-3,-20]],[[98682,51865],[11,-4],[-3,-6],[-23,-19]],[[98667,51836],[-11,5],[-5,-43],[-5,-9],[-5,-33],[-3,-9],[-7,1],[-5,-35],[9,-2]],[[98635,51711],[-2,-4],[-21,-5]],[[98462,51657],[-73,13]],[[98453,51418],[-15,39],[1,28],[10,30],[-2,10]],[[98479,51510],[3,-6],[-2,-3],[3,-4],[5,1],[11,15],[5,-119]],[[98454,51402],[-1,16]],[[98204,51917],[28,2]],[[98232,51919],[5,-14],[14,-5],[4,-10],[11,-1]],[[98266,51889],[7,-10],[3,-7],[11,-14]],[[98287,51858],[-1,-15],[37,-6]],[[98323,51837],[-22,-148]],[[98348,51558],[14,-20],[-5,-3],[-5,1],[-7,-9],[2,-7]],[[98347,51520],[-4,-3],[2,-9],[-5,-8],[9,-4],[-1,-6],[-15,-4]],[[98333,51486],[-4,5],[3,6],[-8,3],[-7,-5],[-2,5],[-17,-12],[-2,3],[5,12],[-24,-14]],[[98109,51536],[3,12],[-24,30],[1,10]],[[98115,51609],[12,10],[40,14]],[[98462,51657],[1,9],[21,-3],[26,10],[26,2],[24,-5],[12,3],[40,29]],[[98612,51702],[18,5]],[[98630,51707],[-4,-26],[33,-6],[-1,-15],[10,-1],[-8,-59],[-22,4],[-2,-6],[4,-15],[-2,-13],[-4,-1],[-3,-26],[8,-1],[-1,-6],[19,-2],[-1,-15],[3,-7],[6,-4],[-19,4],[-4,-24],[-10,2],[3,23],[-48,8],[-9,-8],[18,-29],[3,-18],[-2,-1]],[[98597,51465],[-5,2],[-4,-4],[-5,2],[-1,4],[5,7],[-4,3],[-7,-11]],[[98576,51468],[-8,3]],[[98568,51471],[-6,9],[-3,-2],[3,-4],[-1,-5],[-16,-7]],[[98545,51462],[-3,6],[9,3],[-1,8],[-9,8],[-12,-6],[-7,12],[-12,5]],[[98510,51498],[-6,16],[-6,-1],[-10,-15],[-7,0],[-2,12]],[[98479,51510],[-16,7],[-5,6],[-11,2]],[[98447,51525],[-16,47],[-4,90],[35,-5]],[[98301,51689],[5,30]],[[98306,51719],[74,-13],[9,-36]],[[98389,51670],[37,-6],[5,-96],[16,-43]],[[98447,51525],[-8,-9],[-13,-7],[-15,13],[-15,2]],[[98396,51524],[-3,12],[-20,6]],[[98373,51542],[-3,-6]],[[98370,51536],[-9,0],[-13,22]],[[98348,51558],[2,12],[-6,7],[-7,1],[1,-4],[-4,-2],[-2,11],[-25,14],[-1,18],[-6,4],[3,23],[6,-1],[2,14],[-6,1],[2,13],[-4,0],[0,4],[-8,1],[2,15],[4,0]],[[97725,51918],[13,-5],[-3,-4],[1,-5],[-11,-11],[3,-10]],[[97737,51835],[-3,-2],[-1,-7],[14,-20]],[[97779,51744],[-2,-13],[9,-8]],[[97764,51613],[-62,9]],[[97702,51622],[-13,7],[0,-5],[-5,-2],[-8,4],[-3,-1],[-3,6]],[[97670,51631],[-3,-18]],[[97667,51613],[-19,4],[-5,-35],[-71,15],[0,7],[-11,2],[1,5],[-21,3],[0,-5],[-26,4],[-3,-22],[-4,-1],[6,-7],[-6,-20],[-29,-31],[-15,25],[-8,0],[-9,-40],[-11,-17],[-54,9],[3,22],[-39,-32],[-29,4],[-2,15],[-17,32],[-2,7],[2,3],[-6,4],[-3,12],[6,7],[-1,3],[-21,31]],[[97273,51617],[-4,33],[7,9],[1,15],[4,3]],[[97281,51677],[-5,17],[2,14],[-19,42],[11,9],[-1,11],[12,7],[12,13],[-1,14],[-6,10],[-11,2],[-13,9],[-31,0],[-23,9],[-10,-5],[-5,-22],[-10,3],[-4,7],[-8,2],[-14,12],[-12,-1],[-21,-17],[-14,4],[-6,-1],[-2,-6],[-10,15],[-40,5],[-6,-41],[5,-8],[-47,8],[-9,-6],[1,-3],[11,-2],[-3,-21],[-46,-4],[-6,-4],[-14,19],[-7,-19],[-5,-1],[-16,5],[-4,-2],[2,15],[-5,-2],[-18,3],[-1,-12],[-15,3],[-3,-22],[9,-1],[-1,-7],[-30,6],[1,8],[-3,0],[1,23],[-32,5],[-38,1],[-9,-7],[-9,1],[-11,-18],[-7,-3],[-12,-44],[-11,-11],[11,-2],[-1,-6],[4,-18],[8,-7],[-4,-4],[1,-6],[-4,-9],[-3,-12],[2,-16],[-5,-7],[1,-3],[-4,-6],[-13,-1],[-8,-16],[-16,3],[-11,-12],[-18,5],[-12,-4],[-13,6],[-15,-5],[-1,-5],[5,-11],[-3,-11],[-10,-2],[-3,-23],[3,-1],[-7,-46],[-8,0],[-9,7],[1,8],[-8,12],[-15,3],[-47,48]],[[96512,51548],[2,11],[-12,12],[2,10],[9,1],[10,8],[-8,11],[0,4],[4,-1],[3,-6],[6,-1],[7,4],[1,6],[-86,14],[12,92],[-18,3],[2,13],[68,-10],[5,12],[-8,13],[-9,-2],[-24,14],[-18,3],[-1,17],[-30,5],[6,41],[-37,6],[-4,9],[1,3],[10,1],[15,11],[4,-2],[-2,9],[-12,-5],[-12,6],[7,6],[11,-2],[5,6],[-2,6],[-9,5],[-11,-1],[-9,-10],[-6,-1],[-2,5],[2,18],[-4,11],[-5,0],[-4,-13],[-22,11],[-12,-6],[-4,2],[1,15],[-31,4],[-19,10],[-5,17],[-11,7],[7,11],[0,20],[17,24],[1,5],[10,8],[2,7],[7,1],[8,12],[-5,2],[0,4],[2,11],[-3,12],[2,21],[9,7],[-1,6],[9,8],[-8,18],[-10,-5],[-5,9],[-8,-8],[-1,8],[9,32],[15,28],[20,18],[13,-1],[15,10],[5,12],[9,-2],[-3,-15],[8,-10],[42,-6],[1,5],[-12,15],[-2,57],[2,7],[-9,15],[4,29],[14,-2],[6,46],[-42,7],[1,19],[5,21],[-11,20],[3,6],[-7,13],[8,5],[-2,6],[4,5],[-1,23],[4,6],[9,-3],[-6,13],[-15,9],[-7,13],[-12,-8],[-3,1],[-18,20],[1,29],[6,10],[-8,11],[3,8],[7,3],[8,12],[4,13],[-34,5],[6,42],[-13,-3],[-19,4],[0,-11],[13,-11],[1,-6],[-6,-7],[-15,-3],[-13,-7],[-9,22],[12,8],[0,4],[-12,9],[-4,15],[-12,19],[-18,17],[-9,16],[-3,3],[-21,-11],[-5,0],[4,2],[-13,11],[2,4],[4,-3],[-1,6],[-26,9],[-17,12],[-4,9],[-1,16],[-18,11],[0,23],[-6,32],[4,16],[10,5],[7,13],[22,12],[23,1],[19,10],[4,9],[10,3],[11,6],[2,6],[5,-1],[4,20],[19,-2],[7,-7],[4,4],[-7,38],[20,41],[-9,30],[-7,8],[1,7],[20,12],[2,6],[9,-1],[3,7],[-14,15],[-2,18],[-14,13],[-2,11],[4,15],[9,13],[0,18],[-8,12],[-2,22],[-6,6],[0,10],[-5,15],[1,6],[6,5],[-1,5],[-10,13],[2,11],[8,3],[4,17],[-11,11],[0,24],[-5,5],[0,9],[11,6],[11,14],[0,6],[6,11],[-1,13],[-4,2],[-4,9],[8,24],[6,5],[8,0],[23,-13],[5,8],[6,0],[4,17],[5,-1],[8,-8],[6,10],[10,0],[5,-9],[10,-3],[5,-9],[12,-10],[9,0],[5,-3],[9,-16],[19,-16],[8,-17],[5,-1],[17,-26],[2,-10],[17,-4],[4,3],[8,19],[8,8],[5,-6],[12,-4],[3,-3],[6,1],[4,11],[-2,12],[5,16],[-5,1],[-7,8],[8,6],[2,-4],[21,13],[7,0],[5,7],[20,4],[5,17],[11,9],[-1,20],[12,6],[5,-2],[0,-3],[4,2],[11,14],[7,36],[7,-1],[4,4],[19,0],[10,-12],[13,-7],[9,-13],[0,-7],[8,2],[11,-6],[-1,-9],[19,-12],[3,-12],[9,-14],[3,1],[4,10],[11,1],[5,5],[13,0],[8,7],[16,3],[4,8],[8,5],[17,-3],[3,5],[13,8],[12,-3],[10,10],[16,2],[5,-9],[0,-11],[9,-5],[2,-7],[25,0],[10,-12],[6,8],[17,9],[10,-10],[12,8],[1,9],[12,13],[22,-9],[11,9],[13,2],[4,-3],[9,5],[4,10],[17,0],[-11,-84],[17,-2],[-1,6],[8,3],[-9,-70],[-13,-18],[2,-19],[-2,-8],[-5,-1],[-4,-11],[-1,-15],[3,-12],[-1,-18],[2,-1],[3,0],[3,10],[10,7],[1,15],[16,-9],[-3,-23],[-4,0],[-4,-20],[-12,-5],[6,-1],[-7,-35],[28,-5],[-5,-36],[25,-4],[-4,-32],[163,-23],[8,6],[-19,28],[-9,33],[111,-17],[17,-30],[6,-4],[6,-2],[12,4],[15,-5],[3,-26],[-4,-3],[-2,-8],[26,-3],[-7,-13],[11,-37],[-4,-5],[10,-1],[-12,-101],[-31,-40],[2,-5],[-52,-69],[4,-3],[6,4],[-1,-22],[6,-8],[-10,-19],[-7,-5],[-1,-31],[6,4],[3,-6],[6,8],[2,-6],[9,-3],[10,2],[29,-19],[3,-9],[6,0],[7,-13],[-4,-9],[2,-9],[4,-5],[1,-12],[9,-8],[-11,-8],[2,-14],[20,-22],[19,-6],[5,-9],[7,-19],[16,-1],[2,-4],[4,2],[16,-3],[11,-11],[15,2],[14,-6],[8,7],[10,1],[8,-9],[-3,-9],[6,-10],[2,-10],[18,7],[8,10],[19,-3],[16,-12],[4,-54],[7,-5],[2,-9],[18,-9],[2,-15]],[[97725,51918],[-10,-6],[-13,2],[-18,-12],[-1,7],[-4,1],[-1,3],[10,6],[5,9],[-1,6],[-5,4],[-7,-3],[-15,8],[0,8],[-17,-3],[7,19],[6,3],[8,-6],[3,6],[4,-4],[4,4],[-3,6],[5,-4],[1,13],[9,-1],[-2,2],[1,9],[9,6],[-2,4],[1,11],[3,1],[-5,15],[9,19],[9,-2],[4,9],[-1,6],[12,4],[0,7],[14,5],[-70,12],[15,12],[2,32],[29,-5],[1,7],[26,-4],[-1,14],[4,3],[-1,9],[-6,8],[1,17],[-9,5],[4,1],[2,11],[-5,0],[-11,20],[-11,9],[4,10],[-6,10],[0,10],[-3,3],[-7,-4],[-4,15],[-4,3],[4,5],[-1,10],[3,8],[-6,6],[-5,11],[2,12],[14,5],[15,13],[0,5],[-5,9],[7,12],[-4,4],[-12,-3],[-3,7],[3,5],[5,-1],[10,6],[6,21],[-6,4],[-2,6],[0,8],[5,9]],[[97724,52440],[-2,6],[51,-10],[-1,-9],[-7,-7],[2,-4],[34,-6],[31,8],[3,5],[11,-15],[0,-8],[3,-6],[4,-2],[10,5],[6,12],[-4,13],[14,-3],[2,-5],[6,-1],[17,-21],[2,1],[10,61],[16,-19],[5,35],[15,-3],[11,-9],[14,2],[8,-6],[-6,-39],[19,-7],[13,6],[-2,-10],[4,-1],[-4,-16],[-5,-7],[0,-6],[11,-9],[3,-7],[23,0],[11,8],[8,-8],[12,-3],[0,-8],[15,-19],[0,-12],[4,-11],[12,-18],[12,-3],[8,-10],[0,-10],[17,4],[14,-8],[11,-2],[1,10],[15,-2],[-2,-1],[-4,-29],[17,-3],[-2,-17],[31,-5],[-7,-52],[-29,5],[-4,-23],[6,-1],[-3,-22],[16,-3],[-5,-27],[42,-8],[-8,-54],[-11,-10],[-1,-7],[-11,3],[-7,-3],[-8,-66],[42,-7],[-1,-16],[-28,-3]],[[98204,51917],[-6,-8],[-14,-7],[-2,-5],[1,-11],[-7,-10],[0,-5],[9,-15],[-3,-13],[15,-14],[2,-9],[8,-2],[-8,-54],[-17,3],[-11,17],[-24,-19],[6,-17],[-20,-15],[12,-17],[-40,-32],[-4,7],[-7,-8],[11,-7],[7,2],[6,-4],[5,-6],[-3,-8],[22,18],[25,-38],[1,1],[-1,-8]],[[98167,51633],[-33,-10],[-15,-9],[-4,-5]],[[98115,51609],[1,-5],[-13,-3],[-3,-15],[-7,-3],[-4,5]],[[98089,51588],[-1,-12],[12,-11],[12,-18],[-3,-11]],[[98088,51511],[-34,6]],[[97886,51461],[-21,-4]],[[97865,51457],[2,17],[-21,3],[-1,-6],[-21,3],[1,6],[-17,5],[-1,3]],[[97807,51488],[-21,9],[-20,1]],[[97766,51498],[-16,6],[-17,-7],[-11,1],[-7,15],[0,7]],[[97715,51520],[15,6],[13,12],[-4,19]],[[97739,51557],[-4,6],[4,8],[-4,15]],[[97735,51586],[-17,34],[46,-7]],[[97764,51613],[2,5],[-3,6],[-5,-7],[-1,5],[-9,4],[5,6],[-5,7],[0,8],[9,7],[9,12],[6,1],[-4,4],[3,5],[-1,19],[2,6],[11,2],[2,7],[-4,8],[5,5]],[[97786,51723],[-9,7],[2,14]],[[97779,51744],[-10,7],[1,8],[-5,4],[4,10],[-15,13],[-7,20]],[[97747,51806],[-14,19],[0,7],[4,3]],[[97737,51835],[0,9],[8,-1],[3,9],[-8,0],[1,19],[-9,-6],[-8,7],[4,11]],[[97728,51883],[-3,9],[11,12],[1,9],[-12,5]],[[98458,51344],[3,28],[-7,30]],[[98454,51402],[50,-8]],[[98504,51394],[3,-59],[-2,-34],[16,-73]],[[98471,51207],[-31,7],[4,35],[6,16]],[[98413,51276],[-19,-3],[-9,-11],[0,-7],[-9,-5]],[[98374,51241],[-15,-2]],[[98348,51257],[18,50],[3,3],[16,0]],[[98505,51314],[4,2],[4,-3],[-1,4],[3,-3],[7,3],[10,-5],[10,8],[7,-2],[2,5],[1,-4],[2,3],[1,-6],[7,5],[14,-4],[4,3],[10,-5],[4,9],[5,-1],[5,4],[-2,-6],[4,-8],[8,6],[7,-4]],[[98621,51315],[0,8],[5,-1]],[[98626,51322],[4,-9]],[[98630,51313],[9,2]],[[98639,51315],[1,-4]],[[98640,51311],[-7,-6],[-2,6]],[[98631,51311],[-4,-1]],[[98627,51310],[0,-4],[7,-5],[6,2]],[[98640,51303],[6,9],[13,-16],[5,2],[1,9],[8,1]],[[98673,51308],[6,-7],[-1,-10],[-8,2],[-13,-13],[3,-11],[-11,-19],[0,-8],[-5,-4],[2,-5],[-5,-5],[6,-30],[15,-26],[19,2]],[[98675,51133],[-20,5],[-4,5],[-5,1]],[[98603,51148],[-28,5],[-7,-5],[-10,-16]],[[98543,51122],[-5,15],[-8,52],[-24,102],[-1,23]],[[98348,51415],[7,11],[63,-15],[0,-3],[36,-6]],[[98454,51402],[7,-31],[-3,-27]],[[98458,51344],[-38,7],[-6,-38],[-19,4],[-10,-7]],[[98385,51310],[-18,-1],[-19,-52]],[[98348,51257],[1,-6],[10,-12]],[[98359,51239],[-12,-8]],[[98303,51276],[-11,6],[-6,15],[-13,-4]],[[98312,51353],[3,18],[2,0],[3,27]],[[98176,51260],[11,-6],[7,5],[9,-8],[20,12]],[[98280,51255],[7,38],[6,-12],[10,-5]],[[98303,51276],[-1,-11],[8,-13],[10,-5],[4,-8],[5,8],[7,-2],[-1,-5],[2,-4],[8,1],[2,-6]],[[98347,51231],[14,10],[13,0]],[[98374,51241],[2,9]],[[98376,51250],[8,4],[1,8],[10,12],[9,-1],[9,3]],[[98413,51276],[22,-12],[-4,-3],[19,4]],[[98450,51265],[-6,-13],[-5,-32],[1,-6],[6,-3],[25,-4]],[[98471,51207],[1,5],[48,-8],[-1,17],[-4,5],[6,2]],[[98521,51228],[22,-106]],[[98478,51111],[-5,21]],[[98318,51190],[-10,2]],[[98277,51489],[22,14],[2,0],[0,-3],[-5,-9],[3,-3],[16,12],[0,-4],[3,-1],[7,5],[7,-4],[-3,-5],[0,-13]],[[98329,51478],[4,-1],[-2,-15],[22,-9],[8,3],[-1,-16],[22,-3],[-2,-7],[-4,1]],[[98376,51431],[-1,-10],[-21,4],[-6,-10]],[[98348,51415],[-13,-9],[-3,-7],[-12,-1]],[[98320,51398],[-8,-45]],[[98312,51353],[-3,7],[-11,2],[-18,-8],[-3,-16],[-8,1],[-6,-39],[7,1],[-1,-5],[4,-3]],[[98273,51293],[13,3],[-6,-41]],[[98280,51255],[-24,4],[1,10],[-16,3],[1,7],[-8,-5],[-5,-12],[-6,1]],[[98223,51263],[-22,-12],[-7,8],[-6,-5],[-4,2]],[[98112,51413],[3,17],[-25,6]],[[98077,51514],[11,-3]],[[98088,51511],[2,14],[19,11]],[[98109,51536],[20,-10],[5,-6],[24,-4],[-5,-33],[48,-8],[0,11],[-5,8],[2,5],[41,-7],[-2,-7],[15,-3],[-2,-14],[10,-2],[8,10],[7,1],[2,12]],[[98807,51037],[8,-10],[0,-2]],[[98805,50978],[-13,-10],[-7,4],[-12,-16],[-21,21],[-7,32],[3,3],[1,15],[6,6],[10,21],[43,-8]],[[98815,51025],[-8,12]],[[98807,51037],[1,9]],[[98808,51046],[10,-2]],[[98863,51035],[-11,-44],[2,-8],[-7,-21],[-11,-6],[-8,15],[-20,9],[-3,-2]],[[98805,50978],[2,13],[2,-1],[6,12],[0,23]],[[98818,51044],[6,54]],[[98868,51109],[3,-14],[-4,-10],[-1,-13],[8,-20],[-6,-2],[-5,-15]],[[98863,51035],[-45,9]],[[98818,51044],[-53,10],[-2,16],[-15,6],[-6,-10],[-23,-2],[-1,4],[8,12],[-6,9],[-12,-5],[-9,1]],[[98703,51074],[-3,-6],[-7,3],[-9,-2],[-1,8]],[[98680,51101],[-2,4],[-8,1],[5,-9],[-3,-7],[-10,-2]],[[98666,51094],[-1,3],[-14,4]],[[98648,51136],[1,3],[5,-1],[21,-5]],[[98675,51133],[6,41]],[[98681,51174],[9,5],[68,-24]],[[98763,51105],[31,-4],[1,8],[30,-5],[-7,-60]],[[99607,50691],[-2,14],[-6,-1],[6,12],[0,10],[21,27],[0,-34],[8,-29],[-6,-7],[-8,0],[-13,8]],[[99535,51482],[-8,85],[-14,36],[1,6],[32,27],[30,15],[12,16],[16,13],[16,9],[10,1],[-20,-9],[-28,-31],[7,3],[11,12],[18,9],[6,7],[8,2],[3,-4],[-2,-5],[-5,0],[-1,-6],[-7,2],[-3,-5],[-7,-2],[-3,-7],[-5,-2],[-18,-13],[62,34],[43,13],[8,6],[-9,-4],[-3,6],[-5,-2],[-3,2],[-6,-7],[-5,0],[-6,7],[-14,0],[67,4],[30,16],[15,16],[2,-2],[-2,-4],[12,-6],[0,-6],[6,-3],[17,2],[-5,-36],[-6,2],[-1,-4],[-32,-105],[-46,-189],[-25,-132],[-12,-101],[-8,-108],[0,-76],[2,-43],[16,-92],[28,-48],[8,-52],[0,-25],[-24,-70],[-5,11],[-20,17],[1,18],[10,19],[-4,40],[-17,31],[1,7],[-26,60],[1,18],[-21,71],[-25,47],[-25,60],[-4,12],[-2,37],[-5,20],[-24,54],[3,26],[15,39],[3,15],[-11,61],[-20,70],[21,82],[1,33]],[[98868,51109],[-12,2],[-3,-6],[-6,1],[1,7],[-6,1],[0,-3],[-5,1],[-13,-14]],[[98824,51098],[0,6],[-29,5],[-1,-10],[-31,6]],[[98763,51105],[1,5],[-11,2],[4,25],[6,-1],[-5,19]],[[98758,51155],[17,-2],[11,-9],[12,-4],[-1,11],[10,-4],[27,13],[5,8],[-3,11],[3,8],[17,0],[6,3],[3,-2],[5,-23],[-3,-9],[4,-10],[-1,-16],[8,-10],[-6,-6],[-2,-9],[-3,0],[1,4]],[[98482,50711],[7,7],[11,2],[8,7],[7,-7],[12,-3],[-14,-18],[2,-8],[-6,-3]],[[98509,50688],[4,-6],[-4,-3],[8,-5],[1,-6],[7,1],[5,-4],[0,-7]],[[98530,50658],[4,-5],[-4,-3],[2,-3]],[[98532,50647],[-16,3],[-3,-17],[8,-2],[-1,-11],[-7,1]],[[98513,50621],[-1,-16]],[[98478,50611],[7,12],[-26,5]],[[98423,50649],[5,16],[10,6],[8,19],[12,12],[13,2]],[[98241,50830],[-21,20],[-7,33],[1,5]],[[98230,50900],[7,13]],[[98270,50957],[-2,15],[5,1]],[[98255,50900],[10,1]],[[98280,50887],[-3,8]],[[98295,50896],[5,3],[0,-1],[-4,-4]],[[98307,50888],[17,1]],[[98314,50870],[3,1]],[[98346,50897],[-8,-26],[0,-3]],[[98350,50874],[-6,7],[2,2]],[[98356,50879],[1,18],[8,-2]],[[98371,50895],[7,0],[-2,9]],[[98413,50960],[9,17],[8,0],[4,-8]],[[98432,50966],[1,-4],[11,-15]],[[98430,50906],[14,-44],[9,-10]],[[98464,50829],[7,-7],[-3,-26]],[[98468,50760],[-7,-40]],[[98393,50749],[-16,-10],[-19,2],[-11,-9]],[[98347,50732],[-12,23]],[[97857,51383],[1,12],[-7,13],[5,15]],[[97856,51423],[-2,7]],[[97854,51430],[3,25],[29,6]],[[97886,51461],[2,-4],[60,-11],[4,28],[35,-6],[10,57],[4,-6],[8,-3],[0,-6],[7,3],[0,-8],[4,0],[-2,-6],[4,4],[5,-2],[1,-5],[13,-7],[9,10],[3,0],[-2,4],[3,14]],[[98054,51517],[23,-3]],[[98077,51514],[-1,-6],[10,-2],[-3,-16],[-12,2],[-1,-7],[-15,-1],[7,-1],[-4,-28],[34,-6],[-2,-13]],[[98090,51436],[25,-5],[-3,-18]],[[98112,51413],[7,-1],[-5,-30],[21,0],[-2,-6],[10,-12],[8,2],[22,-12],[-7,-48],[7,0],[8,6],[0,-4],[9,-2],[-6,-50]],[[98184,51256],[-8,4]],[[98176,51260],[-1,5],[-12,2],[-7,-52],[22,-4],[2,12],[10,-2],[0,-2],[16,-3],[-3,-22],[63,-13],[2,14],[40,-7],[0,4]],[[98308,51192],[4,-1],[6,-1]],[[98318,51190],[-1,-10],[30,-5],[1,5],[74,-13],[-3,-20],[28,-5],[8,5],[4,-5],[-3,-11],[4,-1],[1,10],[5,5],[7,-13]],[[98473,51132],[2,-17],[21,-39],[7,-24],[-3,-32],[2,-23]],[[98458,50974],[-3,-12],[-7,-3],[1,-15],[-15,16],[-2,6]],[[98432,50966],[2,3]],[[98434,50969],[-3,7],[-10,0],[-8,-16]],[[98413,50960],[-13,-4],[-1,-5],[7,-5],[-1,-6],[3,-2],[0,-9],[-5,-4],[-6,6],[6,-13],[-9,2],[-4,-8],[-6,-1],[2,4],[-3,2],[4,7],[-11,0],[-3,-10],[-4,7],[-3,-9],[10,-8]],[[98376,50904],[1,-11],[-6,2]],[[98371,50895],[0,-6],[-3,0],[-6,-10],[3,16]],[[98365,50895],[-7,2],[-2,-18]],[[98356,50879],[-6,8],[-4,-4]],[[98346,50883],[-1,-4],[5,-5]],[[98350,50874],[-4,-2],[4,-11],[-5,0],[2,3],[-3,11],[-6,-7]],[[98338,50868],[3,9],[-1,6],[6,9],[0,5]],[[98346,50897],[-11,-12],[-6,-19],[3,11],[-3,3],[3,3],[-2,2],[4,6],[-6,-1],[-9,-19]],[[98319,50871],[-2,-5],[0,5]],[[98317,50871],[-2,-1],[-1,0]],[[98314,50870],[6,2],[0,0]],[[98320,50872],[0,8],[-4,-1],[8,10]],[[98324,50889],[-3,2],[-13,-4],[-1,1]],[[98307,50888],[14,7],[12,0],[7,6],[-14,6],[13,0],[-4,9],[-5,0],[3,5],[0,16],[-8,-4],[-3,3],[-7,-3],[7,-16],[-6,-13],[1,16],[-3,3],[-4,-4],[1,8],[-3,1],[3,-14],[-1,-8],[-5,-3],[1,-3],[-5,-1],[-1,-5],[-1,2],[-3,-2]],[[98296,50894],[4,5],[-3,-2],[-2,-1]],[[98295,50896],[10,11],[-1,8],[-5,6],[-1,-15],[-3,-3],[-2,7],[-4,-2],[0,-4],[-5,2],[0,-12],[-5,10],[-2,-9]],[[98277,50895],[3,-6],[0,-2]],[[98280,50887],[-8,7],[-1,-9],[-3,10],[-6,-9],[3,-6],[-3,0],[-3,8],[3,1],[3,12]],[[98265,50901],[-3,-2],[-7,1]],[[98255,50900],[11,4],[1,-6],[6,-1],[-1,7],[-6,2],[22,8],[3,5],[-7,0],[-12,-5],[1,7],[-10,-3],[4,4],[-1,3],[15,-1],[2,8],[6,-3],[2,6],[-4,6],[-6,-3],[-2,-7],[-2,2],[-6,-3],[7,10],[-4,1],[6,6],[-3,4],[7,7],[-5,-3],[0,13],[-6,5]],[[98273,50973],[-4,-1],[1,-15]],[[98270,50957],[-2,-7],[-7,-9],[6,16],[-2,8],[-7,-17],[-5,-3],[-3,-7],[-4,-2],[1,-7],[-4,0],[-2,-10],[6,-1],[-1,-4],[-3,-1],[-2,-10],[-4,10]],[[98237,50913],[-4,-10],[-2,-3],[-1,0]],[[98230,50900],[2,5],[-3,0],[4,12],[-19,-29]],[[98214,50888],[4,-20],[-1,-9]],[[98188,50781],[-11,-9]],[[97952,50855],[-41,-2],[-15,7],[-18,-1],[-8,-10]],[[97870,50849],[-9,-1],[-13,7],[-26,7],[-10,10]],[[97812,50872],[-25,-10],[-1,7]],[[97786,50869],[5,14],[-3,11]],[[97788,50894],[3,9],[-2,8],[-51,10],[-4,6]],[[97734,50927],[0,17]],[[97734,50944],[-6,12],[-1,14],[1,16],[15,16]],[[97743,51002],[14,23],[0,5],[-4,14],[5,6],[7,1],[12,12],[5,12],[-4,21],[8,22],[1,14],[-6,19],[19,34],[6,0],[3,11],[10,7],[6,12],[12,8],[8,12],[6,-1],[3,6],[-1,6],[4,5],[8,0],[-12,25],[2,7],[18,21],[7,14],[-4,1],[-1,16],[-6,9],[-6,29],[-6,10]],[[98393,50749],[6,-6],[30,1],[32,-24]],[[98461,50720],[1,-16],[-16,-14],[-9,-21],[-8,-4],[-2,11],[-5,0],[-12,10]],[[98394,50674],[-25,1],[-2,3]],[[98371,50691],[-3,5],[-8,-12],[-13,6],[-1,-5],[-5,-2],[-1,7],[-9,6],[6,14]],[[98347,50732],[9,8],[19,-2],[18,11]],[[98314,50559],[-2,7],[-12,9]],[[98371,50675],[23,-1]],[[98394,50674],[16,12]],[[98410,50686],[18,-12],[-1,-20],[-4,-5]],[[98423,50649],[22,-4],[-3,-23],[16,-3],[1,9]],[[98459,50628],[25,-5],[-6,-12]],[[98478,50611],[34,-6]],[[98512,50605],[3,-24],[7,-15]],[[98522,50566],[-9,-11],[-10,-5],[-4,-7],[7,-8]],[[98506,50535],[-4,-22],[-12,11]],[[98490,50524],[-5,-2],[-12,5]],[[98473,50527],[-13,-6]],[[98460,50521],[-3,-4],[-1,-9],[-16,-9],[-2,-6]],[[98438,50493],[-7,-4],[-5,3]],[[98426,50492],[1,4]],[[98427,50496],[-18,7],[-13,15],[-6,2],[-4,8]],[[98386,50528],[-5,-1]],[[98381,50527],[-9,11],[-26,-2]],[[98346,50536],[-5,-37]],[[98341,50499],[-39,6]],[[98217,50859],[6,-12],[18,-17]],[[98241,50830],[7,0],[6,-6],[11,-3],[5,10],[15,-3],[5,-7],[3,-15],[12,-8],[1,-12],[13,-10],[2,-7],[13,-5],[1,-9]],[[98335,50755],[10,-18],[2,-5]],[[98347,50732],[-6,-17],[-11,-2],[7,-3]],[[98337,50710],[-7,-11],[1,-5],[8,-3],[3,-8],[5,3],[-1,4],[14,-6],[6,11],[5,-4]],[[98371,50691],[-4,-13]],[[98367,50678],[4,-3]],[[98371,50675],[0,-19],[6,-14],[-10,-8],[-14,-4],[-6,-11],[-19,-14],[-14,-32],[-14,2]],[[98300,50575],[10,-6],[4,-10]],[[98314,50559],[-2,-9],[-4,-2],[-6,-43]],[[98302,50505],[-2,1],[-6,-44]],[[98294,50462],[-66,13],[-19,-15],[-4,0],[-2,-13],[-25,4],[-3,-4],[-7,0],[-13,12],[-19,-2],[-15,6],[-15,15]],[[98106,50478],[-12,5],[-15,17]],[[98079,50500],[-3,10]],[[98076,50510],[-4,3],[-17,1],[-12,7],[-5,-4]],[[98038,50517],[-3,-16]],[[98035,50501],[-63,13]],[[97972,50514],[0,26],[5,14],[-5,4],[-5,14],[1,13],[-8,0],[-9,6],[-12,19],[3,12],[-8,11],[6,13],[2,17],[10,10],[14,6]],[[97966,50679],[-3,6],[2,15],[-6,8],[-5,18]],[[97954,50726],[-8,-2],[-13,17],[-10,7],[-3,-16],[-15,3],[4,38]],[[97909,50773],[-8,11]],[[97901,50784],[3,0],[1,12],[18,11]],[[97923,50807],[-1,6],[3,2],[1,21]],[[97926,50836],[-10,12],[1,7]],[[97917,50855],[35,0]],[[97952,50855],[9,-20],[20,15],[84,-13],[-9,-63],[5,1],[9,-12],[22,3],[7,-5],[2,-6],[15,-3],[3,25],[13,-3],[27,8],[18,-10]],[[98177,50772],[4,2],[7,7]],[[98188,50781],[4,13],[14,3],[8,60],[3,2]],[[98608,51009],[3,-6]],[[98770,50953],[-32,-54]],[[98738,50899],[-44,8]],[[98694,50907],[-18,-1],[-11,-7],[-9,-15],[4,-23],[-2,-11],[-5,-6],[-8,0],[-31,23],[-15,21]],[[98568,50933],[-10,0]],[[98503,51049],[-7,27],[-18,35]],[[98478,51111],[20,0],[11,9],[8,2],[26,0]],[[98543,51122],[14,-25],[16,-39]],[[98503,51049],[9,-1],[2,9],[32,-5],[-5,18],[11,-8],[21,-4]],[[98573,51058],[9,-21]],[[98608,51009],[-12,-10],[-14,-6],[-3,-7],[-11,0],[1,-6],[-8,-15],[2,-1],[-5,-31]],[[98558,50933],[-9,5],[-2,10],[-13,0],[-16,7],[-7,5]],[[98511,50964],[-9,-1],[-3,10],[3,29],[-2,18],[3,29]],[[98623,51105],[38,-5],[5,-6]],[[98666,51094],[-5,-3],[1,-3]],[[98662,51088],[10,3],[4,7],[-6,7],[5,2],[5,-6]],[[98680,51101],[-5,-12],[4,-10],[4,-2]],[[98683,51077],[-1,-6],[12,0],[4,-3],[5,6]],[[98703,51074],[-4,11]],[[98699,51085],[24,3],[3,-9],[-4,-8],[-17,-9],[6,-14],[15,-7],[3,-14],[10,-18],[11,-41],[10,-11],[10,-4]],[[98770,50953],[-21,-4],[-34,13],[-19,-9],[0,8],[-8,21],[1,18],[-13,-5],[-1,-12],[-10,-4],[-8,4],[-1,-5],[-3,-3],[-14,7],[0,5],[4,2],[-2,3],[-8,2],[-4,5],[-18,4]],[[98611,51003],[-2,7],[8,12]],[[98582,51037],[-39,85]],[[98543,51122],[15,10]],[[98558,51132],[13,20],[32,-4]],[[98603,51148],[0,-5],[4,-1],[-1,-8],[37,-7],[3,17]],[[98646,51144],[9,-4],[-7,-4]],[[98648,51136],[6,-3],[-1,-15],[-4,-6],[8,3],[2,-2],[-8,-12]],[[98651,51101],[-28,4]],[[98623,51105],[12,-22],[-3,-20],[9,-2],[4,-10],[-11,-22],[-17,-7]],[[98617,51022],[-9,-13]],[[98608,51009],[-26,28]],[[98519,50877],[6,-27]],[[98482,50844],[-3,-12],[-8,-3],[2,-3],[-2,-2],[-7,5]],[[98464,50829],[-11,23]],[[98453,50852],[-10,14],[-9,27]],[[98430,50906],[14,41]],[[98444,50947],[8,-4],[6,-26],[10,-8],[5,2],[1,19],[4,2],[23,-13]],[[98536,50921],[2,-11],[4,-2],[4,4]],[[98542,50939],[4,4],[7,-9],[15,-1]],[[98568,50933],[3,-22],[28,-23]],[[98599,50888],[6,-9],[-5,-13]],[[98595,50868],[-1,-6],[-9,9],[-4,-2]],[[98553,50885],[-5,2],[-7,-5]],[[98526,50847],[-7,30]],[[98519,50877],[-85,16]],[[98434,50893],[-4,13]],[[98458,50974],[7,3],[-5,14],[31,17],[1,-6],[10,-5]],[[98502,50997],[-3,-24],[5,-12],[7,3]],[[98511,50964],[0,-4]],[[98511,50960],[12,-8],[11,-4],[11,1],[4,-4],[-7,-6]],[[98542,50939],[6,-12],[-2,-15]],[[98546,50912],[-7,-3],[-3,12]],[[98536,50921],[-13,-3],[-13,5],[-9,-4]],[[98501,50919],[-11,5],[-4,6],[-9,2],[-3,-4],[-1,-17],[-7,-1],[-12,15],[1,8],[-7,13],[0,12],[8,6],[2,10]],[[98482,50844],[7,3],[3,-5],[4,3],[3,-4],[3,3],[4,-4],[12,3],[1,7],[6,0]],[[98525,50850],[1,-3]],[[98526,50847],[6,8],[-1,3],[3,0],[-4,3],[1,4],[8,0],[2,17]],[[98541,50882],[8,5],[4,-2]],[[98553,50885],[-2,-4],[5,2],[1,-4],[2,6],[3,-8],[7,3],[0,4],[5,-8],[-8,-14],[3,-2],[5,3],[1,-7],[6,-3],[4,9],[-4,7]],[[98581,50869],[3,3],[9,-10],[2,6]],[[98595,50868],[5,-2]],[[98600,50866],[-4,-16],[-8,-3],[-1,-3],[14,-13]],[[98601,50831],[-18,0],[1,3],[-7,1]],[[98577,50835],[3,4],[-3,2],[-7,-9],[-14,-2],[1,-10],[-4,-9]],[[98553,50811],[2,-2],[-2,-4],[10,-6],[-3,12],[2,1],[8,-26],[1,-10],[-5,-2],[3,-5],[-5,2],[0,-6],[-7,-3],[-7,-15]],[[98550,50747],[0,-13],[-4,-8],[-22,-9],[-9,3],[-8,7],[-25,-16]],[[98482,50711],[-10,1],[-1,-8]],[[98471,50704],[-9,0],[-2,11],[8,45]],[[98468,50760],[-8,2],[3,20],[5,14]],[[98468,50796],[2,28],[3,2],[-2,2],[5,1],[4,11],[2,4]],[[60717,26369],[8,1],[7,-10],[16,-5],[9,2]],[[60800,26387],[7,-42],[21,-17]],[[60830,26288],[-109,-7]],[[60734,26420],[27,2],[31,-11]],[[60800,26387],[-6,-11],[-10,5],[-5,-4],[-2,-15],[-14,3],[-6,-8]],[[60757,26357],[-10,-2],[-15,5],[-6,9],[-9,0]],[[60717,26369],[-5,16],[-6,3]],[[61168,26673],[1,11]],[[61182,26736],[4,15],[5,6],[-8,25]],[[61170,26789],[2,4],[27,16],[5,0],[3,-10]],[[61239,26841],[0,4],[12,-4],[7,1],[15,-9],[17,0],[16,-11],[12,-4],[11,1]],[[61405,27108],[12,15],[-1,-13],[15,-7],[-3,-5],[5,-10],[12,-2],[9,-9],[0,-8],[-6,-14],[0,-4],[5,-4],[4,-1],[11,9],[15,1],[10,-7],[3,8],[7,-1],[11,5],[18,-11],[-2,-9],[7,2],[7,-7],[5,9],[14,0],[0,-12],[18,-1],[-1,-8],[19,-46],[0,-29],[25,-1],[0,-28],[-21,-6],[14,-16],[13,-7],[-2,-9],[-11,-10],[17,5],[9,-8],[17,-4],[3,-9],[18,-6],[2,-12],[-3,-13],[13,-8],[3,5],[16,5],[18,0],[8,-4],[17,8],[34,5],[4,-8],[-8,-29],[44,-41],[-1,-10],[-4,-2],[-2,-8],[6,4],[17,-16],[17,-2],[25,-17],[15,-3],[29,-16],[-17,-24],[-4,1],[-13,-7],[-9,1],[-6,5],[-11,-8],[-5,-11],[-7,-6],[-16,-4],[-18,3],[-4,-3],[-1,-7],[4,-13],[10,-9],[-3,-18],[-10,-13],[5,-12],[-2,-7],[6,-4],[11,-21],[-28,-17],[0,-9],[-15,-3],[-4,-3],[0,-5],[-6,-9],[-37,5],[5,-3],[9,-15],[-8,-28],[-12,-14]],[[61751,26417],[-6,-15]],[[61568,26510],[-12,7],[-16,-13]],[[61370,26454],[-10,4],[-5,0],[-9,-11],[1,4],[-5,4],[-11,2],[-35,22]],[[61251,26522],[-15,-6],[-5,8],[-13,6]],[[61154,26604],[-4,16]],[[60964,26178],[28,-8],[6,-21]],[[61239,26152],[11,1],[-7,-5],[-1,-15],[8,-15]],[[61245,26112],[3,-15],[-15,-16],[-14,-5]],[[61266,26032],[-4,-15]],[[61222,25968],[5,-3],[1,3],[5,-1],[22,-19],[1,-5]],[[61241,25910],[-6,-2],[-9,2],[-8,-3]],[[61062,25717],[-12,-8],[-11,3],[-18,-6],[-22,9]],[[60983,26008],[-17,-8],[-12,13]],[[61262,26017],[7,18]],[[61261,26038],[-1,0],[-2,4],[2,4],[25,-6]],[[61423,25994],[-5,0]],[[61411,26003],[-10,-13]],[[61058,25552],[-25,-11],[31,61]],[[61015,25708],[10,-2],[14,6],[16,-1],[7,6]],[[61062,25717],[1,9],[9,2],[-1,4],[-9,4],[-2,4],[13,18],[-2,8],[3,10],[7,3],[-1,15],[3,5],[-5,5],[6,1],[0,8],[46,3],[13,5],[16,15],[0,26],[18,12],[4,-2],[1,-7],[25,0],[3,21],[-6,9],[7,16],[7,-4]],[[61218,25907],[23,3]],[[61241,25910],[3,8],[7,5],[1,10],[-4,4],[8,6]],[[61256,25943],[-3,7],[-16,14],[-15,4]],[[61222,25968],[3,1],[2,11],[6,7],[0,6],[4,6],[-2,10],[13,11],[14,-3]],[[61263,26270],[2,29],[4,4],[-1,12],[3,9],[4,4],[5,-3],[5,9],[-8,18]],[[61323,26415],[1,3],[7,-3],[10,2],[0,4],[7,3],[3,7]],[[61343,26443],[12,15],[15,-4]],[[61370,26454],[3,-9],[29,-2],[13,9],[13,1],[4,5],[9,1],[4,13],[23,0],[2,4],[6,-2],[13,12],[7,1],[19,-2],[11,3],[5,-3],[3,7],[6,5],[0,7]],[[61540,26504],[10,6],[2,6],[12,-1],[4,-5]],[[61568,26510],[13,1],[9,-5],[1,-21],[-9,0],[0,-34],[7,-13],[43,25],[0,-12],[17,1],[0,-17],[16,0],[-15,-34],[95,1]],[[61745,26402],[-11,-9]],[[61714,26236],[-15,-21],[0,-15]],[[61707,26188],[-17,-27]],[[61578,26119],[-20,0],[-8,-4],[0,-9],[-6,-22],[-7,-2],[-7,-11]],[[61491,26063],[-6,-7],[-11,-24]],[[61432,26001],[-9,-7]],[[61423,25994],[-29,51],[-28,-6],[-9,-12],[-6,11],[-6,-4],[-31,52],[-18,-14],[11,-19],[-22,-13]],[[61285,26040],[-24,7],[-3,-5],[3,-4]],[[61261,26038],[6,0],[2,-3]],[[61269,26035],[-3,-3]],[[61266,26032],[-7,3],[-9,14],[-3,-1],[-2,12],[-4,7],[-14,9],[-8,0]],[[61219,26076],[23,12],[6,10],[-3,14]],[[61245,26112],[5,6]],[[61250,26118],[-8,12],[1,18],[9,5]],[[61401,25990],[6,5],[0,4],[4,4]],[[61411,26003],[7,-9]],[[61418,25994],[8,2],[6,5]],[[61432,26001],[1,8],[5,6],[9,-13],[13,8],[-2,4],[16,18]],[[61474,26032],[8,16]],[[61533,25923],[39,-9]],[[61373,25735],[0,17],[3,4],[-10,0],[0,13],[-6,0],[0,12],[7,0],[0,4],[-3,13],[-4,0],[0,23],[8,1],[0,9],[-8,0],[-4,41],[7,1],[-1,6],[4,7],[-2,9],[10,8],[-3,4],[4,11],[-4,5],[-1,10],[13,11],[4,-2],[4,24],[4,4],[6,20]],[[61534,26078],[12,9],[4,28],[3,2],[25,2]],[[61578,26119],[18,18],[17,8],[41,3],[-2,5],[12,5],[3,-8],[3,8],[20,3]],[[61690,26161],[10,13],[7,14]],[[61707,26188],[-8,12]],[[61699,26200],[-2,8],[6,14],[11,14]],[[61714,26236],[6,15],[-6,14],[0,13],[6,11],[-8,20],[2,7],[10,6],[5,16],[12,4],[-6,8],[-2,12],[-6,8],[7,23]],[[61734,26393],[11,8],[6,16]],[[61751,26417],[-5,4],[-1,9]],[[61745,26430],[6,4],[157,-109],[-39,-64],[-2,-13],[7,1],[1,-4],[11,-5],[-1,-5],[6,-1],[-2,-4],[3,-9],[-4,-8],[3,-3],[1,-9],[9,1],[15,-9],[-8,-3],[5,-10],[6,3],[5,-12],[-11,-24],[-1,-14],[-4,-8],[4,-14],[-4,-2],[-2,4],[3,-12],[-11,-11],[7,-18],[5,-7],[-2,-6],[7,-6],[-4,-4],[2,-4],[-4,-1],[5,-16],[-4,-6],[2,-7],[-5,2],[0,-5],[-4,0],[-1,-16],[-4,-7],[0,-7],[5,-4],[-3,-5],[4,-6],[-3,-4],[2,-4],[-4,-3],[0,-8],[-6,-8],[6,-12],[-3,-4],[-4,-25],[5,-2],[0,-5],[7,-3],[-7,-5],[9,-9],[-6,-16],[11,-14],[-2,-1],[2,-4],[-3,-9],[8,-7],[-2,-7],[5,-8],[-6,-19],[14,-5],[-5,-12],[1,-9],[3,-11],[5,-4],[1,-11],[-3,-11],[-6,0],[-1,-10],[-9,-9],[1,-8],[-5,-3],[-7,-19],[-6,1],[0,-7],[-8,-15],[0,-7],[-10,-2],[2,6],[-3,4],[-8,-1],[-10,4],[4,8],[-12,0],[-5,7],[-3,-6],[-9,3],[-2,-5],[-6,3],[-2,18],[-4,-2],[-3,-8],[-4,8],[-9,2],[-2,-9],[-8,8],[-6,-6],[-7,0],[0,9],[-3,2],[-2,-1],[0,-8],[-5,5],[-5,-3],[-1,4],[8,9],[-4,2],[-4,10],[-4,-7],[-6,0],[-3,9],[-6,1],[-2,8],[-2,-6],[-5,-1],[1,-4],[-9,-2],[-11,12],[-8,3],[1,9],[-5,-7],[-7,7],[-13,-17],[-2,-7],[3,-6],[-4,-9],[-20,-37],[-23,-8],[-10,-18],[2,-7],[-17,9],[-16,21],[-12,-9],[-9,-2],[-2,-4],[-13,-7],[-3,-7],[-7,3],[-20,0],[2,-7],[-1,-20],[6,-8],[-20,-10],[3,-11],[-12,-22],[-17,-44],[-9,-6],[-41,3],[-4,-38],[-47,4],[-1,-3],[-14,12],[2,-10],[-4,-15],[-10,-17],[-29,13],[-9,13],[-7,-5],[-15,2],[-3,-3],[-3,-17],[-7,-7],[-8,1],[-6,-10],[-2,-16],[-31,2],[8,-31],[-2,-16],[-10,-23],[-18,-25],[-39,4],[-18,15],[-29,3],[-4,-5],[-37,26],[4,7],[-17,-1],[-16,5],[-1,7],[-6,7],[-18,9],[-14,16],[2,2],[-12,11]],[[61021,25520],[11,21],[26,11]],[[61058,25552],[8,-15],[12,-6],[0,24],[42,83],[13,-8],[12,4],[13,-5],[31,0],[7,-5],[36,46],[4,-6],[1,3],[10,-2],[34,3],[4,5],[1,7],[10,4],[10,20],[4,4],[0,-3],[3,0],[1,10],[18,0],[0,-10],[24,1],[0,6],[12,0],[0,17],[5,6]],[[61373,25735],[45,0],[0,16],[24,-8],[28,-3],[-1,15],[3,21],[4,0],[1,6],[21,-1],[3,-9],[51,-2],[8,4],[4,62],[-16,11],[-9,11],[14,12],[2,18],[11,-1],[2,24],[4,-1],[0,4]],[[61572,25914],[15,-3],[32,2]],[[61482,26048],[9,15]],[[61491,26063],[10,5],[29,3]],[[61530,26071],[4,7]],[[61534,26078],[19,2],[-3,-31],[90,15],[7,-30],[8,-5],[10,1],[-9,-24],[-1,-9],[4,-9],[-12,-12],[6,-23],[10,-12],[11,-27],[-21,3],[-4,-21],[-30,17]],[[61619,25913],[-35,-2],[-51,12]],[[61533,25923],[4,11],[0,34],[-14,0],[0,24],[4,0],[-4,5],[0,8],[-23,0],[-2,33],[-16,10]],[[61049,26437],[-2,39]],[[61088,26549],[16,-1],[7,11]],[[61177,26528],[17,4],[4,6],[3,-11],[17,3]],[[61218,26530],[13,-7],[4,-7],[16,6]],[[61251,26522],[5,-15],[17,-10],[6,-9],[10,1],[7,-10]],[[61296,26479],[51,-28],[-4,-8]],[[61343,26443],[8,-12]],[[61351,26431],[-13,-16],[-12,3],[-3,-3]],[[61323,26415],[-11,0],[-2,-8],[-10,1],[-12,-4],[-5,-7],[0,-23],[-4,-3],[-1,-5],[3,-5],[-4,-9]],[[61277,26352],[7,-20],[-4,-7],[-7,2],[-4,-10],[-6,-47]],[[61263,26270],[-7,-3],[-2,-11],[-7,-2],[-8,-11],[3,-3],[-2,-6],[29,-16],[-14,-27],[-3,-38]],[[61252,26153],[-13,-1]],[[61239,26152],[-16,5],[-6,6],[-8,-9],[-10,-1],[-4,4],[-13,-10],[-4,12],[-11,0],[-2,-6],[-8,10],[1,8],[-11,2],[20,18],[-1,3],[-18,2],[-1,-15],[-10,1],[1,5],[-7,2],[-10,-7],[-6,4],[-40,5],[-7,5],[-10,-10],[3,0],[-1,-16],[-18,1],[-1,-11],[-17,1],[20,-22],[-21,-19],[-4,14],[-5,1],[-3,6],[-13,8]],[[60998,26149],[-8,24]],[[60956,26253],[-1,8]],[[61011,26367],[-22,9]],[[60872,26370],[107,7],[19,-2],[13,-8]],[[61011,26367],[12,-18],[0,-17],[8,-5],[-9,-12],[-11,9],[-23,-6],[2,-23],[-26,-2],[-10,-11],[3,-9],[-2,0],[0,-12]],[[60955,26261],[0,-8],[-13,10]],[[60938,26273],[-13,3],[-4,58]],[[60879,26272],[1,-10],[23,1]],[[60900,26273],[32,4],[6,-4]],[[60938,26273],[4,-10]],[[60942,26263],[14,-10]],[[60956,26253],[11,-15],[0,-16],[25,-44],[-2,-5]],[[60990,26173],[-20,2],[-6,3]],[[60953,26199],[-6,3],[-20,-7],[-17,-12],[-8,1],[-9,22],[-12,8],[-25,37],[-24,18]],[[60830,26288],[-2,40]],[[60828,26328],[47,3]],[[60876,26312],[22,1],[0,19]],[[60898,26332],[23,2]],[[60921,26334],[4,-60],[-25,-1]],[[60900,26273],[3,-10]],[[60903,26263],[-24,-1],[0,10]],[[60879,26272],[-47,-3]],[[60832,26269],[-25,18],[23,1]],[[61051,26554],[3,2],[23,-20],[2,2],[-2,11],[11,0]],[[61088,26549],[3,-17],[-13,-19],[2,-12],[-18,-1],[1,-23],[-16,-1]],[[61047,26476],[1,-16]],[[61039,26466],[-8,-4],[-24,-1]],[[61003,26527],[6,11]],[[61009,26538],[8,-41],[-12,-1],[2,-35]],[[61007,26461],[-9,-5],[-84,-5],[1,3]],[[60892,26472],[3,13]],[[60890,26494],[3,6],[20,9]],[[60925,26531],[17,-11],[15,4],[0,5],[6,-2],[1,-5],[5,-3],[21,8]],[[61039,26466],[9,-6]],[[61048,26460],[1,-23]],[[61049,26437],[13,-1],[-14,-13],[-5,-9],[-10,-6],[-4,8],[-25,17],[1,-16],[-18,-1],[2,-40]],[[60989,26376],[-70,-3],[-5,78],[86,7],[39,8]],[[60872,26370],[2,-20],[23,1],[1,-19]],[[60898,26332],[1,-19],[-23,-1]],[[60876,26312],[-1,19]],[[60875,26331],[-49,-3],[-19,19],[-1,8]],[[60892,26472],[23,-18]],[[60915,26454],[4,-81],[-47,-3]],[[60855,26410],[12,17],[10,6],[-7,23],[5,7],[15,5],[2,4]],[[60825,26429],[1,3],[-4,4],[2,3],[12,-1],[4,12],[21,9],[9,-3],[1,-11],[7,-11],[-9,-6],[-14,-18]],[[60855,26410],[15,-2],[2,-38]],[[60872,26370],[-47,-3],[-19,-12]],[[60806,26355],[-6,32]],[[60800,26387],[3,2],[3,12],[-3,18],[7,-5],[5,1],[-2,16]],[[60775,26438],[-3,52]],[[60817,26493],[1,-25],[-27,-29],[-16,-1]],[[60771,26514],[4,-76]],[[60759,26422],[-25,-2]],[[60725,26427],[-4,60],[-5,24]],[[60858,26458],[-18,-9],[-4,-11],[-13,1],[2,-10]],[[60825,26429],[-12,2]],[[60813,26431],[1,-17],[-12,4],[4,-17],[-6,-14]],[[60800,26387],[-1,13],[-7,11]],[[60792,26411],[-33,11]],[[60759,26422],[16,16]],[[60775,26438],[17,2],[43,44]],[[60703,26256],[18,26],[46,3],[-3,-7],[2,-34]],[[60789,26207],[-94,-6],[-3,46]],[[60789,26207],[-3,38],[-20,-1]],[[60766,26244],[-2,29],[3,12],[40,2],[49,-36],[26,-37],[-93,-7]],[[60843,27396],[1,136],[67,3],[6,15],[9,5],[4,40],[49,-4],[12,6],[15,-2],[-5,61],[54,-6],[4,33],[108,-13],[-3,32],[40,-6],[-1,-7],[47,-1],[16,3],[38,-45],[8,2],[-33,-27],[-13,-24],[68,24],[12,-90],[11,2],[5,-42],[-4,0],[-1,4],[-11,2],[1,6],[-5,5],[-8,-6]],[[61265,27501],[-38,9],[-7,-2],[-8,-10],[0,-4],[-3,-2]],[[61174,27413],[-7,-2],[-6,-9]],[[61152,27405],[-4,7],[-4,-3]],[[61132,27397],[-6,0],[0,-9],[-4,-9]],[[61109,27363],[-1,-4],[-2,-3]],[[61093,27346],[-4,-4],[-7,4]],[[61075,27349],[-3,2],[-1,-1]],[[61073,27342],[-4,-9],[-6,7],[-3,-6]],[[61053,27332],[7,-3],[-6,-3],[-13,9]],[[61029,27328],[-5,-4],[-1,0]],[[60988,27324],[-2,8],[-11,-1],[0,7],[-7,-5]],[[60888,27284],[-9,-4],[-5,2]],[[60849,27282],[-4,7]],[[61174,27413],[8,22],[-6,1],[-4,6],[-6,0],[-2,9],[17,5],[5,12],[8,4],[-3,9],[9,-3],[4,4],[7,-1],[2,6],[-4,5]],[[61209,27492],[12,16],[17,1],[27,-8]],[[61265,27501],[3,6],[-6,4],[-2,11],[11,-4],[3,6],[7,1],[-8,8],[2,6],[6,-4],[6,4],[15,-1],[4,-16],[-4,-5],[-9,-3],[4,-7],[13,2],[2,8],[6,-3],[8,3],[0,-15],[8,0]],[[61334,27502],[7,6],[6,-5],[-2,-5],[8,-43],[-6,-14],[8,-3],[1,-27],[-16,-15],[-1,-8],[-8,-9],[-22,-5],[-17,1],[2,-24],[39,-95],[-9,-4],[6,-9],[-15,-21],[0,-5],[-3,5],[-32,-14],[-24,-4],[7,8],[-6,8],[18,-2],[-8,9],[0,4],[11,-2]],[[61098,27169],[-70,49]],[[60983,27331],[4,-1],[1,-6]],[[60988,27324],[4,3],[5,-2],[4,6],[2,-6],[5,3],[4,-4],[11,0]],[[61023,27324],[6,4]],[[61029,27328],[-2,5],[7,0],[3,-10],[5,6],[-1,6]],[[61041,27335],[11,-8],[6,-1],[2,4],[-7,2]],[[61053,27332],[7,2]],[[61060,27334],[4,6],[6,-7],[3,9]],[[61073,27342],[-4,-2],[-3,5],[5,5]],[[61071,27350],[4,-1]],[[61075,27349],[-2,-4],[3,-2],[6,3]],[[61082,27346],[6,-4],[5,4]],[[61093,27346],[-1,5],[7,3],[0,3],[7,-1]],[[61106,27356],[3,7]],[[61109,27363],[-5,-1],[-4,6],[4,3],[-2,8],[4,-4],[7,2],[-4,8],[5,1],[-1,-5],[9,-2]],[[61122,27379],[6,19],[4,-1]],[[61132,27397],[2,3],[7,2],[-2,3],[5,0],[0,4]],[[61144,27409],[5,3],[3,-7]],[[61152,27405],[4,2],[5,-5]],[[61161,27402],[9,11],[4,0]],[[60843,27396],[2,-107]],[[60845,27289],[-12,10]],[[60791,27268],[-1,5],[-7,-2],[-2,3],[-5,-3],[-10,6],[-8,-4],[-1,-6]],[[60752,27271],[-4,-2],[-6,-12]],[[60633,27268],[-7,-4],[1,-6],[-5,1],[-2,-5],[-10,-1],[-3,13]],[[60574,27258],[-6,6],[-5,-4],[-7,2],[-4,-8],[-4,3],[-17,40],[-54,-3],[-7,156],[9,1],[-16,17],[114,5],[11,5],[18,-4],[68,4],[6,-18],[0,-19],[165,6],[-2,-51]],[[61003,27097],[42,87],[10,15],[43,-30]],[[61098,27169],[-1,-14]],[[61086,27061],[-22,-27],[-10,-21]],[[61051,27014],[-12,-12],[-22,13],[30,59]],[[60929,27174],[62,-32]],[[60977,27101],[-25,-44],[-4,-26],[-7,-16],[-43,24]],[[60928,27098],[-30,16]],[[60966,27025],[-9,-22]],[[60973,26886],[-12,0],[-4,3]],[[60913,26873],[-31,24],[66,136]],[[61027,27035],[-10,-22],[22,-11],[-18,-16]],[[60996,26885],[-18,-4],[-2,6],[-3,-1]],[[60973,26886],[1,10],[-7,16],[-3,49],[-7,42]],[[60957,27003],[2,8],[7,14]],[[60757,27267],[3,7],[7,3],[9,-6],[13,2],[2,-5]],[[60791,27268],[13,7],[8,-2],[2,6],[10,3],[-2,7],[7,-5],[2,8],[3,2],[-2,3],[1,2]],[[60833,27299],[5,-6],[6,-1],[-1,-3],[2,0]],[[60845,27289],[1,0],[3,-7]],[[60849,27282],[8,5],[8,-9],[4,5],[3,-4],[2,3]],[[60874,27282],[8,-1],[6,3]],[[60888,27284],[0,5],[6,-1],[9,6],[-6,5],[5,1],[-4,6],[9,0],[-2,4],[6,-4],[3,2],[-3,3],[6,1],[7,-7],[4,2],[2,10],[14,0],[0,5],[4,3],[-7,10],[5,5],[7,-10],[8,2],[2,5],[5,-4]],[[60968,27333],[6,5],[1,-7],[8,0]],[[60983,27331],[-7,-62],[52,-51]],[[61028,27218],[27,-19],[-9,-14]],[[61006,27135],[-77,39]],[[60929,27174],[-31,-60]],[[60898,27114],[-147,78]],[[61086,27061],[-1,50],[3,35],[9,9]],[[61097,27155],[18,45],[24,46],[40,45],[-5,18],[34,16],[5,-6],[8,1],[-6,-10],[1,-5],[18,1],[-1,-8],[-7,2],[-5,-4],[9,-12],[-3,-8],[6,-8],[5,-3],[2,6],[7,0],[8,-12],[3,11],[8,-7],[4,5],[8,-11],[8,-4],[-7,-5],[7,-5],[-8,-1],[-3,-3],[9,-3],[1,-3],[-7,-4]],[[61278,27229],[-12,0],[9,-11],[-19,1],[7,-7],[-7,-6],[1,-9],[15,4],[-6,-20],[13,1],[-1,-6],[7,1],[1,-6],[11,6],[6,-1],[10,-7],[3,-7],[13,2],[14,-6],[3,4],[5,0],[10,-9],[4,2],[-1,6],[3,1],[9,-5],[-2,-4],[9,-2],[5,-6],[6,3],[7,-5],[-2,-7],[3,-5],[-3,-3],[2,-3],[10,-5],[6,1],[-12,-13]],[[61405,27108],[-9,-49],[-11,-14],[-7,-21],[1,-16],[-14,-3],[-1,-13],[-5,-17],[-5,-4],[-12,-3],[-9,-23],[-11,-9],[2,-5],[-3,-7],[4,-33],[5,-10],[-3,-13],[2,-12],[-5,-11],[-3,-18],[8,-8]],[[61329,26819],[-4,-1],[-19,4],[-17,12],[-9,-2],[-22,10],[-15,1],[-8,10]],[[61223,26868],[-3,-1],[-8,7],[-4,14]],[[61213,26922],[4,11],[10,15]],[[61216,26950],[-4,-3],[-9,-16]],[[61129,26938],[-5,8],[-13,-2]],[[61102,26928],[-14,-14],[0,-20],[-7,-12],[-18,-2],[-10,9]],[[61041,26891],[-11,-12],[-3,5],[-10,3],[-5,-3],[-16,1]],[[60996,26885],[-1,30],[4,4],[-15,8],[4,17],[9,-5],[24,47]],[[61021,26986],[30,28]],[[61051,27014],[3,-1]],[[61054,27013],[11,21],[21,27]],[[60977,27101],[-1,9],[15,32]],[[60991,27142],[15,-7]],[[61006,27135],[28,56],[12,-6]],[[61046,27185],[-43,-88]],[[61003,27097],[44,-23]],[[61047,27074],[-20,-39]],[[61027,27035],[-36,0],[-4,7],[-10,5],[-11,-22]],[[60966,27025],[-18,8]],[[60948,27033],[6,27],[23,41]],[[60574,27258],[-1,-5],[8,-5],[6,7],[5,-2],[4,9],[5,0],[2,6],[4,-2]],[[60607,27266],[0,-8],[3,-5],[16,5],[0,5],[7,5]],[[60633,27268],[7,-4],[-1,-4],[5,-2],[3,5],[5,-1],[7,-7],[2,5],[6,2],[0,4],[7,-2],[3,4],[6,-4],[2,5],[18,-3],[5,-9],[3,3],[7,-4],[17,4],[7,-3]],[[60742,27257],[6,11],[4,3]],[[60752,27271],[5,-4]],[[60757,27267],[1,-40],[8,-5],[-15,-30]],[[60751,27192],[177,-94]],[[60928,27098],[-30,-59]],[[60898,27039],[-90,46]],[[60736,26898],[-7,-11],[-7,5]],[[60599,26934],[7,-9],[-4,-6]],[[60586,26910],[-2,4],[-19,-10],[18,12],[-10,21],[-23,18],[-4,6],[-60,30],[-6,13],[-15,15],[-7,16],[-9,8],[-9,3],[-1,17],[-9,6],[-8,-2],[-6,3],[-3,-4],[-6,2],[-2,10],[-5,8],[-14,9],[-1,16],[-3,3],[-8,-4],[-2,8],[-15,13],[-15,8],[-7,9],[9,10],[14,-3],[5,-10],[19,-9],[34,15],[3,7],[11,8],[5,10],[39,18],[5,7],[-2,9],[6,7],[-1,12],[30,3],[5,6],[6,1],[-1,3],[7,2],[3,5],[8,-1],[8,9],[5,-3],[4,9],[5,-3],[8,3],[4,-5]],[[60829,26616],[-18,-31],[6,-92]],[[60817,26493],[-45,-3]],[[60772,26490],[-1,24]],[[60771,26514],[-55,-3]],[[60716,26511],[-7,40],[3,29],[9,32],[11,22],[5,3],[92,-21]],[[60908,26552],[4,3]],[[60916,26551],[28,3]],[[60935,26524],[-10,7]],[[60925,26531],[-10,-3],[-2,-3],[4,-6],[-6,-4],[2,-6]],[[60913,26509],[-21,-10],[-2,-5]],[[60890,26494],[5,-9]],[[60895,26485],[-5,-17],[-14,-5],[-10,-8],[-8,3]],[[60858,26458],[-23,26]],[[60835,26484],[-17,-16],[-3,59]],[[60815,26527],[-3,60],[17,29]],[[60890,26603],[6,-11]],[[60898,26569],[10,-11]],[[60908,26558],[-18,-9],[-29,0],[1,-19],[-47,-3]],[[60965,26611],[-24,-39],[-33,-20]],[[60908,26552],[0,6]],[[60908,26558],[0,1],[-10,10]],[[60898,26569],[-2,23]],[[60896,26592],[-8,14],[-3,18],[79,5]],[[60586,26910],[16,9]],[[60602,26919],[4,5],[-7,10]],[[60599,26934],[22,4],[1,-7],[10,-9],[10,-18],[15,4],[-13,13],[-10,37],[16,4],[75,-56],[-4,-6],[4,-3],[-3,-5]],[[60722,26892],[6,-5],[-15,-20]],[[60761,26675],[-27,-37],[-33,-2],[-23,22],[-16,1],[-36,48],[6,12],[5,4],[4,11],[9,1],[0,5],[-7,2],[-2,10],[-6,9],[4,12],[-3,2],[1,3],[-11,12],[-12,31],[5,6],[-4,12],[3,9],[-4,15],[-15,32],[-13,15]],[[60872,26678],[4,12],[26,-20]],[[60926,26680],[17,-1]],[[60946,26628],[-61,-4],[5,-21]],[[60890,26603],[-5,-5],[-15,3],[-19,-5],[-13,8],[2,3],[-11,9]],[[60974,26783],[14,1],[1,-18]],[[60960,26680],[-34,0]],[[60926,26680],[0,-3],[-19,-1],[-5,-6]],[[60902,26670],[-53,40],[41,55]],[[60890,26765],[-46,-63]],[[60821,26730],[-13,10],[40,56],[42,-31]],[[60756,26778],[-2,57],[31,8],[63,-47],[-40,-55],[-52,37]],[[60858,26872],[-7,-3]],[[60848,26864],[-2,5],[-5,-1],[-4,-6],[-3,3],[-7,-3],[-3,2],[-12,-10],[-8,1]],[[60805,26852],[-9,-6],[-25,-8],[-12,0],[-7,-5]],[[60752,26833],[-1,11],[-18,-6],[-25,19],[7,5],[-2,5]],[[60713,26867],[34,46]],[[60848,26864],[2,1],[-1,4],[3,-2],[-1,2]],[[60851,26869],[6,3],[12,-1]],[[60877,26871],[5,26],[40,-30]],[[60890,26765],[-105,78],[14,4],[6,5]],[[60805,26852],[-1,3]],[[60804,26855],[5,-2],[10,7],[1,3],[7,-1],[3,4],[9,-4],[3,7],[5,-1],[1,-4]],[[60922,26867],[-9,6]],[[60913,26873],[3,6],[10,-3],[10,10],[8,-1],[-2,2],[3,5],[7,-2],[-1,-3],[3,-2],[3,4]],[[60957,26889],[12,-4],[6,2],[3,-6],[15,4],[20,-1],[4,3],[11,-4],[12,-32],[-7,-11]],[[61020,26819],[1,-34],[-47,-2]],[[60974,26783],[-18,17],[-40,-54],[-26,19]],[[60890,26765],[39,55],[-27,20],[20,27]],[[60747,26913],[-11,-15]],[[60736,26898],[-15,58],[17,1],[20,27],[50,101]],[[60808,27085],[133,-70],[-57,-112],[-7,-32]],[[60877,26871],[-2,3],[-6,-3]],[[60869,26871],[-11,1]],[[60858,26872],[-64,48],[-20,-27],[-27,20]],[[60752,26833],[4,-55],[65,-48]],[[60821,26730],[-5,-7],[28,-21]],[[60844,26702],[-31,-42]],[[60770,26687],[-9,-12]],[[60761,26675],[-4,62],[-50,36],[9,12],[1,18],[7,-6],[3,4],[4,-3],[8,1],[-1,4],[6,2],[-2,14],[10,14]],[[60813,26660],[36,50],[26,-20],[-3,-12]],[[60872,26678],[-43,-62]],[[60829,26616],[-87,20],[-10,-2],[38,53]],[[60770,26687],[31,-23],[2,-5],[10,1]],[[61087,26893],[0,16],[15,19]],[[61102,26928],[9,16]],[[61111,26944],[14,1],[4,-7]],[[61129,26938],[-3,-9],[5,-5],[13,3],[16,-7],[5,-18],[11,2],[-1,12],[14,1],[3,5],[10,-2],[1,11]],[[61203,26931],[13,19]],[[61216,26950],[11,-2]],[[61227,26948],[-13,-21],[-1,-5]],[[61213,26922],[3,-9],[-8,-25]],[[61208,26888],[2,-10],[8,-10],[5,0]],[[61223,26868],[12,-15]],[[61235,26853],[4,-12]],[[61239,26841],[-13,-1],[-7,-6],[-2,-4],[3,-6],[-11,-19],[2,-5],[-4,-1]],[[61207,26799],[-4,10],[-8,-1],[-28,-21]],[[61071,26781],[-20,-28]],[[61028,26755],[-4,-5],[-17,1],[-4,6]],[[60988,26774],[0,10],[33,1],[-2,21]],[[61041,26891],[8,-10],[4,8]],[[61053,26889],[7,-7],[8,-2],[13,2],[6,11]],[[61087,26893],[12,-5],[8,-13],[3,-12],[-9,-12],[-1,-6],[-6,-5],[-1,-8],[7,-9],[-19,-3],[-11,-7],[-11,3],[-7,-3],[-1,-6],[-17,0],[-4,3],[-11,-4]],[[61019,26806],[1,13]],[[61020,26819],[-4,4],[9,1],[9,8],[4,5],[-5,3]],[[61033,26840],[7,12],[-10,28],[11,11]],[[61051,26554],[-2,-10],[-8,4],[-7,-6],[-6,6],[-12,-3],[-7,-7]],[[61009,26538],[-2,-2],[-4,-9]],[[61003,26527],[-13,0]],[[60990,26527],[-18,-8],[-8,3],[0,5],[-4,2],[-4,-1],[1,-4],[-6,-4],[-9,0],[-7,4]],[[60935,26524],[9,17],[0,13]],[[60944,26554],[49,3],[11,-3]],[[61055,26581],[5,6]],[[61082,26603],[1,6],[11,1],[1,6],[6,4],[8,-5],[2,-15],[20,10]],[[61152,26608],[2,-4]],[[61154,26604],[-8,-24],[7,-8],[3,-16],[9,-6],[2,-8],[10,-14]],[[61177,26528],[-5,-10],[-4,-1],[-3,10],[-18,7],[7,4],[0,3],[-14,-2],[-5,10],[-4,-5],[-7,5],[-10,0],[-3,10]],[[61111,26559],[-5,-10],[-9,-3],[-19,4],[1,-13],[-5,-1],[-21,20],[-2,-2]],[[60946,26628],[-1,17]],[[60945,26645],[84,6]],[[61082,26612],[3,-2],[-3,-7]],[[61082,26603],[-16,-1],[1,-17],[-7,2]],[[61060,26587],[-3,-6],[-2,0]],[[61055,26581],[-4,0],[-1,3],[-37,-2],[1,-22],[-10,-6]],[[61004,26554],[-21,3],[-67,-6]],[[60916,26551],[-4,4]],[[60912,26555],[25,14],[9,9],[8,19],[11,14]],[[60965,26611],[-1,18]],[[60964,26629],[-18,-1]],[[60989,26766],[-1,8]],[[60988,26774],[17,-3],[-2,-5],[5,-7],[-5,-2]],[[61003,26757],[5,-6],[17,-1],[3,5]],[[61028,26755],[23,-2]],[[61051,26753],[-10,-22],[-16,-17],[-12,-20],[3,-20]],[[61012,26650],[-67,-5]],[[60945,26645],[-2,34]],[[60943,26679],[17,1]],[[60960,26680],[-1,23],[-9,6],[1,3],[7,-4],[-3,56],[34,2]],[[61071,26781],[1,-23],[32,5],[1,-7],[2,-1],[13,5],[31,27],[16,0]],[[61167,26787],[3,2]],[[61170,26789],[10,-3],[4,2],[-1,-6]],[[61183,26782],[8,-20],[-9,-26]],[[61182,26736],[-14,-10],[-6,-10],[-5,-24],[12,-8]],[[61169,26684],[-1,-4]],[[61015,26683],[-2,11],[58,87]],[[61012,26650],[4,24]],[[61016,26674],[-1,9]],[[61015,26683],[15,5],[13,-3],[59,4],[28,-6],[4,8],[34,-11]],[[61168,26680],[0,-7]],[[61168,26673],[8,-2],[-6,-6],[-14,-35],[-6,-10]],[[61150,26620],[2,-12]],[[61152,26608],[-12,-2],[-9,4]],[[61131,26610],[-19,-10],[-5,19],[-9,-1],[-4,-8],[-12,2]],[[61082,26612],[-1,8],[-45,-4],[-7,2],[1,16],[-2,-1],[3,4],[-2,14]],[[61029,26651],[-17,-1]],[[60542,25964],[-8,1],[10,8],[6,20],[-3,29],[-14,66],[51,3],[6,-90],[-24,-2]],[[60603,26173],[-23,-11]],[[60584,26125],[1,-6],[-3,0],[1,-28],[-50,-3],[-5,43],[3,20],[-4,24],[5,2],[0,5],[-6,29]],[[60545,26222],[12,-19],[11,-7]],[[60653,26111],[-5,90],[45,29],[7,-111]],[[60572,25918],[23,1],[1,-16],[-2,-10],[-47,-52]],[[60545,25829],[-6,-15],[-5,1]],[[60536,25810],[-6,-1],[1,-3],[-39,-1]],[[60466,25804],[21,20],[5,14],[-1,20],[26,64],[4,-16]],[[60566,25999],[89,6]],[[60660,25936],[0,-12],[-88,-6]],[[60572,25918],[0,-9],[-48,-3],[-3,0]],[[60521,25906],[-3,16],[-3,-9],[-2,1],[13,41],[8,9],[8,0]],[[60542,25964],[2,-3],[12,5],[12,0],[-2,33]],[[60630,26111],[23,0]],[[60653,26111],[5,6],[42,2]],[[60700,26119],[3,-58],[-48,-56]],[[60655,26005],[-19,-1]],[[60580,26162],[68,39],[5,-89],[-70,-5],[1,18]],[[60584,26125],[-10,-1],[-8,13],[15,1],[-1,24]],[[60547,25841],[46,50],[3,10],[-1,18],[65,5],[1,-20],[-13,-15],[-2,-21],[-34,-54],[-7,-3],[-62,-2]],[[60544,25815],[-5,1],[6,13]],[[60545,25829],[11,7],[-9,5]],[[60630,26111],[6,-107]],[[60636,26004],[-46,-3],[-8,106],[48,4]],[[60874,26182],[35,1],[30,18],[10,1],[4,-3]],[[60953,26199],[-2,-12],[3,-8],[4,2],[6,-3]],[[60964,26178],[-27,-23],[11,-13],[4,3],[8,-2],[-7,-13],[11,-4],[6,-27],[-4,-3],[10,-1],[-8,-22],[12,-1],[-16,-26],[-10,-33]],[[60954,26013],[-10,6]],[[60800,26064],[-26,-11],[0,5],[4,5],[-9,0],[1,33],[2,4],[1,-5],[22,1],[-2,6]],[[60802,26114],[6,2]],[[60759,26055],[12,9],[2,-19]],[[60787,26004],[-7,-4],[-10,-1],[-9,-5],[-6,5]],[[60730,25974],[-5,4],[-9,-3],[-6,3],[-16,-5],[-4,1],[2,4]],[[60671,26001],[-1,22],[33,38],[1,-13]],[[60773,26045],[-2,17],[7,1],[-5,-7],[4,-3],[15,9],[8,2]],[[60800,26064],[3,6],[6,-7],[9,12],[35,2],[2,-26],[8,-7],[22,4],[9,-2],[6,-13],[10,-10],[34,-4]],[[60944,26019],[22,-19],[-3,-5],[-10,2]],[[60875,25977],[-19,7],[-2,3],[5,12]],[[60803,25944],[0,-1],[-4,3]],[[60791,25934],[-4,4]],[[60783,25936],[-7,7],[-4,-5]],[[60733,25966],[-3,8]],[[60730,25974],[13,11],[12,4],[0,10]],[[60755,25999],[7,-4],[25,9]],[[60787,26004],[4,8],[-2,25],[-5,5],[-11,3]],[[60700,26119],[-5,82],[64,4]],[[60765,26198],[5,-71]],[[60771,26105],[-6,93]],[[60765,26198],[-6,7]],[[60759,26205],[123,9],[10,-7],[7,-19],[4,-4],[-29,-2]],[[60874,26182],[-7,-9],[2,-6],[-8,-3],[1,-7],[-19,-9],[0,-25],[-35,-2],[0,-5]],[[60808,26116],[0,-2],[-6,0]],[[60802,26114],[0,-6],[-3,1],[-6,-7]],[[60793,26102],[3,-5],[-15,-2],[-8,0],[2,8]],[[60704,26048],[-4,71]],[[60700,26119],[47,3],[0,4],[23,1]],[[60770,26127],[1,-22]],[[60771,26105],[4,-2]],[[60775,26103],[-7,-12],[1,-28],[-10,-8]],[[60759,26055],[-8,0],[0,-4],[-47,-3]],[[60779,25907],[34,0],[4,-7],[9,-3]],[[60847,25797],[-7,-9],[-11,2]],[[60768,25770],[-1,6],[13,13],[19,3]],[[60801,25814],[-31,21],[-12,2],[-34,-2]],[[60729,25841],[-1,30],[26,26],[5,8],[12,5]],[[60489,25315],[9,-169]],[[60408,25007],[-24,-32],[-21,20],[-9,0],[10,27],[2,70],[-7,70],[-7,20],[0,21],[4,23],[18,6],[20,18],[8,14],[2,37]],[[60524,25707],[-7,-34],[3,-81],[6,-28],[-18,-20]],[[60499,25592],[-14,0],[-6,-6],[-3,-7],[-4,2],[-1,18],[5,7]],[[60469,25633],[-3,51],[3,14]],[[60465,25696],[4,1],[-4,-12],[4,-52]],[[60469,25633],[8,-15],[-1,-12]],[[60476,25606],[-11,0]],[[60443,25595],[-4,12],[-9,0],[-1,-9],[5,-10],[-5,-8],[-3,-13],[-3,3],[-2,41],[-5,11],[0,11],[8,12],[-3,14],[2,15],[-5,32],[7,19]],[[60829,25790],[10,-2],[8,9]],[[60847,25797],[7,-6],[7,-1],[23,19],[-1,5],[-23,16],[-4,21],[-14,15],[-5,-1],[3,10],[-17,9],[2,4],[8,1],[-8,5],[1,3]],[[60826,25897],[-3,0]],[[60840,25940],[8,3]],[[60845,25946],[15,-2]],[[60852,25973],[2,14],[21,-10]],[[60875,25977],[4,3],[22,-1],[3,3],[7,-7],[3,4],[2,-3],[8,-1],[8,4],[0,4],[4,-4],[2,6],[12,5],[3,7]],[[60953,25997],[11,-2],[3,7],[16,6]],[[60983,26008],[-2,-35],[-5,-3],[14,-9],[2,-30],[-7,-3],[5,-88],[-4,0],[1,-16],[-6,0],[8,-106],[2,-8],[8,5]],[[60999,25715],[16,-7]],[[61015,25708],[25,-100],[24,-6]],[[61064,25602],[-43,-82]],[[61021,25520],[7,-100],[-9,0]],[[61019,25420],[-11,0],[-9,6],[-44,3],[-12,5],[-11,-2],[-13,6],[-14,0],[-7,15]],[[60915,25479],[0,30],[-25,19]],[[60830,25506],[-17,14]],[[60755,25630],[-3,36]],[[60733,25694],[-2,8],[17,22],[4,21],[5,6],[9,3],[6,11],[-4,5]],[[60768,25770],[24,3],[2,8],[28,2],[2,5],[5,2]],[[60859,25999],[-8,-19],[1,-7]],[[60852,25973],[-8,0],[1,-17],[5,1],[0,-5],[9,3],[3,-3],[-2,-8]],[[60860,25944],[-10,3],[-5,-1]],[[60845,25946],[3,-3]],[[60848,25943],[-6,0],[-2,-3]],[[60840,25940],[8,-7],[-1,-7],[4,-4],[-13,-1],[1,-10],[-17,-1],[1,-13]],[[60823,25897],[-6,3],[-1,6],[-10,2]],[[60810,25915],[-1,4],[-11,3]],[[60797,25932],[-6,2]],[[60791,25934],[5,3],[-2,6],[5,3]],[[60799,25946],[4,-2]],[[60803,25944],[0,9],[14,15],[4,29],[12,1],[0,5],[5,-5],[21,1]],[[60660,25936],[4,18],[-4,15],[2,9],[-11,17],[4,10]],[[60655,26005],[2,5],[12,11],[2,-20]],[[60671,26001],[5,0],[4,-7],[7,-2],[1,-5],[5,-3],[-4,-4],[3,-2]],[[60692,25978],[-1,-4],[34,4],[6,-4],[2,-8]],[[60733,25966],[7,-2],[2,-4],[11,-7],[0,-4],[4,0],[7,-12],[8,1]],[[60772,25938],[3,5],[8,-7]],[[60783,25936],[4,2]],[[60787,25938],[5,-6],[5,0]],[[60797,25932],[-5,-4],[6,-6]],[[60798,25922],[7,-1],[5,-6]],[[60810,25915],[-4,-7]],[[60806,25908],[-27,-1]],[[60779,25907],[-8,3]],[[60771,25910],[-11,-4],[-6,-9],[-22,-18]],[[60696,25932],[-15,-11],[-20,-1],[-1,16]],[[60731,25700],[2,-6]],[[60733,25694],[-5,-23],[3,-6],[21,1]],[[60752,25666],[2,-29]],[[60556,25554],[2,-14],[-7,-3],[-9,-3]],[[60541,25547],[-12,-11],[-21,-1]],[[60508,25544],[6,7],[40,34],[15,33],[-1,39],[42,5],[23,20],[-1,12]],[[60520,25592],[-1,62],[49,3],[2,-34],[-5,-14],[-15,-30],[-24,-16],[-6,29]],[[60624,25829],[22,39],[3,23],[11,10]],[[60719,25835],[39,2],[13,-3],[30,-20]],[[60801,25814],[-2,-22]],[[60799,25792],[-16,-2],[-15,-13],[-1,-4],[4,-10],[-5,-9],[-12,-7]],[[60726,25802],[-66,-5],[-2,34]],[[60732,25879],[-4,-11],[1,-27]],[[60729,25841],[-5,0],[0,-6]],[[60724,25835],[-5,0]],[[60719,25835],[0,-8],[-11,-1],[-37,14],[-4,50],[-7,11]],[[60660,25901],[1,19],[22,1],[13,11]],[[60696,25932],[16,3],[2,-30],[11,-9],[7,2],[0,-19]],[[60465,25696],[-2,31],[-38,-2]],[[60425,25725],[2,16],[-5,3],[2,2],[5,-2],[2,8],[9,11],[3,11],[11,18],[12,12]],[[60466,25804],[10,0],[9,-8],[7,9]],[[60492,25805],[33,1],[5,-84],[-6,-15]],[[60524,25707],[-14,3],[-22,-8],[-7,-6],[-8,4],[-4,-2]],[[60469,25698],[-4,-2]],[[60516,25514],[-3,11],[12,-2],[14,11],[18,6],[-1,14]],[[60556,25554],[14,-2],[5,4],[8,0],[-2,9],[13,6],[3,7],[10,0],[11,-8],[11,-1],[11,17],[12,-8],[20,-2],[5,11],[11,-1],[6,4],[18,-10],[1,15],[7,0],[3,13],[6,2],[3,-3],[4,8],[-7,6],[1,4],[10,1],[1,5],[8,0],[5,6]],[[60754,25637],[1,-7]],[[60755,25630],[18,-16],[8,7],[15,-7],[18,-25],[14,-2],[7,-11],[15,-6],[-6,-4],[-9,-17],[-23,-19],[1,-10]],[[60813,25520],[8,-9],[9,-5]],[[60830,25506],[26,2],[10,26],[8,-7],[16,1]],[[60890,25528],[17,-12],[8,-7],[1,-11],[-1,-6],[-2,0],[2,-13]],[[60915,25479],[-3,-7],[-10,-8],[-4,-11]],[[60898,25453],[7,-14],[0,-7],[-3,-5],[-7,-4],[-20,-4],[-4,-17],[-9,-13],[2,-12]],[[60718,25296],[-228,-15],[-6,113],[-7,18]],[[60478,25483],[23,2]],[[60567,25657],[-4,86],[12,16],[53,3],[5,-80],[-26,-22],[-40,-3]],[[60528,25756],[47,3],[-13,-19],[5,-83],[-48,-3],[-2,19],[2,15],[11,34],[-2,34]],[[60624,25829],[34,2]],[[60658,25831],[0,-13],[2,-21],[-34,-2],[2,-33],[-100,-6],[-3,50],[11,4]],[[60536,25810],[-2,5]],[[60534,25815],[10,0]],[[60544,25815],[-1,-6]],[[60543,25809],[4,-2],[58,4],[7,4],[12,16],[0,-2]],[[60498,25146],[-7,135],[227,15]],[[60718,25296],[86,98],[-2,9],[18,9],[44,-35]],[[60864,25377],[-6,-23],[-14,-9],[-2,-9],[-9,-14],[3,-14],[-19,-9],[-11,-30],[-4,0],[-5,-5],[-1,-7],[-30,-27],[-2,-7],[-19,-19],[-6,-13],[-10,-9],[-10,-21],[-11,-4],[-24,-24],[-10,0],[-3,-10],[-18,-11],[-1,-6],[-19,-8],[-5,-12],[-14,-3],[-22,5],[-30,-26],[-24,-6],[-3,-3],[2,-11],[-15,-9],[-13,2],[-8,-10],[-7,-2],[-15,-15],[-19,-29],[-9,-4],[-21,9],[-26,-13],[-12,0],[-7,4],[23,32]],[[60408,25007],[14,12],[14,27],[-5,96],[67,4]],[[60632,25694],[-6,101],[100,7]],[[60726,25802],[2,-27],[7,-2],[19,-26]],[[60754,25747],[-6,-23],[-15,-18],[-2,-6]],[[60731,25700],[-99,-6]],[[60443,25595],[22,11]],[[60465,25606],[10,-1],[-4,-7],[2,-19],[11,12],[15,1]],[[60499,25592],[-1,-4],[-7,-6],[-6,-13],[6,-12],[0,-14],[9,-12],[8,13]],[[60508,25544],[0,-9]],[[60508,25535],[19,1],[14,11]],[[60541,25547],[1,-13]],[[60542,25534],[-12,-5],[-5,-6],[-12,3],[3,-12]],[[60516,25514],[-3,-6],[-10,-5],[-13,-2],[3,-9],[8,-7]],[[60501,25485],[-33,-2],[-23,-9],[-22,-1],[-7,28],[2,14],[-5,26],[1,18],[13,8],[1,10],[6,11],[-6,14],[2,5],[6,1],[4,-2],[3,-11]],[[60478,25483],[3,-46],[-4,-25]],[[60477,25412],[6,-16],[6,-81]],[[60489,25315],[-34,-2],[0,-8],[-51,-4]],[[60404,25301],[0,7],[15,2],[6,17],[-2,32],[-5,32],[9,25],[-4,57],[23,2],[32,8]],[[60553,26461],[19,25]],[[60581,26492],[57,-46]],[[60640,26403],[-11,-1]],[[60586,26446],[-23,-1],[-1,11]],[[60586,26446],[1,-8],[16,-8],[26,-23],[0,-5]],[[60629,26402],[14,1],[3,-30],[-7,-3]],[[60571,26361],[-12,-9]],[[60556,26398],[9,0],[-3,47],[24,1]],[[60556,26398],[0,-6],[-4,-1],[0,-7],[5,0],[2,-32]],[[60559,26352],[-11,-15],[-15,11]],[[60525,26310],[-25,-6],[-4,6],[-19,83],[79,5]],[[60723,26449],[2,-22]],[[60725,26427],[9,-7]],[[60734,26420],[-28,-32]],[[60690,26385],[-6,-5],[-4,3],[-20,-5],[-11,4],[-4,-4],[-2,25],[-3,0]],[[60640,26403],[-2,43]],[[60638,26446],[-5,4]],[[60581,26492],[-9,-6]],[[60572,26486],[-14,-18],[-18,16],[-27,-2],[-4,59],[3,7],[69,-56]],[[60497,26483],[43,0],[18,-15],[-5,-7]],[[60553,26461],[9,-5]],[[60562,26456],[3,-58],[-88,-5],[-7,33]],[[60497,26483],[0,-6],[-13,-2],[-1,-7],[7,-30],[-16,-3],[3,-9],[-7,0]],[[60470,26426],[-1,3],[-24,102],[-5,47],[69,-8],[4,-88],[-16,1]],[[60626,26576],[4,-70]],[[60655,26479],[-22,-29]],[[60633,26450],[-78,62],[-7,13]],[[60614,26684],[-5,5],[1,8],[10,8],[7,-2],[14,-25],[16,-20],[8,-4],[9,-1],[4,5],[23,-21],[-112,-8],[-19,28],[13,19],[6,14],[-2,1],[3,-1],[-1,-10],[-5,-14],[8,9],[0,15],[22,-6]],[[60512,26666],[13,-1],[-5,-11],[-1,-39],[-7,-7],[-7,0],[-9,-5],[-1,6],[0,-6],[-3,0],[2,-18],[5,-14],[-59,7],[3,20],[30,76]],[[60512,26666],[-7,6],[-8,-9],[-9,10],[-5,-6],[0,3],[-10,4]],[[60473,26674],[5,25],[-3,42],[-3,10],[-17,2],[10,15],[-7,13],[-12,13],[25,39],[23,20],[12,3],[16,0],[18,-10],[5,-17],[-14,-61],[0,-33],[-3,3],[7,-23],[0,-26],[-1,-9],[-7,-13],[-15,-1]],[[60601,26610],[25,-34]],[[60626,26576],[-46,-2],[0,-13],[-14,-1],[-1,-14],[-8,-9],[3,-6],[-6,-4],[-2,3],[-4,-5]],[[60548,26525],[5,-10],[-42,34],[-2,21],[-10,1],[-1,5],[3,0],[-4,15],[2,7],[22,8],[11,-3],[1,3],[-10,2],[2,13],[8,-4],[2,2],[-9,5],[1,14],[2,2],[7,-4],[-7,13],[17,37],[-2,1],[2,17],[43,-14],[-19,-33],[27,-39]],[[60630,26506],[-4,74],[-25,30]],[[60601,26610],[3,7],[-7,1]],[[60597,26618],[-8,11],[145,9],[-16,-36],[-9,-41],[1,-16],[11,-58],[2,-38]],[[60723,26449],[-19,0],[-1,14],[-24,-2],[-24,18]],[[60655,26479],[-1,29],[-24,-2]],[[60568,26706],[10,9],[6,12],[19,7],[3,-1],[3,-11],[10,-2],[-6,-12],[-11,-8],[-34,6]],[[60546,26746],[17,90],[-10,21],[-14,12],[1,6],[6,4],[5,-2],[10,-10],[20,-45],[31,-42],[13,-36],[-1,-11],[-9,5],[-22,-1],[-15,-6],[-12,-21],[-6,3],[-9,10],[0,11],[-5,12]],[[60528,26875],[7,7],[10,-1],[-10,-6],[-7,0]],[[60632,26279],[-12,-1]],[[60632,26262],[-14,-3],[1,-18]],[[60549,26216],[-2,0],[-6,10],[0,1]],[[60541,26233],[0,1],[11,15],[-3,58]],[[60619,26301],[9,1]],[[60525,26310],[-5,36],[13,2]],[[60533,26348],[16,-11],[8,10],[4,-14],[-2,-9],[-11,-9],[-23,-5]],[[60571,26361],[25,-3],[4,3],[-2,4],[9,-1],[4,5],[4,-3],[-2,-4],[3,-1],[5,2],[1,7],[7,0],[0,3],[7,1],[3,-4]],[[60639,26370],[5,3],[2,-34]],[[60642,26303],[-23,-2]],[[60619,26301],[-1,12],[-69,-6]],[[60549,26307],[1,9],[11,12],[-1,15],[-3,7],[14,11]],[[60619,26241],[2,20],[11,1]],[[60632,26262],[0,10],[-12,-1],[0,7]],[[60620,26278],[96,6]],[[60721,26281],[-18,-25]],[[60703,26256],[-11,-9]],[[60692,26247],[1,-17],[-90,-57]],[[60603,26173],[0,4],[-14,-2],[-2,5],[-8,-2],[-1,12],[-9,0],[-1,6]],[[60568,26196],[-8,5],[-11,15]],[[60549,26216],[9,0],[18,14],[23,1],[-1,9],[21,1]],[[60646,26339],[-1,38],[4,5],[17,-4],[14,5],[5,-3],[5,5]],[[60690,26385],[16,3]],[[60706,26388],[15,-107]],[[60721,26281],[-5,3]],[[60716,26284],[-84,-5]],[[60632,26279],[-1,8],[-4,2],[1,13]],[[60628,26302],[14,1]],[[60642,26303],[-2,35],[6,1]],[[60541,26233],[0,-6]],[[60541,26227],[4,-5]],[[60545,26222],[-9,-3],[-1,-8],[-9,0]],[[60526,26211],[-1,0],[-9,18],[1,8],[-19,59],[-1,8],[53,12],[2,-67],[-11,-16]],[[450,33725],[6,9],[1,22],[15,34],[0,10],[-3,0],[1,4],[-3,6],[9,-10],[2,5],[11,-5],[24,-18],[-5,-5],[6,-8],[-11,-8],[1,-44],[18,-21],[-5,-23],[4,-7],[-3,-12],[8,-19],[17,-23],[-6,-16],[3,-20],[19,-32],[6,-18],[0,-16],[6,-15],[11,-9],[-6,-36],[1,-11],[5,-5],[4,-15],[1,3],[-3,-22],[9,-11],[10,-5],[-5,-16],[17,-20],[-4,-16],[2,-8],[19,-11],[16,-1],[-10,-16],[0,-27],[9,-14],[17,-9],[2,-6],[-4,-10],[2,-9],[-93,0],[4,-12],[-4,-4],[10,-31],[-15,0],[2,-9],[-3,-6],[-39,0],[0,28],[-57,0],[-17,92],[-22,189],[-18,69],[5,63],[3,14],[6,5],[8,18],[3,38],[13,50]],[[614,33899],[-25,-4],[-11,-10],[-6,-15],[-4,-16],[1,-12],[12,-16],[5,2],[-14,-12],[-35,-11],[-2,-15],[-12,-15],[-22,18],[-22,11],[-5,8],[4,1],[3,14],[15,6],[5,6],[2,10],[18,17],[3,11],[5,1],[4,-5],[6,3],[33,43]],[[872,34093],[-14,-47],[4,-7],[-12,-8]],[[839,33996],[-7,-3],[-12,8],[-45,8]],[[775,34009],[10,52],[-5,17],[-12,16],[49,1],[25,10],[20,0]],[[666,33921],[1,2],[11,1],[-8,-4],[-4,1]],[[614,33899],[0,19],[-18,5],[-4,-4],[-20,0]],[[572,33919],[32,54],[17,23],[9,24],[9,14],[5,15],[4,2],[13,21],[1,-3],[14,-8],[8,2],[-2,-15],[-5,0],[-1,-5],[6,4],[2,-7],[14,-15],[4,-10],[1,-11],[-10,-22],[4,-7],[2,3],[-3,4],[2,4],[2,-1],[0,-12],[-6,-25],[3,-3],[1,13],[5,-14],[-19,-8],[-10,-10],[-22,-1],[-6,-2],[-2,-5],[12,6],[-33,-24],[-9,-1]],[[773,34139],[-8,-37],[3,-9],[14,-18],[3,-13],[-10,-53]],[[707,34016],[-2,7],[6,21],[-10,-10],[-12,12],[-1,16],[17,3],[-1,-3],[4,-1],[11,4],[11,11],[20,39],[3,0],[8,24]],[[933,33963],[15,-20],[-5,-7]],[[849,33759],[3,16],[0,28],[7,7],[1,15],[-26,10],[-6,-3],[-6,6],[-2,9],[9,6],[-1,13],[3,1],[-6,7],[-9,2],[-2,13]],[[829,33902],[0,10],[-15,11],[-2,6],[4,-4],[-1,4],[-14,4],[-3,7],[8,19],[15,8],[1,4],[6,3],[0,19],[11,3]],[[839,33996],[8,-8],[5,0],[-2,14],[6,18],[-6,11]],[[850,34031],[13,9],[-5,6],[13,46],[9,10],[29,-14]],[[923,34282],[8,-2]],[[890,34105],[-9,-2],[-9,-10]],[[872,34093],[-1,8],[-9,4]],[[862,34105],[-25,-1],[-22,-10],[-47,0],[-3,16],[8,29]],[[773,34139],[-12,0]],[[761,34139],[17,69],[4,64]],[[699,33928],[-1,-4],[-6,-4],[1,3],[6,5]],[[685,33906],[1,9],[3,2],[7,-6],[2,-8],[-8,-6],[-5,9]],[[707,34016],[19,1],[41,-28],[8,20]],[[775,34009],[51,-11],[6,-5],[-5,-3],[1,-16],[-24,-18],[-6,-18],[3,-5],[12,-3],[3,-4],[-3,3],[1,-6],[14,-9],[1,-12]],[[829,33902],[-10,-12],[-5,-1]],[[814,33889],[4,2],[1,9],[-9,14],[-11,9],[-18,4],[-21,-2],[-16,-9],[-26,-5],[-13,11],[2,12],[7,7],[-8,15],[2,50],[5,-17],[3,4],[-1,11],[-8,12]],[[943,33936],[5,10],[-15,17]],[[933,33963],[-12,3],[3,12],[-5,9],[6,32],[1,-7],[8,4],[5,9],[1,17],[7,10],[2,-3],[-3,19],[-18,2],[-19,18]],[[909,34088],[-29,13],[10,4]],[[890,34105],[11,9],[-2,12],[13,15],[4,11],[7,1],[1,5],[7,5],[-1,6],[-8,9],[-10,4],[5,1],[-3,6],[-5,-1],[7,20],[-3,7],[22,-4],[6,6],[-2,42],[-4,18],[-4,3]],[[931,34280],[60,-16]],[[1492,34205],[0,-18],[35,0],[0,-10],[-43,-24],[1,13],[-6,9],[-29,0],[0,-20],[4,0],[0,-6],[14,0],[0,-23],[14,0],[0,-35],[-35,0],[0,-17],[-12,0],[7,-19],[11,0],[5,-4],[11,9],[8,-1],[1,7],[6,4],[1,-18],[-9,-10],[-5,0],[-13,-10],[-1,-5],[-12,0],[-1,6],[-3,0],[0,-14],[-12,-3],[0,-8],[-11,0],[4,-9],[15,-14],[-4,-7],[6,-7],[-5,-3],[-2,2],[-1,-21],[20,0],[0,-17],[-11,-4],[-19,13],[-17,-26],[2,-15],[5,0],[3,-9],[-5,-22],[1,-11],[9,-17],[-2,-8],[-5,0],[0,-82],[21,-5],[0,-16],[-24,0],[-3,-3],[-19,6],[1,-59],[-28,0],[0,-84],[42,0],[0,-11],[-29,-1],[1,-13],[-13,0],[0,-17],[18,0],[0,-19],[13,0],[0,-19],[23,0],[0,-15],[7,0],[0,-15],[-19,-8],[0,-45],[-16,0],[0,-5],[-8,0],[0,-29],[15,0],[0,-12],[6,0],[0,-11],[-21,0],[0,-60],[16,0],[0,-37],[14,0],[0,-12],[14,0],[5,12],[17,0],[-5,-16],[5,-7],[3,-18],[-20,0],[-18,9],[-7,7],[-10,2],[-8,12],[-7,3],[-1,10],[-7,15],[-7,-2],[-3,-4],[3,-8],[-4,-4],[6,-17],[-21,-18],[-10,-17],[-24,-3],[0,-24],[-201,-1],[-1,4],[-8,0],[0,-12],[-53,-3],[0,-8],[-9,-3],[-48,6],[-6,-1],[0,-3],[-26,0],[0,13],[-6,0],[-2,10],[-19,14],[-15,-7],[-9,-13],[-16,0],[-30,-16],[-20,0],[-46,-13],[0,14],[18,21],[-74,-3],[-6,-7],[-37,0],[3,25],[-9,41],[5,3],[0,-4],[3,-3],[-1,-5],[4,-2],[1,-10],[4,-1],[3,-6],[8,-3],[2,4],[6,0],[-3,9],[8,58],[-1,13],[-4,0],[3,5],[-1,6],[-10,21],[-1,1],[2,-5],[0,-1],[-11,16],[-10,6],[-13,1],[9,26],[0,14],[-16,35],[-14,17],[0,15],[-6,17],[1,12],[-8,12],[0,15],[-16,22],[-14,3],[1,10],[-4,6],[5,10],[2,22],[-6,10],[2,21],[-3,16],[-9,9],[-7,14],[-9,0],[-4,17],[-17,20],[-2,8],[4,3],[3,17],[-2,15],[-6,7],[1,11],[6,-1],[5,5],[16,-7],[0,-15],[6,-3],[2,-5],[6,1],[2,-10],[18,-11],[15,-14],[23,-30],[36,11],[5,5],[-2,11],[2,8],[11,3],[12,-8],[14,-19],[20,-16],[14,-4],[5,9],[19,-1],[6,4],[-2,4],[3,3],[6,-7],[16,12],[8,1],[4,8],[5,0],[-1,8],[-16,19],[7,11],[0,-4],[6,2],[4,-1],[-2,-3],[7,6],[-10,0],[3,2],[-5,8],[-1,12],[7,7]],[[849,33759],[23,0],[0,14],[13,-4],[0,23],[45,0],[28,-5],[0,114],[-27,7],[6,16],[6,2],[0,10]],[[846,35968],[19,-10],[-3,-14],[2,-7],[14,-3],[-12,-10],[5,-22],[-3,-5]],[[798,35892],[3,139],[29,0]],[[839,35790],[21,6]],[[859,35833],[6,3]],[[897,35828],[-1,-48]],[[885,35763],[-12,8],[-13,2],[-10,-3],[-2,-13]],[[831,35757],[8,18]],[[832,35786],[7,4]],[[839,35790],[0,-15]],[[839,35775],[-24,-44],[-18,-47],[-6,2],[1,54],[-4,6],[7,48]],[[930,35923],[0,-16],[-59,-4],[-5,20],[12,11],[-11,3],[-5,6],[2,16],[26,-8]],[[831,35757],[17,0]],[[848,35757],[-5,-23],[10,-4],[-7,-7],[-1,-18],[25,-22],[-20,-27],[-19,8],[-20,-5],[-3,9]],[[790,35667],[1,17],[6,0],[5,20],[29,53]],[[896,35780],[1,36]],[[935,35850],[32,0],[0,-30]],[[991,35823],[-13,-11],[-3,-16],[4,-9],[8,-2],[8,-8],[-26,-1],[-15,-21],[-5,-17],[-8,-7],[-43,-11],[-3,12],[-11,20],[1,11]],[[885,35763],[15,0],[0,9],[-11,1],[7,7]],[[935,35850],[-1,-26],[-8,0],[0,-10],[-29,2]],[[897,35816],[0,12]],[[897,35828],[9,8],[-41,0]],[[865,35836],[-1,0],[-5,-3]],[[859,35833],[0,-4],[5,-1],[-3,-8],[2,-12],[-4,1],[1,-13]],[[860,35796],[-15,-3],[-13,-7]],[[832,35786],[0,8],[-37,0]],[[795,35794],[4,26],[-1,72]],[[798,35892],[21,-11],[0,6],[5,-7],[13,-8],[6,6],[0,-8],[7,-4],[6,8],[0,23],[12,0]],[[868,35897],[5,6],[25,1],[-2,-30]],[[909,35858],[17,-7],[9,-1]],[[991,35823],[-2,7],[-22,-10]],[[967,35820],[2,33],[38,42]],[[1039,35881],[-3,-15],[3,-1],[1,-5],[-10,-6],[-23,-27],[-16,-4]],[[980,36008],[6,1],[0,3],[9,0]],[[995,36012],[40,0]],[[1083,35967],[14,20]],[[1110,36033],[13,-13],[8,10],[33,-35],[-6,-8]],[[1144,35948],[9,-8],[-10,-5],[-8,-12]],[[1125,35934],[-1,-9]],[[1035,36012],[8,1],[0,3]],[[1087,35969],[-4,-2]],[[1083,35967],[0,-27]],[[1042,35940],[-1,40],[-6,18],[0,14]],[[1029,35918],[-62,-68],[-43,1],[-15,7]],[[909,35858],[6,15],[-19,1]],[[896,35874],[2,31],[30,0],[2,18]],[[930,35923],[50,-1],[11,-5]],[[930,35923],[0,29]],[[930,35962],[19,3],[10,13],[-3,24]],[[980,36008],[7,-22],[23,-25],[13,-25],[12,-12]],[[1035,35924],[-6,-6]],[[1029,35918],[-15,3],[-23,-4]],[[991,35917],[-8,5],[-53,1]],[[1097,35883],[4,15],[17,8],[7,28]],[[1125,35934],[4,-1],[6,-10]],[[1135,35923],[-2,-20],[8,-34],[-3,-10],[-5,-7],[10,2],[-1,2],[4,3],[3,-5],[-10,-11],[-18,-8],[-3,5],[7,4],[-39,15]],[[1035,35924],[7,16]],[[1042,35940],[41,0]],[[1083,35940],[14,0],[27,-15]],[[1124,35925],[-7,-19],[-17,-9]],[[1007,35895],[28,29]],[[1035,35924],[13,-6],[4,-7],[3,11],[45,-25]],[[1100,35897],[-3,-14]],[[1097,35883],[5,-3],[-6,-16],[-7,3],[-3,-8]],[[1086,35859],[-25,10],[-6,-2],[-9,-10],[-8,-1],[3,5],[-5,5],[3,8],[-3,1],[3,6]],[[1039,35881],[-2,3],[-30,11]],[[1265,36096],[6,2],[2,-2],[78,1]],[[1348,36086],[-15,-16],[13,-23],[-3,-26],[-15,-16],[-14,-20],[-7,0],[-17,9],[-4,-3],[-3,-12]],[[1197,36060],[8,7],[22,1]],[[1266,36074],[2,0],[-4,-21],[-9,0],[-1,-21],[-5,-6],[29,-32],[-5,-5],[10,-10]],[[1283,35979],[-2,-14],[-13,-7],[-41,-1],[-18,-8],[-78,81],[23,29]],[[1158,35987],[7,8],[44,-46],[-6,-7],[-1,-11],[19,-23],[1,-9],[-9,-6],[-19,-3],[-17,4],[-4,7],[5,16],[0,4],[-3,0],[1,5],[-16,13],[-8,1],[-8,8]],[[1144,35948],[2,2],[-2,2],[8,7],[-9,10],[15,13],[0,5]],[[1230,36124],[-3,24]],[[1269,36098],[-4,-2]],[[1265,36096],[1,-22]],[[1266,36074],[-24,0],[-15,-6]],[[1227,36068],[-24,-2],[-6,-6]],[[1197,36060],[-9,-24],[-6,-6],[-28,29]],[[1154,36059],[4,4]],[[1162,36088],[-33,34]],[[1129,36122],[-1,26]],[[1123,36148],[2,13]],[[1155,36159],[63,9],[8,-8],[4,-36]],[[1230,36124],[-101,-2]],[[2283,36097],[-14,7],[-21,2],[-32,-2],[-39,16],[-27,6],[-12,-6]],[[2083,36095],[-15,-5]],[[2058,36292],[76,0]],[[2226,36679],[130,0],[2,-135],[-26,-16],[0,-29],[20,0],[0,-31],[3,0],[0,-7],[-5,0],[0,-18],[23,0],[0,-12],[6,0],[-12,-11],[-10,-2],[0,-10],[5,0],[-7,-17],[-11,-19],[-13,-11],[20,-5],[11,-13],[29,12],[0,-24],[13,0],[0,5],[14,0],[-25,-20],[-8,0],[0,-61],[-27,-58],[-5,0],[0,-161]],[[1790,36125],[-3,-8],[0,-1]],[[1770,35937],[0,-1],[-11,-6]],[[1674,35904],[-17,-5],[-8,4]],[[1643,35931],[-5,7],[-18,7]],[[1620,36042],[0,2],[-9,-1],[-6,5]],[[1544,36051],[28,-13],[14,-27]],[[1620,36007],[0,-62]],[[1620,35945],[-5,3]],[[1559,35957],[-1,-6],[-6,13],[-13,-2]],[[1483,36023],[3,17]],[[2283,36097],[24,-26],[-15,0],[0,-16],[22,-1],[0,7],[5,-4],[0,-36],[34,0],[0,15]],[[2353,36036],[181,-9],[-9,-188],[-5,1],[-2,-144],[-110,2],[0,20],[-169,2],[-1,-58],[56,-1],[-1,-126],[-90,1],[-8,13],[-12,0],[-10,14]],[[2165,35587],[-6,14],[-31,28]],[[1993,36030],[26,26],[8,6]],[[2069,36081],[3,9],[11,5]],[[2083,36095],[34,0],[9,6],[12,19]],[[2138,36120],[6,4],[10,2],[62,-22],[41,2],[26,-9]],[[1787,36116],[3,9]],[[1790,36125],[-2,5],[0,45],[-71,1],[0,79]],[[1999,36291],[59,1]],[[2058,36292],[0,-13],[-16,0],[1,-26],[-8,0],[0,-19],[17,-1],[1,-4],[6,0],[0,-21],[-8,-12],[-13,0],[0,-19],[-9,-13],[0,-28],[55,18],[-2,-44],[-14,-1],[0,-19]],[[2068,36090],[3,-1],[-2,-8]],[[2069,36081],[-11,-11],[-3,-12],[-28,4]],[[2027,36062],[-34,-32]],[[1993,36030],[2,-4],[-6,-11],[10,-12],[1,-7],[-7,-4],[-4,-14],[-9,-4],[-1,-28],[-18,0],[6,-9],[-15,-11],[-26,3],[-4,-6],[-4,0],[-3,-12],[10,-2],[0,-21],[-37,1],[-10,-14],[-11,3],[-6,-2]],[[1861,35876],[-11,6]],[[1799,35904],[-1,2],[7,15],[-6,0],[-29,16]],[[1770,35937],[0,79],[-3,1],[1,22],[7,1],[-7,7],[0,13],[19,-4],[0,60]],[[1493,36102],[13,1],[-1,20],[14,-1]],[[1519,36136],[3,0],[4,9]],[[1629,36162],[0,-21],[-7,0],[0,-9],[-7,-3],[2,-4],[5,0],[0,-6],[-7,-7],[0,-12],[6,0],[3,-7],[-3,-22],[20,0],[0,-19],[-25,7],[-20,-3],[0,-9],[9,1]],[[1605,36048],[0,-3],[15,-3]],[[1620,36042],[0,-35]],[[1620,36007],[-17,0],[0,-3],[-8,8],[-4,-3],[-5,2]],[[1586,36011],[-14,28],[-28,12]],[[1544,36063],[-9,8],[-40,9]],[[1790,37020],[280,1],[0,-227],[-86,1]],[[1814,36788],[21,16]],[[1123,36231],[-1,81],[14,0]],[[1235,36243],[13,-20],[-1,-23],[-82,1]],[[1323,36181],[5,-27],[0,-18]],[[1269,36136],[0,12],[-42,0]],[[1227,36148],[-2,15],[3,3],[-2,34],[21,0],[1,20],[-13,23]],[[1235,36243],[-1,42],[-5,51],[0,57]],[[1346,36393],[1,-112]],[[1442,36289],[15,-2],[-7,-3]],[[1451,36242],[-15,-19],[-4,-10],[0,-16],[10,-14],[-5,-10],[-61,2]],[[1790,37020],[0,-81],[45,0],[0,-135]],[[1835,36804],[-37,-31],[-43,-21]],[[1717,36715],[-35,-7],[-15,-34]],[[1581,36565],[-51,0]],[[1499,36565],[-167,1],[0,32]],[[1248,36826],[0,1],[-15,-1]],[[1138,36933],[267,0],[0,11],[21,0],[-21,68],[68,1],[-4,8],[24,0],[-1,-7],[15,0],[0,12],[11,0],[0,-5],[20,-1],[0,10],[49,0],[0,-10],[126,3],[1,5],[16,-5],[60,0],[0,-3]],[[1692,36624],[3,37]],[[1728,36661],[9,10],[-1,11]],[[1704,36713],[13,2]],[[1717,36715],[12,6],[26,31]],[[1755,36752],[37,17],[22,19]],[[1814,36788],[-1,-25],[7,-3],[9,5],[7,-7],[29,13],[-1,5],[24,3],[26,-10],[7,14],[5,4],[57,0],[1,8]],[[1984,36795],[216,-2],[-1,-114],[27,0]],[[2226,36679],[-7,-3],[-12,-16],[-19,-5],[-11,-24],[-17,1],[0,-20],[12,-2],[-6,-17],[-1,-17],[-17,-13],[-1,-18],[-12,-16],[0,-26],[44,-1],[0,21],[4,0],[1,-208],[-50,0],[0,-23]],[[2134,36292],[-135,-1]],[[1999,36291],[1,17],[-39,0],[-1,-53],[-230,0]],[[1376,36044],[28,8],[4,6],[0,6]],[[1404,36077],[9,-2],[13,-10],[5,-1],[3,6]],[[1445,36075],[9,-8],[9,-3],[4,-2]],[[1480,36050],[6,-7],[-3,-20]],[[1483,36023],[39,-31],[17,-30]],[[1539,35962],[16,0],[3,-8],[0,-19],[-8,-6],[-123,56],[3,-16]],[[1413,35986],[-1,1],[-30,12]],[[1341,35991],[-7,-11],[-4,-1]],[[1324,35994],[4,9],[22,22],[0,9],[-2,0],[-1,-11],[-2,8],[4,12],[16,-7]],[[1328,36136],[-6,45],[1,0]],[[1323,36181],[12,0],[-1,2],[42,-8]],[[1376,36175],[51,-2],[10,0],[5,9],[4,0],[20,-8],[3,-6],[-3,-12],[-3,-3]],[[1443,36159],[-15,-9],[2,-8]],[[1421,36110],[0,-7],[-2,-6],[-31,0],[-15,-20],[-21,-5],[-14,3],[10,11]],[[1348,36086],[3,11]],[[1351,36097],[-82,1]],[[1269,36098],[0,38]],[[1269,36136],[59,0]],[[1125,36161],[-2,70]],[[1123,36231],[28,0],[4,3],[10,-3],[0,-30]],[[1165,36201],[61,-1],[2,-35],[-3,-2],[-10,6],[-60,-10]],[[1155,36159],[-30,2]],[[1138,36878],[14,-2],[0,-24],[43,0],[0,-26],[18,-6],[20,6]],[[1233,36826],[15,0]],[[1248,36826],[0,-23],[22,0],[0,-15],[10,-2],[0,-31],[47,0],[0,-42],[5,0],[0,-18],[19,0],[-1,-20],[-16,0],[0,-6],[-11,0],[-1,-25],[-13,0],[0,-15],[15,0],[0,-31],[8,0]],[[1332,36598],[-1,-98]],[[1325,36487],[0,-14],[7,-80]],[[1332,36393],[-103,0]],[[1229,36393],[-48,0]],[[1450,36284],[22,16],[3,11],[-3,8],[-15,15]],[[1596,36327],[-4,-19]],[[1580,36207],[-31,-16],[-17,-20]],[[1519,36136],[0,-14]],[[1519,36122],[-31,1]],[[1421,36110],[0,13],[9,19]],[[1430,36142],[-3,7],[2,3],[14,7]],[[1443,36159],[20,-6]],[[1463,36153],[6,12],[-3,9],[-25,9],[-8,11],[-1,15],[3,11],[16,22]],[[1451,36242],[-4,18],[0,15],[3,9]],[[1421,36110],[26,-5],[9,18],[12,0],[1,5],[20,0],[-1,-5]],[[1488,36123],[17,0],[0,-21],[-12,0]],[[1493,36102],[2,-22]],[[1495,36080],[36,-7],[13,-10]],[[1544,36063],[0,-12]],[[1544,36051],[0,-25],[-11,0],[-1,4],[-8,0],[-5,6],[-6,1],[-3,-9],[-8,0],[-3,8],[-13,4]],[[1486,36040],[-6,10]],[[1480,36050],[-11,1],[-2,11]],[[1467,36062],[-14,5],[-8,8]],[[1445,36075],[-3,-4],[-8,-1]],[[1434,36070],[-4,-6],[-6,1],[-14,12],[-6,0]],[[1404,36077],[-1,-9],[5,-4]],[[1408,36064],[-2,-10],[-30,-10]],[[1376,36044],[-11,-8]],[[1365,36036],[-17,8],[-4,13],[-9,9],[2,7],[18,-2],[20,4],[8,17],[5,5],[32,1],[1,12]],[[1580,36207],[9,26],[9,7],[2,18],[-8,-3],[0,53]],[[1592,36308],[8,34],[3,-1],[-1,3]],[[1645,36375],[33,0],[0,-99],[21,0],[25,14],[0,-11],[6,0],[0,-24]],[[1730,36255],[-13,0]],[[1717,36255],[-71,0],[0,-79],[-17,0],[0,-14]],[[1629,36162],[-31,-1],[0,-19],[-44,0],[-28,3]],[[1526,36145],[-7,-9]],[[1519,36136],[0,16],[-4,9],[17,10]],[[1532,36171],[15,18],[33,18]],[[1399,36565],[100,0]],[[1499,36565],[9,-20],[22,0],[0,20]],[[1530,36565],[162,-1]],[[1692,36564],[0,-141],[-6,0],[-3,-21],[-37,-1],[-1,-26]],[[1645,36375],[-11,0],[0,-19],[-20,0],[0,-17],[-12,5]],[[1602,36344],[-6,-17]],[[1596,36327],[-34,9],[-105,-2]],[[1457,36334],[-1,11],[15,2],[5,19],[-4,9],[-13,10]],[[1408,36495],[4,32]],[[1667,36674],[8,14],[6,19],[23,6]],[[1704,36713],[8,-22],[10,-10],[14,1]],[[1736,36682],[1,-10],[-9,-11]],[[1728,36661],[-33,0]],[[1695,36661],[-3,-28],[0,-9]],[[1692,36624],[0,-60]],[[1692,36564],[-111,1]],[[1581,36565],[1,139],[10,0],[0,-30],[75,0]],[[1382,36489],[18,-3],[8,9]],[[1408,36495],[17,-1],[1,-15],[24,-6],[-5,-12],[-5,1],[-2,-10],[7,-11],[3,0],[2,-4],[-4,-8],[9,-17],[-7,-6]],[[1347,36281],[0,55],[1,0],[-2,57]],[[1389,36393],[31,0],[14,13],[14,0]],[[1448,36406],[-3,-13],[12,0],[2,-8]],[[1459,36385],[12,-8],[4,-8],[-4,-21],[-7,-4],[-8,1],[0,-3],[1,-9],[16,-15],[2,-7],[-2,-10],[-14,-13],[-17,1]],[[1442,36289],[-12,-14],[-26,17],[-5,-10],[-47,-12],[-5,11]],[[1332,36393],[-7,94]],[[1325,36487],[3,0],[3,13]],[[1331,36500],[1,66],[67,-1]],[[1399,36565],[-4,-14],[17,-24]],[[1412,36527],[-2,-24],[-2,-8]],[[1408,36495],[-1,-4],[-4,-4],[-21,2]],[[1382,36489],[-1,-31],[3,-4],[-2,-5],[6,-13],[1,-43]],[[1389,36393],[-43,0]],[[1346,36393],[-14,0]],[[879,36385],[-15,0],[-26,14]],[[800,36436],[-3,30],[-6,9],[33,6],[30,-19],[16,-3],[5,-70]],[[744,36625],[-20,25],[-4,12],[63,0],[6,-44],[17,-46]],[[824,36325],[2,0],[24,-9],[21,7]],[[871,36323],[4,-19],[22,-40]],[[909,36231],[-69,3]],[[820,36231],[5,34],[-10,60]],[[974,36314],[2,-44],[5,-28],[-27,-8],[-45,-3]],[[909,36231],[-12,33]],[[897,36264],[-20,36],[-6,23]],[[784,36499],[-17,21],[-10,41]],[[757,36561],[27,3],[22,8]],[[806,36572],[8,-27],[5,-10]],[[866,36460],[-12,2],[-28,19],[-33,-6]],[[797,36383],[6,-18]],[[770,36295],[-17,-3],[-11,9],[-2,3],[6,-5],[3,2],[-2,-3],[6,-5],[8,5],[-2,4],[2,-3],[2,0],[1,1],[-1,5],[-6,4],[-12,-6],[9,10],[-25,44],[0,6],[9,19]],[[744,36625],[9,-20],[4,-44]],[[717,36561],[-11,40],[-25,41],[-7,19],[46,1],[7,-17],[17,-20]],[[835,36644],[15,1]],[[909,36454],[-21,8],[-22,-2]],[[866,36460],[-7,16],[-33,45],[-7,14]],[[819,36535],[-9,20],[-23,73]],[[871,36323],[-1,57]],[[866,36384],[20,1],[13,-7],[2,0]],[[914,36378],[21,-9]],[[963,36380],[9,-23]],[[974,36314],[-32,1],[-23,-7],[-48,15]],[[752,36475],[15,-6],[26,4],[5,-11],[2,-26]],[[800,36436],[5,-16],[-8,-26]],[[797,36394],[-30,-4],[-22,-10],[-7,2]],[[738,36382],[6,44],[-3,31]],[[717,36561],[40,0]],[[757,36561],[10,-42],[17,-20]],[[784,36499],[9,-24]],[[793,36475],[-25,-6],[-16,6]],[[752,36475],[-6,-8],[0,-9],[-5,-1]],[[741,36457],[-7,34],[-6,5],[-3,10],[5,-8],[-13,63]],[[797,36383],[0,11]],[[797,36394],[13,-4],[28,9]],[[838,36399],[28,-15]],[[866,36384],[4,-4]],[[870,36380],[3,-20],[-1,-34],[-21,-10],[-27,9]],[[824,36325],[-9,0]],[[815,36325],[-12,20],[0,20]],[[803,36365],[0,3],[-6,15]],[[770,36295],[-3,13],[25,13],[23,4]],[[815,36325],[2,-26],[8,-27],[-5,-45]],[[791,36230],[-6,35],[-17,28],[2,2]],[[875,36389],[-6,68],[15,5],[10,-2],[24,-11],[15,-14],[13,-3]],[[944,36426],[19,-46]],[[963,36380],[-28,-11]],[[935,36369],[-20,9],[-1,0]],[[914,36378],[-13,0]],[[901,36378],[-22,7]],[[879,36385],[-4,4]],[[922,36160],[1,29],[-12,42],[43,3],[26,8],[1,-32],[37,-117]],[[994,36093],[0,-5]],[[1123,36216],[2,-54],[-97,9],[-21,11]],[[988,36188],[-7,24],[-1,30],[5,1],[33,-20],[81,-1]],[[912,35997],[4,4],[3,27],[10,1],[23,-18],[7,-33],[-7,-10],[-9,-5],[-23,1],[-6,6],[-4,18]],[[921,36114],[4,-26],[4,-9]],[[921,36076],[9,-18],[-3,-12],[-12,-2]],[[883,36031],[-27,3]],[[820,36231],[20,3]],[[840,36234],[71,-3],[12,-47],[-2,-70]],[[921,36114],[-35,0],[0,-9],[-30,0]],[[827,36105],[-13,5],[13,12]],[[828,36162],[8,17],[2,20],[-18,32]],[[1018,36093],[-30,95]],[[988,36188],[19,-6]],[[1007,36182],[22,-12],[35,-2],[0,-29],[-9,-11]],[[1059,36092],[-41,1]],[[921,36076],[8,3]],[[929,36079],[9,-8],[30,-12],[8,-15],[4,-36]],[[980,36008],[-7,1],[-1,-7],[-16,0]],[[956,36002],[-10,16],[-17,10],[-9,0],[9,27],[-8,21]],[[807,36095],[4,4],[5,-1],[2,5],[-4,7],[12,-5],[1,0]],[[827,36105],[29,0]],[[856,36105],[3,-47],[-3,-3],[0,-21]],[[856,36034],[-55,-3],[-3,67]],[[922,36160],[17,5],[-8,-23],[14,0],[1,-9],[28,0],[-9,-14],[14,0],[-8,-16],[1,-14],[22,-1]],[[994,36088],[-1,-20]],[[995,36012],[-15,-4]],[[980,36008],[-3,34],[-4,11],[-12,11],[-21,6],[-9,6],[-6,10],[-3,20],[0,54]],[[791,36230],[22,1],[7,-4]],[[820,36227],[0,4]],[[820,36231],[18,-34],[-1,-16],[-9,-19]],[[828,36162],[1,-22],[-8,-6],[6,-12]],[[827,36122],[-12,-9],[3,-12],[-11,-6]],[[807,36095],[-2,3],[-7,0]],[[798,36098],[-8,36],[4,12],[-3,84]],[[993,36068],[1,25]],[[994,36093],[24,0]],[[1018,36093],[25,-80],[-48,-1]],[[995,36012],[2,56],[-4,0]],[[856,36034],[14,0],[1,-3],[12,0]],[[883,36031],[2,29],[17,-5],[0,-4],[6,-3],[7,0],[0,-4]],[[915,36044],[10,-1],[-7,-20],[-2,-21],[-4,-5]],[[912,35997],[-10,0],[0,-3],[7,1],[-6,-7],[7,0]],[[910,35988],[5,-20],[5,-4],[10,-1],[0,-1]],[[930,35962],[0,-10]],[[930,35952],[-6,1],[-14,16],[-20,0],[0,-18]],[[890,35951],[-27,8],[-17,9]],[[846,35968],[1,6],[-3,6],[0,7],[-14,0],[0,44]],[[830,36031],[0,3],[26,0]],[[1043,36016],[-25,77]],[[1018,36093],[34,0],[58,-60]],[[1110,36033],[-12,0],[-4,-33],[-4,-6],[7,-7]],[[1097,35987],[-7,-9],[-3,-9]],[[1087,35969],[-44,47]],[[1123,36148],[5,0]],[[1128,36148],[0,-25],[1,-1]],[[1129,36122],[24,-24],[-26,-10],[-68,4]],[[1059,36092],[16,16],[-10,10],[-3,0],[-7,10]],[[1055,36128],[8,8],[2,32],[60,-6],[-2,-14]],[[1162,36088],[-14,-14],[10,-11]],[[1158,36063],[-35,-43],[-71,73],[73,-5],[28,10],[9,-10]],[[1062,36311],[60,0],[1,-95]],[[1123,36216],[-24,6]],[[1099,36222],[-35,1],[-2,45],[-6,17]],[[688,36776],[-14,36],[-4,24],[-23,27],[-18,47],[1,11]],[[961,36714],[-26,-63],[-4,14],[-6,9]],[[845,36691],[-5,20],[-7,8],[-21,10],[-47,64],[-2,18]],[[688,36776],[22,15],[20,5],[9,-1]],[[764,36702],[19,-40],[-109,-1],[-2,21]],[[696,36732],[-2,28],[-6,16]],[[1063,36263],[1,-40],[-51,2],[-23,17],[-9,0],[-5,27]],[[976,36269],[-2,45]],[[1062,36311],[-1,-13],[-5,-13]],[[1056,36285],[7,-22]],[[1063,36263],[-87,6]],[[630,36921],[-1,-12],[18,-46],[23,-29],[4,-25],[20,-48],[2,-29]],[[696,36732],[13,-40],[-37,-10]],[[672,36682],[-10,32],[-7,8],[-5,13],[6,1],[-6,24],[-18,21],[-1,21],[-12,47],[-12,23],[-2,8],[-31,41]],[[739,36795],[-16,46],[-10,20],[7,0],[-23,32],[-8,28],[-9,0]],[[702,36942],[13,-28],[16,-15],[5,-18]],[[762,36825],[3,-32],[48,-65],[25,-14],[7,-23]],[[845,36691],[23,-44]],[[868,36647],[-25,-5],[-8,2]],[[835,36644],[-48,-16]],[[787,36628],[-3,31],[-20,43]],[[764,36702],[-25,93]],[[1138,36737],[0,-117],[-8,0],[0,-24],[7,1],[0,-75]],[[868,36647],[23,12],[20,2],[14,13]],[[925,36674],[7,-10],[2,-13],[27,63]],[[605,37122],[1,0],[19,-37]],[[630,37085],[51,-72],[8,-17],[13,-54]],[[702,36942],[-22,1],[0,-22]],[[680,36921],[-50,0]],[[630,36921],[-56,0]],[[574,36921],[-12,29],[-3,25],[-25,37],[-24,64],[-14,25],[-5,21]],[[530,37487],[48,0],[4,-37],[18,-33],[466,8],[-2,-319],[12,0],[0,-172],[62,-1]],[[1138,36933],[0,-55]],[[1138,36878],[0,-141]],[[1138,36737],[-14,-10],[-24,0],[-3,-11],[-45,-4],[-18,7],[-25,-8],[-48,3]],[[961,36714],[10,38],[-5,28],[-25,12],[-9,13],[-6,14],[-16,0],[-10,10],[-5,1],[-17,-5],[-102,-4],[-13,-10]],[[763,36811],[-1,14]],[[762,36825],[-26,56]],[[736,36881],[-2,11],[-4,9],[-15,13],[-14,30],[-15,59],[-14,24],[-15,16],[-27,42]],[[630,37085],[-5,0]],[[625,37085],[-20,37]],[[595,37146],[-24,31],[-4,12],[-6,31],[-12,32],[-8,12]],[[530,37487],[8,-25],[1,-173],[-28,0],[0,-21],[-2,0],[5,-6],[2,-8]],[[463,37232],[-6,-3],[-6,2]],[[432,37221],[-15,19],[-13,27],[0,13],[-7,11],[-30,37],[-14,6],[0,10],[-12,11],[0,4],[3,0],[5,7],[-5,19],[-13,31],[-16,24],[-16,15],[-8,32],[239,0]],[[463,37232],[-14,22],[11,9],[18,-8],[38,-1]],[[516,37254],[25,10]],[[541,37264],[12,-21],[7,-18],[9,-43],[26,-36]],[[595,37146],[10,-24]],[[605,37122],[-114,0]],[[491,37122],[-13,24],[-14,16],[-1,9],[-9,19],[-17,19],[-5,12]],[[432,37221],[9,7],[4,-2],[6,5]],[[451,37231],[7,-2],[5,3]],[[996,36521],[15,4],[31,0],[0,-12],[37,3],[1,6],[57,0]],[[1137,36522],[0,-117],[44,0],[0,-12]],[[1181,36393],[-44,0]],[[1082,36393],[-36,19],[-31,1],[-32,11],[-24,2],[-17,6]],[[942,36454],[7,24],[-7,20]],[[1082,36393],[55,0]],[[1137,36393],[-1,-81]],[[1136,36312],[-74,-1]],[[1062,36341],[7,16],[-1,38]],[[1071,36398],[11,-5]],[[972,36357],[-28,69]],[[944,36426],[2,6]],[[946,36432],[15,-7],[22,-1],[29,-10],[32,-1],[12,-6],[15,-9]],[[1071,36398],[-3,-3]],[[1068,36395],[0,-39],[-6,-15]],[[1062,36341],[0,-30]],[[1062,36311],[-88,3]],[[974,36314],[-2,43]],[[850,36645],[18,2]],[[868,36647],[11,-12],[30,-65],[13,8],[7,14],[67,0],[0,-71]],[[996,36521],[-7,-11],[0,-13],[-47,1]],[[942,36498],[8,-22],[-8,-22]],[[942,36454],[0,-22]],[[942,36432],[-11,3],[-12,13],[-10,6]],[[909,36454],[8,20],[-9,26],[-16,18],[-5,15],[12,29],[-20,33],[-4,0],[-23,31],[-2,19]],[[1458,35306],[13,-8]],[[1491,35312],[-1,-33]],[[1484,35192],[2,-55]],[[1372,35159],[0,-49]],[[1349,35159],[-4,0],[-5,21],[2,45]],[[1324,35262],[96,1]],[[1929,35469],[263,1],[0,-254],[-7,-2],[-6,-9],[4,-5],[3,-10],[8,-10],[7,4],[13,-8],[6,12],[22,9],[3,-12],[19,1],[7,-9],[-2,-15],[6,-9],[-3,-9],[2,-16],[10,-3],[21,-14],[0,-11],[4,-5],[1,-21],[-3,-9],[4,-10],[9,-7],[5,-17],[15,-15],[-2,-8],[9,-17],[19,2],[15,-9],[3,-7],[-349,1],[-93,-166]],[[1741,34812],[-1,180]],[[1694,35223],[-9,18],[0,13]],[[1432,35334],[-16,11]],[[1389,35290],[-11,-11],[-31,36],[28,22],[101,108],[2,-14],[-4,-24]],[[1474,35407],[2,13],[3,3]],[[1485,35436],[46,1]],[[1531,35432],[40,-3],[-21,-47],[-9,-8],[-4,-7]],[[1558,35317],[-21,-22]],[[1501,35330],[-9,2],[-1,-20]],[[1491,35312],[-9,3],[-9,-3],[-2,-14]],[[1471,35298],[-5,1],[-34,35]],[[1432,35334],[45,49],[-3,24]],[[1490,35279],[3,54],[8,-3]],[[1501,35330],[7,-13],[21,0],[0,-13],[8,-9]],[[1537,35295],[12,13]],[[1686,35244],[8,-21]],[[1694,35223],[0,-14],[13,-19],[5,-19],[10,0],[9,-14],[13,0],[0,-18],[22,0],[0,-14],[19,0],[0,-17],[11,0],[0,-18],[-34,0],[0,15],[-11,0],[0,-5],[-7,0],[-7,10],[0,-36],[-5,0],[0,-21]],[[1507,35104],[-16,7],[-7,15],[3,19],[-3,47]],[[1484,35192],[9,52],[8,10],[-11,25]],[[1945,35470],[-16,-1]],[[1929,35469],[-2,-62],[-11,1],[-10,-12],[-11,0],[-8,-6],[-2,-16],[-19,0],[-4,-2],[0,-73],[-8,-4],[-12,8],[-5,-3],[-4,12],[-11,0],[-1,-4],[-8,-2],[-7,-6],[0,-19],[-9,0],[-1,-6],[-9,-1],[-15,-13],[-8,-2],[-3,5],[-47,0],[0,30],[-10,0],[0,-28],[-28,0],[9,-12]],[[1685,35254],[1,-10]],[[1686,35244],[-10,0],[0,-3],[-9,-4],[-5,-7],[-8,5],[-9,-13],[-28,15],[0,26],[-19,5],[0,16],[-11,0],[-38,24]],[[1549,35308],[9,9]],[[1558,35317],[18,0],[0,11],[8,-4],[-8,10],[0,12],[-6,2],[-15,12],[0,3],[-30,-1],[2,5],[10,0]],[[1537,35367],[14,20],[20,42],[5,0]],[[1389,35290],[27,55]],[[1416,35345],[15,-10],[27,-29]],[[1458,35306],[-38,-39],[0,-4]],[[1420,35263],[-49,0]],[[1372,35272],[17,18]],[[1263,35414],[49,-54]],[[1247,35300],[2,36],[-3,6],[-22,23]],[[1224,35365],[24,-26],[-1,-39]],[[1247,35300],[9,1],[56,59]],[[1312,35360],[28,-31]],[[1338,35324],[39,-40],[1,-5],[-6,-7]],[[1372,35272],[-1,-9]],[[1371,35263],[-47,-1]],[[1324,35262],[33,-36],[-7,-8],[-8,7]],[[1342,35225],[-3,-38],[6,-28],[-167,-2]],[[1324,35994],[11,-2],[-9,-9],[4,-4]],[[1330,35979],[-8,-9]],[[1303,35938],[11,-23],[11,-17],[1,-18]],[[1261,35855],[-38,40],[6,6],[2,13],[-9,0],[-14,16],[1,-5],[-3,3],[-1,6],[6,9],[-4,-4],[1,3],[19,10],[50,6],[7,6],[6,28],[24,-10],[10,12]],[[1221,35756],[-11,5]],[[1194,35744],[-4,0],[-8,-12],[-29,32],[69,72],[38,-40]],[[1391,35796],[1,-6],[-5,-16]],[[1355,35777],[-62,9],[-4,0]],[[1279,35776],[-6,7],[39,38],[13,18]],[[1429,35957],[-9,-35]],[[1413,35909],[-22,-113]],[[1391,35796],[-66,43]],[[1320,35855],[7,40],[-24,43]],[[1303,35938],[5,8],[2,-2],[19,19],[-7,7]],[[1322,35970],[18,17],[1,4]],[[1341,35991],[22,13],[12,3],[7,-8]],[[1382,35999],[31,-13]],[[1413,35986],[17,-17]],[[1430,35969],[2,-2]],[[1126,35829],[24,15],[8,12],[0,8],[-16,31],[-1,10],[3,21],[7,4],[10,-2],[7,-12],[1,-17],[5,-11],[48,-52],[-52,-54]],[[1261,35855],[44,45],[21,-20]],[[1326,35880],[-6,-25]],[[1320,35855],[5,-16]],[[1325,35839],[-23,-29]],[[1267,35848],[-6,7]],[[1262,35855],[5,-7]],[[1267,35848],[-4,-4],[6,-6],[4,4],[29,-32]],[[1302,35810],[-29,-27],[-40,42]],[[1262,35855],[-29,-30]],[[1233,35825],[-59,63],[17,-4],[32,11],[39,-40]],[[1194,35744],[16,17]],[[1210,35761],[13,-5],[6,-10]],[[1268,35728],[-30,-33]],[[1242,35694],[15,-21],[-7,-5],[2,-10],[-4,-4],[-7,2],[-2,2]],[[1239,35665],[-9,3]],[[1223,35663],[2,-6],[-8,-9],[-3,-13],[-8,-4],[-6,1],[-16,13],[8,11],[-6,11],[-10,4],[-1,6]],[[1181,35682],[-3,12],[-6,7]],[[1147,35696],[4,19],[-4,24],[0,3]],[[1147,35742],[0,14],[4,7],[31,-31],[10,14],[2,-2]],[[1220,35409],[3,-41]],[[1161,35473],[-12,13],[94,26]],[[1261,35562],[16,-18],[-28,-28],[-14,-8],[-73,-17],[-13,-5],[-8,9],[18,23],[39,37],[12,5],[32,-1]],[[1238,35695],[50,54]],[[1337,35740],[43,-17]],[[1360,35714],[-70,-73],[-10,12],[-5,1],[-18,17],[-15,23]],[[1242,35694],[-4,1]],[[1223,35663],[7,5]],[[1230,35668],[9,-2],[0,-1]],[[1239,35665],[0,-7]],[[1239,35658],[0,-1],[9,-3],[5,4],[-2,12],[7,1],[28,-23],[4,-7],[-14,-14]],[[1261,35562],[-19,-3]],[[1242,35559],[-33,1],[-14,-8]],[[1191,35612],[37,-1],[-7,8],[-2,6],[1,8],[-5,5],[3,8],[-2,1],[8,9],[-1,7]],[[1109,35599],[2,-8]],[[1090,35583],[-10,1]],[[1080,35589],[3,0],[-4,4],[2,8],[-2,14],[9,4],[11,17],[15,-4],[10,2],[3,5],[6,2],[4,11],[-2,2],[3,4],[14,1],[9,4],[4,8],[13,-10],[6,1],[1,-18],[17,-13],[8,1],[6,6],[4,-5],[0,-11],[8,-11],[-13,2],[-92,-1]],[[1289,35786],[66,-9]],[[1355,35777],[20,1],[12,-4]],[[1387,35774],[-3,-18]],[[1384,35722],[-47,18]],[[1337,35740],[-49,9]],[[1288,35749],[-20,-21]],[[1268,35728],[-25,25],[-7,-8],[-7,1]],[[1229,35746],[-8,10]],[[1221,35756],[39,40]],[[1260,35796],[19,-20]],[[1279,35776],[10,10]],[[1110,35542],[1,53],[-2,4]],[[1109,35599],[14,13]],[[1123,35612],[68,0]],[[1191,35612],[4,-60]],[[1195,35552],[-40,-39],[-12,9],[-15,-2],[-23,3]],[[1276,35627],[84,87]],[[1360,35714],[7,-7],[13,16]],[[1380,35723],[21,-18],[2,2],[13,-16]],[[1451,35660],[-24,-25]],[[1395,35602],[-25,-26],[2,8]],[[1360,35585],[-8,14],[-10,4]],[[1326,35608],[-42,-35],[-23,-11]],[[1261,35562],[15,65]],[[1220,35409],[23,103]],[[1243,35512],[34,32],[5,-8],[8,-34],[27,-32],[-54,-56]],[[1263,35414],[-8,-16],[-31,-33]],[[1224,35365],[-4,44]],[[1377,35510],[-5,4],[-1,8],[6,12],[17,9]],[[1469,35491],[10,-2],[1,-14]],[[1492,35447],[-7,-11]],[[1485,35436],[2,-5],[-8,-8]],[[1479,35423],[-2,1],[-1,21],[-2,-1],[-72,-78]],[[1386,35475],[1,13],[-6,7]],[[1263,35414],[99,99]],[[1368,35523],[5,-4],[0,-8],[4,-1]],[[1377,35510],[4,-15]],[[1381,35495],[8,-10],[-3,-10]],[[1386,35475],[-13,-13],[-1,-20],[28,-14],[-2,-4],[-6,-1],[-5,-5],[8,-9],[-17,-17],[24,-26]],[[1402,35366],[-55,-51],[-9,9]],[[1338,35324],[2,5]],[[1340,35329],[-77,85]],[[1395,35602],[2,6],[3,-1],[8,8],[4,-4],[13,16],[3,-2],[6,7],[-7,3]],[[1427,35635],[55,58],[40,-42]],[[1679,35463],[0,-7],[-19,1],[-11,-6],[-9,2],[0,-32],[-64,-1],[0,9]],[[1576,35429],[-45,3]],[[1531,35432],[0,5]],[[1531,35437],[-45,-1],[6,11]],[[1492,35447],[-1,11],[-7,7],[0,8],[-4,2]],[[1480,35475],[-2,15],[-9,1]],[[1469,35491],[0,6],[-7,8],[0,4],[-5,3],[-6,-1],[-2,9],[-8,2],[-11,13],[1,5],[-8,1],[-5,-4],[-6,4],[-13,-7],[-5,9]],[[1394,35543],[-9,-3],[-1,4],[3,6],[-10,6],[3,7],[-7,1],[-5,4],[6,12],[21,22]],[[1326,35608],[-2,-8],[7,-4],[11,7]],[[1342,35603],[8,-3],[10,-15]],[[1360,35585],[12,-1]],[[1372,35584],[-4,-17],[11,-3],[-2,-9],[10,-6],[-3,-5],[2,-6],[-9,-4],[-6,-13],[-3,2]],[[1368,35523],[-6,-10]],[[1362,35513],[-45,-43],[-26,31],[-9,35],[-21,26]],[[1261,35562],[20,9],[45,37]],[[1413,35909],[7,13]],[[1420,35922],[6,-33]],[[1455,35840],[8,7]],[[1533,35793],[7,-4],[12,0]],[[1552,35776],[-23,-7]],[[1528,35732],[5,-3],[-12,-8]],[[1501,35674],[-19,19],[-31,-33]],[[1451,35660],[-16,40],[-5,6],[-14,-15]],[[1416,35691],[-32,31]],[[1384,35722],[0,34]],[[1384,35756],[0,1],[8,33],[-2,2],[23,117]],[[1429,35957],[-2,4],[5,6]],[[1432,35967],[-5,18],[65,-29]],[[1492,35942],[-6,-17],[-13,-63],[-6,-11],[-12,-11]],[[1455,35840],[-21,22],[-4,-4],[-5,5],[-3,-4],[4,30]],[[1426,35889],[-6,34],[9,34]],[[1492,35942],[0,14]],[[1492,35956],[58,-27],[8,7],[1,21]],[[1559,35957],[21,-6],[4,11],[9,8],[11,4],[12,-19],[-1,-7]],[[1615,35948],[6,-4],[-13,-6]],[[1628,35847],[2,-45],[35,2],[4,-2],[2,-9]],[[1552,35776],[0,13]],[[1552,35789],[-19,4]],[[1533,35793],[0,10],[6,6],[-16,0],[0,5],[-29,0],[-31,33]],[[1463,35847],[10,14],[19,81]],[[1529,35769],[17,7],[6,0]],[[1552,35776],[8,0],[1,-8],[6,0],[1,-4],[3,1],[0,5],[8,5],[19,2],[6,-1],[0,-11],[25,0],[4,3],[3,7],[7,0],[7,5],[-4,7],[18,0],[0,5],[7,1]],[[1671,35793],[0,5],[-6,6],[-30,-4],[-7,3],[0,44]],[[1628,35847],[-5,0],[0,10],[-17,0],[0,18],[4,0],[0,9],[-9,0],[-3,31],[10,23]],[[1608,35938],[14,7],[15,-6],[6,-8]],[[1643,35931],[6,-28]],[[1649,35903],[9,-4],[16,5]],[[1674,35904],[15,0],[7,5],[19,0],[12,16],[2,16],[7,-3],[5,4],[10,1],[8,-13]],[[1759,35930],[14,7],[9,-8],[23,-9],[-5,-7],[-1,-9]],[[1799,35904],[8,-4],[6,2],[21,-8],[7,-8],[7,3],[2,-7]],[[1850,35882],[9,-4],[2,-2]],[[1861,35876],[10,-10],[7,4],[4,-10],[-3,-8],[-6,-6],[-23,-6],[1,-23],[-4,-8],[-10,-2],[1,-9],[-10,-10],[-5,-2],[-11,8],[-6,-11],[-19,-11],[4,-16],[-2,-15],[5,-3],[2,-10],[5,-7],[2,-11],[5,-6],[-1,-11],[45,-5],[37,4],[4,-4],[7,4],[13,0],[4,-4],[25,6],[7,-9],[30,-2],[17,-12],[22,4],[9,-21],[28,-12],[8,-15],[2,25],[7,1],[5,8],[7,0],[2,9],[3,-4],[6,1],[6,6],[5,-1],[10,-10],[2,-5],[-2,-10],[12,-18]],[[2128,35629],[15,-11],[17,-19],[5,-12]],[[2165,35587],[-2,-13],[8,-3],[2,-8]],[[2173,35563],[10,-13],[11,-1],[7,-9],[2,-4],[-11,0],[0,-66],[-247,0]],[[1945,35470],[0,11],[4,0],[0,29],[-11,0],[0,-29],[-21,0],[0,-20],[-147,2],[0,8],[-41,0],[0,-8],[-50,0]],[[1679,35463],[0,39],[-55,0],[0,44],[-8,0],[-1,28],[-23,0],[0,32],[-18,0],[0,4],[-24,25],[3,4],[-22,23],[-9,-11]],[[1522,35651],[-21,23]],[[1501,35674],[12,12],[1,4],[-5,6],[9,10],[-11,14],[7,3],[7,-2]],[[1521,35721],[11,6],[1,4],[-5,1]],[[1528,35732],[-3,7],[6,10],[8,5],[-12,10],[2,5]],[[1374,34963],[-2,196]],[[1372,35159],[15,0],[1,-7],[31,0],[5,5],[9,-18],[8,-3],[4,5],[3,-5],[38,1]],[[1486,35137],[0,-19],[4,0],[2,-7],[15,-7]],[[1507,35104],[0,-27]],[[1489,35074],[-1,-4],[8,-1]],[[1178,35157],[171,2]],[[1349,35159],[-2,-56],[13,0],[0,7],[12,0]],[[1372,35110],[2,-147]],[[1374,34963],[30,1],[1,-4],[54,1],[3,-15],[27,-3],[9,-6],[-5,12],[5,14],[0,14],[-3,0],[2,15],[14,-2],[0,10],[-10,0],[-4,6],[2,3],[0,15],[3,1],[-1,31],[-2,2],[2,1],[-5,10]],[[1496,35069],[-8,0],[1,5]],[[1489,35074],[18,0],[0,3]],[[1507,35077],[42,0],[0,-8],[37,0],[0,9],[22,2],[0,-9],[12,0],[3,-5],[-2,-13],[111,0]],[[1732,35053],[0,-61],[8,0]],[[1740,34992],[1,-172]],[[1056,34594],[-1,0],[2,15]],[[1140,34803],[-24,34],[-7,5],[14,-5]],[[1134,34851],[-6,19],[4,6],[9,2],[3,4],[-5,13]],[[1144,34896],[4,8],[0,1]],[[1741,34820],[0,-8]],[[1741,34812],[201,0]],[[1942,34812],[16,-23],[33,-69],[15,-23],[30,-62],[4,-23],[11,-20],[75,-109],[0,-221],[-573,0],[0,8],[-18,0],[0,-8],[-22,0],[0,-24],[-10,-6],[0,-30],[-5,0],[-6,3]],[[1492,34205],[0,12],[-10,-4],[-18,5],[-8,22],[-8,12],[0,8],[-11,0],[0,16],[-17,0],[0,-17],[-24,0],[0,-4],[-15,0],[1,-27],[-173,0],[0,46],[-138,0],[0,34]],[[1042,34538],[14,13]],[[1059,34568],[-3,26]],[[1056,34594],[41,0],[0,20],[155,0],[1,54],[11,-7],[-1,-4],[7,-7],[5,-1],[-5,-4],[6,-6],[11,1],[9,6],[11,-4],[19,6],[10,-3],[15,-22],[4,-1],[7,6],[5,-13],[6,1],[0,-5],[5,-4],[12,27],[56,0],[3,43],[12,68],[20,-17],[36,-7],[18,5],[6,10],[4,-2],[12,9],[-1,11],[3,4],[7,4],[11,0],[8,9],[8,2],[23,-5],[11,-7],[20,8],[14,-1],[8,-24],[4,1],[2,11],[-6,16],[2,11],[10,5],[13,-2],[10,4],[9,8],[8,0],[20,22]],[[1147,35742],[3,-18]],[[1068,35682],[0,10],[-2,6],[-5,2],[1,14],[-4,9],[5,25],[-4,25]],[[1150,35724],[1,-10],[-4,-18]],[[1147,35696],[19,-2],[6,7]],[[1172,35701],[7,-8],[2,-11]],[[1181,35682],[-6,-5]],[[1175,35677],[-3,3],[-18,0],[-7,-7],[-23,-4],[-8,-15],[-4,-18],[-8,11],[-15,3],[-6,-7],[2,-10],[-6,-5],[-10,8],[8,8],[-11,32],[2,6]],[[1068,35682],[19,-1],[1,37],[17,0],[7,4],[20,-5],[18,7]],[[1126,35829],[44,-47]],[[1170,35782],[-22,-23],[-1,-17]],[[1147,35742],[-12,7],[-3,23],[-73,1]],[[1059,35773],[-15,29],[0,13],[-7,31],[7,5],[5,-5],[7,-15],[31,-13],[10,2],[12,9],[17,0]],[[1157,35440],[15,-14],[10,-19],[41,-39]],[[1223,35368],[1,-3]],[[1224,35365],[-30,-32],[-20,-34],[2,-132],[2,-10]],[[1178,35157],[-109,-1]],[[985,35408],[-2,-1],[4,-13],[-40,-39],[-23,-5],[-7,4],[-5,7]],[[961,35435],[1,10]],[[979,35468],[-6,24],[6,6],[13,-1],[15,-15],[8,-2]],[[1013,35444],[6,-12],[-12,-18],[-22,-6]],[[985,35408],[-10,14],[-3,0],[0,13],[-3,0],[2,8],[-9,2]],[[962,35445],[4,15]],[[825,35383],[7,11]],[[906,35361],[-17,-30],[4,-40],[-1,-23]],[[836,35290],[-8,-3],[-10,4],[2,-6],[-3,2],[-1,7],[-12,6],[-22,3],[-10,-11],[3,5],[-4,3],[-16,2],[33,7],[16,11],[10,20],[7,37]],[[898,35496],[63,1]],[[965,35488],[9,3],[5,-23]],[[979,35468],[-13,-8]],[[966,35460],[-5,-25]],[[961,35435],[-46,0]],[[898,35496],[11,-19],[6,-42]],[[825,35432],[-2,27]],[[836,35290],[4,-32],[21,9],[31,1]],[[892,35268],[6,-71],[4,-18]],[[903,35155],[-50,-2],[-11,46],[-8,0],[-1,11],[-10,0],[-1,10],[9,0],[-4,12],[3,1],[0,11],[-6,1],[-5,6],[-4,20],[2,0],[4,-19],[9,-6],[0,29],[-4,10],[6,5],[4,0]],[[817,35472],[0,-13],[6,0]],[[823,35459],[2,-33],[7,-8],[2,-10],[-1,-12],[-8,-13]],[[825,35383],[1,-6],[-5,0]],[[821,35377],[-2,19],[-8,4],[-7,12],[-1,12],[8,2],[-21,40],[-1,19],[2,0]],[[1013,35444],[2,36]],[[1015,35480],[33,3],[-1,-53],[5,-47],[23,-57]],[[1075,35326],[-28,-5],[-33,14]],[[1018,35364],[-30,29],[-5,14],[24,6],[12,17],[0,5],[-6,9]],[[825,35432],[23,4],[67,-1]],[[915,35435],[0,-23],[-9,-21],[0,-30]],[[906,35361],[-32,0],[1,-11],[-16,-1],[0,7],[-5,8],[0,30],[-22,0]],[[832,35394],[2,15],[-3,10],[-6,7],[0,6]],[[1030,35328],[18,-7],[27,5]],[[1075,35326],[2,-59],[-9,-48],[1,-63]],[[1069,35156],[-24,0],[-1,23]],[[1030,35179],[0,90],[-3,0],[-1,11],[-10,8],[0,7],[13,16]],[[1018,35364],[-5,-19],[1,-10]],[[1014,35335],[-22,-8],[-31,0]],[[937,35320],[-30,8],[-18,-2],[2,12],[11,13],[4,10]],[[906,35361],[6,0]],[[912,35361],[11,-11],[18,3],[12,7],[34,34],[31,-30]],[[937,35320],[24,7]],[[961,35327],[23,-1],[27,9],[19,-7]],[[1030,35328],[-1,-17]],[[1029,35311],[-12,-14],[-2,-7],[13,-15],[2,-96]],[[1030,35179],[14,0]],[[1044,35179],[0,-23],[-141,-1]],[[903,35155],[-1,24]],[[902,35179],[-10,72],[1,39],[-4,36],[11,2],[37,-8]],[[1087,35463],[15,1],[17,7],[22,24],[20,-22]],[[1161,35473],[-6,-16],[2,-4],[0,-13]],[[1157,35440],[-16,-25],[33,-22],[-24,-34],[-4,-3],[-23,20],[-6,1],[-15,-26],[15,-6],[-15,-21],[-11,5],[-16,-3]],[[1075,35326],[-23,56],[-5,48],[1,31]],[[857,35585],[-48,-1]],[[809,35604],[6,2],[10,29],[-7,10],[1,5],[12,3],[16,-10],[10,0]],[[279,35692],[-5,2],[1,1],[4,-3]],[[240,35755],[5,-14],[6,-5],[13,-8],[19,-1],[2,-6],[-19,-25],[-13,1],[-14,-7],[-15,1],[-9,-3],[-5,-8],[4,-10],[-7,-9],[-3,-14],[-10,9],[-9,2],[-1,19],[-6,7],[-26,10],[-8,0],[-8,-7],[-5,0],[-13,-13],[-9,5],[-7,-5],[-14,10],[-17,1],[-13,-6],[-2,-4],[2,-7],[-4,-3],[-15,-4],[-9,3],[-7,-11],[-14,3],[-9,-4],[1,13],[6,5],[9,1],[-5,6],[8,2],[0,7],[10,3],[7,-3],[14,6],[9,-4],[13,4],[6,11],[15,7],[6,22],[5,2],[11,15],[19,8],[7,8],[21,11],[7,-1],[6,-5],[8,0],[5,-7],[8,4],[-1,8],[5,2],[5,-3],[-2,-5],[3,-2],[30,7],[9,-7],[-5,-12]],[[265,35670],[-2,3],[0,3],[4,-3],[-2,-3]],[[809,35604],[0,-20]],[[809,35584],[56,1],[1,-52],[-81,-2],[-5,12],[-2,1],[-2,-3],[-7,6],[-1,-6],[3,0],[0,-1],[-8,-7],[-4,2],[4,-1],[3,6],[-2,4],[-3,-2],[-4,-6],[4,-4],[-4,5],[3,6],[5,2],[-1,8],[-23,4],[15,-2],[-2,2],[2,-1],[0,4],[14,11],[25,29],[12,4],[2,0]],[[790,35667],[18,1]],[[808,35668],[2,-2],[1,-7],[-9,-8],[3,-8],[9,-5],[1,-7],[-5,-20],[-10,-5],[-16,1],[-30,-41],[-22,-3],[0,4],[6,0],[7,12],[-5,4],[-11,-20],[-8,-1],[7,4],[21,38],[17,5],[21,43],[3,15]],[[928,35496],[-30,0]],[[898,35496],[-69,0],[0,-11],[-12,0],[0,-13]],[[817,35472],[-8,0],[0,13],[-18,0]],[[791,35485],[-1,22],[-3,2],[-7,1],[-4,3],[-4,4],[-3,11],[6,-13],[11,-6],[1,5],[-5,9],[-7,4],[-1,-3],[-1,0],[2,4],[-3,1],[0,0],[11,-4],[5,7],[78,1],[0,12]],[[866,35545],[0,15]],[[902,35560],[1,-6],[25,1]],[[928,35536],[-11,-1],[0,-8],[-21,6],[0,10],[-7,0],[-1,-10],[-10,0],[-1,12],[-11,0]],[[1034,34989],[10,2]],[[1039,35004],[12,2]],[[1055,34994],[4,-49],[-1,-29],[-7,-1],[5,-1],[0,-16],[-3,-13]],[[1034,34861],[-51,-26],[-31,-22]],[[953,34858],[-5,36],[1,24],[28,-13]],[[883,34993],[4,17]],[[897,35011],[12,-7],[35,3],[6,-14],[2,-67]],[[945,34920],[3,-2],[-1,-9],[6,-51]],[[953,34858],[-3,-15],[2,-30]],[[952,34813],[-39,3],[-11,17],[-13,13]],[[901,35155],[2,0]],[[903,35155],[82,0]],[[1050,35061],[-4,-24],[3,-32],[-10,-1]],[[1039,35004],[5,-13]],[[1044,34991],[-19,-2],[-19,13]],[[966,35003],[-14,4],[-20,1],[-16,-5],[-10,1],[-9,7]],[[897,35011],[-10,-1]],[[887,35010],[-3,54]],[[879,35068],[13,32],[14,17]],[[879,35068],[2,-6],[3,2]],[[884,35064],[3,-55],[-4,-16]],[[883,34993],[3,-57],[-5,0]],[[807,34933],[-4,-7],[-2,2],[9,21],[4,23],[-4,27],[-8,11],[1,7],[28,42],[16,33],[6,23],[0,38],[48,2]],[[901,35155],[-3,-14],[-10,-8],[11,2],[2,-13],[5,-5]],[[906,35117],[-19,-30],[-8,-19]],[[966,35003],[21,4],[19,-5]],[[1006,35002],[17,-13],[11,0]],[[1034,34989],[-15,-40],[-6,-5],[-5,-16],[-11,-18],[0,-9],[-20,4]],[[977,34905],[-32,15]],[[945,34920],[4,1],[3,5]],[[952,34926],[0,57],[-8,24],[22,-4]],[[1050,35061],[-39,3],[-8,4],[20,28],[-14,14],[-4,11],[-22,22],[2,12]],[[985,35155],[193,2]],[[1178,35157],[6,-6],[0,-35],[-6,-4],[-4,-25],[-11,-10],[-20,4],[-6,-3],[3,-13],[1,-103],[7,-12],[0,-45]],[[1148,34905],[-4,-9]],[[1144,34896],[-5,-1]],[[1139,34895],[5,-14],[-12,-5],[-4,-7],[6,-18]],[[1134,34851],[-11,-14]],[[1123,34837],[-65,23],[-24,1]],[[1034,34861],[19,24]],[[1053,34885],[4,21],[-1,8],[-5,2],[7,0],[-3,78]],[[1055,34994],[-4,12]],[[1051,35006],[-2,-1],[-3,25],[4,31]],[[973,35652],[11,7],[9,18],[2,39],[10,2],[11,-3],[9,5],[4,8],[11,3],[2,-2],[-2,-6],[3,-2],[3,-13],[10,-5],[1,-3]],[[1062,35588],[-7,-30],[-3,-33]],[[1032,35537],[-5,18],[7,18],[-1,15]],[[857,35585],[0,58]],[[857,35643],[4,2],[4,12],[17,21],[1,22],[19,-9],[0,-131]],[[902,35560],[-36,0]],[[866,35560],[0,25],[-9,0]],[[1057,35700],[-4,-7],[-1,-19],[1,-5],[10,-9],[-6,-12],[2,-17],[3,-8],[7,-5],[7,-14],[0,-14],[4,-1]],[[1080,35589],[0,-5]],[[1080,35584],[-18,4]],[[1062,35588],[-29,0]],[[983,35628],[18,0],[0,6],[35,-4],[0,28],[-13,22],[34,20]],[[1052,35525],[10,62],[28,-4]],[[1090,35583],[10,8],[11,0]],[[1111,35591],[-1,-49]],[[1110,35542],[-5,-19]],[[1105,35523],[-53,2]],[[1048,35461],[4,64]],[[1052,35525],[43,0],[33,-5],[14,2],[13,-9],[-36,-42],[-24,-10],[-8,2]],[[1087,35463],[-15,-8],[-24,6]],[[973,35652],[2,-11],[8,0],[0,-13]],[[983,35628],[-5,0],[0,-40]],[[978,35588],[-75,-9],[-1,112],[18,-12],[19,-5],[20,-13],[1,-8],[-9,-3],[1,-7],[11,1],[10,8]],[[1032,35537],[-2,-11],[22,-1]],[[1052,35525],[-3,-42],[-38,-3],[-18,16],[-8,3],[-20,-11]],[[965,35488],[-4,9]],[[961,35497],[-33,-1]],[[928,35496],[0,40]],[[928,35536],[0,19]],[[928,35555],[33,-1],[-1,-9],[22,10],[20,-10],[27,2],[3,-10]],[[903,35554],[0,25],[58,9],[0,-34],[-58,0]],[[978,35588],[55,0]],[[1033,35588],[1,-14],[-6,-17],[1,-10],[-7,-2],[-21,0],[-19,10],[-23,-10],[2,43],[17,0]],[[851,34802],[-12,-31],[-26,-16]],[[784,34754],[-11,28],[30,17],[5,11],[8,36]],[[843,34604],[19,-79],[-16,-60]],[[756,34465],[-23,36],[-29,32],[-13,8],[1,7],[20,1],[16,10],[16,4],[15,20],[8,22],[3,16]],[[578,35106],[-3,11],[-9,10],[0,15],[-6,7],[-1,18],[-3,4],[0,7],[-4,0],[4,29],[-3,27],[23,1],[-2,-5],[2,-9],[14,-16],[0,-8],[7,-14],[-6,-40],[19,-41],[3,-27],[15,-34],[16,-11],[10,-20],[4,-1],[-7,-6],[-5,4],[-2,-3],[-7,6],[-5,-4],[-9,-9],[0,-4],[5,0],[2,4],[-1,-5],[-5,0],[-1,-8],[14,-22],[16,-7],[4,-5],[-5,5],[-15,0],[-4,-3],[1,-7],[-6,4],[-4,-3],[-8,6],[-6,-3],[-4,3],[-9,59],[-16,43],[-1,21],[-4,6],[2,25]],[[567,35332],[-1,0],[0,1],[1,-1]],[[560,35354],[5,-2],[-2,-1],[3,-16],[-5,7],[-8,-2],[2,5],[-6,4],[11,5]],[[638,34839],[-3,-1],[0,1],[3,0]],[[630,34842],[-2,3],[7,1],[-5,-4]],[[807,34933],[66,0],[0,3],[8,0]],[[881,34936],[-1,-65],[9,0],[0,-25]],[[848,34846],[-32,0]],[[816,34846],[-7,-34],[-6,-13],[-39,-21],[-17,-2],[-18,3]],[[664,34816],[-6,21],[-25,26],[-6,-3],[-8,4],[2,7],[-4,10],[3,5],[9,-10],[24,-5],[-2,-9],[5,12],[-3,-12],[2,-6],[17,-6],[16,2],[31,-6],[18,10],[16,14],[54,63]],[[851,34802],[-11,19],[2,17],[6,8]],[[848,34846],[41,0]],[[889,34846],[20,-25],[2,-63],[-2,-18],[-8,-20],[-5,-28],[-8,-74],[-26,-93],[-29,125]],[[833,34690],[4,4],[-8,35],[9,31],[-2,9],[6,7],[3,13],[6,13]],[[629,34760],[2,6],[2,-9],[10,-2],[-7,-3],[-3,-3],[1,-4],[-3,-2],[-2,17]],[[632,34793],[-3,2],[4,3],[0,-3],[-1,-2]],[[759,34708],[-10,19],[-16,15],[-17,3],[-24,11],[-31,-2],[-1,6],[6,16],[-7,19],[5,21]],[[664,34816],[23,0],[25,-27],[17,-10]],[[729,34779],[23,-3],[21,6],[14,-36],[-17,-14]],[[756,34465],[90,0]],[[846,34465],[-1,-16],[8,-25]],[[819,34272],[-37,0]],[[782,34272],[7,51],[-10,90],[-7,27],[-16,25]],[[784,34754],[26,6],[3,-5]],[[813,34755],[23,14],[2,-15],[-9,-25],[3,-21],[4,-5],[1,-9],[-3,-4],[-40,-2],[-8,2]],[[768,34684],[-9,24]],[[759,34708],[0,8],[-4,5],[5,3],[-3,2],[11,7],[2,-1]],[[770,34732],[16,15],[-2,7]],[[833,34690],[0,-40]],[[833,34650],[0,-3],[10,-43]],[[843,34604],[-24,0],[-2,17],[-47,0]],[[770,34621],[1,32],[-3,31]],[[768,34684],[2,1],[2,-6],[5,3],[2,-4],[8,6],[-3,3],[2,3]],[[786,34690],[9,-2],[38,2]],[[1140,34803],[15,-6],[-38,-130],[-53,-44],[-7,-14]],[[1057,34609],[-2,-11],[4,-30]],[[1059,34568],[-3,-17]],[[1056,34551],[-2,-3]],[[1003,34538],[6,32]],[[1006,34653],[-17,28],[-24,-18],[-8,-2],[-16,5],[-14,17],[-23,1],[-7,5],[4,30],[9,23],[-1,77],[6,-4],[36,-3],[32,22],[45,25],[14,3],[24,-4],[43,-15],[31,-40]],[[1006,34653],[3,-12],[0,-71]],[[1009,34570],[0,-2],[-6,-30]],[[1003,34538],[51,10]],[[1054,34548],[-12,-10]],[[1042,34538],[-14,-5],[-15,-14],[0,-26]],[[875,34506],[-17,0],[30,112],[8,72],[8,-5],[23,-2],[15,-18],[16,-4],[31,20],[16,-24],[1,-4]],[[923,34282],[0,-10],[-104,0]],[[819,34272],[6,33],[12,30],[14,23],[-1,49],[3,17]],[[853,34424],[-8,29],[2,20],[5,19],[6,14],[10,1],[7,-1]],[[875,34506],[7,-12],[40,-11],[19,0],[26,13],[46,-3]],[[1013,34493],[0,-28],[-10,-15],[0,-14],[-5,-3],[1,-3],[72,1],[0,-123]],[[1071,34308],[-69,0],[-11,-44]],[[991,34264],[-68,18]],[[83325,1265],[2,3],[2,-1],[-4,-2]],[[83056,1285],[12,9],[75,23],[25,14],[9,-11],[112,43]],[[83490,1278],[12,-9],[-4,-9],[6,-3],[-5,-13],[3,-8],[8,-8],[-12,-1],[-4,-4],[-5,-15],[-10,-11],[-2,-8],[13,-16],[-7,-4],[-12,21],[-4,2],[-2,12],[-33,18],[-12,-6],[-5,2],[-10,11],[-8,2],[4,3],[-23,1],[-28,33],[-10,4],[-8,-1],[-16,-6],[-16,-13],[-3,-8],[2,-6],[3,-3],[-6,-6],[-9,-1],[2,-1],[-4,-1],[13,2],[-2,-4],[8,1],[-1,-3],[-21,-5],[-5,5],[4,-5],[-18,-7],[-23,-16],[-19,-1],[-12,-6],[-16,-21],[-7,-20],[-4,-6],[5,5],[-2,-4],[-24,-12]],[[83525,1178],[-16,-3],[-5,1],[3,3],[-5,7],[-8,3],[-7,7],[12,28],[31,9]],[[83325,1244],[5,5],[6,0],[6,-9],[-17,4]],[[83313,1241],[-4,2],[-5,-2],[3,6],[2,-3],[4,0],[2,5],[5,-3],[0,-4],[-4,3],[-3,-4]],[[83323,1236],[-7,-3],[-2,3],[4,1],[5,-1]],[[83299,1239],[3,0],[2,-3],[-4,1],[-1,2]],[[83206,1182],[7,5],[-9,-7],[2,2]],[[83301,1241],[2,1],[1,-4],[-3,3]],[[83305,1245],[-2,0],[0,1],[2,-1]],[[83328,1254],[3,2],[1,-1],[-1,-1],[-3,0]],[[83312,1250],[0,0]],[[83332,1256],[2,-1],[-2,0],[0,1]],[[83304,1247],[1,2],[1,-2],[-2,0]],[[83308,1248],[0,2],[1,0],[-1,-2]],[[83318,1252],[1,-1],[-1,0],[0,1]],[[83304,1242],[-2,2],[1,0],[1,-2]],[[83309,1240],[0,0]],[[83308,1238],[1,0],[0,-1],[-1,1]],[[83316,1250],[0,0]],[[83302,1245],[0,1],[1,0],[-1,-1]],[[83312,1234],[0,0]],[[83317,1251],[0,1],[1,-1],[-1,0]],[[83301,1245],[0,0]],[[83312,1251],[-1,1],[1,0],[0,-1]],[[83333,1254],[0,0]],[[83321,1244],[0,0]],[[83305,1249],[0,1],[1,-1],[-1,0]],[[83301,1239],[0,0]],[[83307,1250],[-1,0],[1,1],[0,-1]],[[83308,1250],[-1,0],[1,1],[0,-1]],[[83303,1248],[1,0],[0,-1],[-1,1]],[[83310,1240],[0,0]],[[83680,1246],[-4,-17]],[[83595,1247],[-83,-17],[-11,12],[3,14],[-6,4],[3,10],[-11,8]],[[83490,1278],[7,22],[-26,7],[-1,7],[-114,22],[-15,18],[-24,-18],[-28,27]],[[83289,1363],[22,7],[15,12],[14,2],[16,9],[13,12],[-3,9],[20,14],[20,3],[5,-12],[11,-5],[12,9],[17,-6],[0,-4],[13,-1],[7,-3],[17,10],[9,1],[7,-4],[7,5],[19,4],[20,30],[61,42],[19,-18],[10,-20],[7,32],[5,-1],[-3,-14],[15,-2],[-6,-25],[51,-8],[-1,-8],[-5,-1],[1,-5],[25,6],[19,-17],[47,16],[-5,-23],[37,-5]],[[83525,1178],[5,12],[12,1],[0,-3],[6,0],[5,17],[-24,-3],[1,31]],[[83530,1233],[65,14]],[[83595,1247],[-3,10],[47,6],[7,-36],[30,2]],[[83676,1229],[-24,-78]],[[83666,1150],[5,-55],[-38,-5],[-15,-18]],[[83641,985],[-11,0],[-8,8],[-37,10],[-6,9],[-20,11],[-5,6],[-1,10],[17,10],[6,-1],[-2,5],[9,10],[-4,13],[-14,13],[-4,15],[-4,-7],[-6,-3],[0,-3],[-4,-1],[-14,2],[-7,-3],[-14,10],[-4,6],[2,7],[-4,24],[-4,1],[-3,7],[6,9],[-4,5],[4,4],[1,9],[19,7]],[[83757,830],[33,8]],[[83824,817],[16,-6]],[[83835,802],[2,-2],[-3,-13]],[[83832,769],[-4,-1],[-8,9],[-20,2],[-13,-2],[-1,-6],[-7,-4],[-11,13],[1,11],[15,7],[-4,1],[2,4],[-8,4],[-2,-6],[-5,2],[-18,-14],[-9,0],[-4,17],[7,3],[-1,6],[5,7],[-12,0],[-2,5],[14,6]],[[84282,985],[0,11],[1,1],[5,-10],[-6,-2]],[[84098,968],[-4,-1],[-2,4],[7,1],[-1,-4]],[[84210,984],[-1,-1],[0,4],[1,-3]],[[84104,973],[-1,3],[0,1],[1,-1],[0,-3]],[[84101,973],[0,0]],[[83911,792],[-12,2]],[[83869,891],[-27,14],[-14,16],[5,23]],[[83820,963],[56,18]],[[83865,1106],[12,-10]],[[83932,1112],[18,3],[11,-9],[0,-10],[4,-4],[-8,0],[2,-6],[4,-1],[0,-8],[15,-6],[1,-6],[6,-1],[-4,-10],[9,-6],[-7,-1],[-1,-3],[6,-1],[1,-8],[12,2],[-1,-6],[8,-2],[1,-8],[9,-5],[-2,-2],[5,-11],[16,-9],[26,-2],[17,3],[-5,0],[10,4],[4,8],[-4,-9],[10,-6],[6,-8],[-33,7],[-7,-9],[2,-9],[-3,1],[-2,-2],[0,0],[3,-1],[4,-13],[13,-12],[7,0],[12,-6],[7,3],[30,28],[3,21],[15,-4],[10,8],[4,-6],[-4,-13],[3,-14],[9,-14],[12,-6],[26,-1],[39,10],[83,0],[42,-15],[8,-7],[7,-14],[25,-18],[9,-13],[-14,0],[-45,24],[-58,4],[-80,-21],[-26,-13],[-35,-24],[-32,-33],[2,-7],[18,-16],[1,-11],[-27,-50],[1,-9],[-12,-22],[-5,-22],[4,-17],[7,-9],[7,-4],[27,5],[3,-8]],[[84105,624],[-9,9],[-6,-1],[-4,6],[-1,10],[5,9],[-1,12],[-6,2],[3,3],[0,4],[-13,13],[-19,-3],[-13,-6],[-10,1],[-13,-10]],[[83756,964],[25,-10],[14,2],[1,-28]],[[83703,894],[9,11],[9,4],[-2,3],[6,5],[1,1],[0,1],[-6,-7],[-13,-2],[-16,-10],[-7,14],[10,10],[-13,-5],[-9,19],[-11,4],[1,5],[-4,-2],[-4,5],[-5,1],[1,16],[7,8],[10,0],[2,9]],[[83835,802],[3,0],[2,9]],[[83840,811],[36,-10]],[[83897,818],[2,-24]],[[83899,794],[19,-3]],[[83904,588],[-4,2],[-11,-4],[-3,12],[4,4],[0,9],[4,6],[1,16],[-1,10],[-5,7],[5,2],[15,19],[0,18],[-13,23],[-6,19],[-12,8],[-5,8],[6,5],[-2,10],[-34,11],[-11,-4]],[[83832,769],[1,6],[6,0],[2,10],[-7,2]],[[83834,787],[3,10],[-2,5]],[[83703,894],[6,-1],[25,10],[13,1],[16,-13],[7,9],[-1,3],[5,2],[7,-7],[9,4],[-8,8],[5,1],[-2,6],[6,3],[-1,6],[6,2]],[[83796,928],[0,35]],[[83814,961],[6,2]],[[83820,963],[2,-5],[8,-7],[3,-7]],[[83833,944],[-5,-22],[10,-12]],[[83805,853],[-14,-15],[-34,-8]],[[83757,830],[-10,3]],[[83747,833],[-9,-4],[-3,10],[11,9],[1,12],[10,13],[-3,4],[-7,0],[0,-5],[-13,-10],[-5,5],[-10,2],[-3,8],[-13,6],[-1,5],[1,6]],[[83838,910],[31,-19]],[[83869,891],[-1,-9],[6,-9],[20,-4],[5,-17],[8,-1],[1,-6],[7,-3],[-8,-1],[-7,8],[-5,-9],[7,-4],[-5,-18]],[[83897,818],[-17,3],[-4,-20]],[[83876,801],[-52,16]],[[83824,817],[-4,-2],[-6,5],[-21,6],[-4,7],[1,5]],[[83790,838],[15,15]],[[83805,853],[8,3],[-7,14],[1,7],[-7,10],[38,23]],[[83669,984],[-4,-10],[-8,0],[-3,5],[-12,5],[-4,-1],[-4,-7],[1,5],[-5,4],[1,1],[10,-1]],[[83641,985],[4,9],[11,-6],[8,6],[-25,61],[-13,4],[-8,13]],[[83618,1072],[1,2],[14,16],[37,4],[-1,28]],[[83844,1121],[21,-15]],[[83865,1106],[-41,-43],[32,-26],[-2,-1],[3,-6],[8,-5],[11,-44]],[[83876,981],[-38,-9],[-24,-11]],[[83814,961],[-18,2]],[[83796,963],[-1,-7],[-8,-3],[-31,11]],[[83756,964],[-38,-11],[-1,13],[-4,7],[-5,-3],[-8,10],[-9,-5],[-7,13],[-7,-5],[-8,1]],[[83918,791],[-7,1]],[[83911,792],[2,14],[18,-3],[54,11],[28,-10],[2,-24],[8,2],[2,-7],[4,1],[1,-4],[-7,-1],[4,-55],[-9,-43]],[[84018,673],[-34,12],[-21,0],[-12,-5],[-2,-7],[8,-17],[-3,-5],[1,-9],[-2,-9],[-10,-5],[-16,-26],[-6,-18],[-6,-3],[-11,7]],[[83904,588],[6,17],[8,7],[6,17],[-5,23],[9,-2],[3,15],[-3,13],[2,11],[-6,6],[5,22],[-3,2],[-3,19],[5,-1],[1,10],[10,-1],[0,18],[-5,1],[3,6],[-22,4],[3,16]],[[84100,158],[-1,0],[0,1],[1,-1]],[[84100,161],[-1,0],[0,1],[1,-1]],[[84089,169],[-2,3],[1,1],[2,-1],[-1,-3]],[[84087,273],[0,0]],[[84102,206],[-4,-8],[5,-3],[0,-9],[-4,1],[-4,-7],[-12,13],[-6,13],[-6,2],[2,4],[-2,6],[-6,5],[1,4],[-4,0],[-6,8],[-2,8],[31,5],[5,-6],[3,-11],[-3,-2],[12,-23]],[[83912,204],[-1,-4],[-3,0],[2,4],[2,0]],[[83844,464],[0,0]],[[84086,273],[0,0]],[[84086,271],[0,0]],[[84081,290],[0,1],[1,0],[-1,-1]],[[84082,290],[0,0]],[[83873,490],[-1,0],[1,1],[0,-1]],[[84105,624],[2,-2],[14,24],[40,6]],[[84161,652],[0,-12],[6,-10],[6,-3],[11,4],[9,-4],[16,-19],[3,-13],[11,-18],[-4,-9],[4,-20],[-6,-7],[0,-13],[12,-15],[-4,-2],[-11,13],[-15,3],[-9,8],[-3,8],[-19,0],[-6,-7],[2,-11],[6,-8],[5,-1],[1,-7],[-4,-4],[-7,7],[-12,-5],[-3,-5],[4,-12],[4,-6],[9,-2],[7,-8],[7,-26],[6,-9],[7,-3],[10,2],[14,8],[9,14],[3,11],[-3,8],[-6,5],[-15,3],[-2,18],[-4,7],[7,1],[1,-8],[3,-2],[15,1],[7,5],[-1,12],[5,-1],[6,-7],[-1,-5],[10,-6],[7,-10],[-4,-11],[5,-8],[0,-5],[-5,-1],[3,-5],[-1,-6],[3,-1],[-2,-8],[9,-5],[2,-6],[-4,-5],[-4,2],[0,-7],[-6,8],[-17,-2],[-29,-8],[-19,-11],[-2,-12],[12,-13],[3,-18],[-9,-13],[0,-5],[-5,-7],[-8,-1],[-1,-7],[8,-5],[-6,-10],[-9,0],[-7,5],[-6,-6],[-3,3],[-29,-5],[-42,-16],[0,-5],[-5,-1],[-1,-6],[-4,1],[-9,-7],[-54,-3],[-40,-11],[-48,-20],[0,-8],[-11,-11],[0,-4],[-8,2],[-4,10],[-15,0],[-2,7],[10,4],[0,8],[-8,8],[-11,5],[6,11],[8,3],[6,11],[7,5],[2,23],[-7,18],[-11,14],[-9,7],[-11,2],[-4,-3],[-6,5],[2,15],[5,5],[-4,3],[0,4],[6,6],[-5,13],[8,-2],[6,5],[2,6],[-2,16],[-7,11],[-21,10],[-4,7],[9,6],[12,-2],[5,5],[9,18],[-3,3],[4,3],[-2,10],[11,-1],[-2,-8],[7,-4],[-7,-5],[1,-18],[-11,-4],[-1,-9],[14,-13],[23,-8],[4,-30],[-1,-18],[-4,-12],[13,-13],[14,-19],[1,-6],[-5,-6],[-1,-9],[7,-11],[1,-11],[6,-6],[16,-7],[39,-7],[15,3],[24,12],[15,15],[-2,6],[5,9],[-3,4],[2,7],[-10,10],[9,11],[-1,6],[-6,4],[-5,20],[11,14],[-1,14],[17,9],[0,15],[-6,14],[-15,19],[-16,9],[-12,-9],[-20,3],[-9,-14],[-7,-2],[-4,-4],[11,26],[-8,13],[0,7],[4,-1],[8,6],[6,16],[-1,11],[-5,2],[-5,10],[11,-2],[7,7],[0,16],[-3,7],[5,7],[0,8],[20,18],[1,24],[26,17],[14,-5],[9,-25],[13,-4],[9,6]],[[83314,1119],[-49,-29]],[[83166,1124],[24,11],[9,28],[21,21],[31,4],[37,21],[12,1],[6,6],[11,-2],[10,8],[36,-1],[34,-24],[7,1],[4,-6],[17,-5],[10,-11],[3,-13],[13,-6],[3,-10],[7,2],[7,-8],[5,4],[7,-2],[0,-13],[12,-22],[-2,-9],[-3,0],[2,-11],[-4,2],[0,-6],[-7,-2],[2,6]],[[83493,1030],[-4,-6],[4,-3],[0,-4],[-8,-1],[-4,-4],[0,-4],[6,-4],[3,6],[5,-10],[6,5],[3,-12],[-8,-3],[-7,5],[-4,-8],[5,-6],[-23,-3]],[[83256,818],[-12,2],[-9,4]],[[83210,845],[1,8],[-15,3],[3,18],[-29,5],[2,11],[10,-1],[2,7],[4,-1],[1,4],[12,-2],[3,16],[11,-2],[3,11],[22,-3],[3,14],[12,-3],[2,6],[14,1],[9,17],[5,-1],[2,8],[-9,14],[10,6],[-4,4],[12,8]],[[83277,1097],[37,22]],[[83314,1119],[-3,17],[35,4],[6,-34],[44,-7],[4,8],[12,-3],[16,39],[5,0],[9,-23],[-1,-13],[16,-5],[-1,-14],[10,0],[3,-3],[5,4],[6,-1]],[[83480,1088],[-2,-13],[14,-1],[3,-6],[4,1],[2,12],[13,-8],[8,-11],[13,1],[4,6],[15,0],[4,-5],[-19,-8],[-10,-10],[-33,14],[-5,-6],[3,-1],[-2,-5],[3,4],[8,-4],[2,-5],[8,1],[-12,-13],[-8,-1]],[[83493,1030],[-9,5],[-1,11],[-12,-7],[0,-4],[-13,-15],[-42,7],[-30,-11],[-20,3],[-1,-4],[-13,3],[3,13],[-9,2],[-1,-7],[-13,2]],[[83332,1028],[-12,15],[-4,9]],[[83574,969],[12,4],[6,-3],[5,2],[16,-5],[7,-11],[-12,-4],[-12,4],[9,-12],[-4,-3],[-6,3],[-6,-7],[8,1],[-1,-4],[3,-2],[6,4],[2,-12],[6,-1],[3,11],[-5,8],[5,6],[12,-2],[6,-6],[14,-1],[12,-10],[-4,2],[7,-8],[1,-12],[-7,-7],[-7,1],[-1,-12],[-7,-4],[-7,-17]],[[83572,908],[-2,3],[-3,3]],[[83564,910],[-3,3],[7,8]],[[83473,923],[17,15],[7,-8],[28,11],[5,13],[13,-5],[2,3],[3,-3],[2,4],[11,8],[3,11],[2,-4],[8,1]],[[83574,969],[12,-12],[-22,-15],[17,-8],[-2,-4],[-7,1],[1,-9],[-5,-1]],[[83568,921],[-11,-11],[-5,2]],[[83555,908],[-8,-9],[3,-2]],[[83532,896],[1,-4],[-4,-2],[4,-5],[-2,-3],[6,-3]],[[83535,851],[-6,-1]],[[83500,814],[-12,-5]],[[83442,891],[26,19]],[[83467,978],[11,3],[10,-3],[2,5],[7,-1],[5,4],[-3,-3],[2,-5],[8,-7],[7,1],[7,-11],[5,-1],[1,-13],[-15,-12],[-11,-1],[-3,-4],[-11,8],[-16,-15]],[[83473,923],[0,-4],[-5,-9]],[[83468,910],[-11,-9]],[[83415,927],[9,32],[14,10],[-6,6],[6,1],[1,5],[18,-5],[4,2],[-3,-2],[4,-1],[0,-4],[7,-1],[-2,8]],[[83555,908],[-3,4]],[[83552,912],[12,-2]],[[83564,910],[3,4]],[[83567,914],[5,-6]],[[83572,908],[-4,-5],[4,-3],[10,6],[29,4],[24,-38]],[[83635,872],[-2,-3],[-4,4],[-10,-3],[-8,2],[-18,-5],[-5,-8]],[[83585,854],[-11,-12],[-4,0],[-2,3],[5,1]],[[83573,879],[3,3],[-28,19],[7,7]],[[83056,1285],[8,-14],[34,-28],[7,5],[13,-12],[-7,-6],[7,-22],[-5,-1],[3,-8],[-5,-2],[3,-7],[12,4],[14,-16],[11,-38],[10,-11]],[[83161,1129],[-24,3],[-9,-3],[-20,-18],[3,-4],[27,19],[28,-2]],[[83166,1124],[36,-49],[38,23],[-15,21],[13,8],[27,-37]],[[83265,1090],[12,7]],[[83277,1097],[14,-19],[23,14],[6,-2],[-2,-9],[4,-1],[4,-8],[-8,-9],[-2,-11]],[[83316,1052],[16,-24]],[[83332,1028],[-16,-14],[-6,-22],[-8,2],[-2,-6],[-4,5]],[[83296,993],[-12,-7],[-169,60],[-59,29],[-5,-29],[-14,-18],[-19,10],[-2,-4],[8,-6],[-6,-10],[-25,13],[-29,-1],[-16,34],[-10,-4],[-10,19],[4,14],[-39,13],[-8,24],[4,3],[-1,8],[8,0],[9,9],[5,0],[3,6],[8,2],[8,20],[10,0],[45,39],[3,10],[17,19],[14,29],[12,-3],[9,2],[17,11]],[[83537,879],[-7,8],[2,9]],[[83532,896],[7,-5],[4,5],[7,1]],[[83550,897],[-2,4],[27,-17],[-2,-5]],[[83573,879],[3,-3],[-6,-6],[6,-10],[-6,-9],[3,-5]],[[83573,846],[-5,-2]],[[83546,850],[-11,1]],[[83535,851],[-3,10],[7,8],[-4,2],[2,8]],[[83336,527],[-5,7]],[[83362,554],[-4,-7],[2,-2]],[[83598,622],[16,-2],[3,1],[-1,5],[74,-14]],[[83655,500],[15,-13],[-1,-4]],[[83661,476],[5,-4],[-3,-4],[1,-7],[-3,-5],[-5,0],[-9,7],[-2,7],[-2,1],[1,1],[1,2],[-4,-1],[3,-5],[-4,-3],[1,-2],[-3,-3]],[[83642,444],[-7,-28],[-3,-6]],[[83577,364],[-8,17]],[[83642,444],[4,4],[-7,8],[-3,-2],[-3,9],[5,-3]],[[83638,460],[6,8],[3,-6],[12,-7],[8,7],[0,6],[13,-7],[-10,-9],[-4,-8],[16,-20],[-3,-3],[-1,-7],[3,-5],[0,-6],[-3,-3],[1,-5],[-10,-12],[-3,-13],[3,-5],[10,-1],[-4,-4],[7,-5],[-4,-19],[5,-4],[5,-13],[4,-2],[-2,-5],[3,-2],[-1,-6],[3,-2],[-1,-7],[6,-5],[4,-16],[-2,-2],[2,-8],[-4,0],[1,-7],[8,-6],[12,-19],[-3,-2],[1,-6],[-17,-10],[0,-6],[-7,-1],[-2,-4],[-5,-2],[-9,4],[-19,-11],[-21,5],[-9,11],[0,6],[-8,6],[1,6],[-7,4],[-3,12],[-6,2],[-4,12],[1,6],[-10,11],[0,8],[-3,0],[1,5],[-8,8],[2,5],[-7,1],[-2,3],[2,13],[3,2],[-6,3],[-1,9],[-5,-7],[-5,15],[2,5],[-4,4],[2,10],[-2,4],[10,11],[4,-10]],[[83577,364],[41,-18],[12,1],[3,5],[-6,2],[0,14],[-5,3],[0,8],[-11,3],[-2,8],[-5,3],[3,7],[21,-3],[1,14],[3,-1]],[[83632,410],[8,22],[2,12]],[[83534,322],[-2,5],[4,-4],[-2,-1]],[[83529,319],[0,0]],[[83527,319],[0,0]],[[83527,320],[0,0]],[[83528,312],[3,0],[-5,-1],[2,1]],[[83524,310],[1,0],[1,-1],[-2,1]],[[83338,523],[-2,4]],[[83336,527],[7,4],[11,-15],[0,-8],[5,-4],[-11,-6],[-1,-3],[5,-3],[-10,-10],[-3,1],[3,-8],[-7,-2],[10,-23],[33,4],[16,8],[-2,-9],[-7,1],[-1,-3],[7,-2],[-4,-18],[3,-1],[11,-15],[4,0],[0,-8],[19,0],[8,-8],[43,38],[24,-4],[1,-7],[12,-2],[-1,-8],[19,-2],[-4,-17],[15,-3],[-2,-11],[30,-2]],[[83569,381],[4,-7],[-11,-11],[2,-5],[-17,-2],[-11,-14],[-6,-3],[-4,-14],[-4,-4],[5,-9],[-4,1],[0,-4],[-1,5],[-2,-3],[0,2],[-1,0],[0,1],[-1,-1],[2,-1],[-8,-2],[-1,-5],[10,-2],[18,12],[11,-11],[-10,-10],[2,-13],[-2,-11],[-3,-5],[-8,-3],[4,-8],[-16,-6],[-1,-10],[-2,-3],[4,0],[0,-7],[-6,2],[-1,-3],[9,-12],[-8,-5],[2,-8],[-8,-10],[-3,4],[-9,0],[-7,-8],[2,0],[-1,-2],[3,2],[3,6],[8,0],[7,-17],[-17,-11],[-1,-7],[-5,-4],[6,3],[23,-1],[12,-7],[3,3],[7,-5],[10,1],[12,-13],[22,-3],[4,-6],[19,-10],[2,-10],[-3,-15],[-6,-2],[-3,-11],[-7,-2],[-4,-7],[-18,-13],[0,-23],[-3,-2],[-4,2],[-6,10],[-17,10],[-6,-1],[-3,-6],[-4,1],[-1,-4],[-19,6],[-11,-2],[-2,-3],[2,-1],[-6,-3],[-15,0],[-25,11],[-19,-6],[-15,3],[-8,7],[-14,-3],[-17,6],[-24,-11],[-4,-12],[-10,-2],[-30,-24],[-4,-8],[-8,-2],[-7,25],[3,1],[-3,12],[-8,-2],[-6,35],[-21,1],[-6,11],[10,7],[-21,11],[20,13],[19,3],[2,21],[-5,51],[5,22],[19,-4],[-2,9],[17,3],[-3,12],[39,6],[-1,6],[10,1],[-1,6],[-20,6],[-59,10],[3,17],[-5,1],[-2,-10],[-66,6],[2,11],[-17,3],[2,9],[-49,9],[6,26],[-8,1],[1,6],[-14,6],[10,37],[7,-1],[1,4],[19,-3],[4,15],[6,-1],[-2,-6],[15,-3],[7,28],[-16,2],[5,24],[11,3],[13,52],[-4,0],[7,30],[4,-1],[4,17],[7,-1],[5,23],[-4,0],[3,16],[24,-4]],[[83415,927],[13,-8],[18,4],[9,-5],[-4,-2],[5,-6],[-5,-5],[6,-4]],[[83457,901],[-15,-10]],[[83442,891],[28,-17],[-11,-8],[-2,-8],[-6,-4],[18,-11],[0,3],[18,0],[3,-12],[-2,-21],[-3,-2],[3,-2]],[[83488,809],[-41,-11]],[[83442,779],[17,10],[36,5]],[[83506,682],[7,-9],[-1,-10]],[[83502,664],[-6,-20],[2,-4],[-4,-3],[-11,-1],[-14,8]],[[83436,609],[-1,-4],[10,-3],[-1,-9],[-16,3],[-3,-12],[11,-1],[-2,-7],[-27,-21],[-7,6],[8,7],[-11,10],[-32,-25],[-5,-8]],[[83360,545],[2,9]],[[83362,554],[8,3],[-4,13],[-25,-15],[7,-11],[-17,-10]],[[83331,534],[7,-11]],[[83338,523],[-11,-6],[-4,4],[-10,-7],[4,-4],[-4,-3],[-13,19],[-10,-5],[-6,8],[-25,-11],[-5,8],[4,21],[11,-1],[3,19],[-13,2],[-2,-8],[-9,2],[4,21]],[[83252,582],[-39,3],[2,10],[6,-1],[2,9],[-6,1],[11,44],[-9,1],[4,17],[-13,2],[0,177]],[[83210,845],[13,-2],[1,7],[12,-3],[-2,-6],[5,-1],[-4,-16]],[[83235,824],[21,-6]],[[83256,818],[4,16],[-18,5],[2,7],[29,-9],[-3,-3],[38,-7],[2,10],[27,-6],[3,13],[4,-3],[5,6],[-7,8],[5,7],[4,-2],[20,26],[-7,4],[7,17],[-4,1],[6,7],[22,-14],[20,26]],[[83690,612],[40,-6]],[[83732,615],[29,-6],[1,-3],[-8,-12],[-5,-15],[5,-6],[-7,-14],[1,-13],[-28,-10],[-11,-24],[2,-16],[-4,-2],[1,-6],[-4,-1],[0,-15],[-27,-10],[-16,14]],[[83661,476],[8,7]],[[83669,483],[1,5],[-15,12]],[[83655,500],[6,2],[0,4],[8,-1],[-1,6],[13,-1],[-2,4],[4,4],[3,-2],[-1,4],[10,1],[-15,7],[5,11],[-4,24],[9,49]],[[83646,773],[1,9],[-6,0]],[[83633,792],[3,2],[-5,2],[3,2]],[[83645,826],[-4,8],[1,10],[3,7],[10,3],[10,-3],[12,-12],[7,-11],[11,0],[5,-5],[-3,-12],[-4,-5],[2,-11],[4,0],[-2,-3],[8,-8],[5,2],[1,-18],[-12,-1],[-4,-6],[-6,2],[-4,-4],[21,-5],[-4,-8],[3,-7],[-15,-10],[-10,8]],[[83660,736],[-9,7],[-4,-3],[5,6]],[[83529,850],[17,0]],[[83546,850],[9,7],[13,-13]],[[83568,844],[2,-2],[15,1],[-4,-5]],[[83627,816],[-1,-6],[8,-12]],[[83634,798],[-27,-7]],[[83576,771],[-3,-10]],[[83514,760],[-20,14],[22,16],[-21,4]],[[83495,794],[-37,-6],[-16,-9]],[[83442,779],[-13,-13],[-15,11],[33,21]],[[83447,798],[53,16]],[[83500,814],[11,14],[20,3],[-3,3],[10,9],[-9,7]],[[83615,705],[15,-2]],[[83643,715],[5,8],[2,11]],[[83657,739],[4,-3],[1,-3],[-7,-4],[-8,-15],[0,-5]],[[83673,693],[5,-2],[2,-3]],[[83677,685],[6,-9],[-2,-17]],[[83737,614],[-5,1]],[[83732,615],[-2,-9]],[[83730,606],[-115,20],[1,11],[14,22],[0,6],[-6,-1]],[[83585,854],[-2,3],[5,2]],[[83588,859],[2,6],[15,7],[14,-2],[11,3],[3,-4],[8,13],[20,1],[9,6],[2,-3],[3,3],[2,-7],[-5,-5],[3,-2],[-2,-1],[1,-7],[-14,1],[-6,-9],[0,-7],[-9,-1],[-4,-16],[4,-9]],[[83645,826],[-10,-5],[-2,-6],[-6,1]],[[83627,816],[-12,2],[0,3],[-6,2],[1,3],[-6,1],[0,-4],[-4,1],[1,5],[-20,4],[0,5]],[[83581,838],[5,4],[-10,2],[9,10]],[[83647,709],[5,15],[5,8],[5,1],[-2,3]],[[83660,736],[7,6],[4,-6],[9,1]],[[83680,737],[12,-7],[-2,-5],[3,-1],[-4,-1],[-2,-13],[3,-3],[13,-1],[-3,-6],[2,-3],[20,-12],[29,-3],[2,-3],[-2,-6],[2,-6],[9,-1],[-3,-6],[6,-32],[-4,-19],[-24,5]],[[83737,614],[1,3],[-22,20],[-3,-4],[-37,25],[5,1]],[[83681,659],[1,20],[-5,6]],[[83677,685],[3,3]],[[83680,688],[-7,5]],[[83673,693],[-3,-4],[-13,0],[2,3],[-5,6],[-4,-1],[3,4],[-6,8]],[[83514,760],[20,1],[7,10],[20,3],[12,-13]],[[83573,761],[-1,-8]],[[83620,739],[21,-2],[10,6],[6,-4]],[[83657,739],[-7,-5]],[[83650,734],[-1,-8],[-6,-11]],[[83643,715],[-7,-1],[2,-3],[-3,-4],[-5,-4]],[[83630,703],[-5,3],[-10,-1]],[[83615,705],[-17,-7],[4,-10],[-7,-2],[10,-27],[16,0],[3,5]],[[83624,664],[6,0],[-14,-27],[1,-16],[-19,1]],[[83598,622],[-5,-21],[-16,1],[-2,-15],[-54,-48],[2,26],[-14,34],[-5,-20],[6,-1],[-2,-6],[-26,7],[-20,18],[-26,12]],[[83436,609],[3,15],[10,-4],[5,22],[15,-2],[0,4]],[[83469,644],[20,-8],[8,3],[5,25]],[[83502,664],[10,-1]],[[83512,663],[1,4],[-7,15]],[[83506,682],[8,2],[-8,0],[-6,13],[24,10],[-3,6],[2,2],[0,10],[-8,1],[2,8],[3,-3],[4,12],[-10,17]],[[83607,791],[28,4],[-2,-3]],[[83633,792],[5,-2],[3,-8]],[[83641,782],[7,-2],[-2,-7]],[[83646,773],[6,0],[-9,-8],[14,-4],[-4,-5],[5,-9],[-6,-1]],[[83652,746],[-10,-8],[-22,1]],[[83620,739],[-4,-3],[2,-3],[-9,-2],[-4,2],[-4,11],[-3,-1],[2,-6],[-7,-2],[-2,6],[-19,12]],[[83572,753],[4,18]],[[83576,771],[22,-2],[-2,14],[7,-5],[4,13]],[[84870,669],[2,8],[8,3],[-3,-11],[-7,0]],[[84522,686],[-2,-2],[-1,5],[2,0],[1,-3]],[[84394,826],[-2,1],[-1,1],[3,-2]],[[84922,733],[13,9],[11,2],[10,-15],[6,-3],[-7,-13],[-5,2],[-11,-2],[-4,7],[-9,6],[-4,7]],[[84878,1317],[345,-24],[-9,-40],[60,-12],[0,-1],[-26,-12],[-46,-1],[-1,-4],[-4,2],[0,-6],[-8,-5],[1,-2],[-5,4],[-8,-3],[-19,-25],[-2,-11],[-12,-6],[-4,-14],[-4,1],[-5,-9],[-22,-57],[-7,-27],[-6,-57],[1,-37],[16,-56],[7,-12],[15,-17],[-10,2],[-25,26],[-8,24],[1,15],[-7,6],[-3,9],[3,16],[-2,1],[-2,-17],[-5,0],[-3,-18],[1,-5],[-7,-5],[-5,-9],[3,-10],[-5,-1],[-6,-10],[0,-15],[9,-12],[-4,-3],[1,-5],[-2,7],[-16,9],[-13,-6],[-11,-21],[1,-8],[8,-16],[-4,4],[-9,-1],[-8,-6],[1,-13],[26,-22],[-7,-15],[-9,0],[-5,6],[4,2],[2,7],[-4,12],[-11,9],[-14,-9],[1,-13],[-3,-10],[-5,-5],[3,-12],[-13,-1],[0,-3],[-6,-1],[-6,-11],[-7,0],[0,-10],[-21,-5],[-12,-10],[-20,5],[-9,-3],[-3,-9],[6,-18],[-6,-7],[-22,11],[-8,-6],[-4,6],[-13,3],[-7,-5],[2,-10],[-8,-6],[-1,-5],[-15,17],[-11,4],[-14,-3],[-1,10],[-5,5],[-18,5],[-17,1],[-3,-5],[-6,0],[-3,-5],[-8,-3],[1,10],[-3,3],[5,7],[-20,19],[-13,-2],[-8,-13],[-7,-4],[-12,1],[-7,-7],[-9,2],[-15,8],[-14,-3],[-5,-5],[3,-5],[-2,-4],[-14,-5],[-7,-6],[0,-12],[-9,10],[-20,-4],[2,9],[-2,8],[4,9],[-6,7],[-23,16],[-10,2],[-5,-4],[1,-6],[-7,-2],[-3,-10],[-8,0],[-5,8],[-6,-1],[-6,6],[-4,15],[2,15],[5,6],[6,1],[32,-15],[12,19],[8,6],[9,-3],[10,5],[16,-3],[1,5],[6,1],[1,5],[-3,3],[5,8],[-2,7],[10,4],[13,-2],[2,-10],[12,-6],[-1,-7],[6,-6],[8,1],[4,6],[-11,-3],[-1,9],[-15,7],[-1,13],[-9,-1],[-7,4],[-14,-8],[-2,1],[2,2],[0,1],[-1,1],[-7,-14],[-16,-8],[-11,1],[-4,-7],[-9,-3],[-10,-9],[-10,3],[-3,-3],[-5,1],[9,-10],[-17,9],[-7,-3],[-21,13],[-34,11],[-25,6],[-9,-5],[-11,-1],[2,9],[8,3],[4,7],[0,8],[-10,10],[-1,7],[14,-4],[7,8],[3,10],[11,3],[3,8],[-1,18],[-13,17],[-15,7],[-14,14],[3,5],[-3,9],[7,11],[-3,3],[-13,-2],[-14,30],[-2,18],[-4,2],[18,11],[-1,12],[-5,9],[29,-6],[0,-4],[2,0]],[[84395,812],[-4,5],[5,3],[-1,-8]],[[84394,824],[0,-1],[-1,0],[1,1]],[[84220,1014],[0,1],[1,-1],[-1,0]],[[84030,1115],[-26,10],[-2,4],[12,3],[21,-8],[-7,-4],[2,-5]],[[84018,1136],[0,0]],[[84003,1094],[0,0]],[[84015,1104],[0,0]],[[84020,1131],[0,0]],[[84252,1054],[0,1],[1,0],[-1,-1]],[[83827,1404],[39,-6],[1,6],[23,-4],[3,14],[9,-1],[3,12],[38,-6],[-6,14],[97,-12],[-2,-8],[76,-14],[-7,-32],[88,-13],[5,11],[-4,11],[2,3],[-1,3],[4,2],[10,24],[40,25],[13,-16],[6,-1],[-1,-10],[23,-11],[1,-9],[11,-10],[2,9],[24,-5],[7,39],[35,-4],[4,22],[7,0],[1,5],[20,-3],[60,6],[27,-5],[-7,-6],[-8,1],[-11,-7],[-14,7],[-10,-1],[30,-37],[13,-2],[-17,19],[-2,10],[79,-13],[9,40],[13,0],[2,-2],[-1,-5],[14,1],[-1,-6],[15,-2],[-1,-6],[8,-2],[0,-17],[5,-4],[17,0],[5,-17],[22,-19],[5,3],[22,0],[9,-8],[10,46],[69,-11],[-4,-19],[7,-2],[-1,-14],[18,-3],[4,20],[20,-3],[-1,-4],[15,-2],[-9,-36],[9,-2],[1,7],[14,-2],[-3,-10],[15,-3],[-2,-6],[6,-4],[29,-2]],[[84878,1317],[-4,-16],[-3,0],[-4,-17],[2,-1],[-1,-6],[-4,1],[-1,-4],[21,-3],[-6,-27],[-28,5],[-4,-22],[-7,1],[-4,-22],[-26,4],[-6,-31],[-16,2],[-3,-11],[5,-1],[-2,-12],[-5,1],[-11,-52],[-57,10],[1,-16],[6,-7],[1,-8],[-95,16],[-10,-44],[-10,11],[-13,-1],[-1,-7],[-11,5],[-5,-25],[-32,5],[-5,-1],[-10,-12],[-12,4],[-11,-3],[7,44],[-11,1],[1,7],[-44,6],[-1,-5],[-8,-1],[-19,2],[-10,-55],[-4,0]],[[84418,1032],[-2,4],[-20,3],[-12,6],[8,10],[0,6],[-10,5],[-3,19],[-5,7],[-7,-1],[-6,6],[-10,5],[9,-6],[5,-7],[10,0],[2,-7],[-7,-8],[1,-7],[-4,-3],[2,-8],[6,-3],[-3,-4],[2,1],[-5,-7],[-11,-3],[11,-11],[-14,8],[-13,0],[-15,9],[-29,5],[0,3],[6,-2],[1,5],[-9,11],[0,0],[7,-11],[-12,-1],[-2,-14],[-18,3],[-8,9],[0,16],[-4,10],[-14,4],[-13,-4],[-4,2],[-4,7],[3,9],[-3,-3],[-4,18],[-3,-8],[-4,-3],[5,-2],[1,-10],[-6,2],[0,-3],[-5,4],[-4,-9],[7,-7],[-4,-16],[12,-6],[8,-14],[-1,-8],[6,-4],[-12,-14],[-12,4],[-8,-3],[2,3],[-7,4],[-2,4],[3,5],[-2,11],[-5,7],[1,10],[-11,10],[3,10],[-11,6],[-12,1],[-6,-8],[-8,-3],[-20,-24],[-15,-6],[-5,-6],[2,-12],[-13,-6],[-16,12],[-3,7],[-11,5],[-4,9],[-21,2],[-35,36],[10,-1],[19,14],[11,15],[1,4],[-4,4],[2,3],[-7,5],[-4,-3],[4,-1],[0,-4],[-4,0],[-10,4],[-5,8],[-3,-5],[-7,-1],[-7,15],[-1,-7],[-3,6],[-5,17],[4,7],[-2,1],[-4,-1],[-4,-7],[3,-15],[5,-8],[0,-9],[5,-10],[19,-10],[2,-8],[-3,-1],[2,2],[-9,7],[-17,-4],[-7,-7],[4,-9],[-6,-8],[-6,9],[-13,3],[-7,18],[-1,-6],[-6,6],[-9,0],[-9,-4]],[[83932,1112],[-1,-12],[-9,-9],[-2,-9],[-9,-12],[-3,3],[-1,14],[-7,-4],[-8,15],[-11,-3],[0,5],[-4,-4]],[[83877,1096],[-33,25]],[[83844,1121],[-14,-13],[-25,9],[-5,8],[5,10],[10,-1],[-9,8],[1,3],[-25,12],[-55,-52],[-39,35],[-19,-18]],[[83669,1122],[-3,28]],[[83666,1150],[-14,1]],[[83652,1151],[28,95]],[[83680,1246],[41,-35],[57,41],[-6,6],[72,68],[2,6],[-21,63],[2,9]],[[40538,98635],[-63,1]],[[40440,98665],[-1,57]],[[40457,98731],[23,1]],[[40380,98534],[3,5],[5,-2],[1,11]],[[40395,98546],[1,-3]],[[40400,98549],[24,-3],[-2,-10],[3,0],[-4,-9],[6,-1],[-2,-27],[3,-9],[-20,-10],[-8,2],[3,9],[-2,9],[-5,1],[-2,7],[-13,12],[4,8]],[[40374,98660],[-8,19],[-22,-9],[-3,14],[-6,10],[6,6],[12,2],[24,-10],[13,-12],[9,1]],[[40409,98670],[3,3]],[[40399,98651],[-8,8]],[[40374,98660],[10,1],[4,-5],[3,3]],[[40391,98659],[15,-14]],[[40416,98651],[4,-9],[1,-13]],[[40421,98629],[-3,-3],[-5,0]],[[40396,98625],[5,-4],[0,-8],[-3,0],[-3,-18]],[[40399,98583],[-4,-37]],[[40395,98546],[-6,2]],[[40389,98548],[-3,-12],[-5,9],[1,4]],[[40374,98554],[-10,4],[12,21],[-1,13],[10,35],[-11,33]],[[40382,98549],[2,-9],[-4,-6]],[[40380,98534],[5,-6]],[[40385,98528],[-5,-6],[-9,3],[-9,-6],[-1,4],[-14,0],[0,-4],[7,-2],[-6,1],[-7,6],[-3,6],[2,8],[-8,5],[2,5],[12,1],[0,4],[-5,-2],[2,4],[6,0],[4,10],[9,-5],[4,-5],[8,-1]],[[40374,98554],[-1,-5],[5,-3],[4,3]],[[40416,98651],[-10,-6]],[[40406,98645],[-7,6]],[[40399,98651],[0,16],[11,0],[2,6]],[[40412,98673],[-1,1],[-2,-4]],[[40409,98670],[-10,11]],[[40399,98681],[-6,-1],[1,8],[2,3],[9,1],[-2,3],[9,13]],[[40439,98708],[1,-43]],[[40440,98665],[11,0],[9,-4],[0,-8],[9,-2],[3,-6],[3,0],[0,-9]],[[40475,98636],[-10,-1],[-29,-17]],[[40421,98629],[-5,22]],[[40396,98625],[4,6],[10,-9],[3,4]],[[40413,98626],[8,3]],[[40421,98629],[5,-9],[7,6],[3,-8]],[[40436,98618],[-34,-22],[-3,-13]],[[40399,98583],[-8,9],[4,3]],[[40395,98595],[6,23],[-5,7]],[[40396,98543],[4,47],[6,4],[8,-1],[-2,-2],[2,-9],[7,-1],[0,-10],[10,-10],[-3,-15],[-28,3]],[[40400,98549],[-4,-6]],[[40538,98635],[0,3],[39,0]],[[40565,98591],[-31,21],[-62,1],[-12,-1]],[[40460,98591],[6,-4],[-4,-8],[-25,2],[-13,11],[-3,-8],[3,0],[-1,-1],[-9,-1],[-1,12],[-13,-4],[2,6],[16,12],[53,28],[67,-1]],[[40508,98789],[-2,-6],[-9,-10],[-30,-8]],[[40465,98776],[5,5],[0,6],[-6,6],[8,0],[4,4]],[[40512,98742],[10,24],[24,-12],[3,-24],[-38,2],[1,10]],[[40577,98638],[0,63]],[[40605,98691],[9,-6]],[[40655,98686],[0,23]],[[40733,98686],[1,-118]],[[40698,98568],[-4,3],[-18,-35],[0,8]],[[40602,98567],[-16,18],[-21,6]],[[40565,98591],[0,34],[9,3],[3,10]],[[40515,98793],[-6,2],[-1,-6]],[[40508,98789],[-20,10],[-6,-7],[-6,5]],[[40476,98797],[-11,-5],[-4,11],[-7,-10],[-3,7],[9,23],[6,9],[41,-11],[6,-12]],[[40570,98895],[-4,31],[7,-2],[6,-8],[39,-15],[0,-3],[-7,-2],[5,-2],[35,7],[1,-73]],[[40656,98828],[-1,-142]],[[40655,98686],[-41,-1]],[[40614,98685],[1,29],[-10,20],[-18,10],[-23,22]],[[40460,98612],[79,-2],[22,-17],[26,-9],[15,-17]],[[40602,98567],[14,0],[1,-23]],[[40597,98554],[-5,-18],[3,-3],[-8,-8],[-6,-2],[3,-4],[-5,-8],[-44,-6],[-9,8],[-6,19],[4,5],[-9,11],[-1,14],[5,5],[-1,11],[-6,-14],[-4,0],[-10,-10],[4,-3],[1,4],[6,-2],[7,-25],[2,-11],[-11,-8],[-8,3],[-26,22],[-33,19],[5,18],[15,-1],[8,10],[0,6],[-8,5]],[[40460,98591],[0,21]],[[40439,98722],[0,-14]],[[40439,98708],[-27,0]],[[40412,98708],[8,36],[-2,7]],[[40597,98554],[6,-2],[3,-4],[-1,-4],[12,0]],[[40617,98544],[59,0]],[[40676,98544],[-1,-10]],[[40695,98522],[21,-19],[6,-26]],[[40677,98415],[-1,-18],[-10,-15],[-7,2],[-4,13],[-17,25],[-3,20],[18,32],[14,2],[10,12],[-17,-8],[-10,7],[-8,-16],[-19,-21],[-26,1],[-8,-5],[-11,11],[-9,0],[-1,-12],[-8,-10],[-7,-4],[-1,3],[-8,-7],[0,-17],[-32,7],[-35,33],[56,25],[0,8],[12,14],[15,6],[15,0],[18,24],[6,-1],[0,6],[-7,2],[5,20]],[[40465,98765],[28,8]],[[40498,98732],[-17,0]],[[40585,98747],[18,-10],[12,-23],[0,-28],[-40,27],[5,26]],[[40557,98827],[17,-26],[-5,-29],[-5,1],[0,-7]],[[40564,98766],[-21,20],[-13,3],[4,38]],[[40501,98890],[9,10],[14,8],[19,33],[4,1],[7,-9],[14,-6],[-2,-1],[0,-8],[4,-23]],[[40570,98895],[-4,-21],[-9,0],[0,-47]],[[40557,98827],[-23,0]],[[40534,98827],[0,-3]],[[40567,98764],[18,-17]],[[40585,98747],[-5,-8]],[[40580,98739],[0,-16],[-5,-10],[30,-22]],[[40605,98691],[-2,-15],[-11,8],[-5,10],[-10,7]],[[40577,98701],[0,8],[-82,-1],[-9,10],[-6,14]],[[40480,98732],[69,-2],[-1,28],[11,-2]],[[40439,98752],[26,13]],[[40465,98765],[3,-14],[13,-19]],[[40481,98732],[-24,-1]],[[40457,98731],[-18,-9]],[[40439,98722],[0,30]],[[40498,98732],[-5,41]],[[40493,98773],[8,4]],[[40520,98760],[-7,-14],[-2,-14],[-13,0]],[[40439,98756],[-10,0],[0,-5],[-11,0]],[[40418,98751],[-12,7],[0,9],[-6,12],[3,6],[9,-2],[6,11],[4,-2],[17,-27]],[[40465,98776],[2,-11]],[[40467,98765],[-28,-13]],[[40439,98752],[0,4]],[[40439,98756],[0,9]],[[40439,98765],[-17,26],[10,9],[6,-4],[18,-3],[5,10],[4,-8],[-1,-4],[6,-6],[-5,-9]],[[40501,98890],[0,-16],[16,0],[0,-47]],[[40517,98827],[0,-4],[-7,-7],[-4,5],[-40,11],[11,28],[24,30]],[[40501,98777],[8,18],[21,-6],[-1,-9],[-9,-20]],[[40520,98760],[-19,17]],[[40517,98827],[17,-3]],[[40534,98824],[-4,-35],[-15,4]],[[40515,98793],[4,14],[-6,2]],[[40513,98809],[-3,7],[5,4],[2,7]],[[40567,98764],[-8,-8]],[[40559,98756],[-8,3],[-5,-5],[-8,2],[-16,10],[8,23],[9,-1],[28,-24]],[[40792,98498],[-34,2],[-11,21],[-49,47]],[[40698,98568],[36,0]],[[40734,98568],[-1,72]],[[41109,98408],[-117,-1]],[[41004,98313],[-61,1],[-30,46],[-2,0]],[[40911,98335],[-32,20],[-27,52]],[[40846,98443],[-34,39]],[[41010,98187],[-2,10],[-37,68],[-34,48],[67,0]],[[41004,98313],[0,16],[-6,0],[0,14],[10,6],[-4,9],[-4,1],[0,17],[-6,14],[-2,0],[0,17]],[[40992,98407],[98,0]],[[40902,99815],[-44,5],[-15,7],[-10,-1],[-11,8],[12,16],[7,4],[9,16],[15,4],[13,12],[12,0],[31,13],[20,-2],[11,7],[9,-6],[9,1],[15,-6],[1,-4],[-4,-1],[5,-7],[-1,-8],[-11,-6],[-3,-3],[8,2],[4,-9],[-2,-5],[-27,-18],[-53,-19]],[[41003,99767],[-24,12],[9,11],[29,16],[18,4],[30,20],[10,3],[26,-6],[41,-3],[6,-5],[2,-8],[0,-14],[-7,-16],[-20,-14],[-8,0],[-36,-9],[-23,3],[-12,-3],[-11,8],[-30,1]],[[41080,99928],[-72,26],[3,3],[26,-2],[8,7],[20,3],[9,6],[43,13],[34,15],[13,-16],[5,-11],[4,-17],[-7,-8],[-28,-3],[3,-5],[-5,-4],[-12,-7],[-13,-2],[-31,2]],[[40938,99700],[20,-11],[29,-24],[17,-29],[1,-14],[-23,-19],[6,-4],[-11,0],[-6,-4],[-13,11],[-9,-3],[-18,-17],[-30,-2],[-55,22],[-23,17],[1,5],[33,22],[5,11],[6,3],[10,19],[23,13],[46,-20],[7,-11],[2,-9],[4,-4],[-2,17],[-4,7],[-8,5],[-11,2],[-16,16],[19,1]],[[40816,99485],[-9,2],[-1,17],[13,7],[9,-8],[-12,-18]],[[40845,99513],[2,4],[7,0],[-9,-4]],[[41285,98407],[-39,0],[0,-47],[-40,0],[1,-47],[-117,0],[0,94]],[[41090,98407],[0,1],[19,0]],[[41109,98408],[0,93],[-39,0],[0,15],[-19,0],[-1,172],[-98,0],[0,-109],[-18,23],[0,14],[-83,0],[0,24],[-118,0]],[[40733,98640],[0,46]],[[40733,98686],[-27,0],[0,-6],[-12,0],[0,29],[-39,0]],[[40655,98709],[1,119]],[[40656,98828],[-4,0]],[[40652,98828],[-1,72],[24,3],[5,-7],[-8,-17],[2,-23],[5,-2],[-3,7],[1,20],[9,9],[11,-2],[16,6],[-6,-10],[21,14],[5,-3],[4,4],[17,-2],[1,3],[4,-1],[4,6],[9,-1],[22,-18],[-5,-2],[1,-3],[20,-3],[20,-8],[6,-7],[-1,-16],[15,-24],[6,2],[3,9],[5,6],[3,-11],[-1,-21],[3,13],[-1,17],[-4,5],[-4,-2],[-8,-16],[-4,11],[-10,12],[3,9],[30,-12],[11,5],[24,-3],[3,-5],[14,10],[-2,4],[2,12],[12,12],[8,3],[11,-3],[8,5],[-17,5],[-39,-9],[-3,6],[-8,2],[-3,13],[7,1],[4,9],[-10,-1],[-10,14],[12,31],[10,1],[29,-10],[19,-15],[24,3],[-24,1],[-13,17],[-2,12],[-4,-5],[-5,0],[-24,12],[-4,5],[6,5],[-1,3],[-7,-5],[-8,1],[-2,2],[1,21],[5,13],[-3,3],[-8,0],[8,-4],[-4,-7],[0,-13],[-26,-36],[2,-8],[-5,0],[-8,11],[1,20],[-2,2],[5,14],[1,24],[4,7],[9,50],[20,70],[10,86],[-2,22],[-3,15],[-12,12],[-8,22],[-8,4],[-10,-4],[-8,2],[-10,15],[-9,6],[3,17],[-9,-4],[-10,32],[1,4],[-8,14],[-3,11],[4,7],[-4,20],[4,29],[10,10],[12,20],[9,5],[3,-2],[0,-13],[4,7],[-3,7],[2,7],[25,8],[28,23],[39,12],[16,-13],[-7,-16],[8,-21],[16,-18],[20,-10],[17,7],[11,19],[30,16],[13,2],[10,-4],[44,-2],[7,-8],[-4,-18],[6,-26],[-5,-7],[-1,-5],[29,-25],[33,-4],[17,5],[10,6],[13,18],[5,14],[7,6],[33,-17],[-2,-31],[17,-27],[31,-32],[20,-9],[19,-21],[14,-27],[9,-1],[3,-5],[25,-18],[-5,-10],[-29,-23],[-10,-13],[-8,1],[-13,10],[-10,1],[26,-15],[8,2],[6,9],[3,-2],[3,-40],[-15,-19],[-4,-11],[8,-17],[-2,-12],[6,12],[12,1],[12,7],[29,-4],[9,-4],[1,-8],[-19,-17],[-8,-11],[1,-14],[7,-9],[-7,13],[1,10],[7,10],[9,5],[-3,-13],[2,-13],[2,19],[5,3],[6,-3],[-6,9],[8,13],[-1,7],[-4,6],[-9,3],[-30,4],[-28,-2],[-2,3],[2,7],[17,21],[-3,38],[6,14],[16,9],[12,1],[0,7],[25,21],[29,3],[7,7],[25,-32],[36,-19],[10,-16],[4,-21],[11,-56],[-1,-45],[6,-18],[24,-25],[6,-11],[-4,-22],[-40,-56],[-13,-21],[-3,-10],[8,-15],[15,-10],[3,-5],[-2,-21],[1,-16],[6,-13],[19,-21],[9,-29],[11,-8],[17,-7],[12,-20],[7,-4],[7,2],[8,13],[8,3],[9,-1],[6,-8],[3,-22],[-9,-17],[-14,-4],[-23,3],[-6,-4],[-2,-9],[3,-13],[17,-11],[5,-18],[-4,-9],[-6,-3],[-17,4],[-10,-6],[-5,-12],[2,-16],[3,-4],[23,4],[14,-5],[6,-12],[1,-28],[10,-8],[16,24],[8,2],[16,-7],[9,-15],[-2,-16],[-3,-4],[-22,7],[-11,-3],[-10,-11],[0,-18],[10,-10],[9,0],[7,5],[8,16],[6,4],[10,-3],[1,-11],[-13,-13],[-1,-14],[3,-7],[7,-2],[14,9],[7,0],[7,-1],[7,-9],[-4,-14],[-22,-13],[-3,-9],[4,-17],[10,-4],[15,20],[9,5],[23,-1],[8,-10],[-1,-6],[-19,-15],[-1,-14],[6,-9],[5,-1],[19,9],[13,-6],[4,-6],[4,-7],[-2,-14],[-12,-16],[2,-15],[4,-6],[5,-4],[6,1],[8,3],[16,14],[9,-4],[-1,-13],[-10,-15],[-4,-14],[1,-7],[15,-17],[3,-12],[-4,-27],[-6,-13],[-22,-1],[-14,-9],[-76,8]],[[40858,99519],[-2,3],[2,4],[12,14],[10,-6],[-2,-4],[-20,-11]],[[40852,98408],[22,-47],[7,-8],[30,-18]],[[40911,98335],[0,25]],[[40911,98360],[8,-7],[24,-39],[-6,-2],[34,-47],[34,-59],[5,-19]],[[41010,98187],[0,-156]],[[40791,98237],[-7,7]],[[40817,98283],[18,9]],[[40458,98244],[10,6],[12,-7],[2,-17],[-11,-19],[-3,-2],[-2,3],[-2,-5],[-4,2],[-5,-10],[-2,17],[7,9],[-4,4],[7,11],[-5,8]],[[40694,98274],[-4,4],[7,0],[-3,-4]],[[40496,98213],[-1,-1],[1,3],[0,-2]],[[40730,98284],[61,-47]],[[40791,98237],[20,-39],[17,-6],[5,-7],[17,-2],[5,-17],[19,-21],[14,2],[21,-30],[12,0],[3,-5],[5,1],[16,-10],[5,0],[2,-15],[3,1],[8,-8],[9,-2],[0,-48],[38,0]],[[41010,98031],[314,0],[0,141],[39,0],[0,47],[-19,0],[0,95],[-59,-1],[0,94]],[[41285,98407],[0,21],[61,51],[32,3],[0,-105],[18,-17],[-5,-10],[10,5],[-9,-8],[-11,-3],[5,-30],[69,-88],[19,35],[-2,45],[9,38],[20,28],[40,-17],[26,-48],[-21,-15],[10,-56],[27,-22],[33,60],[48,-40],[20,5],[39,1],[-3,7],[16,3]],[[41736,98250],[76,-7],[-11,-11],[1,-8],[14,-7],[13,-16],[-2,-10],[-11,-10],[-1,-15],[3,-4],[14,0],[4,-6],[-18,-22],[-4,-10],[0,-8],[17,-10],[2,-9],[-3,-3],[-15,-1],[-10,-10],[-5,-13],[1,-9],[10,-15],[-3,-12],[-19,-29],[-27,-22],[-11,-20],[0,-8],[5,-10],[16,-2],[12,-9],[2,-7],[-3,-7],[-4,-3],[-23,2],[-17,17],[-8,-3],[-24,-31],[-6,-28],[-9,-21],[-3,-21],[-46,-32],[-21,-1],[-7,-14],[-17,0],[-11,-22],[-9,5],[-19,-3],[-7,-6],[-6,-15],[-13,-12],[6,-23],[-14,-37],[21,-28],[15,-4],[-6,-23],[4,-36],[-20,-15],[-2,-23],[-7,-12],[-16,2],[-11,9],[-6,-8],[-11,1],[-1,-9],[16,-10],[-3,-20],[-10,2],[-4,-9],[-6,-2],[-15,10],[-12,2],[-15,-22],[-1,-9],[-3,-3],[-9,3],[-4,-5],[-22,-41],[-9,-3],[-5,4],[-6,-1],[9,-17],[6,-37],[-14,-4],[-8,1],[-6,-5],[3,-15],[4,-5],[-11,-31],[4,-36],[-13,-30],[-1,-9],[-118,-1],[1,51],[-42,0],[-1,22],[-19,-1],[-1,47],[-59,-2],[0,7],[-114,0],[0,23],[-78,1],[0,-144],[-393,3],[0,679],[15,-8],[14,-15],[-10,-31],[4,-33],[-7,-23],[9,21],[-2,26],[1,16],[4,6],[4,-2],[6,12],[12,5],[-8,2],[-2,12],[-14,18],[-23,15],[6,5],[-5,4],[-1,16],[7,-4],[2,3],[-6,7],[-11,7],[-4,7],[3,8],[-7,-2],[-4,4],[1,12],[-4,11],[6,23],[-4,13],[31,4],[17,-8],[42,4],[11,-5],[4,-8],[2,6],[18,-3],[8,-6],[7,-16],[12,-44],[14,-26],[24,3],[2,16],[12,-4],[18,11],[-17,-7],[-8,4],[-3,36],[-4,0],[-4,6],[-13,30],[15,35],[-1,2],[-13,-30],[-8,-1],[-20,27],[-2,13],[-6,4],[-5,15],[-26,27],[-15,3],[-26,19],[-4,-3],[-8,4],[-1,-20],[-30,14],[-17,-1],[-4,23],[-15,43],[1,6],[26,-11],[15,-15],[18,3],[3,11],[-10,-8],[-8,0],[-15,17],[0,8],[-5,-5],[-19,14],[-10,53],[-5,11],[-8,7],[-9,2],[-6,-5],[-8,2],[-2,53],[-6,7],[1,3],[9,12],[8,-7],[10,-2],[5,-14],[-2,-12],[2,-4],[21,-19],[14,1],[49,24],[4,-5],[-1,-5],[-13,-25],[-11,-13],[0,-5],[3,-7],[-1,11],[13,11],[11,26],[4,2],[6,-21],[2,-27],[-6,-24],[1,-6],[4,9],[3,1],[-1,9],[6,7],[10,5],[-3,3],[-6,-6],[-5,4],[-2,42],[15,17],[17,10],[14,-17],[7,-19],[1,-20],[-10,-32],[11,4],[6,-6],[3,-11],[3,14],[-5,6],[1,7],[13,-12],[11,-5],[9,-13],[1,-11],[-4,-11],[-13,-6],[-5,-12],[7,11],[9,0],[6,5],[3,10],[0,19],[2,1],[11,-8],[6,-12],[0,-12],[-5,-18],[7,7],[2,19],[-8,26],[6,5],[-2,11]],[[40692,97960],[-13,21],[-6,22],[1,9],[7,6],[15,-33],[-4,-25]],[[40671,98018],[-2,6],[2,6],[5,-6],[-2,-6],[-3,0]],[[40783,98414],[26,10],[8,-1],[-3,-35],[-34,7],[3,19]],[[40735,98414],[3,43],[31,9]],[[40778,98452],[-4,-6],[-20,-14],[-2,-24]],[[40695,98522],[-20,12]],[[40675,98534],[19,37],[53,-50],[13,-23]],[[40778,98472],[-21,-11],[-19,-4],[-4,-70]],[[40717,98387],[-12,-9],[-15,2]],[[40671,98355],[-4,8],[1,12],[10,18],[-1,22]],[[40677,98415],[25,0],[16,36],[4,26]],[[40722,98477],[-4,21],[-5,8],[-18,16]],[[40786,98439],[-5,-34]],[[40752,98415],[3,19],[21,13]],[[40735,98414],[17,-6]],[[40752,98408],[1,-28],[13,-20],[-14,-18],[-14,21],[-5,36],[2,15]],[[40760,98498],[32,0]],[[40792,98498],[20,-16]],[[40812,98482],[23,-28],[-4,-8],[-4,-2],[0,-5],[-9,0]],[[40822,98437],[-4,-14],[-10,1],[-25,-10],[3,25]],[[40786,98439],[-3,8],[-7,0]],[[40776,98447],[2,5]],[[40778,98452],[-9,14]],[[40769,98466],[9,6]],[[40778,98472],[-20,26],[2,0]],[[40666,98309],[3,-3],[-3,-5],[-2,3],[2,5]],[[40673,98312],[-2,-1],[2,2],[0,-1]],[[40846,98443],[-3,-3],[3,-12],[6,0],[0,-20]],[[40852,98408],[0,-1]],[[40852,98407],[0,-94],[3,0],[0,-5],[-6,-5],[-1,-9],[-6,0],[-5,-7],[-2,5]],[[40835,98292],[-3,-1],[-15,-8]],[[40817,98283],[-4,-8],[-18,-4],[-11,-27]],[[40784,98244],[-54,40]],[[40730,98284],[-17,5],[-12,-3]],[[40701,98286],[-2,15],[-24,4],[1,7],[-3,6],[-6,-1],[-2,13],[4,31],[2,-6]],[[40671,98355],[12,-3],[3,22],[4,6]],[[40690,98380],[16,-2],[11,9]],[[40717,98387],[17,0]],[[40734,98387],[8,-32],[25,-29],[15,9],[17,14],[8,14]],[[40815,98388],[0,24],[7,25]],[[40822,98437],[-4,2]],[[40818,98439],[6,2],[0,-3],[11,16],[11,-11]],[[40815,98388],[-8,-25]],[[40807,98363],[-6,-12],[-34,-25],[-15,16],[20,24],[8,29],[35,-7]],[[40752,98415],[29,-10]],[[40781,98405],[-6,-34],[-9,-11],[-12,17],[-2,38]]]}